home_elo_pre,away_elo_pre,elo_diff_hfa,elo_win_prob_home,home_elo_post,away_elo_post,game_id,season,week,home_team,away_team,home_score,away_score,home_win
1592.834813058205,1565.65794148948,92.17687156872512,0.6296260092333787,1605.5735021999985,1552.9192523476866,2010_01_MIN_NO,2010,1,NO,MIN,14.0,9.0,1
1474.1892805925515,1482.6687882778356,56.520492314715966,0.5806295061457221,1452.8336622491677,1504.0244066212194,2010_01_MIA_BUF,2010,1,BUF,MIA,10.0,15.0,0
1470.3604025747159,1305.446178201245,229.91422437347092,0.7897622079357484,1477.181468208004,1298.6251125679569,2010_01_DET_CHI,2010,1,CHI,DET,19.0,14.0,1
1541.7763269973143,1599.6522030123856,7.124123984928701,0.5102510019176112,1565.1878510535712,1576.2406789561287,2010_01_IND_HOU,2010,1,HOU,IND,34.0,24.0,1
1436.8353472241038,1461.9979979896948,39.837349234408975,0.557080623485507,1454.9282225232746,1443.905122690524,2010_01_DEN_JAX,2010,1,JAX,DEN,24.0,17.0,1
1592.4452672520385,1508.1400521649898,149.30521508704874,0.7025498907059791,1607.5316137246975,1493.0537056923308,2010_01_CIN_NE,2010,1,NE,CIN,38.0,24.0,1
1497.3407883250966,1566.2968340661241,-3.9560457410275376,0.4943070385604772,1524.079925038949,1539.5576973522716,2010_01_CAR_NYG,2010,1,NYG,CAR,31.0,18.0,1
1549.9583584205704,1537.6669369483973,77.29142147217317,0.6094319764949409,1564.6426680532484,1522.9826273157194,2010_01_ATL_PIT,2010,1,PIT,ATL,15.0,9.0,1
1424.8449312171874,1430.6029035251447,59.24202769204271,0.5844393707250898,1436.0645931216063,1419.3832416207258,2010_01_CLE_TB,2010,1,TB,CLE,17.0,14.0,1
1532.9755988227782,1377.8814900977022,220.094108725076,0.7802225120104959,1545.9942975120448,1364.8627914084357,2010_01_OAK_TEN,2010,1,TEN,OAK,38.0,13.0,1
1585.4453335653745,1579.6680732644008,70.7772603009737,0.6004706802718742,1559.6423394638923,1605.471067365883,2010_01_GB_PHI,2010,1,PHI,GB,20.0,27.0,0
1395.0821536838007,1492.4908462823144,-32.40869259851365,0.4534949458271259,1431.225920100009,1456.347079866106,2010_01_SF_SEA,2010,1,SEA,SF,31.0,6.0,1
1310.9486528964471,1520.2713727952864,-144.3227198988393,0.30347840171522156,1301.7814404593967,1529.438585232337,2010_01_ARI_STL,2010,1,STL,ARI,13.0,17.0,0
1427.0082962816118,1597.3190444368458,-105.31074815523402,0.352922542880975,1453.4574710012755,1570.8698697171822,2010_01_DAL_WAS,2010,1,WAS,DAL,13.0,7.0,1
1568.221835996002,1558.2966422931252,74.92519370287687,0.6061850289207659,1559.522038949914,1566.996439339213,2010_01_BAL_NYJ,2010,1,NYJ,BAL,9.0,10.0,0
1394.7085030255057,1620.9668052217291,-161.25830219622344,0.2832743219457656,1426.873991485258,1588.8013167619768,2010_01_SD_KC,2010,1,KC,SD,21.0,14.0,1
1522.9826273157194,1529.438585232337,58.544042083382465,0.5834632066749615,1551.833543275777,1500.5876692722793,2010_02_ARI_ATL,2010,2,ATL,ARI,41.0,7.0,1
1539.5576973522716,1436.0645931216063,168.49310423066527,0.7251044039705524,1498.1115904131934,1477.5107000606845,2010_02_TB_CAR,2010,2,CAR,TB,7.0,20.0,0
1493.0537056923308,1566.996439339213,-8.942733646882289,0.4871332130887379,1511.5073961478681,1548.5427488836758,2010_02_BAL_CIN,2010,2,CIN,BAL,15.0,10.0,1
1419.3832416207258,1426.873991485258,57.50925013546771,0.5820148008310145,1406.251806189098,1440.0054269168859,2010_02_KC_CLE,2010,2,CLE,KC,14.0,16.0,0
1570.8698697171822,1477.181468208004,158.68840150917822,0.7137125408316235,1538.879930345801,1509.171407579385,2010_02_CHI_DAL,2010,2,DAL,CHI,20.0,27.0,0
1298.6251125679569,1559.6423394638923,-196.01722689593544,0.24446280143394197,1292.4016657703303,1565.865786261519,2010_02_PHI_DET,2010,2,DET,PHI,32.0,35.0,0
1605.471067365883,1452.8336622491677,217.6374051167154,0.7777879134836881,1618.9470621841594,1439.3576674308913,2010_02_BUF_GB,2010,2,GB,BUF,34.0,7.0,1
1552.9192523476866,1504.0244066212194,113.89484572646711,0.6582783692197827,1530.573226723696,1526.37043224521,2010_02_MIA_MIN,2010,2,MIN,MIA,10.0,14.0,0
1545.9942975120448,1564.6426680532484,46.351629458796424,0.5663124042756292,1520.5723743205017,1590.0645912447915,2010_02_PIT_TEN,2010,2,TEN,PIT,11.0,19.0,0
1443.905122690524,1431.225920100009,77.67920259051493,0.6099631764397894,1465.683195035099,1409.447847755434,2010_02_SEA_DEN,2010,2,DEN,SEA,31.0,14.0,1
1364.8627914084357,1301.7814404593967,128.081350949039,0.6764041788187141,1371.581748718465,1295.0624831493674,2010_02_STL_OAK,2010,2,OAK,STL,16.0,14.0,1
1559.522038949914,1607.5316137246975,16.99042522521654,0.5244317148303397,1585.0818979948942,1581.9717546797174,2010_02_NE_NYJ,2010,2,NYJ,NE,28.0,14.0,1
1588.8013167619768,1454.9282225232746,198.87309423870215,0.7585608518775525,1603.229679145678,1440.4998601395735,2010_02_JAX_SD,2010,2,SD,JAX,38.0,13.0,1
1453.4574710012755,1565.1878510535712,-46.730380052295686,0.4331521947745307,1441.697731684099,1576.9475903707478,2010_02_HOU_WAS,2010,2,WAS,HOU,27.0,30.0,0
1576.2406789561287,1524.079925038949,117.16075391717959,0.6624947379438629,1596.8698265827306,1503.4507774123472,2010_02_NYG_IND,2010,2,IND,NYG,38.0,14.0,1
1456.347079866106,1605.5735021999985,-84.22642233389251,0.38110840609344526,1446.170132920834,1615.7504491452705,2010_02_NO_SF,2010,2,SF,NO,22.0,25.0,0
1548.5427488836758,1406.251806189098,207.29094269457778,0.7673240673270565,1557.3862100661186,1397.4083450066553,2010_03_CLE_BAL,2010,3,BAL,CLE,24.0,17.0,1
1498.1115904131934,1511.5073961478681,51.604194265325305,0.5737230707732914,1467.1024648478333,1542.5165217132283,2010_03_CIN_CAR,2010,3,CAR,CIN,7.0,20.0,0
1576.9475903707478,1538.879930345801,103.06766002494669,0.6441231393102314,1540.3465128813166,1575.4810078352323,2010_03_DAL_HOU,2010,3,HOU,DAL,13.0,27.0,0
1440.0054269168859,1446.170132920834,58.83529399605186,0.5838706155240314,1465.06083412814,1421.11472570958,2010_03_SF_KC,2010,3,KC,SF,31.0,10.0,1
1530.573226723696,1292.4016657703303,303.17156095336577,0.8513458258171482,1537.6493579777753,1285.325534516251,2010_03_DET_MIN,2010,3,MIN,DET,24.0,10.0,1
1581.9717546797174,1439.3576674308913,207.61408724882608,0.7676560128305755,1591.3015407759126,1430.027881334696,2010_03_BUF_NE,2010,3,NE,BUF,38.0,30.0,1
1615.7504491452705,1551.833543275777,128.91690586949358,0.677456069762976,1595.7982051182012,1571.7857873028463,2010_03_ATL_NO,2010,3,NO,ATL,24.0,27.0,0
1503.4507774123472,1520.5723743205017,47.878403091845485,0.5684696896214266,1468.6333898074647,1555.3897619253842,2010_03_TEN_NYG,2010,3,NYG,TEN,10.0,29.0,0
1477.5107000606845,1590.0645912447915,-47.55389118410699,0.4319886214823579,1449.9570702874323,1617.6182210180436,2010_03_PIT_TB,2010,3,TB,PIT,13.0,38.0,0
1440.4998601395735,1565.865786261519,-60.36592612194545,0.4139902016754551,1414.2438981293067,1592.1217482717857,2010_03_PHI_JAX,2010,3,JAX,PHI,3.0,28.0,0
1295.0624831493674,1441.697731684099,-81.63524853473155,0.3846327488803284,1329.675784710263,1407.0844301232032,2010_03_WAS_STL,2010,3,STL,WAS,30.0,16.0,1
1500.5876692722793,1371.581748718465,194.00592055381435,0.7533924099103388,1503.7293305311514,1368.4400874595929,2010_03_OAK_ARI,2010,3,ARI,OAK,24.0,23.0,1
1465.683195035099,1596.8698265827306,-66.18663154763158,0.40588552018711443,1444.3420718602931,1618.2109497575366,2010_03_IND_DEN,2010,3,DEN,IND,13.0,27.0,0
1409.447847755434,1603.229679145678,-128.78183139024395,0.3227138558783923,1439.3667556047128,1573.310771296399,2010_03_SD_SEA,2010,3,SEA,SD,27.0,20.0,1
1526.37043224521,1585.0818979948942,6.288534250315706,0.5090489401262965,1503.9364094349542,1607.51592080515,2010_03_NYJ_MIA,2010,3,MIA,NYJ,23.0,31.0,0
1509.171407579385,1618.9470621841594,-44.775654604774445,0.43591703896960493,1525.1360292249433,1602.9824405386012,2010_03_GB_CHI,2010,3,CHI,GB,20.0,17.0,1
1571.7857873028463,1421.11472570958,215.67106159326636,0.7758254254247976,1576.2716470042928,1416.6288660081334,2010_04_SF_ATL,2010,4,ATL,SF,16.0,14.0,1
1430.027881334696,1607.51592080515,-112.48803947045394,0.34354563858036535,1408.9871009271083,1628.5567012127378,2010_04_NYJ_BUF,2010,4,BUF,NYJ,14.0,38.0,0
1397.4083450066553,1542.5165217132283,-80.10817670657298,0.38671548217923674,1415.0547578173964,1524.8701089024871,2010_04_CIN_CLE,2010,4,CLE,CIN,23.0,20.0,1
1602.9824405386012,1285.325534516251,382.6569060223501,0.900496209722487,1604.844827991837,1283.4631470630152,2010_04_DET_GB,2010,4,GB,DET,28.0,26.0,1
1595.7982051182012,1467.1024648478333,193.69574027036788,0.7530605200472317,1600.7849679207795,1462.115702045255,2010_04_CAR_NO,2010,4,NO,CAR,16.0,14.0,1
1617.6182210180436,1557.3862100661186,125.23201095192508,0.6728037203641745,1597.8381895260366,1577.1662415581256,2010_04_BAL_PIT,2010,4,PIT,BAL,14.0,17.0,0
1329.675784710263,1439.3667556047128,-44.69097089444972,0.4360369104752048,1362.9530412129798,1406.0894991019961,2010_04_SEA_STL,2010,4,STL,SEA,20.0,3.0,1
1555.3897619253842,1444.3420718602931,176.04769006509105,0.7336873455677327,1524.3522990471886,1475.3795347384887,2010_04_DEN_TEN,2010,4,TEN,DEN,20.0,26.0,0
1414.2438981293067,1618.2109497575366,-138.9670516282299,0.3100343633075205,1434.6636593853468,1597.7911885014964,2010_04_IND_JAX,2010,4,JAX,IND,31.0,28.0,1
1368.4400874595929,1540.3465128813166,-106.90642542172372,0.35082772124326145,1354.5257248753885,1554.260875465521,2010_04_HOU_OAK,2010,4,OAK,HOU,24.0,31.0,0
1592.1217482717857,1407.0844301232032,250.03731814858247,0.8083509546838284,1559.439942817888,1439.7662355771008,2010_04_WAS_PHI,2010,4,PHI,WAS,12.0,17.0,0
1573.310771296399,1503.7293305311514,134.58144076524763,0.6845395377635872,1593.9163135812032,1483.1237882463472,2010_04_ARI_SD,2010,4,SD,ARI,41.0,10.0,1
1468.6333898074647,1525.1360292249433,8.497360582521424,0.5122262472140083,1494.9500595248999,1498.8193595075081,2010_04_CHI_NYG,2010,4,NYG,CHI,17.0,3.0,1
1503.9364094349542,1591.3015407759126,-22.365131340958442,0.46785837217415205,1473.0701988112232,1622.1677513996435,2010_04_NE_MIA,2010,4,MIA,NE,14.0,41.0,0
1577.1662415581256,1475.3795347384887,166.78670681963695,0.7231421190635118,1591.104456468411,1461.4413198282034,2010_05_DEN_BAL,2010,5,BAL,DEN,31.0,17.0,1
1408.9871009271083,1434.6636593853468,39.32344154176144,0.556350566814495,1381.8201021857767,1461.8306581266784,2010_05_JAX_BUF,2010,5,BUF,JAX,26.0,36.0,0
1462.115702045255,1498.8193595075081,28.296342537746796,0.5406319124472109,1430.455950930245,1530.479110622518,2010_05_CHI_CAR,2010,5,CAR,CHI,6.0,23.0,0
1524.8701089024871,1449.9570702874323,139.9130386150548,0.6911293019042019,1504.4065160698924,1470.420663120027,2010_05_TB_CIN,2010,5,CIN,TB,21.0,24.0,0
1415.0547578173964,1576.2716470042928,-96.21688918689642,0.3649672527803628,1398.2851124111917,1593.0412924104976,2010_05_ATL_CLE,2010,5,CLE,ATL,10.0,20.0,0
1283.4631470630152,1362.9530412129798,-14.489894149964584,0.47915944754280476,1321.8787940698344,1324.5373942061606,2010_05_STL_DET,2010,5,DET,STL,44.0,6.0,1
1554.260875465521,1494.9500595248999,124.31081594062107,0.6716352945465806,1508.4331726999683,1540.7777622904525,2010_05_NYG_HOU,2010,5,HOU,NYG,10.0,34.0,0
1597.7911885014964,1465.06083412814,197.73035437335648,0.757354041819369,1608.4683449970312,1454.3836776326052,2010_05_KC_IND,2010,5,IND,KC,19.0,9.0,1
1439.7662355771008,1604.844827991837,-100.07859241473625,0.3598307787827463,1458.3613939704267,1586.2496695985112,2010_05_GB_WAS,2010,5,WAS,GB,16.0,13.0,1
1483.1237882463472,1600.7849679207795,-52.66117967443233,0.42478954652486123,1511.3861910980302,1572.5225650690966,2010_05_NO_ARI,2010,5,ARI,NO,30.0,20.0,1
1575.4810078352323,1524.3522990471886,116.1287087880437,0.6611650934301533,1546.4515839224634,1553.3817229599574,2010_05_TEN_DAL,2010,5,DAL,TEN,27.0,34.0,0
1354.5257248753885,1593.9163135812032,-174.3905887058147,0.26818063989483676,1389.4538531265857,1558.988185330006,2010_05_SD_OAK,2010,5,OAK,SD,35.0,27.0,1
1416.6288660081334,1559.439942817888,-77.8110768097547,0.3898562356990012,1406.1890001672966,1569.8798086587249,2010_05_PHI_SF,2010,5,SF,PHI,24.0,27.0,0
1628.5567012127378,1537.6493579777753,155.90734323496258,0.7104302992230722,1641.0093940766901,1525.196665113823,2010_05_MIN_NYJ,2010,5,NYJ,MIN,29.0,20.0,1
1530.479110622518,1406.0894991019961,189.38961152052184,0.7484220623692492,1507.7738342582925,1428.7947754662216,2010_06_SEA_CHI,2010,6,CHI,SEA,20.0,23.0,0
1586.2496695985112,1473.0701988112232,178.17947078728798,0.7360781936555919,1564.0426905336394,1495.277177876095,2010_06_MIA_GB,2010,6,GB,MIA,20.0,23.0,0
1508.4331726999683,1454.3836776326052,119.04949506736307,0.6649214611956398,1518.66524261751,1444.1516077150634,2010_06_KC_HOU,2010,6,HOU,KC,35.0,31.0,1
1622.1677513996435,1591.104456468411,96.06329493123258,0.6348278044899434,1631.868873703197,1581.4033341648574,2010_06_BAL_NE,2010,6,NE,BAL,23.0,20.0,1
1540.7777622904525,1321.8787940698344,283.89896822061814,0.8367515378877447,1547.1316903934878,1315.524865966799,2010_06_DET_NYG,2010,6,NYG,DET,28.0,20.0,1
1569.8798086587249,1593.0412924104976,41.83851624822728,0.5599211018821282,1593.2700986176594,1569.651002451563,2010_06_ATL_PHI,2010,6,PHI,ATL,31.0,17.0,1
1597.8381895260366,1398.2851124111917,264.5530771148449,0.820963643213483,1607.2496774871727,1388.8736244500556,2010_06_CLE_PIT,2010,6,PIT,CLE,28.0,10.0,1
1324.5373942061606,1558.988185330006,-169.45079112384542,0.27379808762921415,1346.3522327321853,1537.1733468039813,2010_06_SD_STL,2010,6,STL,SD,20.0,17.0,1
1470.420663120027,1572.5225650690966,-37.10190194906954,0.4468081113153183,1441.7886485425088,1601.1545796466148,2010_06_NO_TB,2010,6,TB,NO,6.0,31.0,0
1461.4413198282034,1641.0093940766901,-114.56807424848671,0.34085039961194674,1451.0128460601966,1651.437867844697,2010_06_NYJ_DEN,2010,6,DEN,NYJ,20.0,24.0,0
1406.1890001672966,1389.4538531265857,81.7351470407109,0.6155033537460318,1422.480251680218,1373.1626016136643,2010_06_OAK_SF,2010,6,SF,OAK,17.0,9.0,1
1525.196665113823,1546.4515839224634,43.74508119135953,0.5626236585496016,1537.0868855673834,1534.561363468903,2010_06_DAL_MIN,2010,6,MIN,DAL,24.0,21.0,1
1458.3613939704267,1608.4683449970312,-85.10695102660452,0.37991359360673665,1448.2202619849409,1618.609476982517,2010_06_IND_WAS,2010,6,WAS,IND,24.0,27.0,0
1461.8306581266784,1553.3817229599574,-26.551064833279042,0.461864155502199,1431.4171916493717,1583.795189437264,2010_06_TEN_JAX,2010,6,JAX,TEN,3.0,30.0,0
1569.651002451563,1504.4065160698924,130.24448638167064,0.6791236851667106,1582.2499876134284,1491.807530908027,2010_07_CIN_ATL,2010,7,ATL,CIN,39.0,32.0,1
1581.4033341648574,1381.8201021857767,264.58323197908067,0.8209891557732039,1585.8337448368445,1377.3896915137896,2010_07_BUF_BAL,2010,7,BAL,BUF,37.0,34.0,1
1430.455950930245,1422.480251680218,72.97569925002699,0.6035028460005597,1441.0962397088354,1411.8399629016278,2010_07_SF_CAR,2010,7,CAR,SF,23.0,20.0,1
1507.7738342582925,1448.2202619849409,124.55357227335162,0.6719434089666121,1488.0255530010659,1467.9685432421675,2010_07_WAS_CHI,2010,7,CHI,WAS,14.0,17.0,0
1444.1516077150634,1431.4171916493717,77.73441606569168,0.6100387891537553,1467.771450725081,1407.7973486393541,2010_07_JAX_KC,2010,7,KC,JAX,42.0,20.0,1
1495.277177876095,1607.2496774871727,-46.97249961107764,0.43281001681782516,1489.4025862249728,1613.124269138295,2010_07_PIT_MIA,2010,7,MIA,PIT,22.0,23.0,0
1601.1545796466148,1388.8736244500556,277.28095519655926,0.8314806553029649,1550.9390760114823,1439.0891280851881,2010_07_CLE_NO,2010,7,NO,CLE,17.0,30.0,0
1441.7886485425088,1346.3522327321853,160.43641581032352,0.7157641269208324,1445.4611731992393,1342.6797080754548,2010_07_STL_TB,2010,7,TB,STL,18.0,17.0,1
1583.795189437264,1593.2700986176594,55.52509081960466,0.579233618500694,1607.9636286860618,1569.1016593688616,2010_07_PHI_TEN,2010,7,TEN,PHI,37.0,19.0,1
1428.7947754662216,1511.3861910980302,-17.59141563180856,0.47470552928642623,1455.9590580348302,1484.2219085294216,2010_07_ARI_SEA,2010,7,SEA,ARI,22.0,10.0,1
1451.0128460601966,1373.1626016136643,142.85024444653232,0.6947269160304971,1394.1215819202296,1430.0538657536313,2010_07_OAK_DEN,2010,7,DEN,OAK,14.0,59.0,0
1537.1733468039813,1631.868873703197,-29.695526899215793,0.4573684619617335,1524.6612877657014,1644.380932741477,2010_07_NE_SD,2010,7,SD,NE,20.0,23.0,0
1564.0426905336394,1537.0868855673834,91.95580496625598,0.6293292026276319,1575.495420928068,1525.634155172955,2010_07_MIN_GB,2010,7,GB,MIN,28.0,24.0,1
1534.561363468903,1547.1316903934878,52.42967307541517,0.5748847944410999,1511.641665683606,1570.0513881787847,2010_07_NYG_DAL,2010,7,DAL,NYG,35.0,41.0,0
1491.807530908027,1489.4025862249728,67.40494468305428,0.5958045314844231,1464.7976587382084,1516.4124583947914,2010_08_MIA_CIN,2010,8,CIN,MIA,14.0,22.0,0
1511.641665683606,1407.7973486393541,168.84431704425197,0.7255072106123805,1465.3658848289695,1454.0731294939908,2010_08_JAX_DAL,2010,8,DAL,JAX,17.0,35.0,0
1315.524865966799,1467.9685432421675,-87.44367727536837,0.3767499097087193,1348.8203647249209,1434.6730444840457,2010_08_WAS_DET,2010,8,DET,WAS,37.0,25.0,1
1467.771450725081,1377.3896915137896,155.3817592112914,0.7098074990865272,1475.2865203937765,1369.874621845094,2010_08_BUF_KC,2010,8,KC,BUF,13.0,10.0,1
1651.437867844697,1575.495420928068,140.94244691662902,0.6923928346837607,1617.3694124200013,1609.5638763527636,2010_08_GB_NYJ,2010,8,NYJ,GB,0.0,9.0,0
1411.8399629016278,1394.1215819202296,82.71838098139824,0.6168419529299741,1428.0675048278624,1377.894039993995,2010_08_DEN_SF,2010,8,SF,DEN,24.0,16.0,1
1342.6797080754548,1441.0962397088354,-33.4165316333806,0.4520574879389736,1369.3631875071453,1414.4127602771448,2010_08_CAR_STL,2010,8,STL,CAR,20.0,10.0,1
1524.6612877657014,1607.9636286860618,-18.302340920360393,0.4736851509721934,1547.983953187777,1584.6409632639864,2010_08_TEN_SD,2010,8,SD,TEN,33.0,25.0,1
1484.2219085294216,1445.4611731992393,103.76073533018234,0.6450371568916414,1465.4524383220635,1464.2306434065974,2010_08_TB_ARI,2010,8,ARI,TB,35.0,38.0,0
1644.380932741477,1525.634155172955,183.74677756852202,0.7422567890469389,1655.788945643715,1514.226142270717,2010_08_MIN_NE,2010,8,NE,MIN,28.0,18.0,1
1430.0538657536313,1455.9590580348302,39.09480771880112,0.5560256914430773,1460.0135137041113,1425.99941008435,2010_08_SEA_OAK,2010,8,OAK,SEA,33.0,3.0,1
1550.9390760114823,1613.124269138295,2.814806873187308,0.5040507440903426,1574.6933709225443,1589.369974227233,2010_08_PIT_NO,2010,8,NO,PIT,20.0,10.0,1
1618.609476982517,1518.66524261751,164.94423436500688,0.7210136751057414,1632.3076772929278,1504.9670423070993,2010_08_HOU_IND,2010,8,IND,HOU,30.0,17.0,1
1582.2499876134284,1464.2306434065974,183.01934420683097,0.7414548700938856,1591.5393146656122,1454.9413163544136,2010_09_TB_ATL,2010,9,ATL,TB,27.0,21.0,1
1585.8337448368445,1516.4124583947914,134.4212864420531,0.684340419223702,1602.6904113827093,1499.5557918489267,2010_09_MIA_BAL,2010,9,BAL,MIA,26.0,10.0,1
1369.874621845094,1488.0255530010659,-53.150931155971875,0.4241008313014772,1358.393430041478,1499.5067448046818,2010_09_CHI_BUF,2010,9,BUF,CHI,19.0,22.0,0
1414.4127602771448,1574.6933709225443,-95.28061064539952,0.36621729856790924,1390.082250493108,1599.0238807065812,2010_09_NO_CAR,2010,9,CAR,NO,3.0,34.0,0
1439.0891280851881,1655.788945643715,-151.69981755852677,0.29457759172831693,1485.2238070802507,1609.6542666486523,2010_09_NE_CLE,2010,9,CLE,NE,34.0,14.0,1
1348.8203647249209,1617.3694124200013,-203.5490476950804,0.23654377412249483,1342.817387908744,1623.3723892361782,2010_09_NYJ_DET,2010,9,DET,NYJ,20.0,23.0,0
1504.9670423070993,1547.983953187777,21.983089119322358,0.5315940583592018,1484.0695424761648,1568.8814530187115,2010_09_SD_HOU,2010,9,HOU,SD,23.0,29.0,0
1514.226142270717,1465.4524383220635,113.77370394865352,0.6581214848724164,1523.2389283109533,1456.4396522818272,2010_09_ARI_MIN,2010,9,MIN,ARI,27.0,24.0,1
1425.99941008435,1570.0513881787847,-79.05197809443462,0.3881584370289165,1399.356012813965,1596.6947854491698,2010_09_NYG_SEA,2010,9,SEA,NYG,7.0,41.0,0
1460.0135137041113,1475.2865203937765,49.72699331033482,0.5710782119353345,1471.642889956714,1463.6571441411738,2010_09_KC_OAK,2010,9,OAK,KC,23.0,20.0,1
1569.1016593688616,1632.3076772929278,1.7939820759338545,0.5025817247963774,1580.022150888322,1621.3871857734675,2010_09_IND_PHI,2010,9,PHI,IND,26.0,24.0,1
1609.5638763527636,1465.3658848289695,209.19799152379414,0.7692782754389964,1625.001205960457,1449.9285552212762,2010_09_DAL_GB,2010,9,GB,DAL,45.0,7.0,1
1464.7976587382084,1589.369974227233,-59.572315489024504,0.41509893739443954,1449.068668741986,1605.0989642234554,2010_09_PIT_CIN,2010,9,CIN,PIT,21.0,27.0,0
1591.5393146656122,1602.6904113827093,53.84890328290294,0.576880185284018,1606.3396293962796,1587.8900966520418,2010_10_BAL_ATL,2010,10,ATL,BAL,26.0,21.0,1
1358.393430041478,1342.817387908744,80.57604213273407,0.613923071577568,1366.576691377389,1334.634126572833,2010_10_DET_BUF,2010,10,BUF,DET,14.0,12.0,1
1499.5067448046818,1523.2389283109533,41.26781649372856,0.5591114359372211,1522.9460355733481,1499.799637542287,2010_10_MIN_CHI,2010,10,CHI,MIN,27.0,13.0,1
1485.2238070802507,1623.3723892361782,-73.14858215592744,0.39625904139803225,1470.298378166351,1638.2978181500778,2010_10_NYJ_CLE,2010,10,CLE,NYJ,20.0,26.0,0
1621.3871857734675,1449.068668741986,237.31851703148163,0.796751780380793,1628.5270494823396,1441.9288050331138,2010_10_CIN_IND,2010,10,IND,CIN,23.0,17.0,1
1454.0731294939908,1484.0695424761648,35.00358701782602,0.5502044633480571,1472.4866279343519,1465.656044035804,2010_10_HOU_JAX,2010,10,JAX,HOU,31.0,24.0,1
1499.5557918489267,1584.6409632639864,-20.085171415059676,0.47112727158102613,1526.936401804216,1557.260353308697,2010_10_TEN_MIA,2010,10,MIA,TEN,29.0,17.0,1
1454.9413163544136,1390.082250493108,129.85906586130568,0.6786400147552683,1471.768067677129,1373.2554991703926,2010_10_CAR_TB,2010,10,TB,CAR,31.0,16.0,1
1377.894039993995,1463.6571441411738,-20.763104147178865,0.4701550119918909,1410.4639263305087,1431.08725780466,2010_10_KC_DEN,2010,10,DEN,KC,49.0,29.0,1
1456.4396522818272,1399.356012813965,122.08363946786221,0.6688016129165322,1414.7407632719508,1441.0549018238414,2010_10_SEA_ARI,2010,10,ARI,SEA,18.0,36.0,0
1596.6947854491698,1449.9285552212762,211.76623022789363,0.7718918185465552,1551.6141018472067,1495.0092388232392,2010_10_DAL_NYG,2010,10,NYG,DAL,20.0,33.0,0
1428.0675048278624,1369.3631875071453,123.70431732071711,0.6708648606658728,1436.7072616632681,1360.7234306717396,2010_10_STL_SF,2010,10,SF,STL,23.0,20.0,1
1605.0989642234554,1609.6542666486523,60.44469757480306,0.5861198008227121,1573.2889122915506,1641.4643185805571,2010_10_NE_PIT,2010,10,PIT,NE,26.0,39.0,0
1434.6730444840457,1580.022150888322,-80.3491064042762,0.38638660685031195,1408.8344511711646,1605.860744201203,2010_10_PHI_WAS,2010,10,WAS,PHI,28.0,59.0,0
1526.936401804216,1522.9460355733481,68.99036623086795,0.5980004343418579,1491.954127452592,1557.9283099249722,2010_11_CHI_MIA,2010,11,MIA,CHI,0.0,16.0,0
1373.2554991703926,1587.8900966520418,-149.63459748164928,0.2970540315001533,1355.3497695583014,1605.795826264133,2010_11_BAL_CAR,2010,11,CAR,BAL,13.0,37.0,0
1441.9288050331138,1366.576691377389,140.3521136557249,0.6916685895640908,1398.4216877980102,1410.0838086124925,2010_11_BUF_CIN,2010,11,CIN,BUF,31.0,49.0,0
1495.0092388232392,1334.634126572833,225.37511225040612,0.7853909189867256,1506.0398895446463,1323.603475851426,2010_11_DET_DAL,2010,11,DAL,DET,35.0,19.0,1
1472.4866279343519,1470.298378166351,67.18824976800079,0.5955040958050868,1485.1209938379761,1457.6640122627268,2010_11_CLE_JAX,2010,11,JAX,CLE,24.0,20.0,1
1431.08725780466,1414.7407632719508,81.34649453270936,0.6149737485813952,1452.9525016145908,1392.87551946202,2010_11_ARI_KC,2010,11,KC,ARI,31.0,13.0,1
1499.799637542287,1625.001205960457,-60.20156841816993,0.4142197509964736,1472.6466525043181,1652.1541909984257,2010_11_GB_MIN,2010,11,MIN,GB,3.0,31.0,0
1638.2978181500778,1465.656044035804,237.64177411427386,0.7970529517355239,1643.3761489657518,1460.57771322013,2010_11_HOU_NYJ,2010,11,NYJ,HOU,30.0,27.0,1
1573.2889122915506,1471.642889956714,166.64602233483652,0.7229799526489096,1591.2968940380365,1453.634908210228,2010_11_OAK_PIT,2010,11,PIT,OAK,35.0,3.0,1
1557.260353308697,1408.8344511711646,213.42590213753238,0.7735696382132214,1533.5082113393303,1432.5865931405312,2010_11_WAS_TEN,2010,11,TEN,WAS,16.0,19.0,0
1599.0238807065812,1441.0549018238414,222.96897888273975,0.7830471083737149,1609.947227400743,1430.1315551296796,2010_11_SEA_NO,2010,11,NO,SEA,34.0,19.0,1
1436.7072616632681,1471.768067677129,29.939193986139117,0.542979633029631,1402.6766870067888,1505.7986423336083,2010_11_TB_SF,2010,11,SF,TB,0.0,21.0,0
1360.7234306717396,1606.3396293962796,-180.61619872454003,0.2612058730462405,1346.7693916000176,1620.2936684680017,2010_11_ATL_STL,2010,11,STL,ATL,17.0,34.0,0
1641.4643185805571,1628.5270494823396,77.93726909821748,0.6103165430836955,1651.898979532823,1618.0923885300738,2010_11_IND_NE,2010,11,NE,IND,31.0,28.0,1
1605.860744201203,1551.6141018472067,119.24664235399632,0.6651742641479904,1621.0926688788725,1536.3821771695373,2010_11_NYG_PHI,2010,11,PHI,NYG,27.0,17.0,1
1568.8814530187115,1410.4639263305087,223.41752668820277,0.7834854374104616,1581.0325787261181,1398.312800623102,2010_11_DEN_SD,2010,11,SD,DEN,35.0,14.0,1
1323.603475851426,1651.898979532823,-263.2955036813969,0.1801028609849996,1313.6594614643852,1661.8429939198638,2010_12_NE_DET,2010,12,DET,NE,24.0,45.0,0
1506.0398895446463,1609.947227400743,-38.907337856096774,0.44424072809657217,1493.9369633266676,1622.0501536187217,2010_12_NO_DAL,2010,12,DAL,NO,27.0,30.0,0
1643.3761489657518,1398.4216877980102,309.95446116774156,0.8562197914030342,1650.5172507363463,1391.2805860274157,2010_12_CIN_NYJ,2010,12,NYJ,CIN,26.0,10.0,1
1620.2936684680017,1652.1541909984257,33.13947746957592,0.5475474346869393,1632.6521564339446,1639.7957030324828,2010_12_GB_ATL,2010,12,ATL,GB,20.0,17.0,1
1410.0838086124925,1591.2968940380365,-116.21308542554402,0.3387261032944615,1401.1635326861099,1600.217169964419,2010_12_PIT_BUF,2010,12,BUF,PIT,16.0,19.0,0
1457.6640122627268,1355.3497695583014,167.3142427044254,0.7237496854380299,1461.2229878399369,1351.7907939810914,2010_12_CAR_CLE,2010,12,CLE,CAR,24.0,23.0,1
1460.57771322013,1533.5082113393303,-7.930498119200365,0.4885890774764219,1491.83041264234,1502.2555119171202,2010_12_TEN_HOU,2010,12,HOU,TEN,20.0,0.0,1
1536.3821771695373,1485.1209938379761,116.26118333156114,0.6613359111014737,1546.7361857933176,1474.7669852141958,2010_12_JAX_NYG,2010,12,NYG,JAX,24.0,20.0,1
1432.5865931405312,1472.6466525043181,24.939940636213123,0.5358299394809632,1415.1411250569106,1490.0921205879388,2010_12_MIN_WAS,2010,12,WAS,MIN,13.0,17.0,0
1453.634908210228,1491.954127452592,26.680780757636057,0.5383214294607627,1422.756841367227,1522.8321942955931,2010_12_MIA_OAK,2010,12,OAK,MIA,17.0,33.0,0
1430.1315551296796,1452.9525016145908,42.179053515088754,0.5604040790201466,1396.4849603324117,1486.5990964118587,2010_12_KC_SEA,2010,12,SEA,KC,24.0,42.0,0
1605.795826264133,1505.7986423336083,164.99718393052467,0.7210749828387124,1616.5866906051804,1495.007777992561,2010_12_TB_BAL,2010,12,BAL,TB,17.0,10.0,1
1557.9283099249722,1621.0926688788725,1.8356410460996813,0.5026416752378869,1575.7363809456663,1603.2845978581784,2010_12_PHI_CHI,2010,12,CHI,PHI,31.0,26.0,1
1398.312800623102,1346.7693916000176,116.54340902308445,0.6616996833657037,1378.94034816779,1366.1418440553293,2010_12_STL_DEN,2010,12,DEN,STL,33.0,36.0,0
1618.0923885300738,1581.0325787261181,102.05980980395566,0.6427921259536987,1575.822011087851,1623.3029561683409,2010_12_SD_IND,2010,12,IND,SD,14.0,36.0,0
1392.87551946202,1402.6766870067888,55.19883245523124,0.5787758175933813,1356.174258473303,1439.3779479955058,2010_12_SF_ARI,2010,12,ARI,SF,6.0,27.0,0
1603.2845978581784,1491.83041264234,176.45418521583838,0.7341443035659967,1615.0877882392206,1480.0272222612978,2010_13_HOU_PHI,2010,13,PHI,HOU,34.0,24.0,1
1391.2805860274157,1622.0501536187217,-165.769567591306,0.2780316514484982,1382.9581837865446,1630.3725558595927,2010_13_NO_CIN,2010,13,CIN,NO,30.0,34.0,0
1313.6594614643852,1575.7363809456663,-197.07691948128104,0.24333786901153434,1306.4706907143316,1582.92515169572,2010_13_CHI_DET,2010,13,DET,CHI,20.0,24.0,0
1639.7957030324828,1439.3779479955058,265.41775503697704,0.8216940773423388,1649.1655065653488,1430.0081444626398,2010_13_SF_GB,2010,13,GB,SF,34.0,16.0,1
1486.5990964118587,1378.94034816779,172.65874824406865,0.729858276367562,1494.6618482133592,1370.8775963662895,2010_13_DEN_KC,2010,13,KC,DEN,10.0,6.0,1
1522.8321942955931,1461.2229878399369,126.60920645565625,0.6745465350430653,1502.9877526817845,1481.0674294537455,2010_13_CLE_MIA,2010,13,MIA,CLE,10.0,13.0,0
1490.0921205879388,1401.1635326861099,153.9285879018289,0.7080814242186199,1507.6561982131689,1383.5994550608798,2010_13_BUF_MIN,2010,13,MIN,BUF,38.0,14.0,1
1546.7361857933176,1415.1411250569106,196.59506073640705,0.7561510424275423,1561.1468216164412,1400.730489233787,2010_13_WAS_NYG,2010,13,NYG,WAS,31.0,7.0,1
1502.2555119171202,1474.7669852141958,92.48852670292445,0.630044274713271,1469.5693538485953,1507.4531432827207,2010_13_JAX_TEN,2010,13,TEN,JAX,6.0,17.0,0
1623.3029561683409,1422.756841367227,265.54611480111384,0.8218023097437678,1571.4770260353182,1474.5827715002497,2010_13_OAK_SD,2010,13,SD,OAK,13.0,28.0,0
1356.174258473303,1366.1418440553293,55.03241441797377,0.5785422500416646,1324.8546843538593,1397.4614181747731,2010_13_STL_ARI,2010,13,ARI,STL,6.0,19.0,0
1575.822011087851,1493.9369633266676,146.8850477611834,0.6996303630478733,1555.036365574641,1514.7226088398777,2010_13_DAL_IND,2010,13,IND,DAL,35.0,38.0,0
1396.4849603324117,1351.7907939810914,109.69416635132029,0.6528182588072178,1415.6014779327427,1332.6742763807604,2010_13_CAR_SEA,2010,13,SEA,CAR,31.0,14.0,1
1495.007777992561,1632.6521564339446,-72.64437844138365,0.3969536210302633,1482.6387609206954,1645.02117350581,2010_13_ATL_TB,2010,13,TB,ATL,24.0,28.0,0
1616.5866906051804,1600.217169964419,81.36952064076127,0.6150051331768567,1598.8802340590669,1617.9236265105326,2010_13_PIT_BAL,2010,13,BAL,PIT,10.0,13.0,0
1661.8429939198638,1650.5172507363463,76.32574318351749,0.608108021453174,1690.3342162400422,1622.026028416168,2010_13_NYJ_NE,2010,13,NE,NYJ,45.0,3.0,1
1469.5693538485953,1555.036365574641,-20.467011726045712,0.47057962654689783,1459.3249680762285,1565.2807513470077,2010_14_IND_TEN,2010,14,TEN,IND,28.0,30.0,0
1383.5994550608798,1481.0674294537455,-32.4679743928657,0.4534103718458222,1406.6719869943065,1457.9948975203188,2010_14_CLE_BUF,2010,14,BUF,CLE,13.0,6.0,1
1332.6742763807604,1645.02117350581,-247.34689712504974,0.1940597987366043,1321.889834096773,1655.8056157897975,2010_14_ATL_CAR,2010,14,CAR,ATL,10.0,31.0,0
1306.4706907143316,1649.1655065653488,-277.6948158510172,0.16818578873172219,1337.1136640076745,1618.5225332720058,2010_14_GB_DET,2010,14,DET,GB,7.0,3.0,1
1507.4531432827207,1474.5827715002497,97.87037178247101,0.6372358981152464,1521.8974988531284,1460.138415929842,2010_14_OAK_JAX,2010,14,JAX,OAK,38.0,31.0,1
1617.9236265105326,1382.9581837865446,299.96544272398796,0.8489949415282495,1625.4535306173284,1375.4282796797488,2010_14_CIN_PIT,2010,14,PIT,CIN,23.0,7.0,1
1400.730489233787,1482.6387609206954,-16.908271686908392,0.47568623268929633,1394.186373128419,1489.1828770260634,2010_14_TB_WAS,2010,14,WAS,TB,16.0,17.0,0
1630.3725558595927,1397.4614181747731,297.91113768481955,0.8474726136198936,1638.2834592152765,1389.5505148190894,2010_14_STL_NO,2010,14,NO,STL,31.0,13.0,1
1430.0081444626398,1415.6014779327427,79.40666652989717,0.6123263504790084,1452.426313692073,1393.1833087033094,2010_14_SEA_SF,2010,14,SF,SEA,40.0,21.0,1
1324.8546843538593,1370.8775963662895,18.977087987569803,0.527283098264638,1357.0431045184466,1338.6891762017021,2010_14_DEN_ARI,2010,14,ARI,DEN,43.0,13.0,1
1582.92515169572,1690.3342162400422,-42.40906454432229,0.4392697656316891,1553.6094033719003,1719.6499645638619,2010_14_NE_CHI,2010,14,CHI,NE,7.0,36.0,0
1622.026028416168,1502.9877526817845,184.03827573438343,0.7425776791535466,1595.941288395389,1529.0724927025635,2010_14_MIA_NYJ,2010,14,NYJ,MIA,6.0,10.0,0
1571.4770260353182,1494.6618482133592,141.81517782195897,0.6934618023958555,1591.437926311056,1474.7009479376215,2010_14_KC_SD,2010,14,SD,KC,31.0,0.0,1
1514.7226088398777,1615.0877882392206,-35.36517939934288,0.4492804637746059,1502.4629838415967,1627.3474132375015,2010_14_PHI_DAL,2010,14,DAL,PHI,27.0,30.0,0
1507.6561982131689,1561.1468216164412,11.509376596727634,0.5165572682963675,1477.0767938798542,1591.7262259497559,2010_14_NYG_MIN,2010,14,MIN,NYG,3.0,21.0,0
1480.0272222612978,1598.8802340590669,-53.85301179776911,0.4231140418861434,1463.9538386927204,1614.9536176276442,2010_14_BAL_HOU,2010,14,HOU,BAL,28.0,34.0,0
1591.437926311056,1452.426313692073,204.01161261898278,0.7639367544807353,1605.8350632966603,1438.0291767064687,2010_15_SF_SD,2010,15,SD,SF,34.0,7.0,1
1614.9536176276442,1638.2834592152765,41.670158412367755,0.5596822813845792,1631.7714458111877,1621.4656310317332,2010_15_NO_BAL,2010,15,BAL,NO,30.0,24.0,1
1321.889834096773,1357.0431045184466,29.846729578326403,0.5428475462629305,1340.6477867332333,1338.2851518819864,2010_15_ARI_CAR,2010,15,CAR,ARI,19.0,12.0,1
1375.4282796797488,1457.9948975203188,-17.56661784056996,0.4747411249738176,1387.0622923466785,1446.360884853389,2010_15_CLE_CIN,2010,15,CIN,CLE,19.0,17.0,1
1502.4629838415967,1394.186373128419,173.27661071317766,0.7305589606123377,1509.3880435006083,1387.2613134694075,2010_15_WAS_DAL,2010,15,DAL,WAS,33.0,30.0,1
1565.2807513470077,1521.8974988531284,108.38325249387935,0.651105965827763,1581.227366620357,1505.950883579779,2010_15_JAX_IND,2010,15,IND,JAX,34.0,24.0,1
1529.0724927025635,1406.6719869943065,187.40050570825701,0.7462600157011845,1506.4551828981437,1429.2892967987264,2010_15_BUF_MIA,2010,15,MIA,BUF,14.0,17.0,0
1591.7262259497559,1627.3474132375015,29.37881271225433,0.5421790281258698,1568.872444538483,1650.2011946487744,2010_15_PHI_NYG,2010,15,NYG,PHI,31.0,38.0,0
1389.5505148190894,1474.7009479376215,-20.15043311853219,0.47103366663339175,1364.2704062951495,1499.9810564615614,2010_15_KC_STL,2010,15,STL,KC,13.0,27.0,0
1489.1828770260634,1337.1136640076745,217.06921301838884,0.7772220988978771,1465.2747410058853,1361.0218000278526,2010_15_DET_TB,2010,15,TB,DET,20.0,23.0,0
1459.3249680762285,1463.9538386927204,60.371129383508105,0.5860170648228488,1481.1478486096858,1442.1309581592632,2010_15_HOU_TEN,2010,15,TEN,HOU,31.0,17.0,1
1393.1833087033094,1655.8056157897975,-197.62230708648804,0.2427602752493654,1380.5612903957312,1668.4276340973756,2010_15_ATL_SEA,2010,15,SEA,ATL,18.0,34.0,0
1460.138415929842,1338.6891762017021,186.4492397281399,0.7452217184604093,1473.4473158053324,1325.3802763262117,2010_15_DEN_OAK,2010,15,OAK,DEN,39.0,23.0,1
1625.4535306173284,1595.941288395389,94.51224222193946,0.6327554877486279,1601.7607744669212,1619.634044545796,2010_15_NYJ_PIT,2010,15,PIT,NYJ,17.0,22.0,0
1719.6499645638619,1618.5225332720058,166.12743129185606,0.7223816691497758,1727.958737912969,1610.2137599228988,2010_15_GB_NE,2010,15,NE,GB,31.0,27.0,1
1477.0767938798542,1553.6094033719003,-11.53260949204605,0.4834093336173302,1445.378194892073,1585.3080023596815,2010_15_CHI_MIN,2010,15,MIN,CHI,14.0,40.0,0
1601.7607744669212,1340.6477867332333,326.112987733688,0.8672957719839912,1609.2010477538565,1333.207513446298,2010_16_CAR_PIT,2010,16,PIT,CAR,27.0,3.0,1
1338.2851518819864,1509.3880435006083,-106.10289161862192,0.3518818962331578,1347.7252596685132,1499.9479357140815,2010_16_DAL_ARI,2010,16,ARI,DAL,27.0,26.0,1
1429.2892967987264,1727.958737912969,-233.66944111424255,0.2066710704052087,1416.339401955325,1740.9086327563703,2010_16_NE_BUF,2010,16,BUF,NE,3.0,34.0,0
1585.3080023596815,1619.634044545796,30.67395781388541,0.5440290376447284,1599.7833163576647,1605.1587305478129,2010_16_NYJ_CHI,2010,16,CHI,NYJ,38.0,34.0,1
1446.360884853389,1631.7714458111877,-120.41056095779868,0.3333351719600355,1431.2043753769365,1646.9279552876403,2010_16_BAL_CLE,2010,16,CLE,BAL,10.0,20.0,0
1505.950883579779,1387.2613134694075,183.6895701103715,0.7421937826845421,1483.4982107255269,1409.7139863236596,2010_16_WAS_JAX,2010,16,JAX,WAS,17.0,20.0,0
1499.9810564615614,1481.1478486096858,83.83320785187561,0.6183575646887105,1522.3664189100575,1458.7624861611896,2010_16_TEN_KC,2010,16,KC,TEN,34.0,14.0,1
1506.4551828981437,1361.0218000278526,210.4333828702911,0.7705380693877686,1471.0199731826426,1396.4570097433536,2010_16_DET_MIA,2010,16,MIA,DET,27.0,34.0,0
1364.2704062951495,1438.0291767064687,-8.75877041131912,0.4873977857282204,1386.8864904619663,1415.4130925396519,2010_16_SF_STL,2010,16,STL,SF,25.0,17.0,1
1387.0622923466785,1605.8350632966603,-153.7727709499818,0.29210401277144454,1428.283905033557,1564.613450609782,2010_16_SD_CIN,2010,16,CIN,SD,34.0,20.0,1
1325.3802763262117,1442.1309581592632,-51.75068183305143,0.4260707126445405,1333.5282917433744,1433.9829427421005,2010_16_HOU_DEN,2010,16,DEN,HOU,24.0,23.0,1
1473.4473158053324,1581.227366620357,-42.78005081502465,0.4387438182049533,1458.0247472016363,1596.6499352240533,2010_16_IND_OAK,2010,16,OAK,IND,26.0,31.0,0
1610.2137599228988,1568.872444538483,106.3413153844158,0.6484310487332603,1632.7988009352084,1546.2874035261734,2010_16_NYG_GB,2010,16,GB,NYG,45.0,17.0,1
1465.2747410058853,1380.5612903957312,149.71345061015404,0.7030407431103949,1482.9471555537484,1362.8888758478681,2010_16_SEA_TB,2010,16,TB,SEA,38.0,15.0,1
1668.4276340973756,1621.4656310317332,111.96200306564242,0.6557711329665796,1649.270875309142,1640.6223898199669,2010_16_NO_ATL,2010,16,ATL,NO,14.0,17.0,0
1650.2011946487744,1445.378194892073,269.8229997567014,0.8253791843069821,1605.0842933806928,1490.4950961601546,2010_16_MIN_PHI,2010,16,PHI,MIN,14.0,24.0,0
1649.270875309142,1333.207513446298,381.063361862844,0.8996712424573461,1654.5575722385274,1327.9208165169125,2010_17_CAR_ATL,2010,17,ATL,CAR,31.0,10.0,1
1646.9279552876403,1428.283905033557,283.64405025408337,0.8365509908063969,1652.5626241427262,1422.649236178471,2010_17_CIN_BAL,2010,17,BAL,CIN,13.0,7.0,1
1431.2043753769365,1609.2010477538565,-112.99667237692006,0.3428856294863978,1408.397729235351,1632.007693895442,2010_17_PIT_CLE,2010,17,CLE,PIT,9.0,41.0,0
1396.4570097433536,1490.4950961601546,-29.03808641680098,0.4583078671238843,1419.2866840649826,1467.6654218385256,2010_17_MIN_DET,2010,17,DET,MIN,20.0,13.0,1
1522.3664189100575,1458.0247472016363,129.34167170842125,0.6779901256080869,1477.8343808459013,1502.5567852657925,2010_17_OAK_KC,2010,17,KC,OAK,10.0,31.0,0
1740.9086327563703,1471.0199731826426,334.88865957372764,0.8730028403755703,1748.548455127295,1463.3801508117178,2010_17_MIA_NE,2010,17,NE,MIA,38.0,7.0,1
1640.6223898199669,1482.9471555537484,222.67523426621847,0.7827597083817882,1598.855383798655,1524.7141615750602,2010_17_TB_NO,2010,17,NO,TB,13.0,23.0,0
1605.1587305478129,1416.339401955325,253.81932859248786,0.8117010894209342,1616.860549275419,1404.6375832277188,2010_17_BUF_NYJ,2010,17,NYJ,BUF,38.0,7.0,1
1333.5282917433744,1564.613450609782,-166.08515886640748,0.2776671343784242,1324.2764862959366,1573.8652560572198,2010_17_SD_DEN,2010,17,DEN,SD,28.0,33.0,0
1632.7988009352084,1599.7833163576647,98.0154845775437,0.6374289776007662,1647.2345569330387,1585.3475603598345,2010_17_CHI_GB,2010,17,GB,CHI,10.0,3.0,1
1433.9829427421005,1483.4982107255269,15.484732016573616,0.5222695774854119,1461.4062935111006,1456.0748599565268,2010_17_JAX_HOU,2010,17,HOU,JAX,34.0,17.0,1
1596.6499352240533,1458.7624861611896,202.88744906286365,0.7627677616046156,1602.672041435325,1452.740379949918,2010_17_TEN_IND,2010,17,IND,TEN,23.0,20.0,1
1605.0842933806928,1499.9479357140815,170.13635766661127,0.7269858924537077,1594.1614110300325,1510.8708180647418,2010_17_DAL_PHI,2010,17,PHI,DAL,13.0,14.0,0
1415.4130925396519,1347.7252596685132,132.68783287113865,0.6821809099793072,1436.1895499274633,1326.9488022807018,2010_17_ARI_SF,2010,17,SF,ARI,38.0,7.0,1
1409.7139863236596,1546.2874035261734,-71.57341720251384,0.3984303287326782,1399.0152189367507,1556.9861709130823,2010_17_NYG_WAS,2010,17,WAS,NYG,14.0,17.0,0
1362.8888758478681,1386.8864904619663,41.00238538590179,0.5587347548036131,1383.6638404377763,1366.111525872058,2010_17_STL_SEA,2010,17,SEA,STL,16.0,6.0,1
1598.2054494743368,1565.936540993703,97.26890848063385,0.6364351510793705,1613.505651908809,1550.6363385592306,2011_01_NO_GB,2011,1,GB,NO,42.0,34.0,1
1601.7592703031985,1588.0491318282598,78.71013847493873,0.6113741276243881,1627.027602297125,1562.7807998343333,2011_01_PIT_BAL,2011,1,BAL,PIT,35.0,7.0,1
1556.9268227600096,1603.0899006830978,18.836922076911833,0.5270819794881298,1584.5399576174586,1575.4767658256487,2011_01_ATL_CHI,2011,1,CHI,ATL,30.0,12.0,1
1438.9012853999793,1448.4070405310404,55.49424486893895,0.5791903417386631,1410.405739382425,1476.9025865485946,2011_01_CIN_CLE,2011,1,CLE,CIN,17.0,27.0,0
1474.2579977719042,1568.4822516373617,-29.224253865457513,0.45804182534723825,1510.862553075823,1531.877696333443,2011_01_IND_HOU,2011,1,HOU,IND,34.0,7.0,1
1470.7019315910034,1468.4778334265952,67.22409816440813,0.5955538025989174,1479.3250318698442,1459.8547331477544,2011_01_TEN_JAX,2011,1,JAX,TEN,16.0,14.0,1
1485.2155320242161,1436.3932680128885,113.82226401132766,0.6581843766131661,1435.86054260336,1485.7482574337446,2011_01_BUF_KC,2011,1,KC,BUF,7.0,41.0,0
1410.6963877566627,1562.8056611570316,-87.10927340036892,0.37720202107135753,1389.3294477252796,1584.1726011884148,2011_01_PHI_STL,2011,1,STL,PHI,13.0,31.0,0
1516.4843457705651,1446.1642182713435,135.3201274992216,0.6854570632932214,1486.1086017614816,1476.539962280427,2011_01_DET_TB,2011,1,TB,DET,20.0,27.0,0
1384.5748511212282,1385.2231846167806,64.35166650444762,0.5915648031863788,1401.0784506405466,1368.7195850974622,2011_01_CAR_ARI,2011,1,ARI,CAR,28.0,21.0,1
1549.2681257901656,1478.4328363662967,135.83528942386897,0.6860960922588921,1561.5638439290049,1466.1371182274574,2011_01_MIN_SD,2011,1,SD,MIN,24.0,17.0,1
1457.438429801618,1422.403781571997,100.0346482296211,0.6401109484545465,1476.9443396000372,1402.8978717735777,2011_01_SEA_SF,2011,1,SF,SEA,33.0,17.0,1
1432.6431510308128,1538.009775999026,-40.36662496821327,0.4421677457365102,1463.4206254370702,1507.2323015927686,2011_01_NYG_WAS,2011,1,WAS,NYG,28.0,14.0,1
1577.9459863667046,1507.2508356491828,135.69515071752176,0.6859223279213742,1586.1481614867712,1499.0486605291162,2011_01_DAL_NYJ,2011,1,NYJ,DAL,27.0,24.0,1
1475.5745605914158,1665.7818195699058,-125.20725897849002,0.32722764663419146,1458.8059257966052,1682.5504543647164,2011_01_NE_MIA,2011,1,MIA,NE,24.0,38.0,0
1382.7924163593898,1501.7053757722838,-53.912959412894,0.4230298125287662,1371.3440908973153,1513.1537012343583,2011_01_OAK_DEN,2011,1,DEN,OAK,20.0,23.0,0
1485.7482574337446,1513.1537012343583,37.59455619938626,0.5538927449892784,1497.9091659843823,1500.9927926837206,2011_02_OAK_BUF,2011,2,BUF,OAK,38.0,35.0,1
1368.7195850974622,1613.505651908809,-179.78606681134693,0.26212909093585907,1358.6415307473808,1623.5837062588905,2011_02_GB_CAR,2011,2,CAR,GB,23.0,30.0,0
1476.539962280427,1435.86054260336,105.67941967706702,0.6475619587673986,1502.2901988333408,1410.1103060504463,2011_02_KC_DET,2011,2,DET,KC,48.0,3.0,1
1531.877696333443,1410.405739382425,186.471956951018,0.7452465466421834,1496.095300602309,1446.1881351135592,2011_02_CLE_IND,2011,2,IND,CLE,19.0,27.0,0
1466.1371182274574,1486.1086017614816,45.02851646597583,0.5644408474911138,1447.588831034947,1504.6568889539922,2011_02_TB_MIN,2011,2,MIN,TB,20.0,24.0,0
1550.6363385592306,1584.5399576174586,31.09638094177194,0.5446321746064,1576.5930931761395,1558.5832030005497,2011_02_CHI_NO,2011,2,NO,CHI,30.0,13.0,1
1586.1481614867712,1479.3250318698442,171.82312961692696,0.728908823029944,1603.252945545375,1462.2202478112404,2011_02_JAX_NYJ,2011,2,NYJ,JAX,32.0,3.0,1
1562.7807998343333,1402.8978717735777,224.8829280607556,0.7849129845323033,1575.3434225482351,1390.3352490596758,2011_02_SEA_PIT,2011,2,PIT,SEA,24.0,0.0,1
1459.8547331477544,1627.027602297125,-102.17286914937063,0.35705845245322887,1495.4427096111426,1591.439625833737,2011_02_BAL_TEN,2011,2,TEN,BAL,26.0,13.0,1
1463.4206254370702,1401.0784506405466,127.34217479652352,0.6754721308116093,1467.6733758572666,1396.8257002203502,2011_02_ARI_WAS,2011,2,WAS,ARI,22.0,21.0,1
1476.9443396000372,1499.0486605291162,42.895679070921005,0.5614200799622613,1461.0689304810282,1514.9240696481252,2011_02_DAL_SF,2011,2,SF,DAL,24.0,27.0,0
1371.3440908973153,1476.9025865485946,-40.55849565127937,0.44189533312081053,1383.837223192456,1464.409454253454,2011_02_CIN_DEN,2011,2,DEN,CIN,24.0,22.0,1
1458.8059257966052,1510.862553075823,12.943372720782236,0.5186183982153336,1433.786877840535,1535.881601031893,2011_02_HOU_MIA,2011,2,MIA,HOU,13.0,23.0,0
1682.5504543647164,1561.5638439290049,185.98661043571155,0.7447157537990106,1695.2991396484151,1548.8151586453062,2011_02_SD_NE,2011,2,NE,SD,35.0,21.0,1
1575.4767658256487,1584.1726011884148,56.30416463723395,0.5803262509084524,1588.6484425623246,1571.000924451739,2011_02_PHI_ATL,2011,2,ATL,PHI,35.0,31.0,1
1507.2323015927686,1389.3294477252796,182.90285386748906,0.741326300876961,1519.4834671156784,1377.0782822023698,2011_02_STL_NYG,2011,2,NYG,STL,28.0,16.0,1
1497.9091659843823,1695.2991396484151,-132.38997366403282,0.3181909520575148,1518.0233428191307,1675.1849628136667,2011_03_NE_BUF,2011,3,BUF,NE,34.0,31.0,1
1358.6415307473808,1462.2202478112404,-38.578717063859585,0.4447078191047189,1380.6382339154013,1440.2235446432198,2011_03_JAX_CAR,2011,3,CAR,JAX,16.0,10.0,1
1464.409454253454,1461.0689304810282,68.34052377242574,0.5971008340274618,1442.3262426725757,1483.1521420619065,2011_03_SF_CIN,2011,3,CIN,SF,8.0,13.0,0
1446.1881351135592,1433.786877840535,77.40125727302416,0.609582460893761,1451.416524220121,1428.5584887339733,2011_03_MIA_CLE,2011,3,CLE,MIA,17.0,16.0,1
1447.588831034947,1502.2901988333408,10.298632201606097,0.5148165838938075,1433.247952017666,1516.6310778506218,2011_03_DET_MIN,2011,3,MIN,DET,23.0,26.0,0
1576.5930931761395,1535.881601031893,105.71149214424645,0.6476040935095867,1590.5768957208695,1521.897798487163,2011_03_HOU_NO,2011,3,NO,HOU,40.0,33.0,1
1571.000924451739,1519.4834671156784,116.51745733606049,0.6616662411446128,1534.1243465402022,1556.3600450272152,2011_03_NYG_PHI,2011,3,PHI,NYG,16.0,29.0,0
1495.4427096111426,1383.837223192456,176.60548641868672,0.7343142597210718,1502.2616875231565,1377.018245280442,2011_03_DEN_TEN,2011,3,TEN,DEN,17.0,14.0,1
1500.9927926837206,1603.252945545375,-37.26015286165443,0.4465829583355252,1527.9907641842524,1576.2549740448433,2011_03_NYJ_OAK,2011,3,OAK,NYJ,34.0,24.0,1
1548.8151586453062,1410.1103060504463,203.70485259485986,0.7636181568168412,1554.8136371609094,1404.111827534843,2011_03_KC_SD,2011,3,SD,KC,20.0,17.0,1
1377.0782822023698,1591.439625833737,-149.36134363136716,0.29738259397021816,1357.9525938049085,1610.5653142311983,2011_03_BAL_STL,2011,3,STL,BAL,7.0,37.0,0
1558.5832030005497,1623.5837062588905,-0.0005032583408137725,0.49999927575302905,1534.6042904912008,1647.5626187682394,2011_03_GB_CHI,2011,3,CHI,GB,17.0,27.0,0
1390.3352490596758,1396.8257002203502,58.50954883932559,0.5834149492906252,1401.5862168977217,1385.5747323823043,2011_03_ARI_SEA,2011,3,SEA,ARI,13.0,10.0,1
1504.6568889539922,1588.6484425623246,-18.991553608332424,0.472696146064901,1519.404162336964,1573.9011691793528,2011_03_ATL_TB,2011,3,TB,ATL,16.0,13.0,1
1496.095300602309,1575.3434225482351,-14.248121945926187,0.47950679125394946,1482.8860977190325,1588.5526254315116,2011_03_PIT_IND,2011,3,IND,PIT,20.0,23.0,0
1514.9240696481252,1467.6733758572666,112.25069379085858,0.6561461712497073,1522.112533201209,1460.4849123041827,2011_03_WAS_DAL,2011,3,DAL,WAS,18.0,16.0,1
1534.6042904912008,1380.6382339154013,218.96605657579948,0.7791069954759445,1541.803496029665,1373.4390283769371,2011_04_CAR_CHI,2011,4,CHI,CAR,34.0,29.0,1
1442.3262426725757,1518.0233428191307,-10.69710014655493,0.48461049791273764,1456.6856941057963,1503.6638913859101,2011_04_BUF_CIN,2011,4,CIN,BUF,23.0,20.0,1
1451.416524220121,1502.2616875231565,14.154836696964367,0.5203591845314254,1420.5747705404601,1533.1034412028173,2011_04_TEN_CLE,2011,4,CLE,TEN,13.0,31.0,0
1522.112533201209,1516.6310778506218,70.48145535058734,0.60006210150041,1502.157995247345,1536.5856158044858,2011_04_DET_DAL,2011,4,DAL,DET,30.0,34.0,0
1521.897798487163,1588.5526254315116,-1.6548269443485424,0.4976185306001244,1542.8069841973763,1567.6434397212984,2011_04_PIT_HOU,2011,4,HOU,PIT,17.0,10.0,1
1440.2235446432198,1590.5768957208695,-85.35335107764968,0.3795795066694863,1420.9371566253137,1609.8632837387756,2011_04_NO_JAX,2011,4,JAX,NO,10.0,23.0,0
1404.111827534843,1433.247952017666,35.86387551717712,0.5514297288771549,1419.9285871089726,1417.4311924435365,2011_04_MIN_KC,2011,4,KC,MIN,22.0,17.0,1
1534.1243465402022,1483.1521420619065,115.97220447829568,0.6609632367654793,1524.4515526263688,1492.82493597574,2011_04_SF_PHI,2011,4,PHI,SF,23.0,24.0,0
1357.9525938049085,1460.4849123041827,-37.5323184992742,0.44619578340289695,1339.707103555401,1478.73040255369,2011_04_WAS_STL,2011,4,STL,WAS,10.0,17.0,0
1385.5747323823043,1556.3600450272152,-105.78531264491085,0.3522989345965036,1374.754929088141,1567.1798483213786,2011_04_NYG_ARI,2011,4,ARI,NYG,27.0,31.0,0
1401.5862168977217,1573.9011691793528,-107.31495228163112,0.3502923221191505,1394.2474876226706,1581.2398984544038,2011_04_ATL_SEA,2011,4,SEA,ATL,28.0,30.0,0
1647.5626187682394,1377.018245280442,335.54437348779743,0.8734207363796999,1654.8021381181827,1369.7787259304987,2011_04_DEN_GB,2011,4,GB,DEN,49.0,23.0,1
1527.9907641842524,1675.1849628136667,-82.19419862941436,0.3838714629311389,1509.0077705536,1694.167956444319,2011_04_NE_OAK,2011,4,OAK,NE,19.0,31.0,0
1554.8136371609094,1428.5584887339733,191.2551484269361,0.7504386516546426,1565.8248280938485,1417.5472978010341,2011_04_MIA_SD,2011,4,SD,MIA,26.0,16.0,1
1610.5653142311983,1576.2549740448433,99.310340186355,0.6391498761794675,1630.5241703689676,1556.296117907074,2011_04_NYJ_BAL,2011,4,BAL,NYJ,34.0,17.0,1
1519.404162336964,1482.8860977190325,101.51806461793149,0.6420757592147488,1533.633219256494,1468.6570407995025,2011_04_IND_TB,2011,4,TB,IND,24.0,17.0,1
1503.6638913859101,1524.4515526263688,44.21233875954135,0.5632854359174793,1521.4685283143913,1506.6469156978876,2011_05_PHI_BUF,2011,5,BUF,PHI,31.0,24.0,1
1373.4390283769371,1609.8632837387756,-171.4242553618385,0.2715451273955107,1366.4544388274035,1616.8478732883093,2011_05_NO_CAR,2011,5,CAR,NO,27.0,30.0,0
1542.8069841973763,1509.0077705536,98.79921364377628,0.6384709989682498,1518.8514419717528,1532.9633127792235,2011_05_OAK_HOU,2011,5,HOU,OAK,20.0,25.0,0
1468.6570407995025,1419.9285871089726,113.72845369052993,0.6580628747644054,1446.3201120250444,1442.2655158834307,2011_05_KC_IND,2011,5,IND,KC,24.0,28.0,0
1420.9371566253137,1456.6856941057963,29.251462519517418,0.5419970550603846,1394.5938493442366,1483.0290013868735,2011_05_CIN_JAX,2011,5,JAX,CIN,20.0,30.0,0
1417.4311924435365,1374.754929088141,107.67626335539558,0.650180883860659,1438.9008716232056,1353.2852499084718,2011_05_ARI_MIN,2011,5,MIN,ARI,34.0,10.0,1
1567.1798483213786,1394.2474876226706,237.93236069870795,0.7973234007010699,1522.7491345412332,1438.678201402816,2011_05_SEA_NYG,2011,5,NYG,SEA,25.0,36.0,0
1567.6434397212984,1533.1034412028173,99.53999851848107,0.6394547271088767,1588.9678232091323,1511.7790577149833,2011_05_TEN_PIT,2011,5,PIT,TEN,38.0,17.0,1
1492.82493597574,1533.633219256494,24.19171671924596,0.534758524437042,1528.0623129562557,1498.395842275978,2011_05_TB_SF,2011,5,SF,TB,48.0,3.0,1
1369.7787259304987,1565.8248280938485,-131.04610216334981,0.31987158591609943,1358.9604716417089,1576.6430823826383,2011_05_SD_DEN,2011,5,DEN,SD,24.0,29.0,0
1694.167956444319,1556.296117907074,202.87183853724514,0.7627515005198263,1704.171208959491,1546.292865391902,2011_05_NYJ_NE,2011,5,NE,NYJ,30.0,21.0,1
1581.2398984544038,1654.8021381181827,-8.562239663778882,0.4876804405371275,1557.0970532551414,1678.9449833174451,2011_05_GB_ATL,2011,5,ATL,GB,14.0,25.0,0
1536.5856158044858,1541.803496029665,59.782119774820785,0.5851942595924691,1556.6553187560744,1521.7337930780764,2011_05_CHI_DET,2011,5,DET,CHI,24.0,13.0,1
1557.0970532551414,1366.4544388274035,255.64261442773795,0.8133000285712962,1566.1562246740282,1357.3952674085167,2011_06_CAR_ATL,2011,6,ATL,CAR,31.0,17.0,1
1483.0290013868735,1446.3201120250444,101.70888936182905,0.6423281653776274,1499.4242208859143,1429.9248925260035,2011_06_IND_CIN,2011,6,CIN,IND,27.0,17.0,1
1556.6553187560744,1528.0623129562557,93.59300579981868,0.6315249970544504,1530.9854459349638,1553.7321857773663,2011_06_SF_DET,2011,6,DET,SF,19.0,25.0,0
1678.9449833174451,1339.707103555401,404.23787976204403,0.9110870211678799,1683.5884480914806,1335.0636387813656,2011_06_STL_GB,2011,6,GB,STL,24.0,3.0,1
1522.7491345412332,1521.4685283143913,66.28060622684188,0.5942449220155537,1533.67003414327,1510.5476287123545,2011_06_BUF_NYG,2011,6,NYG,BUF,27.0,24.0,1
1588.9678232091323,1394.5938493442366,259.3739738648958,0.8165396065602331,1594.2503858018367,1389.3112867515322,2011_06_JAX_PIT,2011,6,PIT,JAX,17.0,13.0,1
1478.73040255369,1506.6469156978876,37.08348685580245,0.5531656870178069,1455.3304558201194,1530.0468624314583,2011_06_PHI_WAS,2011,6,WAS,PHI,13.0,20.0,0
1630.5241703689676,1518.8514419717528,176.67272839721477,0.7343897701601713,1644.1578644129643,1505.2177479277561,2011_06_HOU_BAL,2011,6,BAL,HOU,29.0,14.0,1
1532.9633127792235,1420.5747705404601,177.38854223876342,0.7351927549992648,1543.1546011380233,1410.3834821816604,2011_06_CLE_OAK,2011,6,OAK,CLE,24.0,17.0,1
1704.171208959491,1502.157995247345,267.0132137121459,0.8230357077933895,1709.2509441369998,1497.0782600698362,2011_06_DAL_NE,2011,6,NE,DAL,20.0,16.0,1
1498.395842275978,1616.8478732883093,-53.45203101233119,0.4236775543866556,1521.383800308594,1593.8599152556935,2011_06_NO_TB,2011,6,TB,NO,26.0,20.0,1
1521.7337930780764,1438.9008716232056,147.83292145487076,0.7007757624885843,1540.8065772142718,1419.8280874870102,2011_06_MIN_CHI,2011,6,CHI,MIN,39.0,10.0,1
1546.292865391902,1417.5472978010341,193.74556759086795,0.7531138550245327,1559.6549422705216,1404.1852209224146,2011_06_MIA_NYJ,2011,6,NYJ,MIA,24.0,6.0,1
1357.3952674085167,1455.3304558201194,-32.93518841160267,0.4527439185455584,1386.7190639417327,1426.0066592869034,2011_07_WAS_CAR,2011,7,CAR,WAS,33.0,20.0,1
1410.3834821816604,1438.678201402816,36.705280778844326,0.5526274964909921,1422.5837301569418,1426.4779534275347,2011_07_SEA_CLE,2011,7,CLE,SEA,6.0,3.0,1
1530.9854459349638,1566.1562246740282,29.829221260935583,0.5428225346950049,1508.0997907891206,1589.0418798198714,2011_07_ATL_DET,2011,7,DET,ATL,16.0,23.0,0
1404.1852209224146,1358.9604716417089,110.22474928070574,0.6535101776267803,1385.110380769086,1378.0353117950374,2011_07_DEN_MIA,2011,7,MIA,DEN,15.0,18.0,0
1559.6549422705216,1576.6430823826383,48.01185988788325,0.5686581378874054,1576.0834633898558,1560.2145612633042,2011_07_SD_NYJ,2011,7,NYJ,SD,27.0,21.0,1
1521.383800308594,1540.8065772142718,45.57722309432211,0.565217224620536,1498.9212058696576,1563.269171653208,2011_07_CHI_TB,2011,7,TB,CHI,18.0,24.0,0
1511.7790577149833,1505.2177479277561,71.56130978722717,0.6015529661883483,1467.566307772764,1549.4304978699754,2011_07_HOU_TEN,2011,7,TEN,HOU,7.0,41.0,0
1353.2852499084718,1594.2503858018367,-175.96513589336496,0.26640551808832613,1340.6310519602898,1606.9045837500187,2011_07_PIT_ARI,2011,7,ARI,PIT,20.0,32.0,0
1543.1546011380233,1442.2655158834307,165.8890852545926,0.7221064295292674,1490.5576547971473,1494.8624622243067,2011_07_KC_OAK,2011,7,OAK,KC,0.0,28.0,0
1497.0782600698362,1335.0636387813656,227.0146212884706,0.7869773898045597,1509.9470476883346,1322.1948511628673,2011_07_STL_DAL,2011,7,DAL,STL,34.0,7.0,1
1419.8280874870102,1683.5884480914806,-198.7603606044704,0.2415580202903231,1411.2060470016452,1692.2104885768456,2011_07_GB_MIN,2011,7,MIN,GB,27.0,33.0,0
1593.8599152556935,1429.9248925260035,228.93502272969,0.7888247673906751,1609.2585986924703,1414.5262090892268,2011_07_IND_NO,2011,7,NO,IND,62.0,7.0,1
1389.3112867515322,1644.1578644129643,-189.8465776614321,0.2510829721698093,1418.6835143139783,1614.7856368505181,2011_07_BAL_JAX,2011,7,JAX,BAL,12.0,7.0,1
1614.7856368505181,1340.6310519602898,339.1545848902283,0.8757005617125126,1617.771625534391,1337.645063276417,2011_08_ARI_BAL,2011,8,BAL,ARI,30.0,27.0,1
1386.7190639417327,1411.2060470016452,40.51301694008748,0.5580401006357576,1370.9566419230855,1426.9684690202923,2011_08_MIN_CAR,2011,8,CAR,MIN,21.0,24.0,0
1549.4304978699754,1418.6835143139783,195.74698355599708,0.7552497554431183,1560.2091653054638,1407.90484687849,2011_08_JAX_HOU,2011,8,HOU,JAX,24.0,14.0,1
1533.67003414327,1385.110380769086,213.55965337418388,0.7737044711805388,1539.3891127932886,1379.3913021190674,2011_08_MIA_NYG,2011,8,NYG,MIA,20.0,17.0,1
1322.1948511628673,1609.2585986924703,-222.063747529603,0.2178394527115953,1363.9169842038432,1567.5364656514944,2011_08_NO_STL,2011,8,STL,NO,31.0,21.0,1
1467.566307772764,1414.5262090892268,118.04009868353728,0.663625626631857,1486.0210651060304,1396.0714517559604,2011_08_IND_TEN,2011,8,TEN,IND,27.0,10.0,1
1510.5476287123545,1426.0066592869034,149.54096942545107,0.7028334130325067,1528.2336799790214,1408.3206080202367,2011_08_WAS_BUF,2011,8,BUF,WAS,23.0,0.0,1
1378.0353117950374,1508.0997907891206,-65.06447899408317,0.4074441532736069,1349.6724596382746,1536.4626429458833,2011_08_DET_DEN,2011,8,DEN,DET,10.0,45.0,0
1606.9045837500187,1709.2509441369998,-37.34636038698113,0.4464603149785541,1631.649666846089,1684.5058610409294,2011_08_NE_PIT,2011,8,PIT,NE,25.0,17.0,1
1426.4779534275347,1499.4242208859143,-7.94626745837968,0.4885663954164225,1395.9502754228006,1529.9518988906484,2011_08_CIN_SEA,2011,8,SEA,CIN,12.0,34.0,0
1553.7321857773663,1422.5837301569418,196.14845562042456,0.7556766970197756,1564.490248134717,1411.8256677995912,2011_08_CLE_SF,2011,8,SF,CLE,20.0,10.0,1
1530.0468624314583,1509.9470476883346,85.09981474312372,0.6200767288086457,1554.4235698746616,1485.5703402451313,2011_08_DAL_PHI,2011,8,PHI,DAL,34.0,7.0,1
1494.8624622243067,1560.2145612633042,-0.35209903899749406,0.4994932889244351,1508.7416761486795,1546.3353473389313,2011_08_SD_KC,2011,8,KC,SD,23.0,20.0,1
1528.2336799790214,1576.0834633898558,17.150216589165666,0.5246611188603026,1498.27056325344,1606.046580115437,2011_09_NYJ_BUF,2011,9,BUF,NYJ,11.0,27.0,0
1485.5703402451313,1395.9502754228006,154.62006482233073,0.7089035119870691,1498.6139865345515,1382.9066291333804,2011_09_SEA_DAL,2011,9,DAL,SEA,23.0,13.0,1
1560.2091653054638,1411.8256677995912,213.38349750587258,0.7735268787672817,1572.3667012335627,1399.6681318714923,2011_09_CLE_HOU,2011,9,HOU,CLE,30.0,12.0,1
1396.0714517559604,1589.0418798198714,-127.97042806391096,0.32373559793417594,1376.3758208320428,1608.737510743789,2011_09_ATL_IND,2011,9,IND,ATL,7.0,31.0,0
1508.7416761486795,1379.3913021190674,194.3503740296121,0.7537606199759235,1453.0599966460113,1435.0729816217356,2011_09_MIA_KC,2011,9,KC,MIA,3.0,31.0,0
1567.5364656514944,1498.9212058696576,133.6152597818368,0.6833372663803483,1582.3729312965397,1484.0847402246122,2011_09_TB_NO,2011,9,NO,TB,27.0,16.0,1
1408.3206080202367,1564.490248134717,-91.16964011448022,0.37172710178874274,1392.6352619717702,1580.1755941831834,2011_09_SF_WAS,2011,9,WAS,SF,11.0,19.0,0
1490.5576547971473,1349.6724596382746,205.88519515887265,0.765876191125331,1444.794305862626,1395.4358085727958,2011_09_DEN_OAK,2011,9,OAK,DEN,24.0,38.0,0
1486.0210651060304,1529.9518988906484,21.069166215381983,0.5302838542331053,1463.753929608112,1552.2190343885668,2011_09_CIN_TEN,2011,9,TEN,CIN,17.0,24.0,0
1337.645063276417,1363.9169842038432,38.72807907257379,0.5555044914055395,1354.644772395462,1346.9172750847981,2011_09_STL_ARI,2011,9,ARI,STL,19.0,13.0,1
1684.5058610409294,1539.3891127932886,210.11674824764077,0.7702156412542066,1657.095696591093,1566.799277243125,2011_09_NYG_NE,2011,9,NE,NYG,20.0,24.0,0
1546.3353473389313,1692.2104885768456,-80.87514123791425,0.3856689160519713,1530.864556396265,1707.681279519512,2011_09_GB_SD,2011,9,SD,GB,38.0,45.0,0
1631.649666846089,1617.771625534391,78.8780413116981,0.6116037455112007,1614.061821843854,1635.359470536626,2011_09_BAL_PIT,2011,9,PIT,BAL,20.0,23.0,0
1554.4235698746616,1563.269171653208,56.15439822145345,0.580116267875582,1531.2551188334085,1586.4376226944612,2011_09_CHI_PHI,2011,9,PHI,CHI,24.0,30.0,0
1530.864556396265,1444.794305862626,151.07025053363895,0.7046687584663163,1499.3974113885556,1476.2614508703355,2011_10_OAK_SD,2011,10,SD,OAK,17.0,24.0,0
1608.737510743789,1582.3729312965397,91.3645794472493,0.6285349367504215,1590.5557449800117,1600.554697060317,2011_10_NO_ATL,2011,10,ATL,NO,23.0,26.0,0
1370.9566419230855,1463.753929608112,-27.797287685026504,0.4600816251760608,1340.677501492695,1494.0330700385025,2011_10_TEN_CAR,2011,10,CAR,TEN,3.0,30.0,0
1552.2190343885668,1614.061821843854,3.15721254471282,0.5045434690267347,1531.2055049621479,1635.075351270273,2011_10_PIT_CIN,2011,10,CIN,PIT,17.0,24.0,0
1399.6681318714923,1346.9172750847981,117.75085678669416,0.6632538507754455,1389.953525106498,1356.6318818497923,2011_10_STL_CLE,2011,10,CLE,STL,12.0,13.0,0
1498.6139865345515,1498.27056325344,65.34342328111143,0.5929434664906187,1527.3738384322,1469.5107113557915,2011_10_BUF_DAL,2011,10,DAL,BUF,44.0,7.0,1
1376.3758208320428,1407.90484687849,33.47097395355286,0.5480201393568616,1346.2359494741827,1438.04471823635,2011_10_JAX_IND,2011,10,IND,JAX,3.0,17.0,0
1453.0599966460113,1395.4358085727958,122.62418807321546,0.6694904992506298,1423.5731222403344,1424.9226829784727,2011_10_DEN_KC,2011,10,KC,DEN,10.0,17.0,0
1435.0729816217356,1392.6352619717702,107.4377196499654,0.6498684983398794,1451.6636527077267,1376.0445908857791,2011_10_WAS_MIA,2011,10,MIA,WAS,20.0,9.0,1
1531.2551188334085,1354.644772395462,241.61034643794642,0.8007232716072247,1502.3010069244974,1383.598884304373,2011_10_ARI_PHI,2011,10,PHI,ARI,17.0,21.0,0
1484.0847402246122,1572.3667012335627,-23.281961008950475,0.4665446264295875,1452.9938901589262,1603.4575512992487,2011_10_HOU_TB,2011,10,TB,HOU,9.0,37.0,0
1382.9066291333804,1635.359470536626,-187.45284140324566,0.2536829415359865,1412.1420727039026,1606.1240269661039,2011_10_BAL_SEA,2011,10,SEA,BAL,22.0,17.0,1
1586.4376226944612,1536.4626429458833,114.97497974857788,0.6596756600393532,1607.2587197707808,1515.6415458695637,2011_10_DET_CHI,2011,10,CHI,DET,37.0,13.0,1
1580.1755941831834,1566.799277243125,78.37631694005836,0.6109174585133187,1595.8004377752382,1551.1744336510703,2011_10_NYG_SF,2011,10,SF,NYG,27.0,20.0,1
1606.046580115437,1657.095696591093,13.950883524344135,0.520066151990493,1573.690468874096,1689.451807832434,2011_10_NE_NYJ,2011,10,NYJ,NE,16.0,37.0,0
1707.681279519512,1426.9684690202923,345.7128104992196,0.8797519087088117,1715.295491504518,1419.3542570352863,2011_10_MIN_GB,2011,10,GB,MIN,45.0,7.0,1
1424.9226829784727,1573.690468874096,-83.76778589562332,0.3817313134423226,1445.6117465574746,1553.0014052950942,2011_11_NYJ_DEN,2011,11,DEN,NYJ,17.0,13.0,1
1606.1240269661039,1531.2055049621479,139.918522003956,0.6911360400149031,1618.2012167894106,1519.1283151388411,2011_11_CIN_BAL,2011,11,BAL,CIN,31.0,24.0,1
1389.953525106498,1438.04471823635,16.908806870148055,0.5243145356800183,1405.148463935333,1422.8497794075151,2011_11_JAX_CLE,2011,11,CLE,JAX,14.0,10.0,1
1515.6415458695637,1340.677501492695,239.96404437686874,0.7992067784140697,1525.4471647332314,1330.8718826290274,2011_11_CAR_DET,2011,11,DET,CAR,49.0,35.0,1
1715.295491504518,1452.9938901589262,327.30160134559173,0.8680812908736896,1720.5838110031561,1447.705570660288,2011_11_TB_GB,2011,11,GB,TB,35.0,26.0,1
1451.6636527077267,1469.5107113557915,47.15294135193517,0.5674449526713766,1479.885996427943,1441.2883676355752,2011_11_BUF_MIA,2011,11,MIA,BUF,35.0,8.0,1
1419.3542570352863,1476.2614508703355,8.092806164950844,0.5116443784147079,1399.368458537777,1496.2472493678447,2011_11_OAK_MIN,2011,11,MIN,OAK,21.0,27.0,0
1376.0445908857791,1527.3738384322,-86.3292475464209,0.3782574395666458,1365.9530649746412,1537.465364343338,2011_11_DAL_WAS,2011,11,WAS,DAL,24.0,27.0,0
1595.8004377752382,1383.598884304373,277.20155347086506,0.8314166002569049,1604.284140052531,1375.1151820270802,2011_11_ARI_SF,2011,11,SF,ARI,23.0,7.0,1
1356.6318818497923,1412.1420727039026,9.489809145889694,0.5136535379455252,1326.8102511779616,1441.9637033757333,2011_11_SEA_STL,2011,11,STL,SEA,7.0,24.0,0
1590.5557449800117,1494.0330700385025,161.5226749415092,0.7170345576711415,1600.8150215915414,1483.7737934269728,2011_11_TEN_ATL,2011,11,ATL,TEN,23.0,17.0,1
1607.2587197707808,1499.3974113885556,172.86130838222516,0.73008811522376,1619.6956273719927,1486.9605037873437,2011_11_SD_CHI,2011,11,CHI,SD,31.0,20.0,1
1551.1744336510703,1502.3010069244974,113.87342672657292,0.6582506331184176,1522.304218357945,1531.1712222176227,2011_11_PHI_NYG,2011,11,NYG,PHI,10.0,17.0,0
1689.451807832434,1423.5731222403344,330.8786855920996,0.8704215136017195,1697.2592669035826,1415.765663169186,2011_11_KC_NE,2011,11,NE,KC,34.0,3.0,1
1525.4471647332314,1720.5838110031561,-130.13664626992477,0.3210116064372419,1509.8992977618132,1736.1316779745744,2011_12_GB_DET,2011,12,DET,GB,15.0,27.0,0
1537.465364343338,1479.885996427943,122.5793679153951,0.6694334070958217,1541.806131948984,1475.5452288222968,2011_12_MIA_DAL,2011,12,DAL,MIA,20.0,19.0,1
1618.2012167894106,1604.284140052531,78.91707673687961,0.611657121863132,1636.1803897454877,1586.304967096454,2011_12_SF_BAL,2011,12,BAL,SF,16.0,6.0,1
1600.8150215915414,1399.368458537777,266.4465630537643,0.8225601175977896,1608.405382359958,1391.7780977693606,2011_12_MIN_ATL,2011,12,ATL,MIN,24.0,14.0,1
1519.1283151388411,1405.148463935333,178.97985120350813,0.73697227799182,1525.8723358150828,1398.4044432590913,2011_12_CLE_CIN,2011,12,CIN,CLE,23.0,20.0,1
1346.2359494741827,1330.8718826290274,80.36406684515532,0.6136338111278316,1318.2477389098042,1358.8600931934059,2011_12_CAR_IND,2011,12,IND,CAR,19.0,27.0,0
1422.8497794075151,1603.4575512992487,-115.60777189173359,0.33950702916292563,1409.4350114736067,1616.8723192331572,2011_12_HOU_JAX,2011,12,JAX,HOU,13.0,20.0,0
1553.0014052950942,1441.2883676355752,176.71303765951893,0.7344350295132901,1560.9140368570486,1433.3757360736208,2011_12_BUF_NYJ,2011,12,NYJ,BUF,28.0,24.0,1
1326.8102511779616,1375.1151820270802,16.69506915088141,0.5240076606269175,1312.170578261343,1389.7548549436988,2011_12_ARI_STL,2011,12,STL,ARI,20.0,23.0,0
1483.7737934269728,1447.705570660288,101.06822276668481,0.6414804364264001,1497.113885398854,1434.3654786884067,2011_12_TB_TEN,2011,12,TEN,TB,23.0,17.0,1
1496.2472493678447,1619.6956273719927,-58.448378004148026,0.416670635007584,1517.7214831511585,1598.221393588679,2011_12_CHI_OAK,2011,12,OAK,CHI,25.0,20.0,1
1441.9637033757333,1365.9530649746412,141.01063840109214,0.6924764338702549,1413.168088588026,1394.7486797623485,2011_12_WAS_SEA,2011,12,SEA,WAS,17.0,23.0,0
1531.1712222176227,1697.2592669035826,-101.08804468595986,0.35849332195227795,1510.9874159577744,1717.4430731634309,2011_12_NE_PHI,2011,12,PHI,NE,20.0,38.0,0
1486.9605037873437,1445.6117465574746,106.34875722986908,0.6484408145348804,1468.0686691019766,1464.5035812428416,2011_12_DEN_SD,2011,12,SD,DEN,13.0,16.0,0
1415.765663169186,1635.075351270273,-154.30968810108698,0.2914653220089041,1406.998679353098,1643.842335086361,2011_12_PIT_KC,2011,12,KC,PIT,9.0,13.0,0
1600.554697060317,1522.304218357945,143.250478702372,0.6952153182223715,1619.2009274675884,1503.6579879506737,2011_12_NYG_NO,2011,12,NO,NYG,49.0,24.0,1
1413.168088588026,1510.9874159577744,-32.81932736974841,0.4529091717998224,1445.2729423952742,1478.8825621505262,2011_13_PHI_SEA,2011,13,SEA,PHI,31.0,14.0,1
1433.3757360736208,1497.113885398854,1.2618506747667197,0.5018159411113189,1413.8347533263568,1516.6548681461181,2011_13_TEN_BUF,2011,13,BUF,TEN,17.0,23.0,0
1598.221393588679,1406.998679353098,256.22271423558095,0.8138065512899283,1559.9147526326237,1445.305320309153,2011_13_KC_CHI,2011,13,CHI,KC,3.0,10.0,0
1616.8723192331572,1608.405382359958,73.4669368731993,0.6041793016585711,1632.8020798788416,1592.4756217142735,2011_13_ATL_HOU,2011,13,HOU,ATL,17.0,10.0,1
1475.5452288222968,1517.7214831511585,22.82374567113834,0.5327988434134088,1503.7012146060752,1489.5654973673802,2011_13_OAK_MIA,2011,13,MIA,OAK,34.0,14.0,1
1391.7780977693606,1464.5035812428416,-7.725483473481063,0.48888396753779173,1378.2707880650655,1478.0108909471367,2011_13_DEN_MIN,2011,13,MIN,DEN,32.0,35.0,0
1717.4430731634309,1318.2477389098042,464.1953342536267,0.9353615160304772,1719.6629275672312,1316.0278845060038,2011_13_IND_NE,2011,13,NE,IND,31.0,24.0,1
1643.842335086361,1525.8723358150828,182.96999927127808,0.741400413665792,1659.920748828242,1509.7939220732017,2011_13_CIN_PIT,2011,13,PIT,CIN,35.0,7.0,1
1434.3654786884067,1358.8600931934059,140.50538549500084,0.6918567205901808,1390.085115124554,1403.1404567572586,2011_13_CAR_TB,2011,13,TB,CAR,19.0,38.0,0
1394.7486797623485,1560.9140368570486,-101.16535709470008,0.35839097856270064,1375.748952333339,1579.913764286058,2011_13_NYJ_WAS,2011,13,WAS,NYJ,19.0,34.0,0
1398.4044432590913,1636.1803897454877,-172.77594648639638,0.27000872730736963,1384.8453559242164,1649.7394770803626,2011_13_BAL_CLE,2011,13,CLE,BAL,10.0,24.0,0
1389.7548549436988,1541.806131948984,-87.05127700528533,0.3772804535073235,1414.988442481016,1516.572544411667,2011_13_DAL_ARI,2011,13,ARI,DAL,19.0,13.0,1
1503.6579879506737,1736.1316779745744,-167.47369002390064,0.2760668404150487,1496.5452433174478,1743.2444226078003,2011_13_GB_NYG,2011,13,NYG,GB,35.0,38.0,0
1586.304967096454,1312.170578261343,339.13438883511094,0.8756879066000761,1593.4047664663672,1305.0707788914299,2011_13_STL_SF,2011,13,SF,STL,26.0,0.0,1
1619.2009274675884,1509.8992977618132,174.3016297057752,0.7317188456653394,1632.6646038150916,1496.43562141431,2011_13_DET_NO,2011,13,NO,DET,31.0,17.0,1
1409.4350114736067,1468.0686691019766,6.366342371630026,0.5091608778828962,1376.5613691752183,1500.942311400365,2011_13_SD_JAX,2011,13,JAX,SD,14.0,38.0,0
1659.920748828242,1384.8453559242164,340.07539290402565,0.8762763788112661,1665.2463516016915,1379.519753150767,2011_14_CLE_PIT,2011,14,PIT,CLE,14.0,3.0,1
1649.7394770803626,1316.0278845060038,398.71159257435875,0.9084760986391641,1653.9359635579463,1311.8313980284202,2011_14_IND_BAL,2011,14,BAL,IND,24.0,10.0,1
1403.1404567572586,1592.4756217142735,-124.33516495701497,0.32833379419742637,1389.4838137332586,1606.1322647382735,2011_14_ATL_CAR,2011,14,CAR,ATL,23.0,31.0,0
1509.7939220732017,1632.8020798788416,-58.00815780563994,0.41728669624249454,1504.1577120252553,1638.438289926788,2011_14_HOU_CIN,2011,14,CIN,HOU,19.0,20.0,0
1496.43562141431,1378.2707880650655,183.16483334924442,0.7416153865363347,1505.7186144851883,1368.9877949941872,2011_14_MIN_DET,2011,14,DET,MIN,34.0,28.0,1
1376.5613691752183,1390.085115124554,51.47625405066424,0.5735429430845049,1404.3324165221768,1362.3140677775955,2011_14_TB_JAX,2011,14,JAX,TB,41.0,14.0,1
1503.7012146060752,1478.8825621505262,89.818652455549,0.6264548269836815,1466.6926760734725,1515.8911006831288,2011_14_PHI_MIA,2011,14,MIA,PHI,10.0,26.0,0
1579.913764286058,1445.305320309153,199.60844397690494,0.7593352638094466,1594.6184721899815,1430.6006124052296,2011_14_KC_NYJ,2011,14,NYJ,KC,37.0,10.0,1
1516.6548681461181,1632.6646038150916,-51.00973566897346,0.4271140355164677,1501.6959958499156,1647.6234761112942,2011_14_NO_TEN,2011,14,TEN,NO,17.0,22.0,0
1375.748952333339,1719.6629275672312,-278.9139752338922,0.1672062539172781,1369.577456310681,1725.8344235898892,2011_14_NE_WAS,2011,14,WAS,NE,27.0,34.0,0
1414.988442481016,1593.4047664663672,-113.41632398535126,0.34234154063740146,1430.2241186891324,1578.1690902582507,2011_14_SF_ARI,2011,14,ARI,SF,21.0,19.0,1
1478.0108909471367,1559.9147526326237,-16.903861685487072,0.4756925641882373,1492.6603398999853,1545.2653036797751,2011_14_CHI_DEN,2011,14,DEN,CHI,13.0,10.0,1
1743.2444226078003,1489.5654973673802,318.6789252404201,0.8622925815778926,1751.5054845302836,1481.3044354448969,2011_14_OAK_GB,2011,14,GB,OAK,46.0,16.0,1
1500.942311400365,1413.8347533263568,152.10755807400824,0.7059099131626427,1519.2742136372792,1395.5028510894426,2011_14_BUF_SD,2011,14,SD,BUF,37.0,10.0,1
1516.572544411667,1496.5452433174478,85.02730109421918,0.6199783869192776,1498.6920337748768,1514.425753954238,2011_14_NYG_DAL,2011,14,DAL,NYG,34.0,37.0,0
1445.2729423952742,1305.0707788914299,205.2021635038443,0.7651704354803555,1457.6896818553726,1292.6540394313315,2011_14_STL_SEA,2011,14,SEA,STL,30.0,13.0,1
1606.1322647382735,1404.3324165221768,266.79984821609673,0.822856747575652,1616.6609713881078,1393.8037098723426,2011_15_JAX_ATL,2011,15,ATL,JAX,41.0,14.0,1
1362.3140677775955,1498.6920337748768,-71.37796599728131,0.3987000293617758,1340.431977057143,1520.5741244953292,2011_15_DAL_TB,2011,15,TB,DAL,15.0,31.0,0
1395.5028510894426,1466.6926760734725,-6.189824984029883,0.491093068125807,1375.1361673772808,1487.0593597856343,2011_15_MIA_BUF,2011,15,BUF,MIA,23.0,30.0,0
1545.2653036797751,1457.6896818553726,152.57562182440256,0.7064689613306876,1496.3953288298953,1506.5596567052523,2011_15_SEA_CHI,2011,15,CHI,SEA,14.0,38.0,0
1638.438289926788,1389.4838137332586,313.95447619352944,0.8590312712742438,1582.8741071285422,1445.0479965315044,2011_15_CAR_HOU,2011,15,HOU,CAR,13.0,28.0,0
1311.8313980284202,1501.6959958499156,-124.86459782149541,0.3276620434068802,1350.4370221301372,1463.0903717481985,2011_15_TEN_IND,2011,15,IND,TEN,27.0,13.0,1
1430.6006124052296,1751.5054845302836,-255.904872125054,0.1864708458721663,1463.5910437673917,1718.5150531681215,2011_15_GB_KC,2011,15,KC,GB,19.0,14.0,1
1368.9877949941872,1647.6234761112942,-213.63568111710697,0.22621891151862722,1356.057278536138,1660.5539925693433,2011_15_NO_MIN,2011,15,MIN,NO,20.0,42.0,0
1514.425753954238,1369.577456310681,209.84829764355686,0.769942029859195,1469.502278615948,1414.5009316489711,2011_15_WAS_NYG,2011,15,NYG,WAS,10.0,23.0,0
1292.6540394313315,1504.1577120252553,-146.50367259392374,0.30083119145210013,1280.9239582517573,1515.8877932048294,2011_15_CIN_STL,2011,15,STL,CIN,13.0,20.0,0
1481.3044354448969,1505.7186144851883,40.5858209597086,0.5581434597454268,1473.4214989309446,1513.6015509991405,2011_15_DET_OAK,2011,15,OAK,DET,27.0,28.0,0
1430.2241186891324,1379.519753150767,115.70436553836544,0.6606176467232624,1439.1636402372887,1370.5802316026106,2011_15_CLE_ARI,2011,15,ARI,CLE,20.0,17.0,1
1492.6603398999853,1725.8344235898892,-168.1740836899039,0.2752617992140221,1477.6016373437906,1740.893126146084,2011_15_NE_DEN,2011,15,DEN,NE,23.0,41.0,0
1515.8911006831288,1594.6184721899815,-13.727371506852705,0.4802549978407328,1550.3661096711987,1560.1434632019116,2011_15_NYJ_PHI,2011,15,PHI,NYJ,45.0,19.0,1
1519.2742136372792,1653.9359635579463,-69.66174992066703,0.40107083759602763,1556.9358122275626,1616.2743649676627,2011_15_BAL_SD,2011,15,SD,BAL,34.0,14.0,1
1578.1690902582507,1665.2463516016915,-22.077261343440796,0.46827096034603005,1609.21856743151,1634.196874428432,2011_15_PIT_SF,2011,15,SF,PIT,20.0,3.0,1
1350.4370221301372,1582.8741071285422,-167.437084998405,0.27610895471803065,1372.1608993770596,1561.1502298816197,2011_16_HOU_IND,2011,16,IND,HOU,19.0,16.0,1
1616.2743649676627,1370.5802316026106,310.69413336505204,0.8567431754645266,1621.159729466484,1365.6948671037894,2011_16_CLE_BAL,2011,16,BAL,CLE,20.0,14.0,1
1375.1361673772808,1477.6016373437906,-37.46546996650977,0.4462908741552189,1412.2671988983618,1440.4706058227096,2011_16_DEN_BUF,2011,16,BUF,DEN,40.0,14.0,1
1445.0479965315044,1340.431977057143,169.61601947436134,0.7263909875859292,1462.811947656442,1322.6680259322054,2011_16_TB_CAR,2011,16,CAR,TB,48.0,16.0,1
1515.8877932048294,1439.1636402372887,141.7241529675407,0.6933504071001233,1527.869151325902,1427.1822821162161,2011_16_ARI_CIN,2011,16,CIN,ARI,23.0,16.0,1
1463.5910437673917,1473.4214989309446,55.16954483644713,0.5787347150022969,1447.132375212652,1489.8801674856843,2011_16_OAK_KC,2011,16,KC,OAK,13.0,16.0,0
1740.893126146084,1487.0593597856343,318.83376636044954,0.8623983884162777,1744.2253344854166,1483.7271514463016,2011_16_MIA_NE,2011,16,NE,MIA,27.0,24.0,1
1560.1434632019116,1469.502278615948,155.64118458596363,0.7101150087626048,1517.7684645482898,1511.8772772695697,2011_16_NYG_NYJ,2011,16,NYJ,NYG,14.0,29.0,0
1634.196874428432,1280.9239582517573,418.2729161766747,0.9174180750382809,1638.8212639980272,1276.299568682162,2011_16_STL_PIT,2011,16,PIT,STL,27.0,0.0,1
1463.0903717481985,1393.8037098723426,134.286661875856,0.6841729892512745,1474.6746916204572,1382.2193900000839,2011_16_JAX_TEN,2011,16,TEN,JAX,23.0,17.0,1
1414.5009316489711,1356.057278536138,123.44365311283309,0.6705334567212063,1384.956467039751,1385.6017431453581,2011_16_MIN_WAS,2011,16,WAS,MIN,26.0,33.0,0
1513.6015509991405,1556.9358122275626,21.665738771577935,0.531139151866523,1544.8694859784216,1525.6678772482815,2011_16_SD_DET,2011,16,DET,SD,38.0,10.0,1
1520.5741244953292,1550.3661096711987,35.20801482413049,0.5504956753091896,1491.045770316745,1579.894463849783,2011_16_PHI_DAL,2011,16,DAL,PHI,7.0,20.0,0
1506.5596567052523,1609.21856743151,-37.65891072625777,0.4460157191885843,1496.9246192567834,1618.853604879979,2011_16_SF_SEA,2011,16,SEA,SF,17.0,19.0,0
1718.5150531681215,1496.3953288298953,287.1197243382262,0.8392683090890248,1726.2154695493532,1488.6949124486637,2011_16_CHI_GB,2011,16,GB,CHI,35.0,21.0,1
1660.5539925693433,1616.6609713881078,108.89302118123555,0.6517722833424323,1683.1246410312312,1594.0903229262199,2011_16_ATL_NO,2011,16,NO,ATL,45.0,16.0,1
1726.2154695493532,1544.8694859784216,246.3459835709316,0.8050374758163292,1731.859120742366,1539.2258347854088,2011_17_DET_GB,2011,17,GB,DET,45.0,41.0,1
1561.1502298816197,1474.6746916204572,151.47553826116246,0.7051540537127278,1550.6518812672389,1485.173040234838,2011_17_TEN_HOU,2011,17,HOU,TEN,22.0,23.0,0
1382.2193900000839,1372.1608993770596,75.05849062302423,0.6063681919576336,1397.0334151648779,1357.3468742122657,2011_17_IND_JAX,2011,17,JAX,IND,19.0,13.0,1
1483.7271514463016,1517.7684645482898,30.95868689801182,0.5444355889490649,1493.5980204950142,1507.8975954995772,2011_17_NYJ_MIA,2011,17,MIA,NYJ,19.0,17.0,1
1385.6017431453581,1488.6949124486637,-38.09316930330556,0.4453981396775955,1371.5089479364317,1502.78770765759,2011_17_CHI_MIN,2011,17,MIN,CHI,13.0,17.0,0
1744.2253344854166,1412.2671988983618,396.9581355870548,0.9076333666941865,1749.4950129201716,1406.9975204636069,2011_17_BUF_NE,2011,17,NE,BUF,49.0,21.0,1
1683.1246410312312,1462.811947656442,285.3126933747892,0.837860139109678,1692.790550142734,1453.1460385449393,2011_17_CAR_NO,2011,17,NO,CAR,45.0,17.0,1
1579.894463849783,1384.956467039751,259.937996810032,0.8170254826795825,1590.4291923876035,1374.4217385019306,2011_17_WAS_PHI,2011,17,PHI,WAS,34.0,10.0,1
1276.299568682162,1618.853604879979,-277.5540361978169,0.16829919263271423,1270.0843231581275,1625.0688504040136,2011_17_SF_STL,2011,17,STL,SF,27.0,34.0,0
1427.1822821162161,1496.9246192567834,-4.742337140567315,0.49317565205593855,1441.2647931994888,1482.8421081735107,2011_17_SEA_ARI,2011,17,ARI,SEA,23.0,20.0,1
1594.0903229262199,1322.6680259322054,336.42229699401446,0.8739784082013068,1600.8477449821028,1315.9106038763225,2011_17_TB_ATL,2011,17,ATL,TB,45.0,24.0,1
1527.869151325902,1621.159729466484,-28.29057814058183,0.45937632841547626,1507.9383888690318,1641.0904919233542,2011_17_BAL_CIN,2011,17,CIN,BAL,16.0,24.0,0
1365.6948671037894,1638.8212639980272,-208.1263968942378,0.231818401715062,1358.8778319597636,1645.638299142053,2011_17_PIT_CLE,2011,17,CLE,PIT,9.0,13.0,0
1440.4706058227096,1447.132375212652,58.33823061005751,0.5831752447829427,1421.1875836731294,1466.4153973622322,2011_17_KC_DEN,2011,17,DEN,KC,3.0,7.0,0
1489.8801674856843,1525.6678772482815,29.21229023740284,0.5419410788002399,1461.7050206086462,1553.8430241253195,2011_17_SD_OAK,2011,17,OAK,SD,26.0,38.0,0
1511.8772772695697,1491.045770316745,85.83150695282484,0.6210684856910729,1532.9598152988917,1469.963232287423,2011_17_DAL_NYG,2011,17,NYG,DAL,31.0,14.0,1
1521.9841968043609,1479.965475935711,107.01872086864978,0.6493194862178417,1493.598962409405,1508.350710330667,2012_01_DAL_NYG,2012,1,NYG,DAL,17.0,24.0,0
1501.8594010076126,1404.8503650995813,162.00903590803136,0.7176022640850354,1517.8753070149726,1388.8344590922213,2012_01_IND_CHI,2012,1,CHI,IND,41.0,21.0,1
1405.8715139171622,1560.3162713225315,-89.44475740536927,0.37404897091568795,1400.8886797584917,1565.299105481202,2012_01_PHI_CLE,2012,1,CLE,PHI,16.0,17.0,0
1526.1636318018677,1346.646243546471,244.51738825539678,0.8033800533053543,1531.859518570825,1340.9503567775137,2012_01_STL_DET,2012,1,DET,STL,27.0,23.0,1
1533.7848048052483,1495.7298796701746,103.05492513507374,0.6441063348668747,1554.4856376134917,1475.0290468619312,2012_01_MIA_HOU,2012,1,HOU,MIA,30.0,10.0,1
1477.599070040609,1567.2654459030625,-24.666375862453606,0.46456175223552987,1451.5668914301377,1593.2976245135337,2012_01_ATL_KC,2012,1,KC,ATL,24.0,40.0,0
1414.2964682736,1431.3212879149737,47.9751803586264,0.5686063463727284,1426.001979155372,1419.6157770332018,2012_01_JAX_MIN,2012,1,MIN,JAX,26.0,23.0,1
1628.5912969452036,1416.2392995807877,277.35199736441587,0.831537950067556,1586.7784808663623,1458.052115659629,2012_01_WAS_NO,2012,1,NO,WAS,32.0,40.0,0
1505.267696198218,1437.9673461492257,132.3003500489922,0.6816971120234162,1523.5498752127376,1419.685167134706,2012_01_BUF_NYJ,2012,1,NYJ,BUF,48.0,28.0,1
1490.110417836637,1666.4131736177544,-111.30275578111741,0.3450860231196072,1469.8042403038007,1686.7193511505907,2012_01_NE_TEN,2012,1,TEN,NE,13.0,34.0,0
1460.8236170640591,1488.5556861517316,37.26793091232753,0.5534281073952956,1474.9587628303798,1474.420540385411,2012_01_SEA_ARI,2012,1,ARI,SEA,20.0,16.0,1
1654.6500335351582,1583.4209232194771,136.22911031568105,0.6865841292580068,1622.486822321534,1615.5841344331013,2012_01_SF_GB,2012,1,GB,SF,22.0,30.0,0
1377.2123727855071,1468.7484077094746,-26.536034923967463,0.4618856595229093,1398.4105042593812,1447.5502762356004,2012_01_CAR_TB,2012,1,TB,CAR,16.0,10.0,1
1447.4321183099773,1597.1407455277495,-84.70862721777212,0.3804539103390418,1480.4869456788215,1564.0859181589053,2012_01_PIT_DEN,2012,1,DEN,PIT,31.0,19.0,1
1594.1073581128774,1505.2949053756442,153.81245273723312,0.7079432188951056,1613.0283360833985,1486.3739274051231,2012_01_CIN_BAL,2012,1,BAL,CIN,44.0,13.0,1
1474.4572487459673,1535.9132970915882,3.5439516543790432,0.5050999795291289,1452.225073440547,1558.1454723970085,2012_01_SD_OAK,2012,1,OAK,SD,14.0,22.0,0
1622.486822321534,1517.8753070149726,169.6115153065614,0.7263858344256111,1635.8947891706057,1504.4673401659009,2012_02_CHI_GB,2012,2,GB,CHI,23.0,10.0,1
1419.685167134706,1451.5668914301377,33.118275704568305,0.5475171986381667,1445.936151033766,1425.3159075310778,2012_02_KC_BUF,2012,2,BUF,KC,35.0,17.0,1
1447.5502762356004,1586.7784808663623,-74.22820463076187,0.3947731874267141,1475.0753596595189,1559.2533974424439,2012_02_NO_CAR,2012,2,CAR,NO,35.0,27.0,1
1486.3739274051231,1400.8886797584917,150.48524764663148,0.7039674531400015,1497.8973456247597,1389.365261538855,2012_02_CLE_CIN,2012,2,CIN,CLE,34.0,27.0,1
1388.8344590922213,1426.001979155372,27.832479936849268,0.5399686973272442,1401.42988872591,1413.4065495216835,2012_02_MIN_IND,2012,2,IND,MIN,23.0,20.0,1
1419.6157770332018,1554.4856376134917,-69.86986058028992,0.40078310103513837,1395.9631001736589,1578.1383144730346,2012_02_HOU_JAX,2012,2,JAX,HOU,7.0,27.0,0
1475.0290468619312,1452.225073440547,87.80397342138417,0.623736967744405,1497.7188862452442,1429.535234057234,2012_02_OAK_MIA,2012,2,MIA,OAK,35.0,13.0,1
1686.7193511505907,1474.9587628303798,276.7605883202109,0.8310605111047312,1665.8313719829441,1495.8467419980263,2012_02_ARI_NE,2012,2,NE,ARI,18.0,20.0,0
1493.598962409405,1398.4105042593812,160.18845815002373,0.7154736472511087,1504.628954647901,1387.3805120208854,2012_02_TB_NYG,2012,2,NYG,TB,41.0,34.0,1
1565.299105481202,1613.0283360833985,17.270769397803633,0.5248341832842984,1571.8349933983795,1606.492448166221,2012_02_BAL_PHI,2012,2,PHI,BAL,24.0,23.0,1
1474.420540385411,1508.350710330667,31.06983005474399,0.5445942690103858,1501.7642342913048,1481.0070164247732,2012_02_DAL_SEA,2012,2,SEA,DAL,27.0,7.0,1
1340.9503567775137,1458.052115659629,-52.10175888211529,0.42557659179859,1357.263083480944,1441.7393889561986,2012_02_WAS_STL,2012,2,STL,WAS,31.0,28.0,1
1564.0859181589053,1523.5498752127376,105.53604294616775,0.647373571585655,1583.5372491443295,1504.0985442273134,2012_02_NYJ_PIT,2012,2,PIT,NYJ,27.0,10.0,1
1558.1454723970085,1469.8042403038007,153.34123209320774,0.7073820539975056,1576.56803336705,1451.3816793337592,2012_02_TEN_SD,2012,2,SD,TEN,38.0,10.0,1
1615.5841344331013,1531.859518570825,148.72461586227632,0.7018509873141002,1627.8565033154043,1519.587149688522,2012_02_DET_SF,2012,2,SF,DET,27.0,19.0,1
1593.2976245135337,1480.4869456788215,177.81067883471223,0.7356655702010555,1602.8157608344093,1470.968809357946,2012_02_DEN_ATL,2012,2,ATL,DEN,27.0,21.0,1
1475.0753596595189,1504.628954647901,35.4464050116178,0.5508352237161317,1436.9917703695116,1542.7125439379083,2012_03_NYG_CAR,2012,3,CAR,NYG,7.0,36.0,0
1504.4673401659009,1357.263083480944,212.20425668495682,0.7723354838566482,1516.4702805388556,1345.2601431079893,2012_03_STL_CHI,2012,3,CHI,STL,23.0,6.0,1
1389.365261538855,1445.936151033766,8.429110505089056,0.5121280857149486,1364.7102075069083,1470.5912050657128,2012_03_BUF_CLE,2012,3,CLE,BUF,14.0,24.0,0
1481.0070164247732,1387.3805120208854,158.6265044038878,0.7136397318836932,1491.4021253760313,1376.9854030696272,2012_03_TB_DAL,2012,3,DAL,TB,16.0,10.0,1
1401.42988872591,1395.9631001736589,70.46678855225105,0.6000418394474766,1379.2157489100705,1418.1772399894983,2012_03_JAX_IND,2012,3,IND,JAX,17.0,22.0,0
1497.7188862452442,1504.0985442273134,58.62034201793085,0.5835699475550687,1481.0959637838498,1520.7214666887078,2012_03_NYJ_MIA,2012,3,MIA,NYJ,20.0,23.0,0
1413.4065495216835,1627.8565033154043,-149.44995379372085,0.29727602548629306,1450.8759851691916,1590.3870676678962,2012_03_SF_MIN,2012,3,MIN,SF,24.0,13.0,1
1559.2533974424439,1425.3159075310778,198.93748991136613,0.7586287361032642,1536.1286623156723,1448.4406426578494,2012_03_KC_NO,2012,3,NO,KC,24.0,27.0,0
1451.3816793337592,1519.587149688522,-3.205470354762838,0.4953870882246212,1465.3929348639888,1505.5758941582924,2012_03_DET_TEN,2012,3,TEN,DET,44.0,41.0,1
1441.7393889561986,1497.8973456247597,8.842043331438845,0.5127219767817879,1420.3298340298966,1519.3069005510617,2012_03_CIN_WAS,2012,3,WAS,CIN,31.0,38.0,0
1495.8467419980263,1571.8349933983795,-10.988251400353192,0.4841919054106565,1527.8945040276203,1539.7872313687856,2012_03_PHI_ARI,2012,3,ARI,PHI,27.0,6.0,1
1576.56803336705,1602.8157608344093,38.752272532640745,0.5555388792754699,1540.1625494402879,1639.2212447611714,2012_03_ATL_SD,2012,3,SD,ATL,3.0,27.0,0
1470.968809357946,1578.1383144730346,-42.16950511508867,0.43960946172876464,1454.181772296351,1594.9253515346295,2012_03_HOU_DEN,2012,3,DEN,HOU,25.0,31.0,0
1429.535234057234,1583.5372491443295,-89.00201508709551,0.37464588901989104,1447.6047418889943,1565.4677413125692,2012_03_PIT_OAK,2012,3,OAK,PIT,34.0,31.0,1
1606.492448166221,1665.8313719829441,5.6610761832769185,0.5081462226158606,1613.2934887974438,1659.0303313517213,2012_03_NE_BAL,2012,3,BAL,NE,31.0,30.0,1
1501.7642342913048,1635.8947891706057,-69.13055487930092,0.40180558373493314,1515.3343216009503,1622.3247018609602,2012_03_GB_SEA,2012,3,SEA,GB,14.0,12.0,1
1613.2934887974438,1364.7102075069083,313.5832812905355,0.8587723172900072,1618.4342324313322,1359.56946387302,2012_04_CLE_BAL,2012,4,BAL,CLE,23.0,16.0,1
1639.2212447611714,1436.9917703695116,267.2294743916598,0.8232169514898283,1642.6848485271132,1433.5281666035698,2012_04_CAR_ATL,2012,4,ATL,CAR,30.0,28.0,1
1470.5912050657128,1659.0303313517213,-123.43912628600856,0.329472300107132,1450.507468835942,1679.114067581492,2012_04_NE_BUF,2012,4,BUF,NE,28.0,52.0,0
1505.5758941582924,1450.8759851691916,119.69990898910078,0.6657551306650784,1476.2947578568353,1480.1571214706487,2012_04_MIN_DET,2012,4,DET,MIN,13.0,20.0,0
1594.9253515346295,1465.3929348639888,194.5324166706407,0.7539550683273725,1609.4782869564503,1450.839999442168,2012_04_TEN_HOU,2012,4,HOU,TEN,38.0,14.0,1
1448.4406426578494,1540.1625494402879,-26.72190678243851,0.461619733626902,1422.0758253793454,1566.5273667187919,2012_04_SD_KC,2012,4,KC,SD,20.0,37.0,0
1520.7214666887078,1590.3870676678962,-4.665600979188412,0.4932860640282097,1485.7196230386621,1625.3889113179418,2012_04_SF_NYJ,2012,4,NYJ,SF,0.0,34.0,0
1345.2601431079893,1515.3343216009503,-105.07417849296098,0.3532335979935309,1371.6936181664944,1488.9008465424452,2012_04_SEA_STL,2012,4,STL,SEA,19.0,13.0,1
1527.8945040276203,1481.0959637838498,111.7985402437705,0.6555586921796668,1536.982609896733,1472.007857914737,2012_04_MIA_ARI,2012,4,ARI,MIA,24.0,21.0,1
1454.181772296351,1447.6047418889943,71.57703040735669,0.6015746565029025,1480.9283135576022,1420.8582006277431,2012_04_OAK_DEN,2012,4,DEN,OAK,37.0,6.0,1
1418.1772399894983,1519.3069005510617,-36.12966056156347,0.4481918523750441,1392.687033324317,1544.797107216243,2012_04_CIN_JAX,2012,4,JAX,CIN,10.0,27.0,0
1622.3247018609602,1536.1286623156723,151.19603954528793,0.7048194290372105,1626.1536286673247,1532.2997355093078,2012_04_NO_GB,2012,4,GB,NO,28.0,27.0,1
1376.9854030696272,1420.3298340298966,21.655569039730608,0.5311245731841103,1365.199388478315,1432.1158486212087,2012_04_WAS_TB,2012,4,TB,WAS,22.0,24.0,0
1539.7872313687856,1542.7125439379083,62.07468743087725,0.5883941003642953,1548.582959151511,1533.916816155183,2012_04_NYG_PHI,2012,4,PHI,NYG,19.0,17.0,1
1491.4021253760313,1516.4702805388556,39.93184483717573,0.557214837088338,1459.2442629680581,1548.6281429468288,2012_04_CHI_DAL,2012,4,DAL,CHI,18.0,34.0,0
1371.6936181664944,1536.982609896733,-100.28899173023865,0.35955183329350254,1408.0377123355615,1500.638515727666,2012_05_ARI_STL,2012,5,STL,ARI,17.0,3.0,1
1544.797107216243,1472.007857914737,137.78924930150583,0.6885134466687475,1521.153905699513,1495.651059431467,2012_05_MIA_CIN,2012,5,CIN,MIA,13.0,17.0,0
1379.2157489100705,1626.1536286673247,-181.93787975725422,0.2597403308495335,1401.5904731426974,1603.7789044346978,2012_05_GB_IND,2012,5,IND,GB,30.0,27.0,1
1422.0758253793454,1618.4342324313322,-131.3584070519869,0.31948060070489576,1413.717032165995,1626.7930256446825,2012_05_BAL_KC,2012,5,KC,BAL,6.0,9.0,0
1533.916816155183,1359.56946387302,239.347352282163,0.7986364915479146,1543.7527706444519,1349.733509383751,2012_05_CLE_NYG,2012,5,NYG,CLE,41.0,27.0,1
1565.4677413125692,1548.582959151511,81.88478216105818,0.6157071841575292,1573.6085150195524,1540.4421854445277,2012_05_PHI_PIT,2012,5,PIT,PHI,16.0,14.0,1
1432.1158486212087,1642.6848485271132,-145.56899990590455,0.3019640736532172,1420.33690197309,1654.4637951752318,2012_05_ATL_WAS,2012,5,WAS,ATL,17.0,24.0,0
1433.5281666035698,1488.9008465424452,9.627320061124692,0.5138512823477592,1416.9152327953361,1505.5137803506789,2012_05_SEA_CAR,2012,5,CAR,SEA,12.0,16.0,0
1392.687033324317,1548.6281429468288,-90.9411096225117,0.37203438981137316,1366.5097037122669,1574.805472558879,2012_05_CHI_JAX,2012,5,JAX,CHI,3.0,41.0,0
1480.1571214706487,1450.839999442168,94.31712202848075,0.6324944436570936,1502.5559027511513,1428.4412181616653,2012_05_TEN_MIN,2012,5,MIN,TEN,30.0,7.0,1
1679.114067581492,1480.9283135576022,263.1857540238898,0.8198038293522718,1686.8325386642896,1473.2098424748046,2012_05_DEN_NE,2012,5,NE,DEN,31.0,21.0,1
1625.3889113179418,1450.507468835942,239.88144248199978,0.7991304623967928,1639.013533669007,1436.8828464848768,2012_05_BUF_SF,2012,5,SF,BUF,45.0,3.0,1
1532.2997355093078,1566.5273667187919,30.772368790515884,0.5441695607254908,1550.995682099212,1547.8314201288877,2012_05_SD_NO,2012,5,NO,SD,31.0,24.0,1
1485.7196230386621,1609.4782869564503,-58.758663917788226,0.4162365650380772,1469.9418444529372,1625.2560655421753,2012_05_HOU_NYJ,2012,5,NYJ,HOU,17.0,23.0,0
1428.4412181616653,1573.6085150195524,-80.1672968578871,0.3866347720490993,1446.0904455013604,1555.9592876798574,2012_06_PIT_TEN,2012,6,TEN,PIT,26.0,23.0,1
1654.4637951752318,1420.8582006277431,298.60559454748864,0.8479886389873496,1658.1747568790502,1417.1472389239248,2012_06_OAK_ATL,2012,6,ATL,OAK,23.0,20.0,1
1626.7930256446825,1459.2442629680581,232.5487626766244,0.7922692104464495,1630.920994823411,1455.1162937893296,2012_06_DAL_BAL,2012,6,BAL,DAL,31.0,29.0,1
1349.733509383751,1521.153905699513,-106.42039631576199,0.35146518111864744,1382.4168700942678,1488.4705449889962,2012_06_CIN_CLE,2012,6,CLE,CIN,34.0,24.0,1
1495.651059431467,1408.0377123355615,152.6133470959055,0.7065139927582145,1503.26036415891,1400.4284076081185,2012_06_STL_MIA,2012,6,MIA,STL,17.0,14.0,1
1469.9418444529372,1401.5904731426974,133.35137131023976,0.6830084684596316,1489.642736955943,1381.8895806396915,2012_06_IND_NYJ,2012,6,NYJ,IND,35.0,9.0,1
1540.4421854445277,1476.2947578568353,129.1474275876924,0.6777459610996504,1520.4791816396798,1496.2577616616832,2012_06_DET_PHI,2012,6,PHI,DET,23.0,26.0,0
1365.199388478315,1413.717032165995,16.482356312320007,0.5237022390517785,1397.037566764297,1381.8788538800131,2012_06_KC_TB,2012,6,TB,KC,38.0,10.0,1
1500.638515727666,1436.8828464848768,128.75566924278905,0.6772532263456802,1480.6937985106674,1456.8275637018753,2012_06_BUF_ARI,2012,6,ARI,BUF,16.0,19.0,0
1505.5137803506789,1686.8325386642896,-116.31875831361072,0.3385898626457191,1515.19472423023,1677.1515947847386,2012_06_NE_SEA,2012,6,SEA,NE,24.0,23.0,1
1639.013533669007,1543.7527706444519,160.26076302455522,0.7155583700821078,1589.9584137709573,1592.8078905425016,2012_06_NYG_SF,2012,6,SF,NYG,3.0,26.0,0
1420.33690197309,1502.5559027511513,-17.219000778061172,0.4752401345076476,1447.4689088638518,1475.4238958603896,2012_06_MIN_WAS,2012,6,WAS,MIN,38.0,26.0,1
1625.2560655421753,1603.7789044346978,86.47716110747751,0.621942784705597,1587.132042487589,1641.9029274892841,2012_06_GB_HOU,2012,6,HOU,GB,24.0,42.0,0
1547.8314201288877,1473.2098424748046,139.621577654083,0.6907710312036233,1511.1750144641292,1509.8662481395631,2012_06_DEN_SD,2012,6,SD,DEN,24.0,35.0,0
1589.9584137709573,1515.19472423023,139.76368954072746,0.6909457471700968,1602.0438441129047,1503.1092938882825,2012_07_SEA_SF,2012,7,SF,SEA,13.0,6.0,1
1456.8275637018753,1446.0904455013604,75.73711820051494,0.6073002282478603,1448.1084303210291,1454.8095788822066,2012_07_TEN_BUF,2012,7,BUF,TEN,34.0,35.0,0
1416.9152327953361,1455.1162937893296,26.79893900600655,0.5384904695798989,1397.3803640378308,1474.651162546835,2012_07_DAL_CAR,2012,7,CAR,DAL,14.0,19.0,0
1587.132042487589,1630.920994823411,21.21104766417784,0.530487283970716,1619.0701282804077,1598.9829090305923,2012_07_BAL_HOU,2012,7,HOU,BAL,43.0,13.0,1
1381.8895806396915,1382.4168700942678,64.47271054542375,0.5917331468881966,1394.657023825934,1369.6494269080254,2012_07_CLE_IND,2012,7,IND,CLE,17.0,13.0,1
1475.4238958603896,1480.6937985106674,59.7300973497222,0.585121564987138,1492.2221320546528,1463.8955623164043,2012_07_ARI_MIN,2012,7,MIN,ARI,21.0,14.0,1
1592.8078905425016,1447.4689088638518,210.33898167864982,0.7704419741735242,1599.5522585661643,1440.724540840189,2012_07_WAS_NYG,2012,7,NYG,WAS,27.0,23.0,1
1400.4284076081185,1641.9029274892841,-176.47451988116563,0.2658328505363639,1388.6263325030795,1653.705002594323,2012_07_GB_STL,2012,7,STL,GB,20.0,30.0,0
1397.037566764297,1550.995682099212,-88.95811533491496,0.37470509676234093,1382.0596591695128,1565.9735896939962,2012_07_NO_TB,2012,7,TB,NO,28.0,35.0,0
1677.1515947847386,1489.642736955943,252.5088578287955,0.8105453836125128,1681.863567214155,1484.9307645265267,2012_07_NYJ_NE,2012,7,NE,NYJ,29.0,26.0,1
1417.1472389239248,1366.5097037122669,115.6375352116579,0.6605313894868486,1426.089290600202,1357.5676520359896,2012_07_JAX_OAK,2012,7,OAK,JAX,26.0,23.0,1
1488.4705449889962,1555.9592876798574,-2.4887426908612724,0.4964184726194988,1467.848409830436,1576.5814228384177,2012_07_PIT_CIN,2012,7,CIN,PIT,17.0,24.0,0
1574.805472558879,1496.2577616616832,143.54771089719588,0.6955777438269403,1585.9273488602505,1485.1358853603117,2012_07_DET_CHI,2012,7,CHI,DET,13.0,7.0,1
1492.2221320546528,1382.0596591695128,175.16247288514,0.7326905068664733,1444.5256818376035,1429.756109386562,2012_08_TB_MIN,2012,8,MIN,TB,17.0,36.0,0
1585.9273488602505,1397.3803640378308,253.54698482241974,0.8114613556226891,1588.2709523639724,1395.036760534109,2012_08_CAR_CHI,2012,8,CHI,CAR,23.0,22.0,1
1369.6494269080254,1511.1750144641292,-76.5255875561038,0.3916178585799122,1378.3873368147867,1502.4371045573678,2012_08_SD_CLE,2012,8,CLE,SD,7.0,6.0,1
1485.1358853603117,1503.1092938882825,47.02659147202917,0.5672664203147274,1498.7735274772178,1489.4716517713764,2012_08_SEA_DET,2012,8,DET,SEA,28.0,24.0,1
1653.705002594323,1357.5676520359896,361.13735055833354,0.8888327933540885,1658.1025667948772,1353.1700878354354,2012_08_JAX_GB,2012,8,GB,JAX,24.0,15.0,1
1484.9307645265267,1503.26036415891,46.670400367616594,0.5667630284519417,1449.133598306144,1539.0575303792928,2012_08_MIA_NYJ,2012,8,NYJ,MIA,9.0,30.0,0
1520.4791816396798,1658.1747568790502,-72.69557523937033,0.3968830744791185,1500.2012892914547,1678.4526492272753,2012_08_ATL_PHI,2012,8,PHI,ATL,17.0,30.0,0
1576.5814228384177,1440.724540840189,200.85688199822857,0.7606461294796515,1588.7436276196456,1428.5623360589611,2012_08_WAS_PIT,2012,8,PIT,WAS,27.0,12.0,1
1388.6263325030795,1681.863567214155,-228.23723471107542,0.21184512690366358,1374.56315222029,1695.9267474969445,2012_08_NE_STL,2012,8,STL,NE,7.0,45.0,0
1454.8095788822066,1394.657023825934,125.1525550562726,0.6727030242096669,1427.050013043672,1422.4165896644686,2012_08_IND_TEN,2012,8,TEN,IND,13.0,19.0,0
1381.8788538800131,1426.089290600202,20.78956327981109,0.5298829299213275,1356.2243484403652,1451.74379603985,2012_08_OAK_KC,2012,8,KC,OAK,16.0,26.0,0
1474.651162546835,1599.5522585661643,-59.901096019329316,0.4146395004526467,1460.186322863068,1614.0170982499312,2012_08_NYG_DAL,2012,8,DAL,NYG,24.0,29.0,0
1509.8662481395631,1565.9735896939962,8.892658445566894,0.5127947703591061,1539.4129619198134,1536.426875913746,2012_08_NO_DEN,2012,8,DEN,NO,34.0,14.0,1
1463.8955623164043,1602.0438441129047,-73.14828179650044,0.39625945504216353,1440.1867653377376,1625.7526410915714,2012_08_SF_ARI,2012,8,ARI,SF,3.0,24.0,0
1502.4371045573678,1356.2243484403652,211.21275611700253,0.7713303488564079,1514.7236058744934,1343.9378471232396,2012_09_KC_SD,2012,9,SD,KC,31.0,13.0,1
1467.848409830436,1539.4129619198134,-6.564552089377457,0.4905539741687112,1446.355397585929,1560.9059741643202,2012_09_DEN_CIN,2012,9,CIN,DEN,23.0,31.0,0
1378.3873368147867,1598.9829090305923,-155.59557221580553,0.2899390438533967,1365.4009342600914,1611.9693115852876,2012_09_BAL_CLE,2012,9,CLE,BAL,15.0,25.0,0
1658.1025667948772,1440.1867653377376,282.91580145713965,0.8359769765070542,1665.9739708858942,1432.3153612467206,2012_09_ARI_GB,2012,9,GB,ARI,31.0,17.0,1
1619.0701282804077,1448.1084303210291,235.96169795937863,0.7954840322432082,1628.5453250469354,1438.6332335545014,2012_09_BUF_HOU,2012,9,HOU,BUF,21.0,9.0,1
1422.4165896644686,1539.0575303792928,-51.64094071482418,0.42622519732434855,1438.7074018929097,1522.7667181508516,2012_09_MIA_IND,2012,9,IND,MIA,23.0,20.0,1
1353.1700878354354,1498.7735274772178,-80.60343964178242,0.3860395477786508,1331.642845253424,1520.3007700592293,2012_09_DET_JAX,2012,9,JAX,DET,14.0,31.0,0
1427.050013043672,1588.2709523639724,-96.22093932030043,0.36496184929874487,1402.812841456771,1612.5081239508734,2012_09_CHI_TEN,2012,9,TEN,CHI,20.0,51.0,0
1428.5623360589611,1395.036760534109,98.52557552485223,0.6381073258017897,1399.2063450235114,1424.3927515695586,2012_09_CAR_WAS,2012,9,WAS,CAR,13.0,21.0,0
1451.74379603985,1429.756109386562,86.98768665328794,0.6226335415848367,1420.65432214926,1460.845583277152,2012_09_TB_OAK,2012,9,OAK,TB,32.0,42.0,0
1489.4716517713764,1444.5256818376035,109.94596993377286,0.6531467097447304,1505.3142673731547,1428.6830662358252,2012_09_MIN_SEA,2012,9,SEA,MIN,30.0,20.0,1
1614.0170982499312,1588.7436276196456,90.2734706302856,0.627067293552546,1592.9689017557314,1609.7918241138455,2012_09_PIT_NYG,2012,9,NYG,PIT,20.0,24.0,0
1678.4526492272753,1460.186322863068,283.2663263642073,0.8362534663882395,1684.0984334441248,1454.5405386462185,2012_09_DAL_ATL,2012,9,ATL,DAL,19.0,13.0,1
1536.426875913746,1500.2012892914547,101.2255866222913,0.6416887421841315,1555.4218798641932,1481.2062853410075,2012_09_PHI_NO,2012,9,NO,PHI,28.0,13.0,1
1331.642845253424,1438.7074018929097,-42.06455663948577,0.4397582968717767,1306.6984884355772,1463.6517587107564,2012_10_IND_JAX,2012,10,JAX,IND,10.0,27.0,0
1611.9693115852876,1420.65432214926,256.31498943602764,0.8138870249727258,1623.916204568119,1408.7074291664287,2012_10_OAK_BAL,2012,10,BAL,OAK,55.0,20.0,1
1424.3927515695586,1560.9059741643202,-71.5132225947616,0.3985133839443588,1400.1887973475252,1585.1099283863537,2012_10_DEN_CAR,2012,10,CAR,DEN,14.0,36.0,0
1446.355397585929,1592.9689017557314,-81.61350416980235,0.38466237599341396,1483.98793532997,1555.3363640116904,2012_10_NYG_CIN,2012,10,CIN,NYG,31.0,13.0,1
1522.7667181508516,1402.812841456771,184.9538766940807,0.7435839018718865,1465.03961188072,1460.5399477269025,2012_10_TEN_MIA,2012,10,MIA,TEN,3.0,37.0,0
1428.6830662358252,1520.3007700592293,-26.6177038234041,0.4617688135752457,1454.8116349990498,1494.1722012960047,2012_10_DET_MIN,2012,10,MIN,DET,34.0,24.0,1
1695.9267474969445,1438.6332335545014,322.29351394244304,0.8647447452314999,1700.5180296560343,1434.0419513954116,2012_10_BUF_NE,2012,10,NE,BUF,37.0,31.0,1
1555.4218798641932,1684.0984334441248,-63.67655357993158,0.4093745126159155,1575.000049234428,1664.52026407389,2012_10_ATL_NO,2012,10,NO,ATL,31.0,27.0,1
1460.845583277152,1514.7236058744934,11.121977402658558,0.5160003470604917,1483.940438121864,1491.6287510297814,2012_10_SD_TB,2012,10,TB,SD,34.0,24.0,1
1505.3142673731547,1449.133598306144,121.18066906701074,0.6676492348530388,1524.7878287720118,1429.660036907287,2012_10_NYJ_SEA,2012,10,SEA,NYJ,28.0,7.0,1
1481.2062853410075,1454.5405386462185,91.66574669478905,0.6289396188175523,1444.814143430747,1490.932680556479,2012_10_DAL_PHI,2012,10,PHI,DAL,23.0,38.0,0
1625.7526410915714,1374.56315222029,316.18948887128136,0.8605820863088446,1625.7526410915714,1374.56315222029,2012_10_STL_SF,2012,10,SF,STL,24.0,24.0,0
1612.5081239508734,1628.5453250469354,48.96279890393794,0.5700003370192553,1588.2628785992463,1652.7905703985625,2012_10_HOU_CHI,2012,10,CHI,HOU,6.0,13.0,0
1609.7918241138455,1343.9378471232396,330.8539769906058,0.870405470465794,1612.9152248927837,1340.8144463443014,2012_10_KC_PIT,2012,10,PIT,KC,16.0,13.0,1
1434.0419513954116,1465.03961188072,34.002339514691585,0.548777670651923,1449.9654811740493,1449.1160821020824,2012_11_MIA_BUF,2012,11,BUF,MIA,19.0,14.0,1
1664.52026407389,1432.3153612467206,297.20490282716946,0.8469463641446948,1668.8605303658999,1427.9750949547108,2012_11_ARI_ATL,2012,11,ATL,ARI,23.0,19.0,1
1400.1887973475252,1483.940438121864,-18.75164077433874,0.473040391740122,1381.9345053301122,1502.194730139277,2012_11_TB_CAR,2012,11,CAR,TB,21.0,27.0,0
1490.932680556479,1365.4009342600914,190.5317462963876,0.7496579582211685,1497.3204231588954,1359.013191657675,2012_11_CLE_DAL,2012,11,DAL,CLE,23.0,20.0,1
1494.1722012960047,1665.9739708858942,-106.80176958988955,0.3509649395380284,1483.3981171803873,1676.7480550015116,2012_11_GB_DET,2012,11,DET,GB,20.0,24.0,0
1652.7905703985625,1306.6984884355772,411.0920819629853,0.9142318319967362,1655.6029853985538,1303.886073435586,2012_11_JAX_HOU,2012,11,HOU,JAX,43.0,37.0,1
1340.8144463443014,1483.98793532997,-78.17348898566866,0.3893601060286992,1317.2355573282393,1507.566824346032,2012_11_CIN_KC,2012,11,KC,CIN,6.0,28.0,0
1374.56315222029,1429.660036907287,9.903115313003127,0.5142478702208824,1346.5850300848617,1457.6381590427152,2012_11_NYJ_STL,2012,11,STL,NYJ,13.0,27.0,0
1399.2063450235114,1444.814143430747,19.392201592764422,0.5278786769217755,1429.7018749592787,1414.3186134949797,2012_11_PHI_WAS,2012,11,WAS,PHI,31.0,6.0,1
1408.7074291664287,1575.000049234428,-101.29262006799922,0.3582225405057951,1387.5365588846196,1596.170919516237,2012_11_NO_OAK,2012,11,OAK,NO,17.0,38.0,0
1585.1099283863537,1491.6287510297814,158.4811773565723,0.7134687415618857,1596.225683869282,1480.512995546853,2012_11_SD_DEN,2012,11,DEN,SD,30.0,23.0,1
1700.5180296560343,1463.6517587107564,301.86627094527785,0.8503923892192965,1709.9467330855582,1454.2230552812325,2012_11_IND_NE,2012,11,NE,IND,59.0,24.0,1
1612.9152248927837,1623.916204568119,53.9990203246648,0.5770910994753381,1596.5122510060935,1640.3191784548092,2012_11_BAL_PIT,2012,11,PIT,BAL,10.0,13.0,0
1625.7526410915714,1588.2628785992463,102.4897624923251,0.6433602121789247,1647.9575353698256,1566.057984320992,2012_11_CHI_SF,2012,11,SF,CHI,32.0,7.0,1
1483.3981171803873,1655.6029853985538,-107.20486821816644,0.35043655688547726,1474.1334168085061,1664.867685770435,2012_12_HOU_DET,2012,12,DET,HOU,31.0,34.0,0
1497.3204231588954,1429.7018749592787,132.61854819961673,0.6820944323146687,1467.1331919377717,1459.8891061804025,2012_12_WAS_DAL,2012,12,DAL,WAS,31.0,38.0,0
1457.6381590427152,1709.9467330855582,-187.30857404284302,0.2538402047833324,1441.5723278023565,1726.0125643259169,2012_12_NE_NYJ,2012,12,NYJ,NE,19.0,49.0,0
1566.057984320992,1454.8116349990498,176.24634932194226,0.7339107291461204,1580.5654360991307,1440.3041832209112,2012_12_MIN_CHI,2012,12,CHI,MIN,28.0,10.0,1
1507.566824346032,1387.5365588846196,185.03026546141245,0.7436677346664149,1522.7886337857037,1372.314749444948,2012_12_OAK_CIN,2012,12,CIN,OAK,34.0,10.0,1
1359.013191657675,1596.5122510060935,-172.49905934841854,0.2703230046633127,1389.8269767764466,1565.6984658873218,2012_12_PIT_CLE,2012,12,CLE,PIT,20.0,14.0,1
1454.2230552812325,1449.9654811740493,69.25757410718325,0.598370148846507,1470.416587245808,1433.7719492094739,2012_12_BUF_IND,2012,12,IND,BUF,20.0,13.0,1
1303.886073435586,1460.5399477269025,-91.65387429131647,0.371076330852784,1327.4034251353432,1437.0225960271453,2012_12_TEN_JAX,2012,12,JAX,TEN,24.0,19.0,1
1317.2355573282393,1596.225683869282,-213.99012654104263,0.22586195985800744,1308.190012556338,1605.2712286411834,2012_12_DEN_KC,2012,12,KC,DEN,9.0,17.0,0
1449.1160821020824,1524.7878287720118,-10.671746669929462,0.484646950014918,1463.4743516526248,1510.4295592214694,2012_12_SEA_MIA,2012,12,MIA,SEA,24.0,21.0,1
1502.194730139277,1668.8605303658999,-101.66580022662288,0.357728822241553,1497.454605018261,1673.600655486916,2012_12_ATL_TB,2012,12,TB,ATL,23.0,24.0,0
1480.512995546853,1640.3191784548092,-94.8061829079561,0.36685140687118495,1470.7619247234866,1650.0702492781757,2012_12_BAL_SD,2012,12,SD,BAL,13.0,16.0,0
1427.9750949547108,1346.5850300848617,146.39006486984908,0.6990312381409547,1387.416022505642,1387.1441025339304,2012_12_STL_ARI,2012,12,ARI,STL,17.0,31.0,0
1596.170919516237,1647.9575353698256,13.2133841464115,0.519006425791766,1571.1300609243804,1672.9983939616823,2012_12_SF_NO,2012,12,NO,SF,21.0,31.0,0
1555.3363640116904,1676.7480550015116,-56.41169098982118,0.41952300752432947,1595.4579026997958,1636.6265163134062,2012_12_GB_NYG,2012,12,NYG,GB,38.0,10.0,1
1414.3186134949797,1381.9345053301122,97.38410816486748,0.6365885787614588,1385.0483909313336,1411.2047278937582,2012_12_CAR_PHI,2012,12,PHI,CAR,22.0,30.0,0
1673.600655486916,1571.1300609243804,167.47059456253555,0.7239295983917728,1685.903857119003,1558.8268592922932,2012_13_NO_ATL,2012,13,ATL,NO,23.0,13.0,1
1433.7719492094739,1327.4034251353432,171.36852407413062,0.7283914080450349,1448.0502461034807,1313.1251282413364,2012_13_JAX_BUF,2012,13,BUF,JAX,34.0,18.0,1
1580.5654360991307,1510.4295592214694,135.1358768776613,0.6852283400785649,1552.1522917552938,1538.8427035653062,2012_13_SEA_CHI,2012,13,CHI,SEA,17.0,23.0,0
1474.1334168085061,1470.416587245808,68.7168295626982,0.5976218477179799,1460.5789499692773,1483.9710540850367,2012_13_IND_DET,2012,13,DET,IND,33.0,35.0,0
1636.6265163134062,1440.3041832209112,261.322333092495,0.8182137808481769,1644.1092593247256,1432.8214402095919,2012_13_MIN_GB,2012,13,GB,MIN,23.0,14.0,1
1308.190012556338,1411.2047278937582,-38.014715337420284,0.44550970032412995,1330.1492208873315,1389.2455195627647,2012_13_CAR_KC,2012,13,KC,CAR,27.0,21.0,1
1463.4743516526248,1726.0125643259169,-197.53821267329204,0.24284927482337917,1454.2066794288125,1735.2802365497291,2012_13_NE_MIA,2012,13,MIA,NE,16.0,23.0,0
1441.5723278023565,1387.416022505642,119.15630529671444,0.665058436242855,1445.9770361878052,1383.0113141201934,2012_13_ARI_NYJ,2012,13,NYJ,ARI,7.0,6.0,1
1387.1441025339304,1672.9983939616823,-220.85429142775183,0.21902803836520307,1411.213532573559,1648.9289639220538,2012_13_SF_STL,2012,13,STL,SF,16.0,13.0,1
1437.0225960271453,1664.867685770435,-162.8450897432897,0.2814234654565327,1422.830895300155,1679.0593864974253,2012_13_HOU_TEN,2012,13,TEN,HOU,10.0,24.0,0
1605.2712286411834,1497.454605018261,172.8166236229224,0.730037423377517,1616.270565760649,1486.4552678987952,2012_13_TB_DEN,2012,13,DEN,TB,31.0,23.0,1
1650.0702492781757,1565.6984658873218,149.3717833908538,0.7026299627249789,1629.1701730551108,1586.5985421103867,2012_13_PIT_BAL,2012,13,BAL,PIT,20.0,23.0,0
1372.314749444948,1389.8269767764466,47.48777266850129,0.5679179844324332,1356.221337508132,1405.9203887132626,2012_13_CLE_OAK,2012,13,OAK,CLE,17.0,20.0,0
1470.7619247234866,1522.7886337857037,12.97329093778285,0.5186613941524224,1449.0634489059426,1544.4871096032477,2012_13_CIN_SD,2012,13,SD,CIN,13.0,20.0,0
1467.1331919377717,1385.0483909313336,147.08480100643806,0.6998719505654885,1477.2143445532563,1374.967238315849,2012_13_PHI_DAL,2012,13,DAL,PHI,38.0,33.0,1
1459.8891061804025,1595.4579026997958,-70.56879651939335,0.39981724453468453,1468.4851384448052,1586.861870435393,2012_13_NYG_WAS,2012,13,WAS,NYG,17.0,16.0,1
1356.221337508132,1616.270565760649,-195.0492282525172,0.2454934646970181,1344.3191444055808,1628.1727588632002,2012_14_DEN_OAK,2012,14,OAK,DEN,13.0,26.0,0
1448.0502461034807,1411.213532573559,101.83671352992178,0.6424971958015868,1429.3718282729806,1429.8919504040591,2012_14_STL_BUF,2012,14,BUF,STL,12.0,15.0,0
1389.2455195627647,1685.903857119003,-231.6583375562384,0.20857563427798875,1431.6675860100042,1643.4817906717635,2012_14_ATL_CAR,2012,14,CAR,ATL,30.0,20.0,1
1544.4871096032477,1477.2143445532563,132.27276504999145,0.6816626553590439,1534.4327505246297,1487.2687036318744,2012_14_DAL_CIN,2012,14,CIN,DAL,19.0,20.0,0
1405.9203887132626,1330.1492208873315,140.77116782593112,0.6921827998084471,1424.308954159013,1311.760655441581,2012_14_KC_CLE,2012,14,CLE,KC,30.0,7.0,1
1483.9710540850367,1422.830895300155,126.1401587848818,0.6739535032768135,1493.8969693428414,1412.9049800423502,2012_14_TEN_IND,2012,14,IND,TEN,27.0,23.0,1
1313.1251282413364,1445.9770361878052,-67.85190794646883,0.4035760053467348,1296.8430424740445,1462.259121955097,2012_14_NYJ_JAX,2012,14,JAX,NYJ,10.0,17.0,0
1432.8214402095919,1552.1522917552938,-54.33085154570199,0.42244277802832486,1457.4495825123938,1527.5241494524919,2012_14_CHI_MIN,2012,14,MIN,CHI,21.0,14.0,1
1586.5985421103867,1449.0634489059426,202.53509320444414,0.76240053459842,1546.3280513530224,1489.3339396633069,2012_14_SD_PIT,2012,14,PIT,SD,24.0,34.0,0
1486.4552678987952,1374.967238315849,176.48802958294618,0.7341823268554876,1468.916653608035,1392.5058526066093,2012_14_PHI_TB,2012,14,TB,PHI,21.0,23.0,0
1468.4851384448052,1629.1701730551108,-95.68503461030559,0.36567712120711965,1486.87200673989,1610.783304760026,2012_14_BAL_WAS,2012,14,WAS,BAL,31.0,28.0,1
1648.9289639220538,1454.2066794288125,259.7222844932412,0.8168397758838293,1657.8016369610639,1445.3340063898024,2012_14_MIA_SF,2012,14,SF,MIA,27.0,13.0,1
1586.861870435393,1558.8268592922932,93.03501114309984,0.6307772280577087,1609.9449855574182,1535.743744170268,2012_14_NO_NYG,2012,14,NYG,NO,52.0,27.0,1
1538.8427035653062,1383.0113141201934,220.8313894451128,0.7809494098966111,1555.0768896530376,1366.777128032462,2012_14_ARI_SEA,2012,14,SEA,ARI,58.0,0.0,1
1644.1092593247256,1460.5789499692773,248.53030935544825,0.8070034240586725,1651.3210566297303,1453.3671526642727,2012_14_DET_GB,2012,14,GB,DET,27.0,20.0,1
1735.2802365497291,1679.0593864974253,121.22085005230383,0.6677005569597815,1756.4905506258592,1657.8490724212952,2012_14_HOU_NE,2012,14,NE,HOU,42.0,14.0,1
1392.5058526066093,1534.4327505246297,-76.92689791802036,0.39106760091652165,1369.1465218623787,1557.7920812688603,2012_15_CIN_PHI,2012,15,PHI,CIN,13.0,34.0,0
1643.4817906717635,1609.9449855574182,98.53680511434527,0.6381222533754508,1668.1107020088282,1585.3160742203536,2012_15_NYG_ATL,2012,15,ATL,NYG,34.0,0.0,1
1610.783304760026,1628.1727588632002,47.6105458968259,0.5680914008943097,1577.2169839120918,1661.7390797111345,2012_15_DEN_BAL,2012,15,BAL,DEN,17.0,34.0,0
1527.5241494524919,1651.3210566297303,-58.79690717723838,0.41618307416275874,1509.7112607603258,1669.1339453218964,2012_15_GB_CHI,2012,15,CHI,GB,13.0,21.0,0
1424.308954159013,1486.87200673989,2.436947419123044,0.5035069917381576,1395.1702293187775,1516.0107315801254,2012_15_WAS_CLE,2012,15,CLE,WAS,21.0,38.0,0
1657.8490724212952,1493.8969693428414,228.95210307845377,0.788841145494418,1667.6602653921234,1484.0857763720132,2012_15_IND_HOU,2012,15,HOU,IND,29.0,17.0,1
1445.3340063898024,1296.8430424740445,213.4909639157579,0.7736352332836196,1458.0901911157252,1284.0868577481217,2012_15_JAX_MIA,2012,15,MIA,JAX,24.0,3.0,1
1535.743744170268,1468.916653608035,131.82709056223302,0.6811056841097304,1558.2344984950207,1446.4258992832822,2012_15_TB_NO,2012,15,NO,TB,41.0,0.0,1
1429.8919504040591,1457.4495825123938,37.4423678916653,0.5536762626733035,1399.3850838782816,1487.9564490381713,2012_15_MIN_STL,2012,15,STL,MIN,22.0,36.0,0
1366.777128032462,1453.3671526642727,-21.590024631810593,0.4689693883945202,1402.8943126340848,1417.24996806265,2012_15_DET_ARI,2012,15,ARI,DET,38.0,10.0,1
1429.3718282729806,1555.0768896530376,-60.70506138005703,0.4135166683736984,1400.9907755016475,1583.4579424243707,2012_15_SEA_BUF,2012,15,BUF,SEA,17.0,50.0,0
1489.3339396633069,1431.6675860100042,122.66635365330262,0.6695442054320833,1443.6850834697966,1477.3164422035145,2012_15_CAR_SD,2012,15,SD,CAR,7.0,31.0,0
1487.2687036318744,1546.3280513530224,5.940652278851985,0.5085484528001915,1500.8579388406679,1532.7388161442288,2012_15_PIT_DAL,2012,15,DAL,PIT,27.0,24.0,1
1344.3191444055808,1311.760655441581,97.55848896399971,0.6368207734051642,1363.602941460757,1292.476858386405,2012_15_KC_OAK,2012,15,OAK,KC,15.0,0.0,1
1756.4905506258592,1657.8016369610639,163.68891366479534,0.7195577833902695,1724.159416309343,1690.13277127758,2012_15_SF_NE,2012,15,NE,SF,34.0,41.0,0
1412.9049800423502,1462.259121955097,15.645858087253146,0.5225009917572383,1428.166543701209,1446.9975582962381,2012_15_NYJ_TEN,2012,15,TEN,NYJ,14.0,10.0,1
1417.24996806265,1668.1107020088282,-185.86073394617824,0.25542202800724056,1404.8187192118912,1680.541950859587,2012_16_ATL_DET,2012,16,DET,ATL,18.0,31.0,0
1477.3164422035145,1363.602941460757,178.71350074275756,0.7366749611144241,1489.4199923616306,1351.4993913026408,2012_16_OAK_CAR,2012,16,CAR,OAK,17.0,6.0,1
1500.8579388406679,1558.2344984950207,7.623440345647168,0.510969252226081,1486.6416005215576,1572.450836814131,2012_16_NO_DAL,2012,16,DAL,NO,31.0,34.0,0
1669.1339453218964,1428.166543701209,305.96740162068727,0.8533711430732945,1679.153524625885,1418.1469643972205,2012_16_TEN_GB,2012,16,GB,TEN,55.0,7.0,1
1667.6602653921234,1487.9564490381713,244.7038163539521,0.8035495160636712,1615.3958047666697,1540.220909663625,2012_16_MIN_HOU,2012,16,HOU,MIN,6.0,23.0,0
1284.0868577481217,1724.159416309343,-375.0725585612213,0.10348473509165379,1280.409920537164,1727.8363535203007,2012_16_NE_JAX,2012,16,JAX,NE,16.0,23.0,0
1292.476858386405,1484.0857763720132,-126.60891798560829,0.32545382950715535,1279.6781722209946,1496.8844625374236,2012_16_IND_KC,2012,16,KC,IND,13.0,20.0,0
1458.0901911157252,1400.9907755016475,122.09941561407777,0.6688217286321473,1475.0839876118214,1383.9969790055513,2012_16_BUF_MIA,2012,16,MIA,BUF,24.0,10.0,1
1446.9975582962381,1443.6850834697966,68.31247482644153,0.5970619901032866,1417.4461101144195,1473.2365316516152,2012_16_SD_NYJ,2012,16,NYJ,SD,17.0,27.0,0
1369.1465218623787,1516.0107315801254,-81.86420971774669,0.38432083686690255,1353.7364903430298,1531.4207630994742,2012_16_WAS_PHI,2012,16,PHI,WAS,20.0,27.0,0
1532.7388161442288,1557.7920812688603,39.94673487536852,0.5572359848842628,1517.0032335501594,1573.5276638629298,2012_16_CIN_PIT,2012,16,PIT,CIN,10.0,13.0,0
1446.4258992832822,1399.3850838782816,112.04081540500056,0.6558735374097856,1408.104952301176,1437.706030860388,2012_16_STL_TB,2012,16,TB,STL,13.0,28.0,0
1661.7390797111345,1395.1702293187775,331.56885039235704,0.8708689504962042,1668.7762752371987,1388.1330337927134,2012_16_CLE_DEN,2012,16,DEN,CLE,34.0,12.0,1
1402.8943126340848,1509.7112607603258,-41.81694812624096,0.44010949158082413,1378.9446877493174,1533.6608856450932,2012_16_CHI_ARI,2012,16,ARI,CHI,13.0,28.0,0
1577.2169839120918,1585.3160742203536,56.90090969173821,0.5811626398855467,1601.6787943680952,1560.8542637643502,2012_16_NYG_BAL,2012,16,BAL,NYG,33.0,14.0,1
1583.4579424243707,1690.13277127758,-41.67482885320942,0.44031109308585903,1622.2653235772914,1651.3253901246594,2012_16_SF_SEA,2012,16,SEA,SF,42.0,13.0,1
1680.541950859587,1408.104952301176,337.436998558411,0.8746203428286536,1643.5215610411958,1445.125342119567,2012_17_TB_ATL,2012,17,ATL,TB,17.0,22.0,0
1383.9969790055513,1417.4461101144195,31.550868891131813,0.5452809475786659,1410.856114787778,1390.5869743321928,2012_17_NYJ_BUF,2012,17,BUF,NYJ,28.0,9.0,1
1573.5276638629298,1601.6787943680952,36.84886949483462,0.5528318390702993,1590.6439560185536,1584.5625022124714,2012_17_BAL_CIN,2012,17,CIN,BAL,23.0,17.0,1
1404.8187192118912,1533.6608856450932,-63.84216643320201,0.40914402628830354,1396.0824260558,1542.3971788011845,2012_17_CHI_DET,2012,17,DET,CHI,24.0,26.0,0
1496.8844625374236,1615.3958047666697,-53.51134222924611,0.4235941896847254,1527.1906442765767,1585.0896230275166,2012_17_HOU_IND,2012,17,IND,HOU,28.0,16.0,1
1572.450836814131,1489.4199923616306,148.03084445250033,0.7010146142332649,1543.200443967568,1518.6703852081937,2012_17_CAR_NO,2012,17,NO,CAR,38.0,44.0,0
1560.8542637643502,1353.7364903430298,272.1177734213204,0.8272749126886739,1571.8708907389946,1342.7198633683854,2012_17_PHI_NYG,2012,17,NYG,PHI,42.0,7.0,1
1517.0032335501594,1388.1330337927134,193.87019975744602,0.7532472269193182,1529.2852827024403,1375.8509846404324,2012_17_CLE_PIT,2012,17,PIT,CLE,24.0,10.0,1
1418.1469643972205,1280.409920537164,202.73704386005647,0.7626110564143334,1430.946949922948,1267.6099350114364,2012_17_JAX_TEN,2012,17,TEN,JAX,38.0,20.0,1
1668.7762752371987,1279.6781722209946,454.09810301620405,0.931757103042866,1672.8304537126874,1275.623993745506,2012_17_KC_DEN,2012,17,DEN,KC,38.0,3.0,1
1540.220909663625,1679.153524625885,-73.93261496226,0.3951798071287924,1557.5732233606682,1661.8012109288418,2012_17_GB_MIN,2012,17,MIN,GB,37.0,34.0,1
1727.8363535203007,1475.0839876118214,317.7523659084793,0.861658011028338,1735.977300974425,1466.9430401576972,2012_17_MIA_NE,2012,17,NE,MIA,28.0,0.0,1
1473.2365316516152,1351.4993913026408,186.73714034897444,0.745536253942123,1479.7397668061944,1344.9961561480616,2012_17_OAK_SD,2012,17,SD,OAK,24.0,21.0,1
1622.2653235772914,1437.706030860388,249.55929271690343,0.8079242949121381,1629.4396952553993,1430.53165918228,2012_17_STL_SEA,2012,17,SEA,STL,20.0,13.0,1
1651.3253901246594,1378.9446877493174,337.380702375342,0.8745848014701658,1657.2148290820892,1373.0552487918876,2012_17_ARI_SF,2012,17,SF,ARI,27.0,13.0,1
1531.4207630994742,1486.6416005215576,109.77916257791662,0.6529291436111369,1547.2744609296217,1470.7879026914102,2012_17_DAL_WAS,2012,17,WAS,DAL,28.0,18.0,1
1615.2779126263624,1556.4031889757184,123.874723650644,0.6710814204930956,1634.804860828268,1536.876240773813,2013_01_BAL_DEN,2013,1,DEN,BAL,49.0,27.0,1
1440.541028563448,1657.3968597499415,-151.85583118649356,0.2943910022937861,1434.4902541009144,1663.4476342124751,2013_01_NE_BUF,2013,1,BUF,NE,21.0,23.0,0
1512.4531469338654,1586.3362767353515,-8.88312980148612,0.48721893349215095,1495.0637787326561,1603.7256449365607,2013_01_SEA_CAR,2013,1,CAR,SEA,7.0,12.0,0
1528.2789182603901,1560.4595186643753,32.81939959601482,0.5470909312201441,1540.6516487569004,1548.086788167865,2013_01_CIN_CHI,2013,1,CHI,CIN,24.0,21.0,1
1417.1926067551685,1477.9510077851842,4.241598969984352,0.5061038483576159,1390.428263703202,1504.7153508371507,2013_01_MIA_CLE,2013,1,CLE,MIA,10.0,23.0,0
1430.6869781792186,1538.4013399815658,-42.714361802347184,0.43883693556056247,1458.132046356168,1510.9562718046163,2013_01_MIN_DET,2013,1,DET,MIN,34.0,24.0,1
1518.1361597324767,1396.6124361507573,186.52372358171942,0.7453031176489534,1525.6937749540218,1389.0548209292122,2013_01_OAK_IND,2013,1,IND,OAK,21.0,17.0,1
1344.9958266526282,1350.3412038282524,59.65462282437579,0.585016092519149,1305.3586841981296,1389.978346282751,2013_01_KC_JAX,2013,1,JAX,KC,2.0,28.0,0
1528.8146961263678,1595.7288812144777,-1.914185088109889,0.49724529409157586,1548.3980449816884,1576.1455323591572,2013_01_ATL_NO,2013,1,NO,ATL,23.0,17.0,1
1427.0215118795727,1463.3986031937511,28.622908685821585,0.541098739548679,1433.3015285653437,1457.1185865079801,2013_01_TB_NYJ,2013,1,NYJ,TB,18.0,17.0,1
1519.5332835625277,1453.9416155986064,130.59166796392128,0.6795590399556973,1489.4877173315392,1483.9871818295949,2013_01_TEN_PIT,2013,1,PIT,TEN,9.0,16.0,0
1604.8622909977535,1607.9214076895375,61.940883308215916,0.588207546331858,1620.449651974187,1592.334046713104,2013_01_GB_SF,2013,1,SF,GB,34.0,28.0,1
1453.6646166745809,1415.327850944189,103.33676573039179,0.6444781571833069,1463.0795442112408,1405.9129234075292,2013_01_ARI_STL,2013,1,STL,ARI,27.0,24.0,1
1480.5155310951707,1547.9378841229095,-2.4223530277388363,0.49651401025228076,1498.5779348531767,1529.8754803649035,2013_01_NYG_DAL,2013,1,DAL,NYG,36.0,31.0,1
1531.5320654400577,1395.094148866713,201.43791657334464,0.7612545473162984,1498.919293325274,1427.7069209814968,2013_01_PHI_WAS,2013,1,WAS,PHI,27.0,33.0,0
1486.4864244597318,1556.7547785593536,-5.268354099621774,0.4924188100373583,1472.8662922842595,1570.3749107348258,2013_01_HOU_SD,2013,1,SD,HOU,28.0,31.0,0
1663.4476342124751,1433.3015285653437,295.14610564713144,0.8454037648493377,1667.2269315836413,1429.5222311941775,2013_02_NYJ_NE,2013,2,NE,NYJ,13.0,10.0,1
1576.1455323591572,1463.0795442112408,178.0659881479164,0.7359512674436365,1586.3047339434086,1452.9203426269894,2013_02_STL_ATL,2013,2,ATL,STL,31.0,24.0,1
1536.876240773813,1390.428263703202,211.44797707061093,0.7715690865857371,1546.034313834391,1381.270190642624,2013_02_CLE_BAL,2013,2,BAL,CLE,14.0,6.0,1
1434.4902541009144,1495.0637787326561,4.426475368258252,0.5063698654785442,1441.3196797821388,1488.2343530514318,2013_02_CAR_BUF,2013,2,BUF,CAR,24.0,23.0,1
1540.6516487569004,1510.9562718046163,94.69537695228405,0.63300042612212,1545.5293888648152,1506.0785316967015,2013_02_MIN_CHI,2013,2,CHI,MIN,31.0,30.0,1
1592.334046713104,1498.919293325274,158.41475338782993,0.7133905674564043,1608.0784255530425,1483.1749144853356,2013_02_WAS_GB,2013,2,GB,WAS,38.0,20.0,1
1570.3749107348258,1483.9871818295949,151.38772890523092,0.7050489493637891,1581.114833537642,1473.2472590267787,2013_02_TEN_HOU,2013,2,HOU,TEN,30.0,24.0,1
1525.6937749540218,1504.7153508371507,85.97842411687111,0.6212674998433022,1504.882622837893,1525.5265029532795,2013_02_MIA_IND,2013,2,IND,MIA,20.0,24.0,0
1389.978346282751,1498.5779348531767,-43.59958857042557,0.4375824484286691,1397.9327494059023,1490.6235317300254,2013_02_DAL_KC,2013,2,KC,DAL,17.0,16.0,1
1427.7069209814968,1472.8662922842595,19.840628697237207,0.5285219624679738,1412.9198236979526,1487.6533895678037,2013_02_SD_PHI,2013,2,PHI,SD,30.0,33.0,0
1405.9129234075292,1458.132046356168,12.78087705136113,0.5183848683505757,1421.325974489615,1442.7189952740823,2013_02_DET_ARI,2013,2,ARI,DET,25.0,21.0,1
1457.1185865079801,1548.3980449816884,-26.279458473708246,0.46225277771344747,1447.081747006139,1558.4348844835295,2013_02_NO_TB,2013,2,TB,NO,14.0,16.0,0
1529.8754803649035,1634.804860828268,-39.929380463364396,0.44278866299485087,1504.2650190485942,1660.4153221445772,2013_02_DEN_NYG,2013,2,NYG,DEN,23.0,41.0,0
1389.0548209292122,1305.3586841981296,148.69613673108256,0.7018166809182141,1402.4497185675855,1291.9637865597563,2013_02_JAX_OAK,2013,2,OAK,JAX,19.0,9.0,1
1603.7256449365607,1620.449651974187,48.27599296237372,0.569031049521641,1631.5237212490697,1592.651575661678,2013_02_SF_SEA,2013,2,SEA,SF,29.0,3.0,1
1548.086788167865,1489.4877173315392,123.59907083632584,0.670731072550145,1563.0378639532403,1474.536641546164,2013_02_PIT_CIN,2013,2,CIN,PIT,20.0,10.0,1
1412.9198236979526,1397.9327494059023,79.98707429205024,0.6131191708124507,1382.406516955759,1428.446056148096,2013_03_KC_PHI,2013,3,PHI,KC,16.0,26.0,0
1546.034313834391,1581.114833537642,29.919480296749043,0.5429514722406029,1573.9103345882404,1553.2388127837926,2013_03_HOU_BAL,2013,3,BAL,HOU,30.0,9.0,1
1488.2343530514318,1504.2650190485942,48.96933400283751,0.5700095574231548,1519.0542689442882,1473.4451031557378,2013_03_NYG_CAR,2013,3,CAR,NYG,38.0,0.0,1
1563.0378639532403,1608.0784255530425,19.95943840019777,0.5286923836703153,1578.0722716333237,1593.044017872959,2013_03_GB_CIN,2013,3,CIN,GB,34.0,30.0,1
1490.6235317300254,1452.9203426269894,102.70318910303604,0.6436420580757912,1512.5417566520498,1431.002117704965,2013_03_STL_DAL,2013,3,DAL,STL,31.0,7.0,1
1506.0785316967015,1381.270190642624,189.80834105407757,0.7488756364595436,1479.697052712493,1407.6516696268325,2013_03_CLE_MIN,2013,3,MIN,CLE,27.0,31.0,0
1667.2269315836413,1447.081747006139,285.1451845775023,0.8377291014526873,1675.9739638962972,1438.3347146934832,2013_03_TB_NE,2013,3,NE,TB,23.0,3.0,1
1558.4348844835295,1421.325974489615,202.1089099939145,0.7619558417612157,1572.4701855695014,1407.290673403643,2013_03_ARI_NO,2013,3,NO,ARI,31.0,7.0,1
1473.2472590267787,1487.6533895678037,50.59386945897495,0.5723001003202421,1484.8390395598367,1476.0616090347457,2013_03_SD_TEN,2013,3,TEN,SD,20.0,17.0,1
1483.1749144853356,1442.7189952740823,105.45591921125333,0.6472682745316749,1454.9004617083415,1470.9934480510765,2013_03_DET_WAS,2013,3,WAS,DET,20.0,27.0,0
1525.5265029532795,1586.3047339434086,4.221769009870968,0.5060753149840697,1541.3948740517044,1570.4363628449837,2013_03_ATL_MIA,2013,3,MIA,ATL,27.0,23.0,1
1429.5222311941775,1441.3196797821388,53.2025514120387,0.5759717427936091,1446.7406773487205,1424.1012336275958,2013_03_BUF_NYJ,2013,3,NYJ,BUF,27.0,20.0,1
1631.5237212490697,1291.9637865597563,404.5599346893134,0.9112370862624248,1636.5730208844618,1286.9144869243642,2013_03_JAX_SEA,2013,3,SEA,JAX,45.0,17.0,1
1592.651575661678,1504.882622837893,152.76895282378496,0.7066996915532939,1546.409225484402,1551.124973015169,2013_03_IND_SF,2013,3,SF,IND,7.0,27.0,0
1474.536641546164,1545.5293888648152,-5.992747318651254,0.491376598517991,1446.2085856351703,1573.857444775809,2013_03_CHI_PIT,2013,3,PIT,CHI,23.0,40.0,0
1660.4153221445772,1402.4497185675855,322.9656035769917,0.8651966136731251,1667.0760459795142,1395.7889947326485,2013_03_OAK_DEN,2013,3,DEN,OAK,37.0,21.0,1
1431.002117704965,1546.409225484402,-50.407107779436956,0.42796307196724376,1404.068040227471,1573.343302961896,2013_04_SF_STL,2013,4,STL,SF,11.0,35.0,0
1424.1012336275958,1573.9103345882404,-84.80910096064463,0.38031759211746635,1441.971364421657,1556.0402037941792,2013_04_BAL_BUF,2013,4,BUF,BAL,23.0,20.0,1
1407.6516696268325,1578.0722716333237,-105.42060200649121,0.35277814319488465,1441.4362945905689,1544.2876466695873,2013_04_CIN_CLE,2013,4,CLE,CIN,17.0,6.0,1
1470.9934480510765,1573.857444775809,-37.86399672473249,0.4457240358732131,1495.7773773890528,1549.0735154378326,2013_04_CHI_DET,2013,4,DET,CHI,40.0,32.0,1
1553.2388127837926,1636.5730208844618,-18.33420810066923,0.47363941766260836,1540.215274370811,1649.5965592974435,2013_04_SEA_HOU,2013,4,HOU,SEA,20.0,23.0,0
1286.9144869243642,1551.124973015169,-199.2104860908048,0.24108362305215145,1271.1951523094326,1566.8443076301005,2013_04_IND_JAX,2013,4,JAX,IND,3.0,37.0,0
1428.446056148096,1473.4451031557378,20.00095299235818,0.5287519308237134,1458.5105102534335,1443.3806490504003,2013_04_NYG_KC,2013,4,KC,NYG,31.0,7.0,1
1479.697052712493,1446.2085856351703,98.48846707732264,0.6380579953814353,1494.1047989500664,1431.8008393975967,2013_04_PIT_MIN,2013,4,MIN,PIT,34.0,27.0,1
1438.3347146934832,1407.290673403643,96.04404128984015,0.6348021106681301,1419.9308152946705,1425.6945728024557,2013_04_ARI_TB,2013,4,TB,ARI,10.0,13.0,0
1484.8390395598367,1446.7406773487205,103.09836221111618,0.6441636512078743,1506.9880561131317,1424.5916607954255,2013_04_NYJ_TEN,2013,4,TEN,NYJ,38.0,13.0,1
1667.0760459795142,1382.406516955759,349.66952902375533,0.882140656911221,1674.1876451506098,1375.2949177846633,2013_04_PHI_DEN,2013,4,DEN,PHI,52.0,20.0,1
1395.7889947326485,1454.9004617083415,5.88853302430698,0.5084734688962934,1371.3382271150952,1479.3512293258948,2013_04_WAS_OAK,2013,4,OAK,WAS,14.0,24.0,0
1476.0616090347457,1512.5417566520498,28.519852382695944,0.5409514280643505,1496.931034762787,1491.6723309240085,2013_04_DAL_SD,2013,4,SD,DAL,30.0,21.0,1
1570.4363628449837,1675.9739638962972,-40.53760105131346,0.44192499699441545,1552.3897490985632,1694.0205776427176,2013_04_NE_ATL,2013,4,ATL,NE,23.0,30.0,0
1572.4701855695014,1541.3948740517044,96.07531151779699,0.6348438401340383,1594.0998682762997,1519.765191344906,2013_04_MIA_NO,2013,4,NO,MIA,38.0,17.0,1
1441.4362945905689,1441.971364421657,64.4649301689119,0.5917223268669228,1462.372189663878,1421.0354693483478,2013_05_BUF_CLE,2013,5,CLE,BUF,37.0,24.0,1
1549.0735154378326,1594.0998682762997,19.97364716153288,0.5287127643380809,1525.6266291833308,1617.5467545308015,2013_05_NO_CHI,2013,5,CHI,NO,18.0,26.0,0
1544.2876466695873,1694.0205776427176,-84.73293097313035,0.3804209343757866,1571.087407568008,1667.2208167442968,2013_05_NE_CIN,2013,5,CIN,NE,13.0,6.0,1
1593.044017872959,1495.7773773890528,162.26664048390626,0.7179026738780336,1606.9106678734179,1481.910727388594,2013_05_DET_GB,2013,5,GB,DET,22.0,9.0,1
1566.8443076301005,1649.5965592974435,-17.75225166734299,0.4744746654144958,1587.4631872459581,1628.9776796815859,2013_05_SEA_IND,2013,5,IND,SEA,34.0,28.0,1
1519.765191344906,1556.0402037941792,28.724987550726837,0.5412446467750167,1504.5601742510917,1571.2452208879936,2013_05_BAL_MIA,2013,5,MIA,BAL,23.0,26.0,0
1443.3806490504003,1375.2949177846633,133.08573126573697,0.6826773034386308,1403.0875074686292,1415.5880593664344,2013_05_PHI_NYG,2013,5,NYG,PHI,21.0,36.0,0
1404.068040227471,1271.1951523094326,197.8728879180385,0.7575047903450919,1416.118022109984,1259.1451704269198,2013_05_JAX_STL,2013,5,STL,JAX,34.0,20.0,1
1506.9880561131317,1458.5105102534335,113.47754585969824,0.6577378004587748,1475.0507630047289,1490.4478033618363,2013_05_KC_TEN,2013,5,TEN,KC,17.0,26.0,0
1425.6945728024557,1519.0542689442882,-28.3596961418325,0.4592775178208383,1456.7343424022629,1488.014499344481,2013_05_CAR_ARI,2013,5,ARI,CAR,22.0,6.0,1
1491.6723309240085,1674.1876451506098,-117.51531422660128,0.3370490522309713,1482.8012073128493,1683.058768761769,2013_05_DEN_DAL,2013,5,DAL,DEN,48.0,51.0,0
1573.343302961896,1540.215274370811,98.12802859108501,0.6375786922543187,1597.3917837223046,1516.1667936104022,2013_05_HOU_SF,2013,5,SF,HOU,34.0,3.0,1
1371.3382271150952,1496.931034762787,-60.59280764769187,0.41367339018299865,1400.253616240159,1468.015645637723,2013_05_SD_OAK,2013,5,OAK,SD,27.0,17.0,1
1552.3897490985632,1424.5916607954255,192.79808830313777,0.7520983509634193,1534.277152963128,1442.7042569308608,2013_05_NYJ_ATL,2013,5,ATL,NYJ,28.0,30.0,0
1525.6266291833308,1403.0875074686292,187.53912171470165,0.7464110803369639,1534.7206351875795,1393.9935014643804,2013_06_NYG_CHI,2013,6,CHI,NYG,27.0,21.0,1
1571.2452208879936,1606.9106678734179,29.334553014575704,0.5421157858918446,1559.172746585742,1618.9831421756694,2013_06_GB_BAL,2013,6,BAL,GB,17.0,19.0,0
1421.0354693483478,1571.087407568008,-85.05193821966031,0.37998819948693535,1410.8921016922693,1581.2307752240865,2013_06_CIN_BUF,2013,6,BUF,CIN,24.0,27.0,0
1462.372189663878,1481.910727388594,45.46146227528402,0.5650534585738529,1431.122575588942,1513.1603414635301,2013_06_DET_CLE,2013,6,CLE,DET,17.0,31.0,0
1516.1667936104022,1416.118022109984,165.0487715004183,0.7211347056372959,1465.365003366456,1466.9198123539302,2013_06_STL_HOU,2013,6,HOU,STL,13.0,38.0,0
1490.4478033618363,1400.253616240159,155.19418712167726,0.7095850405700638,1506.129702061085,1384.5717175409104,2013_06_OAK_KC,2013,6,KC,OAK,24.0,7.0,1
1494.1047989500664,1488.014499344481,71.09029960558541,0.6009029116497467,1453.6412759486466,1528.4780223459009,2013_06_CAR_MIN,2013,6,MIN,CAR,10.0,35.0,0
1442.7042569308608,1431.8008393975967,75.90341753326402,0.607528507087583,1409.4923431206225,1465.012753207835,2013_06_PIT_NYJ,2013,6,NYJ,PIT,6.0,19.0,0
1419.9308152946705,1415.5880593664344,69.3427559282361,0.5984879847307238,1389.2190627603798,1446.2998119007252,2013_06_PHI_TB,2013,6,TB,PHI,20.0,31.0,0
1683.058768761769,1259.1451704269198,488.9135983348492,0.9434497194499106,1685.6805102787926,1256.5234289098962,2013_06_JAX_DEN,2013,6,DEN,JAX,35.0,19.0,1
1628.9776796815859,1475.0507630047289,218.926916676857,0.7790682178003465,1637.3343802479,1466.6940624384147,2013_06_TEN_SEA,2013,6,SEA,TEN,20.0,13.0,1
1667.2208167442968,1617.5467545308015,114.67406221349529,0.6592866626423228,1676.1993919079061,1608.5681793671922,2013_06_NO_NE,2013,6,NE,NO,30.0,27.0,1
1597.3917837223046,1456.7343424022629,205.6574413200417,0.7656410238416671,1608.3863797855095,1445.739746339058,2013_06_ARI_SF,2013,6,SF,ARI,32.0,20.0,1
1482.8012073128493,1479.3512293258948,68.44997798695454,0.5972524013743145,1504.4603808765464,1457.6920557621977,2013_06_WAS_DAL,2013,6,DAL,WAS,31.0,16.0,1
1468.015645637723,1587.4631872459581,-54.44754160823504,0.4222788965633603,1496.4250404723095,1559.0537924113717,2013_06_IND_SD,2013,6,SD,IND,19.0,9.0,1
1445.739746339058,1637.3343802479,-126.59463390884207,0.32547188108518427,1429.9518515660943,1653.1222750208638,2013_07_SEA_ARI,2013,7,ARI,SEA,22.0,34.0,0
1534.277152963128,1389.2190627603798,210.0580902027482,0.7701558750462566,1543.497197551986,1379.9990181715218,2013_07_TB_ATL,2013,7,ATL,TB,31.0,23.0,1
1528.4780223459009,1466.9198123539302,126.55820999197067,0.6744820856510657,1545.5466694791335,1449.8511652206976,2013_07_STL_CAR,2013,7,CAR,STL,30.0,15.0,1
1513.1603414635301,1581.2307752240865,-3.070433760556398,0.4955814056512951,1499.4390574344345,1594.9520592531821,2013_07_CIN_DET,2013,7,DET,CIN,24.0,27.0,0
1256.5234289098962,1496.4250404723095,-174.90161156241334,0.2676036994761911,1241.9251476866616,1511.023321695544,2013_07_SD_JAX,2013,7,JAX,SD,6.0,24.0,0
1504.5601742510917,1410.8921016922693,158.66807255882236,0.7136886293126319,1487.6599573545436,1427.7923185888174,2013_07_BUF_MIA,2013,7,MIA,BUF,21.0,23.0,0
1409.4923431206225,1676.1993919079061,-201.7070487872836,0.23846399665314366,1432.7378712249522,1652.9538638035765,2013_07_NE_NYJ,2013,7,NYJ,NE,30.0,27.0,1
1446.2998119007252,1504.4603808765464,6.8394310241787935,0.509841461237118,1418.6001729361965,1532.1600198410752,2013_07_DAL_PHI,2013,7,PHI,DAL,3.0,17.0,0
1457.6920557621977,1534.7206351875795,-12.02857942538185,0.48269639561012323,1474.4349588521795,1517.9777320975977,2013_07_CHI_WAS,2013,7,WAS,CHI,45.0,41.0,1
1466.6940624384147,1608.3863797855095,-76.69231734709479,0.3913892130889113,1446.2101034589302,1628.870338764994,2013_07_SF_TEN,2013,7,TEN,SF,17.0,31.0,0
1618.9831421756694,1431.122575588942,252.86056658672737,0.8108560886486406,1628.973354976602,1421.1323627880095,2013_07_CLE_GB,2013,7,GB,CLE,31.0,13.0,1
1506.129702061085,1465.365003366456,105.76469869462903,0.6476739877844319,1510.789937519764,1460.704767907777,2013_07_HOU_KC,2013,7,KC,HOU,17.0,16.0,1
1465.012753207835,1559.172746585742,-29.159993377907085,0.4581336538191564,1480.2382858807107,1543.9472139128663,2013_07_BAL_PIT,2013,7,PIT,BAL,19.0,16.0,1
1559.0537924113717,1685.6805102787926,-61.62671786742089,0.41223057283089204,1582.5879649248136,1662.1463377653506,2013_07_DEN_IND,2013,7,IND,DEN,39.0,33.0,1
1393.9935014643804,1453.6412759486466,5.352225515733835,0.5077018624400881,1421.8215136992758,1425.8132637137512,2013_07_MIN_NYG,2013,7,NYG,MIN,23.0,7.0,1
1379.9990181715218,1545.5466694791335,-100.54765130761166,0.35920903483214933,1359.7701654190025,1565.7755222316528,2013_08_CAR_TB,2013,8,TB,CAR,13.0,31.0,0
1499.4390574344345,1532.1600198410752,32.27903759335936,0.5463200733648188,1505.6374520329723,1525.9616252425374,2013_08_DAL_DET,2013,8,DET,DAL,31.0,30.0,1
1241.9251476866616,1628.870338764994,-321.9451910783323,0.13548994626348693,1233.6598485736156,1637.13563787804,2013_08_SF_JAX,2013,8,JAX,SF,10.0,42.0,0
1510.789937519764,1421.1323627880095,154.6575747317545,0.7089480679891381,1521.3731663667572,1410.5491339410162,2013_08_CLE_KC,2013,8,KC,CLE,23.0,17.0,1
1652.9538638035765,1487.6599573545436,230.29390644903287,0.7901248747334784,1662.0652626572053,1478.5485585009149,2013_08_MIA_NE,2013,8,NE,MIA,27.0,17.0,1
1608.5681793671922,1427.7923185888174,245.77586077837486,0.8045218603478809,1618.9228616504954,1417.4376363055142,2013_08_BUF_NO,2013,8,NO,BUF,35.0,17.0,1
1418.6001729361965,1421.8215136992758,61.7786592369207,0.5879813342936024,1392.015090924244,1448.4065957112282,2013_08_NYG_PHI,2013,8,PHI,NYG,7.0,15.0,0
1594.9520592531821,1432.7378712249522,227.21418802822996,0.7871699154618567,1609.2795272924316,1418.4104031857028,2013_08_NYJ_CIN,2013,8,CIN,NYJ,49.0,9.0,1
1384.5717175409104,1480.2382858807107,-30.66656833980028,0.4559815142222649,1399.8683376545207,1464.9416657671004,2013_08_PIT_OAK,2013,8,OAK,PIT,21.0,18.0,1
1429.9518515660943,1543.497197551986,-48.54534598589157,0.4305887497625116,1461.4876066445913,1511.961442473489,2013_08_ATL_ARI,2013,8,ARI,ATL,27.0,13.0,1
1662.1463377653506,1474.4349588521795,252.71137891317107,0.8107243416545344,1673.075961702915,1463.505334914615,2013_08_WAS_DEN,2013,8,DEN,WAS,45.0,21.0,1
1425.8132637137512,1628.973354976602,-138.16009126285076,0.311028916052053,1410.3668371313054,1644.4197815590478,2013_08_GB_MIN,2013,8,MIN,GB,31.0,44.0,0
1449.8511652206976,1653.1222750208638,-138.2711098001662,0.3108919854554108,1439.369095418554,1663.6043448230073,2013_08_SEA_STL,2013,8,STL,SEA,9.0,14.0,0
1478.5485585009149,1609.2795272924316,-65.73096879151672,0.40651819406118705,1491.9902949479786,1595.8377908453679,2013_09_CIN_MIA,2013,9,MIA,CIN,22.0,20.0,1
1417.4376363055142,1521.3731663667572,-38.93553006124307,0.44420066118176293,1396.5051652012341,1542.3056374710372,2013_09_KC_BUF,2013,9,BUF,KC,13.0,23.0,0
1565.7755222316528,1511.961442473489,118.81407975816387,0.6646194629850254,1586.2601853767987,1491.476779328343,2013_09_ATL_CAR,2013,9,CAR,ATL,34.0,10.0,1
1525.9616252425374,1410.3668371313054,180.594788111232,0.7387703419097906,1533.7323926062309,1402.5960697676119,2013_09_MIN_DAL,2013,9,DAL,MIN,27.0,23.0,1
1418.4104031857028,1618.9228616504954,-135.51245846479264,0.31430427876303463,1446.8481139473622,1590.485150888836,2013_09_NO_NYJ,2013,9,NYJ,NO,26.0,20.0,1
1439.369095418554,1446.2101034589302,58.15899195962379,0.5829244161100384,1414.4676584553972,1471.111540422087,2013_09_TEN_STL,2013,9,STL,TEN,21.0,28.0,0
1463.505334914615,1511.023321695544,17.482013219071177,0.5251374284230661,1481.8404353776184,1492.6882212325406,2013_09_SD_WAS,2013,9,WAS,SD,30.0,24.0,1
1399.8683376545207,1392.015090924244,72.85324673027662,0.603334161768229,1357.4215356192396,1434.4618929595251,2013_09_PHI_OAK,2013,9,OAK,PHI,20.0,49.0,0
1663.6043448230073,1359.7701654190025,368.8341794040048,0.8931358416844792,1666.1418336090574,1357.2326766329525,2013_09_TB_SEA,2013,9,SEA,TB,27.0,24.0,1
1410.5491339410162,1543.9472139128663,-68.39807997185017,0.4028194623837635,1434.536082420504,1519.9602654333785,2013_09_BAL_CLE,2013,9,CLE,BAL,24.0,18.0,1
1662.0652626572053,1464.9416657671004,262.12359689010486,0.818898829208229,1672.4828777497798,1454.5240506745258,2013_09_PIT_NE,2013,9,NE,PIT,55.0,31.0,1
1460.704767907777,1582.5879649248136,-56.88319701703654,0.4188621792436197,1449.3841482898326,1593.908584542758,2013_09_IND_HOU,2013,9,HOU,IND,24.0,27.0,0
1644.4197815590478,1517.9777320975977,191.4420494614501,0.7506400903389796,1610.226027678839,1552.1714859778065,2013_09_CHI_GB,2013,9,GB,CHI,20.0,27.0,0
1402.5960697676119,1481.8404353776184,-14.244365610006525,0.4795121879771405,1424.383617421199,1460.0528877240313,2013_10_WAS_MIN,2013,10,MIN,WAS,34.0,27.0,1
1491.476779328343,1666.1418336090574,-109.66505428071446,0.3472197241771011,1470.4550078886612,1687.163605048739,2013_10_SEA_ATL,2013,10,ATL,SEA,10.0,33.0,0
1519.9602654333785,1595.8377908453679,-10.877525411989382,0.48435109523450953,1534.3281282646517,1581.4699280140946,2013_10_CIN_BAL,2013,10,BAL,CIN,20.0,17.0,1
1552.1714859778065,1505.6374520329723,111.53403394483416,0.6552148007760545,1537.006101472539,1520.8028365382397,2013_10_DET_CHI,2013,10,CHI,DET,19.0,21.0,0
1610.226027678839,1434.4618929595251,240.76413471931392,0.7999448595339902,1561.5760419628316,1483.1118786755326,2013_10_PHI_GB,2013,10,GB,PHI,13.0,27.0,0
1593.908584542758,1414.4676584553972,244.44092608736082,0.8033105174319998,1531.841140354992,1476.5351026431633,2013_10_STL_IND,2013,10,IND,STL,8.0,38.0,0
1448.4065957112282,1357.4215356192396,155.98506009198854,0.7105223239693502,1457.1076013321676,1348.7205299983002,2013_10_OAK_NYG,2013,10,NYG,OAK,24.0,20.0,1
1454.5240506745258,1396.5051652012341,123.01888547329168,0.6699930511644999,1471.0197922951186,1380.0094235806414,2013_10_BUF_PIT,2013,10,PIT,BUF,23.0,10.0,1
1471.111540422087,1233.6598485736156,302.45169184847146,0.8508206260825618,1449.4373792873994,1255.3340097083033,2013_10_JAX_TEN,2013,10,TEN,JAX,27.0,29.0,0
1637.13563787804,1586.2601853767987,115.87545250124117,0.6608384183780367,1627.4651195635836,1595.930703691255,2013_10_CAR_SF,2013,10,SF,CAR,9.0,10.0,0
1461.4876066445913,1449.3841482898326,77.10345835475869,0.6091744027206419,1471.9566830789008,1438.9150718555231,2013_10_HOU_ARI,2013,10,ARI,HOU,27.0,24.0,1
1492.6882212325406,1673.075961702915,-115.38774047037441,0.3397911123991187,1478.500409708769,1687.2637732266867,2013_10_DEN_SD,2013,10,SD,DEN,20.0,28.0,0
1590.485150888836,1533.7323926062309,121.7527582826051,0.6683795736890807,1612.4593194370773,1511.7582240579895,2013_10_DAL_NO,2013,10,NO,DAL,49.0,17.0,1
1357.2326766329525,1491.9902949479786,-69.7576183150261,0.4009382801966844,1374.3860950494268,1474.8368765315042,2013_10_MIA_TB,2013,10,TB,MIA,22.0,19.0,1
1449.4373792873994,1531.841140354992,-17.40376106759254,0.4749749021068934,1436.3716391812861,1544.9068804611052,2013_11_IND_TEN,2013,11,TEN,IND,27.0,30.0,0
1380.0094235806414,1446.8481139473622,-1.8386903667208117,0.4973539365596828,1411.9848725933718,1414.8726649346318,2013_11_NYJ_BUF,2013,11,BUF,NYJ,37.0,14.0,1
1537.006101472539,1534.3281282646517,67.67797320788736,0.5961829683914778,1547.8681411184289,1523.466088618762,2013_11_BAL_CHI,2013,11,CHI,BAL,23.0,20.0,1
1581.4699280140946,1434.536082420504,211.9338455935906,0.7720616635888058,1594.3230795790973,1421.6829308555014,2013_11_CLE_CIN,2013,11,CIN,CLE,41.0,20.0,1
1438.9150718555231,1348.7205299983002,155.19454185722293,0.709585461377741,1411.5570244472306,1376.0785774065928,2013_11_OAK_HOU,2013,11,HOU,OAK,23.0,28.0,0
1255.3340097083033,1471.9566830789008,-151.62267337059757,0.29466988020556345,1240.7837880664172,1486.506904720787,2013_11_ARI_JAX,2013,11,JAX,ARI,14.0,27.0,0
1483.1118786755326,1460.0528877240313,88.0589909515013,0.6240814285474978,1498.9956523071203,1444.1691140924436,2013_11_WAS_PHI,2013,11,PHI,WAS,24.0,16.0,1
1471.0197922951186,1520.8028365382397,15.21695575687886,0.5218849677987005,1493.7916792626484,1498.03094957071,2013_11_DET_PIT,2013,11,PIT,DET,37.0,27.0,1
1374.3860950494268,1470.4550078886612,-31.068912839234372,0.4554070404692467,1403.5420835456157,1441.2990193924722,2013_11_ATL_TB,2013,11,TB,ATL,41.0,28.0,1
1474.8368765315042,1478.500409708769,61.33646682273525,0.5873645341670061,1487.7588329005287,1465.5784533397446,2013_11_SD_MIA,2013,11,MIA,SD,20.0,16.0,1
1612.4593194370773,1627.4651195635836,49.9941998734937,0.5714549408486895,1624.077101543764,1615.8473374568969,2013_11_SF_NO,2013,11,NO,SF,23.0,20.0,1
1457.1076013321676,1561.5760419628316,-39.46844063066396,0.44344342286162425,1487.8019266896313,1530.881716605368,2013_11_GB_NYG,2013,11,NYG,GB,27.0,13.0,1
1687.163605048739,1424.383617421199,327.7799876275401,0.8683963274218159,1694.2444711849207,1417.3027512850174,2013_11_MIN_SEA,2013,11,SEA,MIN,41.0,20.0,1
1687.2637732266867,1542.3056374710372,209.95813575564944,0.7700540071446877,1697.3307539131072,1532.2386567846168,2013_11_KC_DEN,2013,11,DEN,KC,27.0,17.0,1
1595.930703691255,1672.4828777497798,-11.55217405852477,0.4833812089948788,1612.6478023495793,1655.7657790914557,2013_11_NE_CAR,2013,11,CAR,NE,24.0,20.0,1
1441.2990193924722,1624.077101543764,-117.77808215129176,0.33671114659209556,1431.01145548907,1634.3646654471663,2013_12_NO_ATL,2013,12,ATL,NO,13.0,17.0,0
1523.466088618762,1414.8726649346318,173.59342368413013,0.7309177957609764,1537.598315519968,1400.7404380334256,2013_12_NYJ_BAL,2013,12,BAL,NYJ,19.0,3.0,1
1421.6829308555014,1493.7916792626484,-7.108748407147004,0.4897711160367762,1394.0197961098454,1521.4548140083043,2013_12_PIT_CLE,2013,12,CLE,PIT,11.0,27.0,0
1498.03094957071,1403.5420835456157,159.48886602509424,0.714653119670231,1476.6678404789554,1424.9051926373702,2013_12_TB_DET,2013,12,DET,TB,21.0,24.0,0
1530.881716605368,1417.3027512850174,178.57896532035056,0.7365247022859808,1530.881716605368,1417.3027512850174,2013_12_MIN_GB,2013,12,GB,MIN,26.0,26.0,0
1411.5570244472306,1240.7837880664172,235.7732363808134,0.7953074787120576,1374.5108954706589,1277.8299170429889,2013_12_JAX_HOU,2013,12,HOU,JAX,6.0,13.0,0
1532.2386567846168,1465.5784533397446,131.6602034448722,0.6808969875321403,1512.1584741863687,1485.6586359379926,2013_12_SD_KC,2013,12,KC,SD,38.0,41.0,0
1487.7588329005287,1612.6478023495793,-59.88896944905059,0.414656443454499,1474.7652709914619,1625.641364258646,2013_12_CAR_MIA,2013,12,MIA,CAR,16.0,20.0,0
1476.5351026431633,1547.8681411184289,-6.333038475265539,0.4908870342718229,1508.09976218437,1516.303481577222,2013_12_CHI_STL,2013,12,STL,CHI,42.0,21.0,1
1486.506904720787,1544.9068804611052,6.600024259681732,0.5094970560695615,1519.7730524825472,1511.6407326993449,2013_12_IND_ARI,2013,12,ARI,IND,40.0,11.0,1
1376.0785774065928,1436.3716391812861,4.706938225306658,0.5067734142293299,1359.7311949803668,1452.719021607512,2013_12_TEN_OAK,2013,12,OAK,TEN,19.0,23.0,0
1487.8019266896313,1511.7582240579895,41.043702631641736,0.5587933937827807,1472.0143473865392,1527.5458033610817,2013_12_DAL_NYG,2013,12,NYG,DAL,21.0,24.0,0
1655.7657790914557,1697.3307539131072,23.435025178348496,0.533674657947979,1668.5587881660588,1684.537744838504,2013_12_DEN_NE,2013,12,NE,DEN,34.0,31.0,1
1444.1691140924436,1615.8473374568969,-106.67822336445329,0.3511269574706774,1423.4660415412131,1636.5504100081273,2013_12_SF_WAS,2013,12,WAS,SF,6.0,27.0,0
1476.6678404789554,1530.881716605368,10.786123873587485,0.5155174951469906,1509.7796349659197,1497.7699221184037,2013_13_GB_DET,2013,13,DET,GB,40.0,10.0,1
1527.5458033610817,1359.7311949803668,232.81460838071484,0.7925209576800328,1535.3488573538687,1351.9281409875798,2013_13_OAK_DAL,2013,13,DAL,OAK,31.0,24.0,1
1537.598315519968,1521.4548140083043,81.14350151166377,0.6146970276412173,1545.763140538903,1513.2899889893695,2013_13_PIT_BAL,2013,13,BAL,PIT,22.0,20.0,1
1625.641364258646,1424.9051926373702,265.73617162127584,0.821962470336011,1635.4616155198771,1415.084941376139,2013_13_TB_CAR,2013,13,CAR,TB,27.0,6.0,1
1394.0197961098454,1277.8299170429889,181.18987906685652,0.739430906785356,1368.082241410023,1303.7674717428113,2013_13_JAX_CLE,2013,13,CLE,JAX,28.0,32.0,0
1374.5108954706589,1668.5587881660588,-229.04789269539992,0.21106702044009512,1369.2106933091811,1673.8589903275365,2013_13_NE_HOU,2013,13,HOU,NE,31.0,34.0,0
1511.6407326993449,1452.719021607512,123.92171109183278,0.6711411214118677,1525.3216495351628,1439.0381047716942,2013_13_TEN_IND,2013,13,IND,TEN,22.0,14.0,1
1417.3027512850174,1516.303481577222,-34.00073029220471,0.4512246231663146,1432.7568771136282,1500.8493557486113,2013_13_CHI_MIN,2013,13,MIN,CHI,23.0,20.0,1
1400.7404380334256,1474.7652709914619,-9.024832958036313,0.48701514164384324,1371.2070194038797,1504.2986896210077,2013_13_MIA_NYJ,2013,13,NYJ,MIA,3.0,23.0,0
1498.9956523071203,1519.7730524825472,44.22259982457308,0.5632999661549404,1510.8649610631119,1507.9037437265556,2013_13_ARI_PHI,2013,13,PHI,ARI,24.0,21.0,1
1411.9848725933718,1431.01145548907,45.973417104301916,0.5657776096712277,1395.9633852490738,1447.032942833368,2013_13_ATL_BUF,2013,13,BUF,ATL,31.0,34.0,0
1636.5504100081273,1508.09976218437,193.4506478237572,0.7527980613025755,1647.4474936282961,1497.2026785642013,2013_13_STL_SF,2013,13,SF,STL,23.0,13.0,1
1512.1584741863687,1684.537744838504,-107.37927065213535,0.3502080633188613,1498.2715345783913,1698.4246844464815,2013_13_DEN_KC,2013,13,KC,DEN,28.0,35.0,0
1485.6586359379926,1594.3230795790973,-43.664443641104754,0.43749057111925954,1467.8180060294935,1612.1637094875964,2013_13_CIN_SD,2013,13,SD,CIN,10.0,17.0,0
1423.4660415412131,1472.0143473865392,16.451694154673987,0.5236582116358999,1401.523622413545,1493.9567665142074,2013_13_NYG_WAS,2013,13,WAS,NYG,17.0,24.0,0
1694.2444711849207,1634.3646654471663,124.8798057377544,0.6723572421694816,1714.9070437607947,1613.7020928712923,2013_13_NO_SEA,2013,13,SEA,NO,34.0,7.0,1
1303.7674717428113,1369.2106933091811,-0.4432215663698571,0.49936215323874916,1324.592609983566,1348.3855550684264,2013_14_HOU_JAX,2013,14,JAX,HOU,27.0,20.0,1
1545.763140538903,1432.7568771136282,178.0062634252747,0.7358844517915601,1552.5378255492253,1425.9821921033058,2013_14_MIN_BAL,2013,14,BAL,MIN,29.0,26.0,1
1612.1637094875964,1525.3216495351628,151.8420599524336,0.7055925303349107,1627.0796299587785,1510.4057290639807,2013_14_IND_CIN,2013,14,CIN,IND,42.0,28.0,1
1497.7699221184037,1447.032942833368,115.73697928503566,0.6606597370911054,1502.239065608339,1442.5637993434327,2013_14_ATL_GB,2013,14,GB,ATL,22.0,21.0,1
1673.8589903275365,1368.082241410023,370.7767489175135,0.8941984477682727,1675.114169758035,1366.8270619795246,2013_14_CLE_NE,2013,14,NE,CLE,27.0,26.0,1
1371.2070194038797,1351.9281409875798,84.2788784162999,0.6189628134307382,1388.806551663708,1334.3286087277515,2013_14_OAK_NYJ,2013,14,NYJ,OAK,37.0,27.0,1
1510.8649610631119,1509.7796349659197,66.08532609719214,0.5939738472054847,1532.2144329699586,1488.430163059073,2013_14_DET_PHI,2013,14,PHI,DET,34.0,20.0,1
1513.2899889893695,1504.2986896210077,73.99129936836175,0.6049009319995187,1488.9290134460184,1528.6596651643588,2013_14_MIA_PIT,2013,14,PIT,MIA,28.0,34.0,0
1415.084941376139,1395.9633852490738,84.12155612706533,0.6187492019276246,1437.786161264599,1373.2621653606138,2013_14_BUF_TB,2013,14,TB,BUF,27.0,6.0,1
1401.523622413545,1498.2715345783913,-31.74791216484641,0.45443782450140935,1369.417214772565,1530.377942219371,2013_14_KC_WAS,2013,14,WAS,KC,10.0,45.0,0
1698.4246844464815,1439.0381047716942,324.3865796747873,0.8661477883149294,1705.8392142371001,1431.6235749810755,2013_14_TEN_DEN,2013,14,DEN,TEN,51.0,28.0,1
1507.9037437265556,1497.2026785642013,75.70106516235433,0.6072507321081805,1531.0229024681166,1474.0835198226403,2013_14_STL_ARI,2013,14,ARI,STL,30.0,10.0,1
1467.8180060294935,1493.9567665142074,38.861239515286115,0.555693755129502,1495.568400779823,1466.206371763878,2013_14_NYG_SD,2013,14,SD,NYG,37.0,14.0,1
1647.4474936282961,1714.9070437607947,-2.4595501324986344,0.4964604819576725,1658.5237707020244,1703.8307666870664,2013_14_SEA_SF,2013,14,SF,SEA,19.0,17.0,1
1613.7020928712923,1635.4616155198771,43.240477351415166,0.5619087372625451,1639.003460313723,1610.1602480774463,2013_14_CAR_NO,2013,14,NO,CAR,31.0,13.0,1
1500.8493557486113,1535.3488573538687,30.500498394742635,0.5437813342778218,1526.8615570918562,1509.3366560106238,2013_14_DAL_CHI,2013,14,CHI,DAL,45.0,28.0,1
1705.8392142371001,1495.568400779823,275.2708134572772,0.829853052472495,1666.3906722779927,1535.0169427389303,2013_15_SD_DEN,2013,15,DEN,SD,20.0,27.0,0
1442.5637993434327,1369.417214772565,138.14658457086762,0.6889544224963436,1446.6210368689929,1365.359977247005,2013_15_WAS_ATL,2013,15,ATL,WAS,27.0,26.0,1
1366.8270619795246,1526.8615570918562,-95.03449511233157,0.36654619276249795,1352.2140786892428,1541.474540382138,2013_15_CHI_CLE,2013,15,CLE,CHI,31.0,38.0,0
1510.4057290639807,1348.3855550684264,227.0201739955544,0.7869827483193618,1522.514500214111,1336.2767839182961,2013_15_HOU_IND,2013,15,IND,HOU,25.0,3.0,1
1324.592609983566,1373.2621653606138,16.3304446229522,0.5234841073259482,1302.6587041661305,1395.1960711780494,2013_15_BUF_JAX,2013,15,JAX,BUF,20.0,27.0,0
1528.6596651643588,1675.114169758035,-81.45450459367612,0.38487904194206235,1549.2209208382285,1654.5529140841652,2013_15_NE_MIA,2013,15,MIA,NE,24.0,20.0,1
1425.9821921033058,1532.2144329699586,-41.23224086665277,0.4409390465479673,1459.5334241285323,1498.6632009447321,2013_15_PHI_MIN,2013,15,MIN,PHI,48.0,30.0,1
1466.206371763878,1703.8307666870664,-172.62439492318845,0.27018071552965695,1450.28284428631,1719.7542941646345,2013_15_SEA_NYG,2013,15,NYG,SEA,0.0,23.0,0
1437.786161264599,1658.5237707020244,-155.73760943742536,0.2897707432813195,1421.5724179255762,1674.7375140410472,2013_15_SF_TB,2013,15,TB,SF,14.0,33.0,0
1610.1602480774463,1388.806551663708,286.35369641373836,0.8386725754264919,1617.0061106954172,1381.9606890457371,2013_15_NYJ_CAR,2013,15,CAR,NYJ,30.0,20.0,1
1334.3286087277515,1530.377942219371,-131.04933349161956,0.31986753920775535,1314.6572060189476,1550.049344928175,2013_15_KC_OAK,2013,15,OAK,KC,31.0,56.0,0
1509.3366560106238,1502.239065608339,72.09759040228482,0.6022926664821646,1500.704207305511,1510.8715143134516,2013_15_GB_DAL,2013,15,DAL,GB,36.0,37.0,0
1474.0835198226403,1639.003460313723,-99.9199404910828,0.3600411807067613,1507.401520444512,1605.6854596918513,2013_15_NO_STL,2013,15,STL,NO,27.0,16.0,1
1431.6235749810755,1531.0229024681166,-34.39932748704109,0.4506565182458439,1419.321085616766,1543.3253918324262,2013_15_ARI_TEN,2013,15,TEN,ARI,34.0,37.0,0
1488.9290134460184,1627.0796299587785,-73.15061651276005,0.39625623975934277,1518.8791500545217,1597.1294933502752,2013_15_CIN_PIT,2013,15,PIT,CIN,30.0,20.0,1
1488.430163059073,1552.5378255492253,0.8923375098477209,0.5012841740814008,1477.411354667477,1563.5566339408213,2013_15_BAL_DET,2013,15,DET,BAL,16.0,18.0,0
1395.1960711780494,1549.2209208382285,-89.02484966017914,0.3746150934377711,1434.2459732566876,1510.1710187595902,2013_16_MIA_BUF,2013,16,BUF,MIA,19.0,0.0,1
1617.0061106954172,1605.6854596918513,76.3206510035659,0.608101035785478,1629.1979037212316,1593.493666666037,2013_16_NO_CAR,2013,16,CAR,NO,17.0,13.0,1
1597.1294933502752,1459.5334241285323,202.59606922174294,0.762464112091657,1611.7776312804015,1444.885286198406,2013_16_MIN_CIN,2013,16,CIN,MIN,42.0,14.0,1
1336.2767839182961,1666.3906722779927,-265.1138883596966,0.17856234687480452,1326.0176713193819,1676.649784876907,2013_16_DEN_HOU,2013,16,HOU,DEN,13.0,37.0,0
1302.6587041661305,1419.321085616766,-51.662381450635394,0.4261950136559706,1289.2547789490825,1432.725010833814,2013_16_TEN_JAX,2013,16,JAX,TEN,16.0,20.0,0
1550.049344928175,1522.514500214111,92.53484471406409,0.6301064204529548,1512.7771080793214,1559.7867370629647,2013_16_IND_KC,2013,16,KC,IND,7.0,23.0,0
1381.9606890457371,1352.2140786892428,94.74661035649433,0.633068937300182,1399.4435497147397,1334.7312180202402,2013_16_CLE_NYJ,2013,16,NYJ,CLE,24.0,13.0,1
1507.401520444512,1421.5724179255762,150.82910251893577,0.7043797855550802,1520.669230043678,1408.3047083264103,2013_16_TB_STL,2013,16,STL,TB,23.0,13.0,1
1365.359977247005,1500.704207305511,-70.34423005850613,0.40012748740818627,1359.9848987069581,1506.079285845558,2013_16_DAL_WAS,2013,16,WAS,DAL,23.0,24.0,0
1477.411354667477,1450.28284428631,92.12851038116719,0.6295610872969655,1459.1933050651473,1468.5008938886397,2013_16_NYG_DET,2013,16,DET,NYG,20.0,23.0,0
1719.7542941646345,1543.3253918324262,241.42890233220828,0.8005565568707207,1682.355976195299,1580.7237098017617,2013_16_ARI_SEA,2013,16,SEA,ARI,10.0,17.0,0
1563.5566339408213,1654.5529140841652,-25.996280143343938,0.46265800627418985,1531.042630454761,1687.0669175702255,2013_16_NE_BAL,2013,16,BAL,NE,7.0,41.0,0
1510.8715143134516,1518.8791500545217,56.99236425892991,0.5812907801545169,1486.0533812657106,1543.6972831022626,2013_16_PIT_GB,2013,16,GB,PIT,31.0,38.0,0
1535.0169427389303,1314.6572060189476,285.3597367199827,0.8378969245097099,1542.5905625015075,1307.0835862563704,2013_16_OAK_SD,2013,16,SD,OAK,26.0,13.0,1
1498.6632009447321,1541.474540382138,22.188660562594123,0.531888707180731,1533.7378843245692,1506.399857002301,2013_16_CHI_PHI,2013,16,PHI,CHI,54.0,11.0,1
1674.7375140410472,1446.6210368689929,293.1164771720544,0.8438706082222883,1681.3448286580467,1440.0137222519934,2013_16_ATL_SF,2013,16,SF,ATL,34.0,24.0,1
1440.0137222519934,1629.1979037212316,-124.18418146923818,0.32852549282711097,1435.702735661484,1633.508890311741,2013_17_CAR_ATL,2013,17,ATL,CAR,20.0,21.0,0
1611.7776312804015,1531.042630454761,145.73500082564055,0.6982373066692632,1628.1379959881137,1514.6822657470486,2013_17_BAL_CIN,2013,17,CIN,BAL,34.0,17.0,1
1559.7867370629647,1289.2547789490825,335.5319581138822,0.8734128348140117,1566.4746781848041,1282.566837827243,2013_17_JAX_IND,2013,17,IND,JAX,30.0,10.0,1
1510.1710187595902,1399.4435497147397,175.72746904485052,0.733327019765301,1468.1051166912812,1441.5094517830487,2013_17_NYJ_MIA,2013,17,MIA,NYJ,7.0,20.0,0
1444.885286198406,1459.1933050651473,50.69198113325865,0.5724383364639205,1450.6790506137563,1453.399540649797,2013_17_DET_MIN,2013,17,MIN,DET,14.0,13.0,1
1468.5008938886397,1359.9848987069581,173.51599518168155,0.7308301250025427,1482.01364188203,1346.4721507135678,2013_17_WAS_NYG,2013,17,NYG,WAS,20.0,6.0,1
1543.6972831022626,1334.7312180202402,273.9660650820224,0.8287899306167757,1551.7332301490017,1326.6952709735012,2013_17_CLE_PIT,2013,17,PIT,CLE,20.0,7.0,1
1432.725010833814,1326.0176713193819,171.70733951443208,0.7287770938529751,1442.5163191732215,1316.2263629799743,2013_17_HOU_TEN,2013,17,TEN,HOU,16.0,10.0,1
1580.7237098017617,1681.3448286580467,-35.621118856284966,0.44891595462955736,1568.4754336265592,1693.5931048332493,2013_17_SF_ARI,2013,17,ARI,SF,20.0,23.0,0
1506.399857002301,1486.0533812657106,85.34647573659026,0.6204111727941407,1483.2700092233538,1509.1832290446578,2013_17_GB_CHI,2013,17,CHI,GB,28.0,33.0,0
1687.0669175702255,1434.2459732566876,317.8209443135379,0.861705062153907,1693.6116339226808,1427.7012569042324,2013_17_BUF_NE,2013,17,NE,BUF,34.0,20.0,1
1593.493666666037,1408.3047083264103,250.18895833962665,0.8084861494030615,1604.6988053168857,1397.0995696755615,2013_17_TB_NO,2013,17,NO,TB,42.0,17.0,1
1307.0835862563704,1676.649784876907,-304.5661986205366,0.14764102218350467,1299.1868727174742,1684.5464984158032,2013_17_DEN_OAK,2013,17,OAK,DEN,14.0,34.0,0
1542.5905625015075,1512.7771080793214,94.81345442218617,0.633158315539682,1552.3413440018019,1503.026326579027,2013_17_KC_SD,2013,17,SD,KC,27.0,24.0,1
1682.355976195299,1520.669230043678,226.68674615162104,0.7866608070119192,1693.7456730364856,1509.2795332024914,2013_17_STL_SEA,2013,17,SEA,STL,27.0,9.0,1
1506.079285845558,1533.7378843245692,37.34140152098871,0.5535326304545377,1493.7069303481862,1546.110239821941,2013_17_PHI_DAL,2013,17,DAL,PHI,22.0,24.0,0
1629.2283639153359,1506.1252137727868,188.1031501425491,0.7470251495764799,1643.4188124154014,1491.9347652727213,2014_01_GB_SEA,2014,1,SEA,GB,36.0,16.0,1
1457.11372468621,1569.8341031463628,-47.720378460152915,0.4317534753994602,1473.2181869388928,1553.72964089368,2014_01_NO_ATL,2014,1,ATL,NO,37.0,34.0,1
1509.7930712532816,1585.468043324072,-10.674972070790318,0.48464231266779484,1489.7346925661514,1605.5264220112022,2014_01_CIN_BAL,2014,1,BAL,CIN,16.0,23.0,0
1488.8410961519771,1451.7767383551231,102.06435779685398,0.6427981372124648,1470.1519017547223,1470.465932752378,2014_01_BUF_CHI,2014,1,CHI,BUF,20.0,23.0,0
1377.422984107643,1397.5969245259498,44.826059581693244,0.564154306740633,1398.6511668886258,1376.368741744967,2014_01_WAS_HOU,2014,1,HOU,WAS,17.0,6.0,1
1502.018559828211,1461.6583848885389,105.3601749396721,0.6471424305122393,1463.5042185564387,1500.1727261603112,2014_01_TEN_KC,2014,1,KC,TEN,10.0,26.0,0
1478.7261128330847,1629.1389598264282,-85.41284699334346,0.379498854913591,1512.7997503639144,1595.0653222955984,2014_01_NE_MIA,2014,1,MIA,NE,33.0,20.0,1
1460.9868043392935,1366.0576441025555,159.92916023673797,0.7151696914197827,1470.5020415291694,1356.5424069126796,2014_01_OAK_NYJ,2014,1,NYJ,OAK,19.0,14.0,1
1530.7555299612347,1354.9720808307711,240.78344913046362,0.7999626518487603,1541.1784215456469,1344.549189246359,2014_01_JAX_PHI,2014,1,PHI,JAX,34.0,17.0,1
1534.5060645093843,1384.4057457393255,215.10031877005872,0.77525349938568,1540.1823717744323,1378.7294384742775,2014_01_CLE_PIT,2014,1,PIT,CLE,30.0,27.0,1
1506.189448646062,1467.1029267593754,104.08652188668657,0.6454664345085613,1460.5611514550774,1512.73122395036,2014_01_MIN_STL,2014,1,STL,MIN,6.0,34.0,0
1495.8025225422402,1629.1266009237772,-68.32407838153699,0.4029219404245527,1476.3812103847126,1648.5479130813048,2014_01_SF_DAL,2014,1,DAL,SF,17.0,28.0,0
1431.3654129735996,1589.0504298379312,-92.6850168643316,0.36969212043080246,1417.559305143374,1602.8565376681568,2014_01_CAR_TB,2014,1,TB,CAR,14.0,20.0,0
1623.0925144433409,1544.3386103492644,143.75390409407646,0.6958290199664332,1634.9667363504352,1532.46438844217,2014_01_IND_DEN,2014,1,DEN,IND,31.0,24.0,1
1468.9174936134145,1488.0030991353142,45.91439447810035,0.5656941374637386,1495.217759524829,1461.7028332238997,2014_01_NYG_DET,2014,1,DET,NYG,35.0,14.0,1
1545.673114228915,1534.9116764492019,75.7614377797131,0.6073336146270967,1550.9354084701986,1529.6493822079183,2014_01_SD_ARI,2014,1,ARI,SD,18.0,17.0,1
1489.7346925661514,1540.1823717744323,14.552320791719012,0.5209302348649003,1518.7137778475321,1511.2032864930516,2014_02_PIT_BAL,2014,2,BAL,PIT,26.0,6.0,1
1470.465932752378,1512.7997503639144,22.66618238846354,0.5325730606467156,1498.18605692989,1485.0796261864025,2014_02_MIA_BUF,2014,2,BUF,MIA,29.0,10.0,1
1602.8565376681568,1495.217759524829,172.63877814332773,0.7298356102241552,1617.3376813185064,1480.7366158744794,2014_02_DET_CAR,2014,2,CAR,DET,24.0,7.0,1
1605.5264220112022,1473.2181869388928,197.30823507230934,0.7569072199994127,1617.608943338243,1461.135665611852,2014_02_ATL_CIN,2014,2,CIN,ATL,24.0,10.0,1
1378.7294384742775,1553.72964089368,-110.00020241940251,0.3467825688303572,1393.837496717623,1538.6215826503344,2014_02_NO_CLE,2014,2,CLE,NO,26.0,24.0,1
1512.73122395036,1595.0653222955984,-17.334098345238544,0.4750749046901117,1482.7710121113362,1625.0255341346221,2014_02_NE_MIN,2014,2,MIN,NE,7.0,30.0,0
1461.7028332238997,1550.9354084701986,-24.232575246298893,0.46518296005330584,1438.8359825530488,1573.8022591410495,2014_02_ARI_NYG,2014,2,NYG,ARI,14.0,25.0,0
1500.1727261603112,1476.3812103847126,88.79151577559855,0.6250701757534765,1463.2639529384453,1513.2899836065785,2014_02_DAL_TEN,2014,2,TEN,DAL,10.0,26.0,0
1376.368741744967,1344.549189246359,96.81955249860812,0.6358364151437232,1400.5465974249441,1320.371333566382,2014_02_JAX_WAS,2014,2,WAS,JAX,41.0,10.0,1
1529.6493822079183,1643.4188124154014,-48.76943020748308,0.4302725097971247,1556.4811063173472,1616.5870883059724,2014_02_SEA_SD,2014,2,SD,SEA,30.0,21.0,1
1417.559305143374,1460.5611514550774,21.998153688296725,0.5316156513963041,1405.760537620611,1472.3599189778404,2014_02_STL_TB,2014,2,TB,STL,17.0,19.0,0
1634.9667363504352,1463.5042185564387,236.46251779399654,0.7959526576195234,1642.6292383397447,1455.8417165671292,2014_02_KC_DEN,2014,2,DEN,KC,24.0,17.0,1
1491.9347652727213,1470.5020415291694,86.43272374355183,0.6218826361094653,1507.065763714675,1455.3710430872156,2014_02_NYJ_GB,2014,2,GB,NYJ,31.0,24.0,1
1356.5424069126796,1398.6511668886258,22.891240024053786,0.5328955563962852,1326.0287731973738,1429.1648006039316,2014_02_HOU_OAK,2014,2,OAK,HOU,14.0,30.0,0
1648.5479130813048,1470.1519017547223,243.39601132658254,0.8023583947782729,1608.902532522972,1509.7972823130551,2014_02_CHI_SF,2014,2,SF,CHI,20.0,28.0,0
1532.46438844217,1541.1784215456469,56.28596689652318,0.5803007379486416,1515.952588991606,1557.6902209962109,2014_02_PHI_IND,2014,2,IND,PHI,27.0,30.0,0
1461.135665611852,1405.760537620611,120.37512799124079,0.6666195000294414,1484.912887422693,1381.98331580977,2014_03_TB_ATL,2014,3,ATL,TB,56.0,14.0,1
1498.18605692989,1556.4811063173472,6.704950612542689,0.509648001881443,1471.9617065515915,1582.7054566956456,2014_03_SD_BUF,2014,3,BUF,SD,10.0,22.0,0
1617.608943338243,1463.2639529384453,219.34499039979778,0.7794821702561566,1630.8268990302424,1450.045997246446,2014_03_TEN_CIN,2014,3,CIN,TEN,33.0,7.0,1
1393.837496717623,1518.7137778475321,-59.8762811299091,0.4146741715367663,1384.967581866225,1527.5836926989302,2014_03_BAL_CLE,2014,3,CLE,BAL,21.0,23.0,0
1480.7366158744794,1507.065763714675,38.670852159804326,0.5554231486456319,1503.1490007757411,1484.6533788134134,2014_03_GB_DET,2014,3,DET,GB,19.0,7.0,1
1320.371333566382,1515.952588991606,-130.58125542522407,0.32045401249971156,1300.2115535356018,1536.1123690223862,2014_03_IND_JAX,2014,3,JAX,IND,17.0,44.0,0
1625.0255341346221,1326.0287731973738,363.9967609372484,0.8904488198685855,1628.9348339623527,1322.1194733696432,2014_03_OAK_NE,2014,3,NE,OAK,16.0,9.0,1
1538.6215826503344,1482.7710121113362,120.85057053899823,0.6672274581701826,1554.2985863111862,1467.0940084504844,2014_03_MIN_NO,2014,3,NO,MIN,20.0,9.0,1
1438.8359825530488,1429.1648006039316,74.67118194911723,0.6058359092678438,1458.9574630566024,1409.043320100378,2014_03_HOU_NYG,2014,3,NYG,HOU,30.0,17.0,1
1557.6902209962109,1400.5465974249441,222.14362357126674,0.782238880931845,1563.1741090587902,1395.0627093623648,2014_03_WAS_PHI,2014,3,PHI,WAS,37.0,34.0,1
1472.3599189778404,1513.2899836065785,24.069935371261863,0.5345841096991292,1457.3741426653776,1528.2757599190413,2014_03_DAL_STL,2014,3,STL,DAL,31.0,34.0,0
1573.8022591410495,1608.902532522972,29.899726618077466,0.5429232540519662,1594.5691823871882,1588.1356092768333,2014_03_SF_ARI,2014,3,ARI,SF,23.0,14.0,1
1485.0796261864025,1455.8417165671292,94.2379096192733,0.6323884461197711,1445.4946581650008,1495.4266845885309,2014_03_KC_MIA,2014,3,MIA,KC,15.0,34.0,0
1616.5870883059724,1642.6292383397447,38.95784996622774,0.5558310594735766,1633.5725645480804,1625.6437620976367,2014_03_DEN_SEA,2014,3,SEA,DEN,26.0,20.0,1
1617.3376813185064,1511.2032864930516,171.13439482545482,0.7281246894315417,1570.8425249519837,1557.6984428595742,2014_03_PIT_CAR,2014,3,CAR,PIT,19.0,37.0,0
1455.3710430872156,1509.7972823130551,10.573760774160519,0.5152121686856699,1432.6209636147591,1532.5473617855116,2014_03_CHI_NYJ,2014,3,NYJ,CHI,19.0,27.0,0
1395.0627093623648,1458.9574630566024,1.1052463057624209,0.5015905719269443,1360.2776247959705,1493.7425476229967,2014_04_NYG_WAS,2014,4,WAS,NYG,14.0,45.0,0
1527.5836926989302,1570.8425249519837,21.74116774694653,0.5312472803996673,1558.843355363709,1539.582862287205,2014_04_CAR_BAL,2014,4,BAL,CAR,38.0,10.0,1
1532.5473617855116,1484.6533788134134,112.89398297209823,0.6569811681573638,1489.7353085061957,1527.4654320927293,2014_04_GB_CHI,2014,4,CHI,GB,17.0,38.0,0
1409.043320100378,1471.9617065515915,2.081613548786436,0.50299564685997,1428.3675520424522,1452.6374746095173,2014_04_BUF_HOU,2014,4,HOU,BUF,23.0,17.0,1
1536.1123690223862,1450.045997246446,151.0663717759403,0.7046641117651747,1553.9036916067955,1432.2546746620367,2014_04_TEN_IND,2014,4,IND,TEN,41.0,17.0,1
1432.6209636147591,1503.1490007757411,-5.528037160981967,0.49204518629089244,1412.2086704700964,1523.5612939204038,2014_04_DET_NYJ,2014,4,NYJ,DET,17.0,24.0,0
1322.1194733696432,1445.4946581650008,-58.375184795357654,0.4167730464446029,1295.9821909205953,1471.6319406140487,2014_04_MIA_OAK,2014,4,OAK,MIA,14.0,38.0,0
1557.6984428595742,1381.98331580977,240.71512704980432,0.7998997086494485,1532.7957629489863,1406.8859957203579,2014_04_TB_PIT,2014,4,PIT,TB,24.0,27.0,0
1582.7054566956456,1300.2115535356018,347.4939031600438,0.8808323201661621,1588.8714209854904,1294.045589245757,2014_04_JAX_SD,2014,4,SD,JAX,33.0,14.0,1
1467.0940084504844,1484.912887422693,47.18112102779128,0.5674847681608964,1489.4433550212937,1462.5635408518838,2014_04_ATL_MIN,2014,4,MIN,ATL,41.0,28.0,1
1588.1356092768333,1563.1741090587902,89.96150021804306,0.626647232202038,1600.9891737179976,1550.320544617626,2014_04_PHI_SF,2014,4,SF,PHI,26.0,21.0,1
1528.2757599190413,1554.2985863111862,38.97717360785509,0.5558585215247338,1555.254975242749,1527.3193709874786,2014_04_NO_DAL,2014,4,DAL,NO,38.0,17.0,1
1495.4266845885309,1628.9348339623527,-68.50814937382188,0.40266705302356165,1536.5148847305495,1587.8466338203343,2014_04_NE_KC,2014,4,KC,NE,41.0,14.0,1
1527.4654320927293,1489.4433550212937,103.02207707143566,0.6440629882575211,1551.2427134638315,1465.6660736501915,2014_05_MIN_GB,2014,5,GB,MIN,42.0,10.0,1
1539.582862287205,1489.7353085061957,114.84755378100931,0.6595109621782688,1553.040850109069,1476.2773206843317,2014_05_CHI_CAR,2014,5,CAR,CHI,31.0,24.0,1
1555.254975242749,1428.3675520424522,191.88742320029678,0.7511196685806738,1561.601821442333,1422.0207058428682,2014_05_HOU_DAL,2014,5,DAL,HOU,20.0,17.0,1
1523.5612939204038,1452.6374746095173,135.92381931088653,0.6862058375968372,1503.2827475888146,1472.9160209411066,2014_05_BUF_DET,2014,5,DET,BUF,14.0,17.0,0
1553.9036916067955,1558.843355363709,60.06033624308657,0.5855829680596857,1570.6807939836592,1542.0662529868453,2014_05_BAL_IND,2014,5,IND,BAL,20.0,13.0,1
1294.045589245757,1532.7957629489863,-173.7501737032294,0.2689047745459394,1283.0936600199277,1543.7476921748155,2014_05_PIT_JAX,2014,5,JAX,PIT,9.0,17.0,0
1527.3193709874786,1406.8859957203579,185.4333752671207,0.7441098296502834,1536.5040032334891,1397.7013634743473,2014_05_TB_NO,2014,5,NO,TB,37.0,31.0,1
1493.7425476229967,1462.5635408518838,96.17900677111288,0.634982204783543,1510.5147920753907,1445.7912963994897,2014_05_ATL_NYG,2014,5,NYG,ATL,30.0,20.0,1
1550.320544617626,1457.3741426653776,157.94640195224838,0.7128390045412688,1560.7477272629085,1446.946960020095,2014_05_STL_PHI,2014,5,PHI,STL,34.0,28.0,1
1432.2546746620367,1384.967581866225,112.28709279581176,0.6561934434113482,1422.6686344168238,1394.5536221114378,2014_05_CLE_TEN,2014,5,TEN,CLE,28.0,29.0,0
1625.6437620976367,1594.5691823871882,96.07457971044846,0.6348428635755675,1647.2735095438145,1572.9394349410104,2014_05_ARI_DEN,2014,5,DEN,ARI,41.0,20.0,1
1588.8714209854904,1412.2086704700964,241.662750515394,0.8007714021116373,1601.3141070175798,1399.765984438007,2014_05_NYJ_SD,2014,5,SD,NYJ,31.0,0.0,1
1600.9891737179976,1536.5148847305495,129.47428898744806,0.6781567694770891,1611.8814548560176,1525.6226035925295,2014_05_KC_SF,2014,5,SF,KC,22.0,17.0,1
1587.8466338203343,1630.8268990302424,22.01973479009189,0.5316465848019901,1618.4130247619864,1600.2605080885903,2014_05_CIN_NE,2014,5,NE,CIN,43.0,17.0,1
1360.2776247959705,1633.5725645480804,-208.29493975210994,0.23164567288231738,1350.1292287622443,1643.7209605818066,2014_05_SEA_WAS,2014,5,WAS,SEA,17.0,27.0,0
1422.0207058428682,1570.6807939836592,-83.660088140791,0.381877642041634,1408.8373748691452,1583.8641249573823,2014_06_IND_HOU,2014,6,HOU,IND,28.0,33.0,0
1472.9160209411066,1618.4130247619864,-80.49700382087985,0.3861847743278871,1452.257283779355,1639.071761923738,2014_06_NE_BUF,2014,6,BUF,NE,22.0,37.0,0
1600.2605080885903,1553.040850109069,112.21965797952134,0.6561058619383874,1600.2605080885903,1553.040850109069,2014_06_CAR_CIN,2014,6,CIN,CAR,37.0,37.0,0
1394.5536221114378,1543.7476921748155,-84.1940700633777,0.38115233325988007,1434.3336949676288,1503.9676193186244,2014_06_PIT_CLE,2014,6,CLE,PIT,31.0,10.0,1
1471.6319406140487,1551.2427134638315,-14.610772849782734,0.4789857938559058,1458.4392506020342,1564.435403475846,2014_06_GB_MIA,2014,6,MIA,GB,24.0,27.0,0
1465.6660736501915,1503.2827475888146,27.38332606137692,0.539326377308895,1436.0874514430498,1532.8613697959563,2014_06_DET_MIN,2014,6,MIN,DET,3.0,17.0,0
1399.765984438007,1647.2735095438145,-182.50752510580742,0.2591103297319147,1386.8073322539774,1660.2321617278442,2014_06_DEN_NYJ,2014,6,NYJ,DEN,17.0,31.0,0
1397.7013634743473,1542.0662529868453,-79.36488951249794,0.3877307387384184,1371.761689087814,1568.0059273733787,2014_06_BAL_TB,2014,6,TB,BAL,17.0,48.0,0
1422.6686344168238,1283.0936600199277,204.5749743968961,0.7645210827582424,1427.402444565469,1278.3598498712824,2014_06_JAX_TEN,2014,6,TEN,JAX,16.0,14.0,1
1295.9821909205953,1601.3141070175798,-240.33191609698451,0.20045360799844322,1290.9717827042127,1606.3245152339623,2014_06_SD_OAK,2014,6,OAK,SD,28.0,31.0,0
1572.9394349410104,1350.1292287622443,287.81020617876607,0.839803765932588,1579.7333160912676,1343.3353476119871,2014_06_WAS_ARI,2014,6,ARI,WAS,30.0,20.0,1
1445.7912963994897,1476.2773206843317,34.51397571515804,0.5495068616138962,1415.5551024836004,1506.513514600221,2014_06_CHI_ATL,2014,6,ATL,CHI,13.0,27.0,0
1643.7209605818066,1561.601821442333,147.11913913947365,0.6999134689446801,1612.5263191835875,1592.796462840552,2014_06_DAL_SEA,2014,6,SEA,DAL,23.0,30.0,0
1560.7477272629085,1510.5147920753907,115.2329351875178,0.6600089489142671,1582.2783761456458,1488.9841431926534,2014_06_NYG_PHI,2014,6,PHI,NYG,27.0,0.0,1
1446.946960020095,1611.8814548560176,-99.93449483592258,0.3600218766995608,1428.2950714630047,1630.533343413108,2014_06_SF_STL,2014,6,STL,SF,17.0,31.0,0
1639.071761923738,1386.8073322539774,317.2644296697606,0.8613228536223755,1641.7347743098728,1384.1443198678426,2014_07_NYJ_NE,2014,7,NE,NYJ,27.0,25.0,1
1568.0059273733787,1415.5551024836004,217.45082488977823,0.7776022272387881,1580.6979683488323,1402.8630615081468,2014_07_ATL_BAL,2014,7,BAL,ATL,29.0,7.0,1
1452.257283779355,1436.0874514430498,81.16983233630526,0.61473292612282,1457.4081754044955,1430.9365598179093,2014_07_MIN_BUF,2014,7,BUF,MIN,17.0,16.0,1
1506.513514600221,1458.4392506020342,113.07426399818678,0.6572150011663399,1469.9454501091022,1495.007315093153,2014_07_MIA_CHI,2014,7,CHI,MIA,14.0,27.0,0
1532.8613697959563,1536.5040032334891,61.35736656246718,0.5873936927410939,1538.4261087985628,1530.9392642308826,2014_07_NO_DET,2014,7,DET,NO,24.0,23.0,1
1564.435403475846,1553.040850109069,76.39455336677702,0.6082024138286356,1587.8438107259271,1529.6324428589878,2014_07_CAR_GB,2014,7,GB,CAR,38.0,17.0,1
1583.8641249573823,1600.2605080885903,48.60361686879196,0.5694934907678373,1611.934689161008,1572.1899438849646,2014_07_CIN_IND,2014,7,IND,CIN,27.0,0.0,1
1278.3598498712824,1434.3336949676288,-90.9738450963464,0.3719903664902475,1316.937837989422,1395.7557068494893,2014_07_CLE_JAX,2014,7,JAX,CLE,24.0,6.0,1
1428.2950714630047,1612.5263191835875,-119.23124772058281,0.334845473058086,1443.7474686599005,1597.0739219866916,2014_07_SEA_STL,2014,7,STL,SEA,28.0,26.0,1
1343.3353476119871,1427.402444565469,-19.06709695348195,0.47258775593095914,1355.0250924710017,1415.7126997064545,2014_07_TEN_WAS,2014,7,WAS,TEN,19.0,17.0,1
1606.3245152339623,1525.6226035925295,145.70191164143284,0.6981971713472417,1585.5933956796796,1546.3537231468122,2014_07_KC_SD,2014,7,SD,KC,20.0,23.0,0
1592.796462840552,1488.9841431926534,168.81231964789868,0.7254705279329757,1605.0240624631733,1476.7565435700321,2014_07_NYG_DAL,2014,7,DAL,NYG,31.0,21.0,1
1290.9717827042127,1579.7333160912676,-223.7615333870549,0.21617882747844472,1281.2199549208372,1589.4851438746432,2014_07_ARI_OAK,2014,7,OAK,ARI,13.0,24.0,0
1660.2321617278442,1630.533343413108,94.69881831473617,0.6330050282060138,1683.1593631763822,1607.60614196457,2014_07_SF_DEN,2014,7,DEN,SF,42.0,17.0,1
1503.9676193186244,1408.8373748691452,160.13024444947928,0.7154054246301865,1515.0005284107858,1397.8044657769838,2014_07_HOU_PIT,2014,7,PIT,HOU,30.0,23.0,1
1683.1593631763822,1585.5933956796796,162.56596749670257,0.7182514951908957,1697.3691336744932,1571.3836251815685,2014_08_SD_DEN,2014,8,DEN,SD,35.0,21.0,1
1402.8630615081468,1538.4261087985628,-70.56304729041608,0.3998251862036066,1397.492561517828,1543.7966087888815,2014_08_DET_ATL,2014,8,ATL,DET,21.0,22.0,0
1529.6324428589878,1597.0739219866916,-2.441479127703815,0.4964864869303885,1513.6688751380818,1613.0374897075976,2014_08_SEA_CAR,2014,8,CAR,SEA,9.0,13.0,0
1572.1899438849646,1580.6979683488323,56.49197553613226,0.5805895338693854,1583.5273473864104,1569.3605648473865,2014_08_BAL_CIN,2014,8,CIN,BAL,27.0,24.0,1
1316.937837989422,1495.007315093153,-113.06947710373106,0.3427912066763967,1299.2794773409164,1512.6656757416586,2014_08_MIA_JAX,2014,8,JAX,MIA,13.0,27.0,0
1546.3537231468122,1443.7474686599005,167.60625448691167,0.7240856425401542,1563.4400671462529,1426.6611246604598,2014_08_STL_KC,2014,8,KC,STL,34.0,7.0,1
1641.7347743098728,1469.9454501091022,236.78932420077058,0.796258024955514,1654.1226396991644,1457.5575847198106,2014_08_CHI_NE,2014,8,NE,CHI,51.0,23.0,1
1384.1443198678426,1457.4081754044955,-8.263855536652954,0.4881095981013221,1354.5343313379321,1487.018163934406,2014_08_BUF_NYJ,2014,8,NYJ,BUF,23.0,43.0,0
1371.761689087814,1430.9365598179093,5.825129269904664,0.5083822494834088,1351.9238391284043,1450.7744097773189,2014_08_MIN_TB,2014,8,TB,MIN,13.0,19.0,0
1415.7126997064545,1397.8044657769838,82.90823392947073,0.6171002202170288,1380.9810505174019,1432.5361149660364,2014_08_HOU_TEN,2014,8,TEN,HOU,16.0,30.0,0
1589.4851438746432,1582.2783761456458,72.20676772899742,0.6024431993704018,1601.8753417387338,1569.8881782815552,2014_08_PHI_ARI,2014,8,ARI,PHI,24.0,20.0,1
1395.7557068494893,1281.2199549208372,179.5357519286522,0.7375921129053622,1407.3907376684072,1269.5849241019193,2014_08_OAK_CLE,2014,8,CLE,OAK,23.0,13.0,1
1515.0005284107858,1611.934689161008,-31.93416075022219,0.45417202990408934,1547.0181967483677,1579.9170208234261,2014_08_IND_PIT,2014,8,PIT,IND,51.0,34.0,1
1530.9392642308826,1587.8438107259271,8.095453504955458,0.5116481861762291,1561.0189024084532,1557.7641725483566,2014_08_GB_NO,2014,8,NO,GB,44.0,23.0,1
1605.0240624631733,1355.0250924710017,314.9989699921716,0.8597578045502478,1577.2030668214031,1382.846088112772,2014_08_WAS_DAL,2014,8,DAL,WAS,17.0,20.0,0
1513.6688751380818,1561.0189024084532,17.649972729628644,0.5253785247655792,1482.4797535657046,1592.2080239808304,2014_09_NO_CAR,2014,9,CAR,NO,10.0,28.0,0
1583.5273473864104,1299.2794773409164,349.247870045494,0.881888063678906,1588.4157234882823,1294.3911012390445,2014_09_JAX_CIN,2014,9,CIN,JAX,33.0,23.0,1
1407.3907376684072,1351.9238391284043,120.46689854000283,0.6667368921635379,1418.7132876697824,1340.601289127029,2014_09_TB_CLE,2014,9,CLE,TB,22.0,17.0,1
1577.2030668214031,1601.8753417387338,40.3277250826693,0.5577770210483203,1548.9649636743789,1630.113444885758,2014_09_ARI_DAL,2014,9,DAL,ARI,17.0,28.0,0
1432.5361149660364,1569.8881782815552,-72.35206331551876,0.39735649821811525,1414.0864880357274,1588.3378052118642,2014_09_PHI_HOU,2014,9,HOU,PHI,21.0,31.0,0
1563.4400671462529,1354.5343313379321,273.90573580832074,0.8287406464803447,1571.688672774661,1346.285725709524,2014_09_NYJ_KC,2014,9,KC,NYJ,24.0,10.0,1
1512.6656757416586,1571.3836251815685,6.282050560090056,0.5090396123990001,1548.282187810072,1535.7671131131551,2014_09_SD_MIA,2014,9,MIA,SD,37.0,0.0,1
1450.7744097773189,1382.846088112772,132.92832166454696,0.6824809785405488,1459.076290420644,1374.5442074694467,2014_09_WAS_MIN,2014,9,MIN,WAS,29.0,26.0,1
1607.60614196457,1426.6611246604598,245.94501730411025,0.8046749520690087,1582.4877498146514,1451.7795168103785,2014_09_STL_SF,2014,9,SF,STL,10.0,13.0,0
1654.1226396991644,1697.3691336744932,21.753506024671196,0.5312649672212638,1683.2291553968828,1668.262617976775,2014_09_DEN_NE,2014,9,NE,DEN,43.0,21.0,1
1613.0374897075976,1269.5849241019193,408.4525656056783,0.9130328954832071,1615.892104599186,1266.730309210331,2014_09_OAK_SEA,2014,9,SEA,OAK,30.0,24.0,1
1547.0181967483677,1569.3605648473865,42.65763190098119,0.56108264359141,1573.2357181920745,1543.1430434036797,2014_09_BAL_PIT,2014,9,PIT,BAL,43.0,23.0,1
1476.7565435700321,1579.9170208234261,-38.16047725339399,0.4453024329231402,1451.9540240239546,1604.7195403695036,2014_09_IND_NYG,2014,9,NYG,IND,24.0,40.0,0
1588.4157234882823,1418.7132876697824,234.7024358184999,0.7943021890625374,1533.4470711044623,1473.6819400536024,2014_10_CLE_CIN,2014,10,CIN,CLE,3.0,24.0,0
1543.1430434036797,1380.9810505174019,227.16199288627786,0.7871195741236457,1553.593766840752,1370.5303270803295,2014_10_TEN_BAL,2014,10,BAL,TEN,21.0,7.0,1
1487.018163934406,1571.688672774661,-19.670508840255025,0.471722069829256,1471.9685767399003,1586.7382599691666,2014_10_KC_BUF,2014,10,BUF,KC,13.0,17.0,0
1543.7966087888815,1548.282187810072,60.51442097880954,0.5862171607643877,1556.759208117246,1535.3195884817073,2014_10_MIA_DET,2014,10,DET,MIA,20.0,16.0,1
1294.3911012390445,1548.9649636743789,-189.57386243533438,0.25137828730251766,1281.8563219563923,1561.499742957031,2014_10_DAL_JAX,2014,10,JAX,DAL,17.0,31.0,0
1592.2080239808304,1582.4877498146514,74.72027416617902,0.6059033911860385,1574.8181907497137,1599.877583045768,2014_10_SF_NO,2014,10,NO,SF,24.0,27.0,0
1346.285725709524,1573.2357181920745,-161.94999248255044,0.282466617696463,1378.498391520873,1541.0230523807256,2014_10_PIT_NYJ,2014,10,NYJ,PIT,20.0,13.0,1
1340.601289127029,1397.492561517828,8.108727609200969,0.5116672787632423,1315.9720199494736,1422.1218306953836,2014_10_ATL_TB,2014,10,TB,ATL,17.0,27.0,0
1266.730309210331,1668.262617976775,-336.532308766444,0.12595185890841648,1259.6976255489406,1675.2953016381653,2014_10_DEN_OAK,2014,10,OAK,DEN,17.0,41.0,0
1630.113444885758,1451.7795168103785,243.33392807537962,0.8023017155603237,1640.4037074568996,1441.489254239237,2014_10_STL_ARI,2014,10,ARI,STL,31.0,14.0,1
1615.892104599186,1451.9540240239546,228.93808057523142,0.7888276995836785,1627.716478482709,1440.1296501404317,2014_10_NYG_SEA,2014,10,SEA,NYG,38.0,17.0,1
1557.7641725483566,1457.5575847198106,165.20658782854593,0.7213173604961983,1577.1415242637504,1438.1802330044168,2014_10_CHI_GB,2014,10,GB,CHI,55.0,14.0,1
1588.3378052118642,1482.4797535657046,170.85805164615954,0.7278096698764742,1604.5979361812083,1466.2196225963605,2014_10_CAR_PHI,2014,10,PHI,CAR,45.0,21.0,1
1535.3195884817073,1471.9685767399003,128.35101174180704,0.6767438539069015,1551.4408802822454,1455.8472849393622,2014_11_BUF_MIA,2014,11,MIA,BUF,22.0,9.0,1
1466.2196225963605,1422.1218306953836,109.09779190097697,0.6520397717946739,1451.1453107793623,1437.1961425123818,2014_11_ATL_CAR,2014,11,CAR,ATL,17.0,19.0,0
1438.1802330044168,1459.076290420644,44.10394258377278,0.5631319342873622,1457.0008759542286,1440.2556474708322,2014_11_MIN_CHI,2014,11,CHI,MIN,21.0,13.0,1
1473.6819400536024,1414.0864880357274,124.595452017875,0.6719965491664142,1433.3177507909343,1454.4506772983955,2014_11_HOU_CLE,2014,11,CLE,HOU,7.0,23.0,0
1586.7382599691666,1627.716478482709,24.021781486457712,0.5345151415708556,1601.5598032393243,1612.8949352125512,2014_11_SEA_KC,2014,11,KC,SEA,24.0,20.0,1
1574.8181907497137,1533.4470711044623,106.37111964525138,0.6484701595880392,1535.4272205931784,1572.8380412609977,2014_11_CIN_NO,2014,11,NO,CIN,10.0,27.0,0
1440.1296501404317,1599.877583045768,-94.74793290533626,0.36692929421042153,1426.4390382856589,1613.568194900541,2014_11_SF_NYG,2014,11,NYG,SF,10.0,16.0,0
1441.489254239237,1675.2953016381653,-168.80604739892829,0.27453666309984065,1485.0607233268304,1631.7238325505718,2014_11_DEN_STL,2014,11,STL,DEN,22.0,7.0,1
1374.5442074694467,1315.9720199494736,123.57218751997311,0.6706968943499719,1331.27476357863,1359.2414638402904,2014_11_TB_WAS,2014,11,WAS,TB,7.0,27.0,0
1535.7671131131551,1259.6976255489406,341.06948756421457,0.8768954517962182,1540.1996968584356,1255.26504180366,2014_11_OAK_SD,2014,11,SD,OAK,13.0,6.0,1
1640.4037074568996,1556.759208117246,148.64449933965352,0.701754471939154,1652.6804678601395,1544.4824477140062,2014_11_DET_ARI,2014,11,ARI,DET,14.0,6.0,1
1577.1415242637504,1604.5979361812083,37.5435880825421,0.553820246974912,1608.0813413732596,1573.658119071699,2014_11_PHI_GB,2014,11,GB,PHI,53.0,20.0,1
1604.7195403695036,1683.2291553968828,-13.50961502737914,0.48056789361013275,1574.7671132447106,1713.1815825216759,2014_11_NE_IND,2014,11,IND,NE,20.0,42.0,0
1370.5303270803295,1541.0230523807256,-105.49272530039616,0.3526833538449969,1361.1993023798163,1550.3540770812388,2014_11_PIT_TEN,2014,11,TEN,PIT,24.0,27.0,0
1255.26504180366,1601.5598032393243,-281.2947614356642,0.16530656265019833,1286.071774593309,1570.7530704496753,2014_12_KC_OAK,2014,12,OAK,KC,24.0,20.0,1
1437.1961425123818,1433.3177507909343,68.87839172144754,0.5978454708589943,1423.6355757891176,1446.8783175141984,2014_12_CLE_ATL,2014,12,ATL,CLE,24.0,26.0,0
1457.0008759542286,1359.2414638402904,162.7594121139382,0.7184767867521854,1468.5200630889674,1347.7222767055516,2014_12_TB_CHI,2014,12,CHI,TB,21.0,13.0,1
1454.4506772983955,1572.8380412609977,-53.387363962602194,0.42376845191408236,1435.3977753526437,1591.8909432067494,2014_12_CIN_HOU,2014,12,HOU,CIN,13.0,22.0,0
1574.7671132447106,1281.8563219563923,357.91079128831825,0.8869842595698968,1580.6858005515542,1275.9376346495487,2014_12_JAX_IND,2014,12,IND,JAX,23.0,3.0,1
1440.2556474708322,1608.0813413732596,-102.82569390242747,0.35619621003862223,1430.8207679033521,1617.5162209407397,2014_12_GB_MIN,2014,12,MIN,GB,21.0,24.0,0
1713.1815825216759,1544.4824477140062,233.69913480766968,0.7933569536592054,1725.3538232507929,1532.3102069848892,2014_12_DET_NE,2014,12,NE,DET,34.0,9.0,1
1573.658119071699,1361.1993023798163,277.4588166918827,0.8316240694984133,1582.6164941012141,1352.2409273503013,2014_12_TEN_PHI,2014,12,PHI,TEN,43.0,24.0,1
1540.1996968584356,1485.0607233268304,120.13897353160519,0.6663173181834307,1548.9722862253855,1476.2881339598805,2014_12_STL_SD,2014,12,SD,STL,27.0,24.0,1
1612.8949352125512,1652.6804678601395,25.214467352411702,0.5362229640796335,1638.876740323495,1626.6986627491958,2014_12_ARI_SEA,2014,12,SEA,ARI,19.0,3.0,1
1631.7238325505718,1551.4408802822454,145.28295226832643,0.6976887351875639,1639.5864512838532,1543.578261548964,2014_12_MIA_DEN,2014,12,DEN,MIA,39.0,36.0,1
1613.568194900541,1331.27476357863,347.29343132191093,0.8807111343883951,1616.8844492830858,1327.958509196085,2014_12_WAS_SF,2014,12,SF,WAS,17.0,13.0,1
1426.4390382856589,1561.499742957031,-70.06070467137215,0.40051929757309246,1415.6770105237938,1572.261770718896,2014_12_DAL_NYG,2014,12,NYG,DAL,28.0,31.0,0
1455.8472849393622,1378.498391520873,142.3488934184893,0.6941145034835244,1476.437917191122,1357.907759269113,2014_12_NYJ_BUF,2014,12,BUF,NYJ,38.0,3.0,1
1535.4272205931784,1553.593766840752,46.833453752426294,0.5669934830055023,1511.33372378633,1577.6872636476005,2014_12_BAL_NO,2014,12,NO,BAL,27.0,34.0,0
1532.3102069848892,1468.5200630889674,128.7901438959218,0.6772966027268608,1549.9331957614481,1450.8970743124084,2014_13_CHI_DET,2014,13,DET,CHI,34.0,17.0,1
1572.261770718896,1582.6164941012141,54.64527661768193,0.5779987666918384,1534.5877713221364,1620.2904934979738,2014_13_PHI_DAL,2014,13,DAL,PHI,10.0,33.0,0
1616.8844492830858,1638.876740323495,43.0077089595909,0.5615788648149989,1584.428514894132,1671.3326747124488,2014_13_SEA_SF,2014,13,SF,SEA,3.0,19.0,0
1577.6872636476005,1548.9722862253855,93.71497742221504,0.6316883672965671,1568.5405753941163,1558.1189744788696,2014_13_SD_BAL,2014,13,BAL,SD,33.0,34.0,0
1476.437917191122,1446.8783175141984,94.55959967692365,0.6328188338028078,1496.3865441588894,1426.9296905464312,2014_13_CLE_BUF,2014,13,BUF,CLE,26.0,10.0,1
1435.3977753526437,1352.2409273503013,148.15684800234249,0.7011666172386081,1453.4220961296448,1334.2166065733002,2014_13_TEN_HOU,2014,13,HOU,TEN,45.0,21.0,1
1580.6858005515542,1327.958509196085,317.7272913554691,0.8616408042123822,1588.2673508737423,1320.376958873897,2014_13_WAS_IND,2014,13,IND,WAS,49.0,27.0,1
1275.9376346495487,1415.6770105237938,-74.73937587424507,0.39407035279217784,1284.6330062005613,1406.9816389727812,2014_13_NYG_JAX,2014,13,JAX,NYG,25.0,24.0,1
1430.8207679033521,1451.1453107793623,44.67545712398987,0.5639411286581837,1455.9886576721253,1425.977421010589,2014_13_CAR_MIN,2014,13,MIN,CAR,31.0,13.0,1
1550.3540770812388,1511.33372378633,104.02035329490877,0.6453792653870146,1531.5723259974286,1530.1154748701401,2014_13_NO_PIT,2014,13,PIT,NO,32.0,35.0,0
1476.2881339598805,1286.071774593309,255.2163593665714,0.8129271614758365,1489.5986864531408,1272.7612221000488,2014_13_OAK_STL,2014,13,STL,OAK,52.0,0.0,1
1347.7222767055516,1591.8909432067494,-179.16866650119778,0.26281708549250826,1344.353234118285,1595.259985794016,2014_13_CIN_TB,2014,13,TB,CIN,13.0,14.0,0
1423.6355757891176,1626.6986627491958,-138.06308696007818,0.31114858852798183,1460.1624857344848,1590.1717528038287,2014_13_ARI_ATL,2014,13,ATL,ARI,29.0,18.0,1
1617.5162209407397,1725.3538232507929,-42.83760231005317,0.4386622397195724,1638.0313286274725,1704.83871556406,2014_13_NE_GB,2014,13,GB,NE,26.0,21.0,1
1570.7530704496753,1639.5864512838532,-3.8333808341778877,0.4944835453688133,1544.699059656639,1665.6404620768894,2014_13_DEN_KC,2014,13,KC,DEN,16.0,29.0,0
1357.907759269113,1543.578261548964,-120.67050227985101,0.3330027334481686,1349.1550510793118,1552.3309697387654,2014_13_MIA_NYJ,2014,13,NYJ,MIA,13.0,16.0,0
1450.8970743124084,1534.5877713221364,-18.690697009727955,0.4731278427102444,1426.1352153815426,1559.3496302530023,2014_14_DAL_CHI,2014,14,CHI,DAL,28.0,41.0,0
1595.259985794016,1531.5723259974286,128.68765979658747,0.6771676471775389,1550.7960139376598,1576.0362978537848,2014_14_PIT_CIN,2014,14,CIN,PIT,21.0,42.0,0
1426.9296905464312,1588.2673508737423,-96.33766032731114,0.3648061407024659,1422.0845706414236,1593.1124707787499,2014_14_IND_CLE,2014,14,CLE,IND,24.0,25.0,0
1549.9331957614481,1344.353234118285,270.5799616431632,0.8260063224789508,1558.8897494663092,1335.3966804134238,2014_14_TB_DET,2014,14,DET,TB,34.0,17.0,1
1284.6330062005613,1453.4220961296448,-103.7890899290835,0.35492547195078217,1266.2759161373488,1471.7791861928574,2014_14_HOU_JAX,2014,14,JAX,HOU,13.0,27.0,0
1552.3309697387654,1568.5405753941163,48.79039434464903,0.5697570730391623,1520.0203620867912,1600.8511830460905,2014_14_BAL_MIA,2014,14,MIA,BAL,13.0,28.0,0
1455.9886576721253,1349.1550510793118,171.83360659281357,0.7289207402301711,1465.7742593172002,1339.369449434237,2014_14_NYJ_MIN,2014,14,MIN,NYJ,30.0,24.0,1
1530.1154748701401,1425.977421010589,169.13805385955106,0.7258438160145301,1475.6136654183613,1480.479230462368,2014_14_CAR_NO,2014,14,NO,CAR,10.0,41.0,0
1334.2166065733002,1406.9816389727812,-7.765032399481015,0.4888270803336577,1301.081610820598,1440.1166347254834,2014_14_NYG_TEN,2014,14,TEN,NYG,7.0,36.0,0
1320.376958873897,1489.5986864531408,-104.22172757924386,0.3543554783729445,1298.5962613654701,1511.3793839615676,2014_14_STL_WAS,2014,14,WAS,STL,0.0,24.0,0
1590.1717528038287,1544.699059656639,110.4726931471896,0.6538332923045401,1599.3106247228068,1535.560187737661,2014_14_KC_ARI,2014,14,ARI,KC,17.0,14.0,1
1665.6404620768894,1496.3865441588894,234.25391791800007,0.7938800254565531,1673.387819539129,1488.6391866966499,2014_14_BUF_DEN,2014,14,DEN,BUF,24.0,17.0,1
1272.7612221000488,1584.428514894132,-246.6672927940831,0.19467238856837296,1317.838649462508,1539.3510875316726,2014_14_SF_OAK,2014,14,OAK,SF,24.0,13.0,1
1620.2904934979738,1671.3326747124488,13.957818785524978,0.520076116550799,1595.1894798158382,1696.4336883945844,2014_14_SEA_PHI,2014,14,PHI,SEA,14.0,24.0,0
1558.1189744788696,1704.83871556406,-81.71974108519044,0.3845176342882574,1541.045483594966,1721.9122064479636,2014_14_NE_SD,2014,14,SD,NE,14.0,23.0,0
1638.0313286274725,1460.1624857344848,242.8688428929877,0.801876724108516,1644.9753461728637,1453.2184681890935,2014_14_ATL_GB,2014,14,GB,ATL,43.0,37.0,1
1511.3793839615676,1599.3106247228068,-22.931240761239224,0.46704712752128036,1493.3902549817342,1617.2997537026401,2014_15_ARI_STL,2014,15,STL,ARI,6.0,12.0,0
1453.2184681890935,1576.0362978537848,-57.81782966469132,0.41755312892070445,1436.2976158191473,1592.957150223731,2014_15_PIT_ATL,2014,15,ATL,PIT,20.0,27.0,0
1600.8511830460905,1266.2759161373488,399.5752669087417,0.9088886440565945,1604.2396030608795,1262.8874961225597,2014_15_JAX_BAL,2014,15,BAL,JAX,20.0,12.0,1
1488.6391866966499,1644.9753461728637,-91.33615947621388,0.371503260830239,1517.454463956018,1616.1600689134957,2014_15_GB_BUF,2014,15,BUF,GB,21.0,13.0,1
1480.479230462368,1335.3966804134238,210.08255004894409,0.770180798311466,1485.0887060847854,1330.7872047910064,2014_15_TB_CAR,2014,15,CAR,TB,19.0,17.0,1
1422.0845706414236,1550.7960139376598,-63.71144329623621,0.4093259526678176,1394.7633836253603,1578.117200953723,2014_15_CIN_CLE,2014,15,CLE,CIN,0.0,30.0,0
1593.1124707787499,1471.7791861928574,186.33328458589244,0.7450949635787345,1602.885894095196,1462.0057628764114,2014_15_HOU_IND,2014,15,IND,HOU,17.0,10.0,1
1535.560187737661,1317.838649462508,282.72153827515285,0.8358235824688633,1544.1273698298075,1309.2714673703615,2014_15_OAK_KC,2014,15,KC,OAK,31.0,13.0,1
1721.9122064479636,1520.0203620867912,266.8918443611724,0.8229339267126553,1732.546758371802,1509.3858101629528,2014_15_MIA_NE,2014,15,NE,MIA,41.0,13.0,1
1440.1166347254834,1298.5962613654701,206.5203733600133,0.7665311785423575,1450.7238675869794,1287.9890285039742,2014_15_WAS_NYG,2014,15,NYG,WAS,24.0,13.0,1
1541.045483594966,1673.387819539129,-67.34233594416287,0.40428226475051976,1520.9221899812483,1693.5111131528467,2014_15_DEN_SD,2014,15,SD,DEN,10.0,22.0,0
1301.081610820598,1339.369449434237,26.712161386361004,0.5383663242271062,1281.5520255272106,1358.8990347276242,2014_15_NYJ_TEN,2014,15,TEN,NYJ,11.0,16.0,0
1558.8897494663092,1465.7742593172002,158.11549014910906,0.7130382075525015,1564.7721708857152,1459.8918378977942,2014_15_MIN_DET,2014,15,DET,MIN,16.0,14.0,1
1696.4336883945844,1539.3510875316726,222.0826008629117,0.7821790383986023,1705.9221020324962,1529.8626738937605,2014_15_SF_SEA,2014,15,SEA,SF,17.0,7.0,1
1595.1894798158382,1559.3496302530023,100.83984956283598,0.6411780391760213,1561.7933746124083,1592.7457354564322,2014_15_DAL_PHI,2014,15,PHI,DAL,27.0,38.0,0
1426.1352153815426,1475.6136654183613,15.521549963181315,0.5223224574111793,1396.327898182622,1505.4209826172819,2014_15_NO_CHI,2014,15,CHI,NO,15.0,31.0,0
1262.8874961225597,1281.5520255272106,46.33547059534908,0.5662895586917628,1281.553544518634,1262.8859771311363,2014_16_TEN_JAX,2014,16,JAX,TEN,21.0,13.0,1
1287.9890285039742,1561.7933746124083,-208.80434610843417,0.23112416141727143,1311.5422551510883,1538.2401479652942,2014_16_PHI_WAS,2014,16,WAS,PHI,27.0,24.0,1
1529.8626738937605,1520.9221899812483,73.94048391251226,0.604831019455517,1512.5099853562533,1538.2748785187555,2014_16_SD_SF,2014,16,SF,SD,35.0,38.0,0
1485.0887060847854,1394.7633836253603,155.32532245942502,0.7097405762907274,1493.8156529426963,1386.0364367674495,2014_16_CLE_CAR,2014,16,CAR,CLE,17.0,13.0,1
1396.327898182622,1564.7721708857152,-103.44427270309325,0.3553800585706783,1383.1182635839723,1577.981805484365,2014_16_DET_CHI,2014,16,CHI,DET,14.0,20.0,0
1462.0057628764114,1604.2396030608795,-77.23384018446814,0.39064692309411847,1494.4022800987143,1571.8430858385766,2014_16_BAL_HOU,2014,16,HOU,BAL,25.0,13.0,1
1509.3858101629528,1459.8918378977942,114.49397226515862,0.6590537568565438,1516.5065805893048,1452.7710674714422,2014_16_MIN_MIA,2014,16,MIA,MIN,37.0,35.0,1
1505.4209826172819,1436.2976158191473,134.1233667981346,0.6839698381661908,1464.1481266217502,1477.570471814679,2014_16_ATL_NO,2014,16,NO,ATL,14.0,30.0,0
1358.8990347276242,1732.546758371802,-308.64772364417786,0.14470872943404356,1357.1397619281686,1734.3060311712577,2014_16_NE_NYJ,2014,16,NYJ,NE,16.0,17.0,0
1592.957150223731,1544.1273698298075,113.82978039392356,0.6581941108314656,1607.2386974212895,1529.845822632249,2014_16_KC_PIT,2014,16,PIT,KC,20.0,12.0,1
1330.7872047910064,1616.1600689134957,-220.37286412248932,0.2195024546566538,1319.2536419148691,1627.693631789633,2014_16_GB_TB,2014,16,TB,GB,3.0,20.0,0
1493.3902549817342,1450.7238675869794,107.66638739475479,0.650167953325772,1460.605079278324,1483.5090432903896,2014_16_NYG_STL,2014,16,STL,NYG,27.0,37.0,0
1592.7457354564322,1602.885894095196,54.85984136123625,0.5783000068025687,1622.2338104609216,1573.3978190907064,2014_16_IND_DAL,2014,16,DAL,IND,42.0,7.0,1
1309.2714673703615,1517.454463956018,-143.18299658565638,0.3048669988265143,1325.6083572674838,1501.1175740588956,2014_16_BUF_OAK,2014,16,OAK,BUF,26.0,24.0,1
1617.2997537026401,1705.9221020324962,-23.622348329856095,0.4660569949317777,1585.9335099650077,1737.2883457701287,2014_16_SEA_ARI,2014,16,ARI,SEA,6.0,35.0,0
1578.117200953723,1693.5111131528467,-50.39391219912363,0.4279816678555892,1605.0771724794597,1666.5511416271102,2014_16_DEN_CIN,2014,16,CIN,DEN,37.0,28.0,1
1571.8430858385766,1386.0364367674495,250.80664907112714,0.8090360991240718,1580.0640946871529,1377.8154279188732,2014_17_CLE_BAL,2014,17,BAL,CLE,20.0,10.0,1
1494.4022800987143,1281.553544518634,277.8487355800803,0.8319381302762919,1500.209521236488,1275.7463033808604,2014_17_JAX_HOU,2014,17,HOU,JAX,23.0,17.0,1
1529.845822632249,1538.2748785187555,56.570944113493624,0.5807002223843183,1550.8162418035688,1517.3044593474358,2014_17_SD_KC,2014,17,KC,SD,19.0,7.0,1
1516.5065805893048,1357.1397619281686,224.36681866113622,0.7844109881069548,1470.4025538729552,1403.2437886445182,2014_17_NYJ_MIA,2014,17,MIA,NYJ,24.0,37.0,0
1452.7710674714422,1383.1182635839723,134.65280388746987,0.6846282411263848,1462.3370019150864,1373.552329140328,2014_17_CHI_MIN,2014,17,MIN,CHI,13.0,9.0,1
1734.3060311712577,1501.1175740588956,298.18845711236213,0.8476788515617373,1691.214592492476,1544.2090127376773,2014_17_BUF_NE,2014,17,NE,BUF,9.0,17.0,0
1483.5090432903896,1538.2401479652942,10.2688953250954,0.514773826559286,1460.7814842548935,1560.9677070007904,2014_17_PHI_NYG,2014,17,NYG,PHI,26.0,34.0,0
1319.2536419148691,1464.1481266217502,-79.89448470688103,0.38700726383911765,1308.899538419492,1474.5022301171273,2014_17_NO_TB,2014,17,TB,NO,20.0,23.0,0
1262.8859771311363,1573.3978190907064,-245.51184195957012,0.19571726608707363,1252.7078996653543,1583.5758965564885,2014_17_IND_TEN,2014,17,TEN,IND,10.0,27.0,0
1311.5422551510883,1622.2338104609216,-245.69155530983335,0.19555447253566063,1299.8189412548797,1633.9571243571302,2014_17_DAL_WAS,2014,17,WAS,DAL,17.0,44.0,0
1477.570471814679,1493.8156529426963,48.75481887198271,0.5697068716143244,1437.1864387164305,1534.1996860409447,2014_17_CAR_ATL,2014,17,ATL,CAR,3.0,34.0,0
1666.5511416271102,1325.6083572674838,405.94278435962633,0.9118788452255954,1671.7979438176972,1320.3615550768968,2014_17_OAK_DEN,2014,17,DEN,OAK,47.0,14.0,1
1627.693631789633,1577.981805484365,114.711826305268,0.6593354922378168,1643.2215361073763,1562.4539011666216,2014_17_DET_GB,2014,17,GB,DET,30.0,20.0,1
1737.2883457701287,1460.605079278324,341.6832664918047,0.8772763519911055,1743.0416350875994,1454.8517899608532,2014_17_STL_SEA,2014,17,SEA,STL,20.0,6.0,1
1512.5099853562533,1585.9335099650077,-8.423524608754406,0.4878799483095088,1526.7635432426698,1571.6799520785912,2014_17_ARI_SF,2014,17,SF,ARI,20.0,17.0,1
1607.2386974212895,1605.0771724794597,67.16152494182984,0.5954670383280863,1626.0645363814845,1586.2513335192648,2014_17_CIN_PIT,2014,17,PIT,CIN,27.0,17.0,1
1627.5401331924816,1584.08504576645,108.45508742603147,0.6511998969387922,1641.3647966359806,1570.260382322951,2015_01_PIT_NE,2015,1,NE,PIT,28.0,21.0,1
1529.4874114960307,1555.745123003178,38.74228849285282,0.5555246883205005,1552.5413452813532,1532.6911892178555,2015_01_IND_BUF,2015,1,BUF,IND,27.0,14.0,1
1415.6594035365988,1595.5287645836202,-114.86936104702136,0.3404608492303128,1401.440444074759,1609.74772404546,2015_01_GB_CHI,2015,1,CHI,GB,23.0,31.0,0
1500.1397506647377,1533.8944332829803,31.24531738175733,0.5448447953620157,1477.1538371106303,1556.8803468370877,2015_01_KC_HOU,2015,1,HOU,KC,20.0,27.0,0
1350.4227843550339,1522.8111905893102,-107.38840623427632,0.35019609621770426,1333.8286978725503,1539.4052770717938,2015_01_CAR_JAX,2015,1,JAX,CAR,9.0,20.0,0
1435.4636070258937,1418.5028904218884,81.96071660400526,0.6158106052267901,1458.3614648690464,1395.6050325787357,2015_01_CLE_NYJ,2015,1,NYJ,CLE,31.0,10.0,1
1469.8861439038892,1662.1087706034289,-127.22262669953966,0.32467874173728367,1489.7592565838415,1642.2356579234765,2015_01_SEA_STL,2015,1,STL,SEA,34.0,31.0,1
1366.4792338170048,1480.258503433261,-48.779269616256215,0.4302586251847218,1348.9734263229573,1497.7643109273085,2015_01_MIA_WAS,2015,1,WAS,MIA,10.0,17.0,0
1547.8105280364205,1482.992987488124,129.8175405482964,0.678587881070947,1563.3799256040386,1467.423589920506,2015_01_NO_ARI,2015,1,ARI,NO,31.0,19.0,1
1511.5420743847399,1541.6567520781366,34.88532230660326,0.5500359769093215,1527.4149251346446,1525.7839013282319,2015_01_DET_SD,2015,1,SD,DET,33.0,28.0,1
1614.589228526404,1553.402751156331,126.18647737007291,0.6740120901487395,1626.587879662278,1541.404100020457,2015_01_BAL_DEN,2015,1,DEN,BAL,19.0,13.0,1
1380.1811572362903,1557.5296394573497,-112.34848222105938,0.34372683584694336,1360.268371954093,1577.442424739547,2015_01_CIN_OAK,2015,1,OAK,CIN,13.0,33.0,0
1372.5359921258014,1335.0561690767913,102.47982304901007,0.6433470839750471,1327.0923492069066,1380.499811995686,2015_01_TEN_TB,2015,1,TB,TEN,14.0,42.0,0
1589.349401946206,1473.841249998014,180.50815194819188,0.7386740835292027,1592.6974443255913,1470.4932076186287,2015_01_NYG_DAL,2015,1,DAL,NYG,27.0,26.0,1
1458.103354623859,1540.6654605695273,-17.562105945668236,0.47474760154601026,1469.7371997890777,1529.0316154043087,2015_01_PHI_ATL,2015,1,ATL,PHI,26.0,24.0,1
1517.8512833428608,1474.8787802773627,107.97250306549813,0.6505686459897242,1537.1060217277343,1455.6240418924892,2015_01_MIN_SF,2015,1,SF,MIN,20.0,3.0,1
1556.8803468370877,1626.587879662278,-4.707532825190356,0.49322573022970684,1536.411464441502,1647.0567620578638,2015_02_DEN_KC,2015,2,KC,DEN,24.0,31.0,0
1552.5413452813532,1641.3647966359806,-23.823451354627423,0.4657689295176448,1532.2926365533363,1661.6135053639975,2015_02_NE_BUF,2015,2,BUF,NE,32.0,40.0,0
1539.4052770717938,1477.1538371106303,127.25143996116344,0.6753576246170098,1552.1685275391262,1464.3905866432979,2015_02_HOU_CAR,2015,2,CAR,HOU,24.0,17.0,1
1401.440444074759,1563.3799256040386,-96.93948152927965,0.36400374643137823,1378.7222960142997,1586.0980736644979,2015_02_ARI_CHI,2015,2,CHI,ARI,23.0,48.0,0
1577.442424739547,1527.4149251346446,115.02749960490246,0.6597435306457932,1589.0297346291982,1515.8276152449935,2015_02_SD_CIN,2015,2,CIN,SD,24.0,19.0,1
1395.6050325787357,1380.499811995686,80.10522058304969,0.6132804819925453,1415.8143009048122,1360.2905436696096,2015_02_TEN_CLE,2015,2,CLE,TEN,28.0,14.0,1
1455.6240418924892,1525.7839013282319,-5.159859435742646,0.49257491124831243,1480.0162956888787,1501.3916475318424,2015_02_DET_MIN,2015,2,MIN,DET,26.0,16.0,1
1467.423589920506,1327.0923492069066,205.3312407135993,0.7653039199192105,1432.3191099160017,1362.1968292114109,2015_02_TB_NO,2015,2,NO,TB,19.0,26.0,0
1470.4932076186287,1469.7371997890777,65.75600782955098,0.5935165799573993,1450.8000348072624,1489.4303726004441,2015_02_ATL_NYG,2015,2,NYG,ATL,20.0,24.0,0
1570.260382322951,1537.1060217277343,98.15436059521676,0.6376137172485248,1592.8656252927676,1514.5007787579177,2015_02_SF_PIT,2015,2,PIT,SF,43.0,18.0,1
1348.9734263229573,1489.7592565838415,-75.78583026088427,0.39263289992029504,1383.0426587579764,1455.6900241488224,2015_02_STL_WAS,2015,2,WAS,STL,24.0,10.0,1
1333.8286978725503,1497.7643109273085,-98.93561305475828,0.3613477813887532,1352.3696997069812,1479.2233090928776,2015_02_MIA_JAX,2015,2,JAX,MIA,23.0,20.0,1
1360.268371954093,1541.404100020457,-116.13572806636398,0.3388258545938537,1382.7368335662404,1518.9356384083096,2015_02_BAL_OAK,2015,2,OAK,BAL,37.0,33.0,1
1529.0316154043087,1592.6974443255913,1.334171078717418,0.5019200170858297,1504.9459761496735,1616.7830835802265,2015_02_DAL_PHI,2015,2,PHI,DAL,10.0,20.0,0
1609.74772404546,1642.2356579234765,32.51206612198348,0.5466525295853749,1631.172696389618,1620.8106855793185,2015_02_SEA_GB,2015,2,GB,SEA,27.0,17.0,1
1532.6911892178555,1458.3614648690464,139.32972434880912,0.6904120483421802,1493.7865532267924,1497.2661008601094,2015_02_NYJ_IND,2015,2,IND,NYJ,7.0,20.0,0
1450.8000348072624,1383.0426587579764,132.757376049286,0.6822676976625466,1465.6920871216737,1368.150606443565,2015_03_WAS_NYG,2015,3,NYG,WAS,32.0,21.0,1
1518.9356384083096,1589.0297346291982,-5.094096220888559,0.4926695315160754,1503.1138532781379,1604.85151975937,2015_03_CIN_BAL,2015,3,BAL,CIN,24.0,28.0,0
1552.1685275391262,1432.3191099160017,184.8494176231245,0.7434692342711616,1560.64882097436,1423.838816480768,2015_03_NO_CAR,2015,3,CAR,NO,27.0,22.0,1
1415.8143009048122,1382.7368335662404,98.07746733857175,0.6375114351095361,1388.0638102953876,1410.487324175665,2015_03_OAK_CLE,2015,3,CLE,OAK,20.0,27.0,0
1616.7830835802265,1489.4303726004441,192.3527109797824,0.7516200311176718,1575.850073364381,1530.3633828162897,2015_03_ATL_DAL,2015,3,DAL,ATL,28.0,39.0,0
1464.3905866432979,1362.1968292114109,167.19375743188698,0.7236109944586089,1476.7094274908027,1349.877988363906,2015_03_TB_HOU,2015,3,HOU,TB,19.0,9.0,1
1480.0162956888787,1515.8276152449935,29.188680443885232,0.5419073404549516,1506.1507168258709,1489.6931941080013,2015_03_SD_MIN,2015,3,MIN,SD,31.0,14.0,1
1661.6135053639975,1352.3696997069812,374.2438056570163,0.8960718235179366,1667.9291608427118,1346.054044228267,2015_03_JAX_NE,2015,3,NE,JAX,51.0,17.0,1
1497.2661008601094,1504.9459761496735,57.32012471043595,0.5817499268593054,1472.4245652372733,1529.7875117725096,2015_03_PHI_NYJ,2015,3,NYJ,PHI,17.0,24.0,0
1455.6900241488224,1592.8656252927676,-72.17560114394519,0.39759977091026477,1440.7076826080452,1607.847966833545,2015_03_PIT_STL,2015,3,STL,PIT,6.0,12.0,0
1360.2905436696096,1493.7865532267924,-68.49600955718279,0.40268386169330866,1351.7098315018143,1502.3672653945878,2015_03_IND_TEN,2015,3,TEN,IND,33.0,35.0,0
1586.0980736644979,1514.5007787579177,136.59729490658015,0.6870400235752274,1607.9832204440302,1492.6156319783854,2015_03_SF_ARI,2015,3,ARI,SF,47.0,7.0,1
1479.2233090928776,1532.2926365533363,11.93067253954132,0.5171628724355903,1444.5695313932897,1566.9464142529241,2015_03_BUF_MIA,2015,3,MIA,BUF,14.0,41.0,0
1620.8106855793185,1378.7222960142997,307.0883895650188,0.8541767502995534,1629.2454995844735,1370.2874820091447,2015_03_CHI_SEA,2015,3,SEA,CHI,26.0,0.0,1
1501.3916475318424,1647.0567620578638,-80.6651145260214,0.38595540464916533,1482.2928036560922,1666.155605933614,2015_03_DEN_DET,2015,3,DET,DEN,12.0,24.0,0
1631.172696389618,1536.411464441502,159.76123194811612,0.7149727372548992,1643.9165633261891,1523.6675975049309,2015_03_KC_GB,2015,3,GB,KC,38.0,28.0,1
1607.847966833545,1503.1138532781379,169.73411355540702,0.7265260759131651,1586.0203449468445,1524.9414751648383,2015_04_BAL_PIT,2015,4,PIT,BAL,20.0,23.0,0
1444.5695313932897,1472.4245652372733,37.14496615601638,0.5532531608565261,1414.8666901933243,1502.1274064372387,2015_04_NYJ_MIA,2015,4,MIA,NYJ,14.0,27.0,0
1530.3633828162897,1476.7094274908027,118.653955325487,0.6644139732720034,1551.5837187990883,1455.489091508004,2015_04_HOU_ATL,2015,4,ATL,HOU,48.0,21.0,1
1566.9464142529241,1465.6920871216737,166.25432713125042,0.7225281387088256,1524.6145386958453,1508.0239626787525,2015_04_NYG_BUF,2015,4,BUF,NYG,10.0,24.0,0
1370.2874820091447,1410.487324175665,24.800157833479716,0.5356298031010599,1380.3770009856505,1400.3978051991592,2015_04_OAK_CHI,2015,4,CHI,OAK,22.0,20.0,1
1604.85151975937,1523.6675975049309,146.18392225443904,0.6987815234932491,1620.513897073752,1508.0052201905487,2015_04_KC_CIN,2015,4,CIN,KC,36.0,21.0,1
1502.3672653945878,1346.054044228267,221.31322116632077,0.7814235206894491,1507.8735744817743,1340.5477351410805,2015_04_JAX_IND,2015,4,IND,JAX,16.0,13.0,1
1349.877988363906,1560.64882097436,-145.7708326104539,0.30171923480633145,1334.5520595826556,1575.9747497556104,2015_04_CAR_TB,2015,4,TB,CAR,23.0,37.0,0
1368.150606443565,1529.7875117725096,-96.63690532894452,0.36440707004400996,1386.582626796072,1511.3554914200026,2015_04_PHI_WAS,2015,4,WAS,PHI,23.0,20.0,1
1489.6931941080013,1388.0638102953876,166.6293838126137,0.7229607696201651,1496.833538397861,1380.9234660055279,2015_04_CLE_SD,2015,4,SD,CLE,30.0,27.0,1
1607.9832204440302,1440.7076826080452,232.275537835985,0.7920102406452845,1588.526768692982,1460.1641343590934,2015_04_STL_ARI,2015,4,ARI,STL,22.0,24.0,0
1666.155605933614,1506.1507168258709,225.0048891077431,0.7850314865290845,1671.5627802171755,1500.7435425423093,2015_04_MIN_DEN,2015,4,DEN,MIN,23.0,20.0,1
1492.6156319783854,1643.9165633261891,-86.30093134780373,0.37829577473196385,1472.9001460898571,1663.6320492147174,2015_04_GB_SF,2015,4,SF,GB,3.0,17.0,0
1423.838816480768,1575.850073364381,-87.01125688361299,0.37733457916442487,1449.0697328762994,1550.6191569688494,2015_04_DAL_NO,2015,4,NO,DAL,26.0,20.0,1
1629.2454995844735,1482.2928036560922,211.95269592838122,0.7720807591007626,1635.00945133827,1476.5288519022956,2015_04_DET_SEA,2015,4,SEA,DET,13.0,10.0,1
1455.489091508004,1507.8735744817743,12.615517026229782,0.5181472137455969,1433.8156722387262,1529.5469937510522,2015_05_IND_HOU,2015,5,HOU,IND,20.0,27.0,0
1551.5837187990883,1386.582626796072,230.0010920030163,0.7898452231839728,1558.9884322515559,1379.1779133436044,2015_05_WAS_ATL,2015,5,ATL,WAS,25.0,19.0,1
1524.9414751648383,1380.9234660055279,209.0180091593104,0.7690943343518161,1501.3790269224194,1404.4859142479468,2015_05_CLE_BAL,2015,5,BAL,CLE,30.0,33.0,0
1620.513897073752,1635.00945133827,50.50444573548202,0.572174095380423,1632.1095534033877,1623.4137950086345,2015_05_SEA_CIN,2015,5,CIN,SEA,27.0,24.0,1
1663.6320492147174,1460.1641343590934,268.46791485562403,0.8242520563743037,1672.115492346971,1451.6806912268398,2015_05_STL_GB,2015,5,GB,STL,24.0,10.0,1
1508.0052201905487,1380.3770009856505,192.6282192048982,0.7519159902977991,1496.5811820717092,1391.80103910449,2015_05_CHI_KC,2015,5,KC,CHI,17.0,18.0,0
1511.3554914200026,1449.0697328762994,127.2857585437032,0.6754009366937335,1530.5977581666984,1429.8274661296036,2015_05_NO_PHI,2015,5,PHI,NO,39.0,17.0,1
1334.5520595826556,1340.5477351410805,59.004324441575136,0.584107006101792,1351.3967849327278,1323.7030097910083,2015_05_JAX_TB,2015,5,TB,JAX,38.0,31.0,1
1351.7098315018143,1524.6145386958453,-107.90470719403106,0.34952007767252036,1347.0909970898756,1529.233373107784,2015_05_BUF_TEN,2015,5,TEN,BUF,13.0,14.0,0
1476.5288519022956,1588.526768692982,-46.997916790686304,0.43277409943853945,1448.918291820354,1616.1373287749236,2015_05_ARI_DET,2015,5,DET,ARI,17.0,42.0,0
1550.6191569688494,1667.9291608427118,-52.31000387386234,0.42528356905625136,1523.8763285575958,1694.6719892539654,2015_05_NE_DAL,2015,5,DAL,NE,6.0,30.0,0
1400.3978051991592,1671.5627802171755,-206.16497501801632,0.23383514643807202,1392.0771055244097,1679.883479891925,2015_05_DEN_OAK,2015,5,OAK,DEN,10.0,16.0,0
1508.0239626787525,1472.9001460898571,100.12381658889535,0.6402291870116162,1517.5647199252742,1463.3593888433354,2015_05_SF_NYG,2015,5,NYG,SF,30.0,27.0,1
1496.833538397861,1586.0203449468445,-24.18680654898344,0.46524850772413995,1482.0206199269333,1600.8332634177723,2015_05_PIT_SD,2015,5,SD,PIT,20.0,24.0,0
1429.8274661296036,1558.9884322515559,-64.16096612195224,0.40870045962029383,1459.0368173066145,1529.779081074545,2015_06_ATL_NO,2015,6,NO,ATL,31.0,21.0,1
1529.233373107784,1632.1095534033877,-37.87618029560372,0.4457067089784275,1506.1066224090723,1655.2363041020994,2015_06_CIN_BUF,2015,6,BUF,CIN,21.0,34.0,0
1404.4859142479468,1679.883479891925,-210.39756564397817,0.229498387250245,1398.6782822268658,1685.691111913006,2015_06_DEN_CLE,2015,6,CLE,DEN,23.0,26.0,0
1448.918291820354,1391.80103910449,122.11725271586397,0.6688444714706985,1457.617024762433,1383.102306162411,2015_06_CHI_DET,2015,6,DET,CHI,37.0,34.0,1
1323.7030097910083,1433.8156722387262,-45.11266244771787,0.4354400718869739,1302.4972904853219,1455.0213915444126,2015_06_HOU_JAX,2015,6,JAX,HOU,20.0,31.0,0
1500.7435425423093,1496.5811820717092,69.1623604706001,0.5982384220411842,1515.9028125925536,1481.421912021465,2015_06_KC_MIN,2015,6,MIN,KC,16.0,10.0,1
1502.1274064372387,1379.1779133436044,187.94949309363437,0.7468579575232348,1514.7587204096858,1366.5465993711573,2015_06_WAS_NYJ,2015,6,NYJ,WAS,34.0,20.0,1
1600.8332634177723,1616.1373287749236,49.69593464284867,0.5710344176207905,1622.3526603415787,1594.6179318511172,2015_06_ARI_PIT,2015,6,PIT,ARI,25.0,13.0,1
1347.0909970898756,1414.8666901933243,-2.7756931034487025,0.4960055415057178,1313.729141201041,1448.2285460821588,2015_06_MIA_TEN,2015,6,TEN,MIA,10.0,38.0,0
1623.4137950086345,1575.9747497556104,112.439045253024,0.6563907538706572,1601.1473854271896,1598.2411593370553,2015_06_CAR_SEA,2015,6,SEA,CAR,23.0,27.0,0
1672.115492346971,1482.0206199269333,255.09487242003775,0.8128207857054068,1679.0912074143964,1475.0449048595078,2015_06_SD_GB,2015,6,GB,SD,27.0,20.0,1
1463.3593888433354,1501.3790269224194,26.98036192091604,0.5387500004581052,1479.6881176519278,1485.050298113827,2015_06_BAL_SF,2015,6,SF,BAL,25.0,20.0,1
1529.5469937510522,1694.6719892539654,-100.12499550291318,0.3597692498450156,1515.235927395783,1708.9830556092347,2015_06_NE_IND,2015,6,IND,NE,27.0,34.0,0
1530.5977581666984,1517.5647199252742,78.03303824142426,0.6104476489088283,1553.5052566800405,1494.6572214119321,2015_06_NYG_PHI,2015,6,PHI,NYG,27.0,7.0,1
1479.6881176519278,1601.1473854271896,-56.45926777526188,0.41945631425421936,1456.0471298109082,1624.7883732682092,2015_07_SEA_SF,2015,7,SF,SEA,3.0,20.0,0
1302.4972904853219,1506.1066224090723,-138.60933192375046,0.31047502532704696,1322.9004689598953,1485.7034439344989,2015_07_BUF_JAX,2015,7,JAX,BUF,34.0,31.0,1
1457.617024762433,1515.9028125925536,6.714212169879374,0.5096613253643405,1434.074403286504,1539.4454340684824,2015_07_MIN_DET,2015,7,DET,MIN,19.0,28.0,0
1515.235927395783,1459.0368173066145,121.19911008916847,0.6676727895757597,1487.736335873226,1486.5364088291715,2015_07_NO_IND,2015,7,IND,NO,21.0,27.0,0
1481.421912021465,1622.3526603415787,-75.93074832011371,0.39243398047679595,1511.601109869613,1592.1734624934306,2015_07_PIT_KC,2015,7,KC,PIT,23.0,13.0,1
1448.2285460821588,1455.0213915444126,58.20715453774619,0.5829918196101993,1472.1526692938678,1431.0972683327036,2015_07_HOU_MIA,2015,7,MIA,HOU,44.0,26.0,1
1708.9830556092347,1514.7587204096858,259.22433519954893,0.8164105329359683,1715.8135007192618,1507.9282752996587,2015_07_NYJ_NE,2015,7,NE,NYJ,30.0,23.0,1
1451.6806912268398,1398.6782822268658,118.00240899997402,0.6635771938232075,1470.4836754197052,1379.8752980340005,2015_07_CLE_STL,2015,7,STL,CLE,24.0,6.0,1
1313.729141201041,1529.779081074545,-151.04993987350394,0.2953555739107003,1306.0662713374475,1537.4419509381387,2015_07_ATL_TEN,2015,7,TEN,ATL,7.0,10.0,0
1366.5465993711573,1351.3967849327278,80.14981443842953,0.6133413618072905,1371.7184083027607,1346.2249760011243,2015_07_TB_WAS,2015,7,WAS,TB,31.0,30.0,1
1475.0449048595078,1392.0771055244097,147.9677993350981,0.7009385438040447,1442.0214204392453,1425.1005899446723,2015_07_OAK_SD,2015,7,SD,OAK,29.0,37.0,0
1494.6572214119321,1523.8763285575958,35.780892854336344,0.5513115678141827,1513.0190117815414,1505.5145381879865,2015_07_DAL_NYG,2015,7,NYG,DAL,27.0,20.0,1
1598.2411593370553,1553.5052566800405,109.73590265701478,0.6528727094392016,1614.6731124934254,1537.0733035236703,2015_07_PHI_CAR,2015,7,CAR,PHI,27.0,16.0,1
1594.6179318511172,1485.050298113827,174.56763373729018,0.7320193316152912,1605.5284668505194,1474.1397631144248,2015_07_BAL_ARI,2015,7,ARI,BAL,26.0,18.0,1
1715.8135007192618,1472.1526692938678,308.660831425394,0.8553006091710028,1724.4454576798155,1463.5207123333141,2015_08_MIA_NE,2015,8,NE,MIA,36.0,7.0,1
1511.601109869613,1434.074403286504,142.526706583109,0.6943317852551498,1532.1755539803823,1413.4999591757348,2015_08_DET_KC,2015,8,KC,DET,45.0,10.0,1
1537.4419509381387,1346.2249760011243,256.21697493701436,0.8138015451314285,1511.9044228006085,1371.7625041386545,2015_08_TB_ATL,2015,8,ATL,TB,20.0,23.0,0
1474.1397631144248,1442.0214204392453,97.11834267517952,0.6362345794851632,1483.7990747144902,1432.3621088391799,2015_08_SD_BAL,2015,8,BAL,SD,29.0,26.0,1
1383.102306162411,1539.4454340684824,-91.34312790607146,0.3714938948324584,1373.212912053654,1549.3348281772394,2015_08_MIN_CHI,2015,8,CHI,MIN,20.0,23.0,0
1379.8752980340005,1605.5284668505194,-160.65316881651893,0.28398209583046513,1365.5412728570698,1619.8624920274501,2015_08_ARI_CLE,2015,8,CLE,ARI,20.0,34.0,0
1431.0972683327036,1306.0662713374475,190.03099699525615,0.7491165992393578,1443.6049777174092,1293.558561952742,2015_08_TEN_HOU,2015,8,HOU,TEN,20.0,6.0,1
1486.5364088291715,1513.0190117815414,38.517397047630084,0.5552050117567325,1498.6565462622102,1500.8988743485027,2015_08_NYG_NO,2015,8,NO,NYG,52.0,49.0,1
1592.1734624934306,1655.2363041020994,1.9371583913311952,0.5027877661337627,1572.5886211820339,1674.8211454134962,2015_08_CIN_PIT,2015,8,PIT,CIN,10.0,16.0,0
1470.4836754197052,1456.0471298109082,79.4365456087969,0.6123671790089024,1493.6123465667472,1432.9184586638662,2015_08_SF_STL,2015,8,STL,SF,27.0,6.0,1
1425.1005899446723,1507.9282752996587,-17.827685354986443,0.47436639173354667,1453.8020157288954,1479.2268495154356,2015_08_NYJ_OAK,2015,8,OAK,NYJ,34.0,20.0,1
1505.5145381879865,1624.7883732682092,-54.273835080222625,0.422522859113347,1499.798150474038,1630.5047609821577,2015_08_SEA_DAL,2015,8,DAL,SEA,12.0,13.0,0
1685.691111913006,1679.0912074143964,71.59990449860948,0.6016062160109688,1708.8083734572995,1655.9739458701029,2015_08_GB_DEN,2015,8,DEN,GB,29.0,10.0,1
1614.6731124934254,1487.736335873226,191.93677662019945,0.7511727743463043,1621.018473483019,1481.3909748836322,2015_08_IND_CAR,2015,8,CAR,IND,29.0,26.0,1
1674.8211454134962,1365.5412728570698,374.2798725564264,0.8960911567703822,1680.3109185191913,1360.0514997513746,2015_09_CLE_CIN,2015,9,CIN,CLE,31.0,10.0,1
1485.7034439344989,1463.5207123333141,87.18273160118474,0.6228973121758745,1506.2571773587154,1442.9669789090976,2015_09_MIA_BUF,2015,9,BUF,MIA,33.0,17.0,1
1621.018473483019,1655.9739458701029,30.044527612916227,0.5431300963004282,1640.8249005832226,1636.1675187698993,2015_09_GB_CAR,2015,9,CAR,GB,37.0,29.0,1
1549.3348281772394,1493.6123465667472,120.7224816104922,0.6670637229085783,1558.0855936120822,1484.8615811319044,2015_09_STL_MIN,2015,9,MIN,STL,21.0,18.0,1
1724.4454576798155,1371.7184083027607,417.72704937705475,0.917179698051817,1728.4690950253098,1367.6947709572664,2015_09_WAS_NE,2015,9,NE,WAS,27.0,10.0,1
1498.6565462622102,1293.558561952742,270.0979843094683,0.8256072131592322,1462.0285063643507,1330.1866018506014,2015_09_TEN_NO,2015,9,NO,TEN,28.0,34.0,0
1479.2268495154356,1322.9004689598953,221.32638055554025,0.7814364588363201,1486.3431908301493,1315.7841276451816,2015_09_JAX_NYJ,2015,9,NYJ,JAX,28.0,23.0,1
1572.5886211820339,1453.8020157288954,183.78660545313846,0.742300648198704,1579.1826992458014,1447.207937665128,2015_09_OAK_PIT,2015,9,PIT,OAK,38.0,35.0,1
1432.9184586638662,1511.9044228006085,-13.985964136742268,0.4798834444657749,1440.1749364344237,1504.647945030051,2015_09_ATL_SF,2015,9,SF,ATL,17.0,16.0,1
1371.7625041386545,1500.8988743485027,-64.13637020984811,0.40873467622484516,1350.2521138568165,1522.4092646303407,2015_09_NYG_TB,2015,9,TB,NYG,18.0,32.0,0
1481.3909748836322,1708.8083734572995,-162.41739857366724,0.2819216071240573,1502.8873270571937,1687.312021283738,2015_09_DEN_IND,2015,9,IND,DEN,27.0,24.0,1
1499.798150474038,1537.0733035236703,27.72484695036769,0.5398147869873368,1478.5213950271507,1558.3500589705577,2015_09_PHI_DAL,2015,9,DAL,PHI,27.0,33.0,0
1432.3621088391799,1373.212912053654,124.14919678552587,0.6714300801460575,1412.6327582363997,1392.9422626564342,2015_09_CHI_SD,2015,9,SD,CHI,19.0,22.0,0
1486.3431908301493,1506.2571773587154,45.086013471433944,0.564522216164696,1465.690174774778,1526.9101934140867,2015_10_BUF_NYJ,2015,10,NYJ,BUF,17.0,22.0,0
1483.7990747144902,1315.7841276451816,233.01494706930862,0.7927105230412498,1464.3180995491875,1335.2651028104842,2015_10_JAX_BAL,2015,10,BAL,JAX,20.0,22.0,0
1636.1675187698993,1413.4999591757348,287.66755959416446,0.8396932643832123,1614.9421909677058,1434.7252869779284,2015_10_DET_GB,2015,10,GB,DET,16.0,18.0,0
1558.3500589705577,1442.9669789090976,180.38308006146008,0.7385350801497279,1547.1973526558854,1454.11968522377,2015_10_MIA_PHI,2015,10,PHI,MIA,19.0,20.0,0
1579.1826992458014,1360.0514997513746,284.1311994944267,0.8369340646240302,1588.1105385153362,1351.1236604818398,2015_10_CLE_PIT,2015,10,PIT,CLE,30.0,9.0,1
1484.8615811319044,1392.9422626564342,156.91931847547016,0.711627224120456,1435.530124814415,1442.2737189739235,2015_10_CHI_STL,2015,10,STL,CHI,13.0,37.0,0
1350.2521138568165,1478.5213950271507,-63.269281170334125,0.4099414900262568,1369.8077608262934,1458.9657480576739,2015_10_DAL_TB,2015,10,TB,DAL,10.0,6.0,1
1330.1866018506014,1640.8249005832226,-245.63829873262125,0.19560270438072708,1320.0150080203368,1650.9964944134872,2015_10_CAR_TEN,2015,10,TEN,CAR,10.0,27.0,0
1367.6947709572664,1462.0285063643507,-29.333735407084305,0.4578853823919978,1406.4452832840361,1423.277994037581,2015_10_NO_WAS,2015,10,WAS,NO,47.0,14.0,1
1447.207937665128,1558.0855936120822,-45.87765594695429,0.4343578215486935,1423.0981432578833,1582.1953880193269,2015_10_MIN_OAK,2015,10,OAK,MIN,14.0,30.0,0
1687.312021283738,1532.1755539803823,220.13646730335563,0.7802643209429924,1638.1829621455413,1581.304613118579,2015_10_KC_DEN,2015,10,DEN,KC,13.0,29.0,0
1522.4092646303407,1728.4690950253098,-141.05983039496914,0.3074632671657146,1518.4037450209032,1732.4746146347472,2015_10_NE_NYG,2015,10,NYG,NE,26.0,27.0,0
1630.5047609821577,1619.8624920274501,75.64226895470756,0.6071700078236344,1604.3541372798077,1646.0131157298001,2015_10_ARI_SEA,2015,10,SEA,ARI,32.0,39.0,0
1680.3109185191913,1443.6049777174092,301.70594080178216,0.8502749307413835,1648.591677273375,1475.3242189632256,2015_10_HOU_CIN,2015,10,CIN,HOU,6.0,10.0,0
1335.2651028104842,1320.0150080203368,80.25009479014739,0.6134782522380556,1349.7784275176455,1305.5016833131754,2015_11_TEN_JAX,2015,11,JAX,TEN,19.0,13.0,1
1504.647945030051,1502.8873270571937,66.76061797285729,0.5949109978030448,1487.6373095537315,1519.8979625335132,2015_11_IND_ATL,2015,11,ATL,IND,21.0,24.0,0
1464.3180995491875,1435.530124814415,93.78797473477243,0.6317861263181006,1474.1097298939824,1425.7384944696203,2015_11_STL_BAL,2015,11,BAL,STL,16.0,13.0,1
1650.9964944134872,1406.4452832840361,309.5512111294511,0.8559337864503416,1659.5019979278038,1397.9397797697195,2015_11_WAS_CAR,2015,11,CAR,WAS,44.0,16.0,1
1442.2737189739235,1638.1829621455413,-130.90924317161785,0.3200430042337285,1435.6365923466763,1644.8200887727885,2015_11_DEN_CHI,2015,11,CHI,DEN,15.0,17.0,0
1434.7252869779284,1423.0981432578833,76.62714372004507,0.608521416495469,1448.2818152310858,1409.5416150047258,2015_11_OAK_DET,2015,11,DET,OAK,18.0,13.0,1
1475.3242189632256,1465.690174774778,74.63404418844766,0.6057848572040663,1491.1812238475386,1449.833169890465,2015_11_NYJ_HOU,2015,11,HOU,NYJ,24.0,17.0,1
1454.11968522377,1458.9657480576739,60.15393716609606,0.5857137180979592,1425.2404457633716,1487.8449875180722,2015_11_DAL_MIA,2015,11,MIA,DAL,14.0,24.0,0
1547.1973526558854,1369.8077608262934,242.38959182959206,0.8014380687366525,1486.5408101458015,1430.4643033363773,2015_11_TB_PHI,2015,11,PHI,TB,17.0,45.0,0
1412.6327582363997,1581.304613118579,-103.67185488217933,0.3550799983646209,1389.343431065858,1604.5939402891206,2015_11_KC_SD,2015,11,SD,KC,3.0,33.0,0
1582.1953880193269,1614.9421909677058,32.2531970516211,0.5462832047326726,1550.146300015373,1646.9912789716595,2015_11_GB_MIN,2015,11,MIN,GB,13.0,30.0,0
1604.3541372798077,1440.1749364344237,229.179200845384,0.7890588179089918,1615.1792836316877,1429.3497900825437,2015_11_SF_SEA,2015,11,SEA,SF,29.0,13.0,1
1646.0131157298001,1648.591677273375,62.42143845642522,0.5888774335199136,1657.097356261613,1637.507436741562,2015_11_CIN_ARI,2015,11,ARI,CIN,34.0,31.0,1
1732.4746146347472,1526.9101934140867,270.5644212206605,0.8259934652308651,1738.9188110328855,1520.4659970159485,2015_11_BUF_NE,2015,11,NE,BUF,20.0,13.0,1
1448.2818152310858,1486.5408101458015,26.741005085284314,0.5384075889803407,1479.8927322878073,1454.92989308908,2015_12_PHI_DET,2015,12,DET,PHI,45.0,14.0,1
1487.8449875180722,1659.5019979278038,-106.65701040973158,0.35115477949090634,1467.7785056561424,1679.5684797897336,2015_12_CAR_DAL,2015,12,DAL,CAR,14.0,33.0,0
1646.9912789716595,1435.6365923466763,276.3546866249833,0.8307322070379193,1616.4094853370477,1466.218385981288,2015_12_CHI_GB,2015,12,GB,CHI,13.0,17.0,0
1487.6373095537315,1550.146300015373,2.491009538358412,0.5035847894687489,1463.45906135547,1574.3245482136344,2015_12_MIN_ATL,2015,12,ATL,MIN,10.0,20.0,0
1637.507436741562,1425.7384944696203,276.7689422719418,0.8310672626715084,1647.1676168968954,1416.078314314287,2015_12_STL_CIN,2015,12,CIN,STL,31.0,7.0,1
1491.1812238475386,1423.277994037581,132.90322980995757,0.6824496773969512,1508.8160453754767,1405.643172509643,2015_12_NO_HOU,2015,12,HOU,NO,24.0,6.0,1
1519.8979625335132,1430.4643033363773,154.43365919713597,0.7086820311652509,1534.2654992817018,1416.0967665881888,2015_12_TB_IND,2015,12,IND,TB,25.0,12.0,1
1349.7784275176455,1389.343431065858,25.434996451787356,0.5365386507339069,1328.6530694891298,1410.4687890943737,2015_12_SD_JAX,2015,12,JAX,SD,25.0,31.0,0
1604.5939402891206,1520.4659970159485,149.12794327317215,0.7023365977923623,1616.8442168987824,1508.2157204062867,2015_12_BUF_KC,2015,12,KC,BUF,30.0,22.0,1
1449.833169890465,1425.2404457633716,89.59272412709333,0.6261504367989261,1470.9872369190205,1404.086378734816,2015_12_MIA_NYJ,2015,12,NYJ,MIA,38.0,20.0,1
1305.5016833131754,1409.5416150047258,-39.039931691550464,0.44405229134199004,1293.4046072995077,1421.6386910183935,2015_12_OAK_TEN,2015,12,TEN,OAK,21.0,24.0,0
1397.9397797697195,1518.4037450209032,-55.46396525118371,0.42085214164401874,1421.0621082329315,1495.2814165576913,2015_12_NYG_WAS,2015,12,WAS,NYG,20.0,14.0,1
1429.3497900825437,1657.097356261613,-162.74756617906928,0.2815370062390353,1419.1475950079805,1667.2995513361761,2015_12_ARI_SF,2015,12,SF,ARI,13.0,19.0,0
1615.1792836316877,1588.1105385153362,92.06874511635147,0.6294808496142992,1631.5569260838383,1571.7328960631855,2015_12_PIT_SEA,2015,12,SEA,PIT,39.0,30.0,1
1644.8200887727885,1738.9188110328855,-29.09872226009702,0.4582212131197878,1666.1877692991682,1717.5511305065058,2015_12_NE_DEN,2015,12,DEN,NE,30.0,24.0,1
1351.1236604818398,1474.1097298939824,-57.98606941214257,0.4173176144186495,1335.2994912984216,1489.9338990774006,2015_12_BAL_CLE,2015,12,CLE,BAL,27.0,33.0,0
1479.8927322878073,1616.4094853370477,-71.51675304924038,0.39850851253868663,1467.4691007489043,1628.8331168759507,2015_13_GB_DET,2015,13,DET,GB,23.0,27.0,0
1508.2157204062867,1508.8160453754767,64.39967503080993,0.5916315742919467,1526.4869357900147,1490.5448299917487,2015_13_HOU_BUF,2015,13,BUF,HOU,30.0,21.0,1
1466.218385981288,1419.1475950079805,112.07079097330757,0.6559124822225356,1439.3212780605024,1446.0447029287661,2015_13_SF_CHI,2015,13,CHI,SF,20.0,26.0,0
1335.2994912984216,1647.1676168968954,-246.86812559847385,0.1944912070160015,1322.8651092168102,1659.6019989785068,2015_13_CIN_CLE,2015,13,CLE,CIN,3.0,37.0,0
1404.086378734816,1489.9338990774006,-20.84752034258463,0.47003396191603597,1415.8423238225696,1478.177953989647,2015_13_BAL_MIA,2015,13,MIA,BAL,15.0,13.0,1
1574.3245482136344,1631.5569260838383,7.767622129796109,0.5111766447262452,1538.7669386280347,1667.114535669438,2015_13_SEA_MIN,2015,13,MIN,SEA,7.0,38.0,0
1495.2814165576913,1470.9872369190205,89.29417963867081,0.625748058659854,1477.1980229077185,1489.0706305689932,2015_13_NYJ_NYG,2015,13,NYG,NYJ,20.0,23.0,0
1416.078314314287,1667.2995513361761,-186.22123702188924,0.2550275591912516,1400.9415409851144,1682.4363246653486,2015_13_ARI_STL,2015,13,STL,ARI,3.0,27.0,0
1416.0967665881888,1463.45906135547,17.637705232718645,0.5253609158693403,1431.2532973129762,1448.3025306306827,2015_13_ATL_TB,2015,13,TB,ATL,23.0,19.0,1
1293.4046072995077,1328.6530694891298,29.75153781037784,0.5427115571281743,1305.9141630398597,1316.1435137487779,2015_13_JAX_TEN,2015,13,TEN,JAX,42.0,39.0,1
1421.6386910183935,1616.8442168987824,-130.2055258803889,0.32092518954596744,1405.22829861515,1633.254609302026,2015_13_KC_OAK,2015,13,OAK,KC,20.0,34.0,0
1410.4687890943737,1666.1877692991682,-190.71898020479443,0.250139823570231,1398.0017392128104,1678.6548191807315,2015_13_DEN_SD,2015,13,SD,DEN,3.0,17.0,0
1717.5511305065058,1454.92989308908,327.62123741742585,0.8682918548718421,1675.121288674385,1497.359734921201,2015_13_PHI_NE,2015,13,NE,PHI,28.0,35.0,0
1405.643172509643,1679.5684797897336,-208.9253072800907,0.23100044654087246,1399.7939570601345,1685.417695239242,2015_13_CAR_NO,2015,13,NO,CAR,38.0,41.0,0
1571.7328960631855,1534.2654992817018,102.46739678148379,0.6433306708240187,1596.157900776316,1509.8404945685713,2015_13_IND_PIT,2015,13,PIT,IND,45.0,10.0,1
1421.0621082329315,1467.7785056561424,18.283602576789008,0.5262879570018968,1406.3480229232805,1482.4925909657934,2015_13_DAL_WAS,2015,13,WAS,DAL,16.0,19.0,0
1682.4363246653486,1538.7669386280347,208.66938603731387,0.7687377514333373,1688.2927914479624,1532.910471845421,2015_14_MIN_ARI,2015,14,ARI,MIN,23.0,20.0,1
1478.177953989647,1667.114535669438,-123.93658167979106,0.32883998558939165,1457.0019085249223,1688.2905811341627,2015_14_SEA_BAL,2015,14,BAL,SEA,6.0,35.0,0
1685.417695239242,1448.3025306306827,302.1151646085593,0.8505745792225469,1695.0443051265286,1438.675920743396,2015_14_ATL_CAR,2015,14,CAR,ATL,38.0,0.0,1
1439.3212780605024,1406.3480229232805,97.97325513722194,0.6373727938894549,1420.8258912917931,1424.8434096919898,2015_14_WAS_CHI,2015,14,CHI,WAS,21.0,24.0,0
1659.6019989785068,1596.157900776316,128.44409820219084,0.6768610659363405,1621.661383015321,1634.0985167395017,2015_14_PIT_CIN,2015,14,CIN,PIT,20.0,33.0,0
1322.8651092168102,1446.0447029287661,-58.17959371195593,0.4170467513700479,1355.2960884586905,1413.6137236868858,2015_14_SF_CLE,2015,14,CLE,SF,24.0,10.0,1
1316.1435137487779,1509.8404945685713,-128.69698081979345,0.3228206230818018,1367.6927773648101,1458.291230952539,2015_14_IND_JAX,2015,14,JAX,IND,51.0,16.0,1
1633.254609302026,1398.0017392128104,300.25287008921555,0.8492069384750875,1638.7728014191757,1392.4835470956607,2015_14_SD_KC,2015,14,KC,SD,10.0,3.0,1
1489.0706305689932,1305.9141630398597,248.15646752913358,0.8066680299557284,1499.9655289965237,1295.0192646123292,2015_14_TEN_NYJ,2015,14,NYJ,TEN,30.0,8.0,1
1497.359734921201,1526.4869357900147,35.872799131186184,0.5514424350860265,1509.596855126456,1514.2498155847597,2015_14_BUF_PHI,2015,14,PHI,BUF,23.0,20.0,1
1400.9415409851144,1467.4691007489043,-1.5275597637898954,0.49780167895204286,1421.841894067011,1446.5687476670078,2015_14_DET_STL,2015,14,STL,DET,21.0,14.0,1
1431.2532973129762,1399.7939570601345,96.45934025284168,0.6353561530948462,1403.6178994494003,1427.4293549237104,2015_14_NO_TB,2015,14,TB,NO,17.0,24.0,0
1678.6548191807315,1405.22829861515,338.42652056558154,0.8752436482225346,1649.9762871260937,1433.9068306697877,2015_14_OAK_DEN,2015,14,DEN,OAK,12.0,15.0,0
1628.8331168759507,1482.4925909657934,211.34052591015734,0.7714600507024173,1641.7233635379082,1469.602344303836,2015_14_DAL_GB,2015,14,GB,DAL,28.0,7.0,1
1490.5448299917487,1675.121288674385,-119.57645868263626,0.33440302264371125,1470.9374688423584,1694.7286498237752,2015_14_NE_HOU,2015,14,HOU,NE,6.0,27.0,0
1415.8423238225696,1477.1980229077185,3.644300914851101,0.5052443782695122,1394.7949358381445,1498.2454108921436,2015_14_NYG_MIA,2015,14,MIA,NYG,24.0,31.0,0
1421.841894067011,1403.6178994494003,83.22399461761074,0.6175296202034473,1438.0367247560803,1387.423068760331,2015_15_TB_STL,2015,15,STL,TB,31.0,23.0,1
1469.602344303836,1499.9655289965237,34.63681530731219,0.5496819027575298,1454.1181424785127,1515.449730821847,2015_15_NYJ_DAL,2015,15,DAL,NYJ,16.0,19.0,0
1457.0019085249223,1638.7728014191757,-116.7708928942534,0.33800724240866403,1437.457849153999,1658.316860790099,2015_15_KC_BAL,2015,15,BAL,KC,14.0,34.0,0
1458.291230952539,1470.9374688423584,52.353762110180696,0.5747779967467702,1435.3766009850935,1493.852098809804,2015_15_HOU_IND,2015,15,IND,HOU,10.0,16.0,0
1367.6927773648101,1438.675920743396,-5.9831433785859645,0.49139041559420155,1348.6206142851292,1457.748083823077,2015_15_ATL_JAX,2015,15,JAX,ATL,17.0,23.0,0
1532.910471845421,1420.8258912917931,177.0845805536278,0.7348519670159943,1548.0810251591922,1405.6553379780219,2015_15_CHI_MIN,2015,15,MIN,CHI,38.0,17.0,1
1694.7286498237752,1295.0192646123292,464.70938521144603,0.935540194851489,1697.805069060938,1291.9428453751664,2015_15_TEN_NE,2015,15,NE,TEN,33.0,16.0,1
1498.2454108921436,1695.0443051265286,-131.798894234385,0.31892957101840197,1489.9026109416084,1703.3871050770638,2015_15_CAR_NYG,2015,15,NYG,CAR,35.0,38.0,0
1424.8434096919898,1514.2498155847597,-24.406405892769953,0.46493401935132234,1450.791921546753,1488.3013037299966,2015_15_BUF_WAS,2015,15,WAS,BUF,35.0,25.0,1
1433.9068306697877,1641.7233635379082,-142.81653286812048,0.30531424192887496,1420.1571797878673,1655.4730144198286,2015_15_GB_OAK,2015,15,OAK,GB,20.0,30.0,0
1688.2905811341627,1355.2960884586905,397.9944926754722,0.9081322908714216,1692.7876655728576,1350.7990040199957,2015_15_CLE_SEA,2015,15,SEA,CLE,30.0,13.0,1
1634.0985167395017,1649.9762871260937,49.12222961340808,0.5702252647354438,1651.581969954046,1632.4928339115495,2015_15_DEN_PIT,2015,15,PIT,DEN,34.0,27.0,1
1392.4835470956607,1394.7949358381445,62.688611257516186,0.5892497263936615,1415.1135716693097,1372.1649112644955,2015_15_MIA_SD,2015,15,SD,MIA,30.0,14.0,1
1413.6137236868858,1621.661383015321,-143.0476593284352,0.30503212556216025,1399.878132813562,1635.3969738886449,2015_15_CIN_SF,2015,15,SF,CIN,14.0,24.0,0
1509.596855126456,1688.2927914479624,-113.69593632150645,0.34197924613071373,1488.9284296932944,1708.9612168811238,2015_15_ARI_PHI,2015,15,PHI,ARI,17.0,40.0,0
1427.4293549237104,1446.5687476670078,45.86060725670268,0.5656180661341333,1402.0443884256256,1471.9537141650926,2015_15_DET_NO,2015,15,NO,DET,27.0,35.0,0
1420.1571797878673,1415.1135716693097,70.04360811855759,0.599457072240121,1430.919923554895,1404.3508279022822,2015_16_SD_OAK,2015,16,OAK,SD,23.0,20.0,1
1488.9284296932944,1450.791921546753,103.13650814654147,0.6442139823448452,1452.3209882963395,1487.399362943708,2015_16_WAS_PHI,2015,16,PHI,WAS,24.0,38.0,0
1457.748083823077,1703.3871050770638,-180.6390212539868,0.261180521046587,1491.223329225139,1669.9118596750018,2015_16_CAR_ATL,2015,16,ATL,CAR,20.0,13.0,1
1437.457849153999,1651.581969954046,-149.12412080004697,0.2976680023663146,1458.3465394469836,1630.6932796610613,2015_16_PIT_BAL,2015,16,BAL,PIT,20.0,17.0,1
1488.3013037299966,1454.1181424785127,99.18316125148385,0.6389810092238886,1504.8681318202196,1437.5513143882897,2015_16_DAL_BUF,2015,16,BUF,DAL,16.0,6.0,1
1471.9537141650926,1399.878132813562,137.07558135153067,0.687631708827695,1488.2591462875348,1383.5727006911197,2015_16_SF_DET,2015,16,DET,SF,32.0,17.0,1
1658.316860790099,1350.7990040199957,372.51785677010344,0.8951429244217719,1661.2033254669725,1347.9125393431223,2015_16_CLE_KC,2015,16,KC,CLE,17.0,13.0,1
1372.1649112644955,1435.3766009850935,1.7883102794019123,0.5025735626419683,1352.589739303731,1454.951772945858,2015_16_IND_MIA,2015,16,MIA,IND,12.0,18.0,0
1515.449730821847,1697.805069060938,-117.355338239091,0.33725485449491077,1542.695987111455,1670.55881277133,2015_16_NE_NYJ,2015,16,NYJ,NE,26.0,20.0,1
1387.423068760331,1405.6553379780219,46.76773078230917,0.5669005956964774,1366.6668414370029,1426.41156530135,2015_16_CHI_TB,2015,16,TB,CHI,21.0,26.0,0
1291.9428453751664,1493.852098809804,-136.90925343463755,0.3125739851977755,1272.1255249908345,1513.6694191941358,2015_16_HOU_TEN,2015,16,TEN,HOU,6.0,34.0,0
1402.0443884256256,1348.6206142851292,118.42377414049633,0.6641184697204683,1417.8844204885509,1332.780582222204,2015_16_JAX_NO,2015,16,NO,JAX,38.0,27.0,1
1708.9612168811238,1655.4730144198286,118.48820246129526,0.6642011949065303,1730.8451614036458,1633.5890698973067,2015_16_GB_ARI,2015,16,ARI,GB,38.0,8.0,1
1692.7876655728576,1438.0367247560803,319.7509408167773,0.8630237165031467,1653.4885469655967,1477.3358433633412,2015_16_STL_SEA,2015,16,SEA,STL,17.0,23.0,0
1548.0810251591922,1489.9026109416084,123.17841421758385,0.6701960624611627,1569.9214167500165,1468.062219350784,2015_16_NYG_MIN,2015,16,MIN,NYG,49.0,17.0,1
1632.4928339115495,1635.3969738886449,62.09586002290462,0.5884236175500097,1643.5909068282338,1624.2989009719606,2015_16_CIN_DEN,2015,16,DEN,CIN,20.0,17.0,1
1491.223329225139,1417.8844204885509,138.3389087365881,0.6891916216808575,1470.8326896732244,1438.2750600404654,2015_17_NO_ATL,2015,17,ATL,NO,17.0,20.0,0
1504.8681318202196,1542.695987111455,27.172144708764563,0.5390243286016005,1521.1857438898844,1526.3783750417902,2015_17_NYJ_BUF,2015,17,BUF,NYJ,22.0,17.0,1
1426.41156530135,1488.2591462875348,3.1524190138152335,0.5045365711499996,1410.147855026117,1504.5228565627679,2015_17_DET_CHI,2015,17,CHI,DET,20.0,24.0,0
1624.2989009719606,1458.3465394469836,230.95236152497705,0.790752731685912,1632.6205706640962,1450.024869754848,2015_17_BAL_CIN,2015,17,CIN,BAL,24.0,16.0,1
1347.9125393431223,1630.6932796610613,-217.78074031793903,0.22206951332525407,1336.4625790093942,1642.1432399947894,2015_17_PIT_CLE,2015,17,CLE,PIT,12.0,28.0,0
1437.5513143882897,1487.399362943708,15.151951444581755,0.5217915975311882,1411.4394069263012,1513.5112704056965,2015_17_WAS_DAL,2015,17,DAL,WAS,23.0,34.0,0
1513.6694191941358,1332.780582222204,245.88883697193182,0.8046241172580761,1524.9827669773283,1321.4672344390115,2015_17_JAX_HOU,2015,17,HOU,JAX,30.0,6.0,1
1454.951772945858,1272.1255249908345,247.82624795502352,0.8063714033211797,1461.72451242299,1265.3527855137024,2015_17_TEN_IND,2015,17,IND,TEN,30.0,24.0,1
1352.589739303731,1670.55881277133,-252.96907346759895,0.18904813356536135,1396.5342988387818,1626.6142532362792,2015_17_NE_MIA,2015,17,MIA,NE,20.0,10.0,1
1468.062219350784,1452.3209882963395,80.7412310544446,0.6141484318414522,1445.2156106623681,1475.1675969847554,2015_17_PHI_NYG,2015,17,NYG,PHI,30.0,35.0,0
1730.8451614036458,1653.4885469655967,142.35661443804906,0.6941239401065815,1679.8747353343679,1704.4589730348746,2015_17_SEA_ARI,2015,17,ARI,SEA,6.0,36.0,0
1669.9118596750018,1366.6668414370029,368.2450182379989,0.8928117122896333,1676.095508646718,1360.4831924652867,2015_17_TB_CAR,2015,17,CAR,TB,38.0,10.0,1
1643.5909068282338,1404.3508279022822,304.2400789259516,0.8521225766838673,1648.9937866188525,1398.9479481116634,2015_17_SD_DEN,2015,17,DEN,SD,27.0,20.0,1
1661.2033254669725,1430.919923554895,295.2834019120776,0.8455070312281268,1666.5044047628403,1425.6188442590271,2015_17_OAK_KC,2015,17,KC,OAK,23.0,17.0,1
1383.5727006911197,1477.3358433633412,-28.76314267222142,0.4587008177172003,1398.779517058471,1462.12902699599,2015_17_STL_SF,2015,17,SF,STL,19.0,16.0,1
1633.5890698973067,1569.9214167500165,128.66765314729014,0.6771424697027532,1603.678157694297,1599.8323289530263,2015_17_MIN_GB,2015,17,GB,MIN,13.0,20.0,0
1599.3788556747747,1617.455704267361,46.9231514074138,0.567120246514982,1605.2545229134669,1611.5800370286688,2016_01_CAR_DEN,2016,1,DEN,CAR,21.0,20.0,1
1480.5454040120408,1406.9422893743463,138.6031146376945,0.6895173127785013,1449.9410686802394,1437.5466247061477,2016_01_TB_ATL,2016,1,ATL,TB,24.0,31.0,0
1466.6665881264835,1514.130891174553,17.535696951930504,0.5252144896536582,1484.9982693512773,1495.7992099497592,2016_01_BUF_BAL,2016,1,BAL,BUF,13.0,7.0,1
1516.663505573878,1440.06861930242,141.59488627145788,0.6931921730361118,1529.9381543393852,1426.7939705369129,2016_01_CHI_HOU,2016,1,HOU,CHI,23.0,14.0,1
1380.9186453708207,1569.153331182096,-123.23468581127531,0.3297323432013314,1370.8679671319067,1579.2040094210101,2016_01_GB_JAX,2016,1,JAX,GB,23.0,27.0,0
1611.0584379768145,1432.5982813904795,243.46015658633496,0.8024169436525768,1617.981845521654,1425.6748738456401,2016_01_SD_KC,2016,1,KC,SD,33.0,27.0,1
1458.8294650469904,1450.3877691207713,73.44169592621915,0.6041445534628735,1450.165000924105,1459.0522332436567,2016_01_OAK_NO,2016,1,NO,OAK,34.0,35.0,0
1517.5943761528742,1588.4579206329522,-5.863544480077962,0.4915624822252937,1510.7979872389044,1595.254309546922,2016_01_CIN_NYJ,2016,1,NYJ,CIN,22.0,23.0,0
1483.4367871888319,1390.9205401992658,157.51624698956607,0.7123318664135038,1499.5207379867009,1374.8365894013969,2016_01_CLE_PHI,2016,1,PHI,CLE,29.0,10.0,1
1343.4903079376395,1566.5881634116686,-158.09785547402907,0.2869825640225724,1331.160336989793,1578.918134359515,2016_01_MIN_TEN,2016,1,TEN,MIN,16.0,25.0,0
1636.3741350142614,1430.9883773254674,270.385757688794,0.8258455954680739,1639.7818778768303,1427.5806344628984,2016_01_MIA_SEA,2016,1,SEA,MIA,12.0,10.0,1
1440.9300844198428,1463.4588123117996,42.471272108043195,0.5608184356157249,1433.002446031154,1471.3864507004885,2016_01_NYG_DAL,2016,1,DAL,NYG,19.0,20.0,0
1474.4702497861344,1503.0167453273662,36.45350445876829,0.5522691481419917,1456.3938701494387,1521.0931249640619,2016_01_DET_IND,2016,1,IND,DET,35.0,39.0,0
1619.9764484680234,1584.4517069085982,100.52474155942514,0.640760608946742,1605.2233862658645,1599.204769110757,2016_01_NE_ARI,2016,1,ARI,NE,21.0,23.0,0
1509.0120173605997,1594.8095410765245,-20.797523715924854,0.47010565502615964,1479.807825603071,1624.0137328340531,2016_01_PIT_WAS,2016,1,WAS,PIT,16.0,38.0,0
1432.4859378780002,1500.0,-2.514062121999814,0.49638203691773314,1466.4413539566824,1466.0445839213178,2016_01_LA_SF,2016,1,SF,LA,28.0,0.0,1
1495.7992099497592,1510.7979872389044,50.00122271085479,0.5714648410844766,1473.0415940771336,1533.55560311153,2016_02_NYJ_BUF,2016,2,BUF,NYJ,31.0,37.0,0
1605.2233862658645,1437.5466247061477,232.67676155971685,0.7923904493479679,1618.4650425199663,1424.3049684520458,2016_02_TB_ARI,2016,2,ARI,TB,40.0,7.0,1
1611.5800370286688,1466.4413539566824,210.1386830719864,0.7702379876680423,1624.1458869269404,1453.8755040584108,2016_02_SF_CAR,2016,2,CAR,SF,46.0,27.0,1
1374.8365894013969,1484.9982693512773,-45.16167994988041,0.435370707364318,1359.5488254249844,1500.2860333276897,2016_02_BAL_CLE,2016,2,CLE,BAL,20.0,25.0,0
1521.0931249640619,1331.160336989793,254.93278797426888,0.8126787896748312,1508.3503958879794,1343.9030660658755,2016_02_TEN_DET,2016,2,DET,TEN,15.0,16.0,0
1529.9381543393852,1617.981845521654,-23.04369118226873,0.46688600471518454,1552.344434559736,1595.575565301303,2016_02_KC_HOU,2016,2,HOU,KC,19.0,12.0,1
1599.204769110757,1427.5806344628984,236.62413464785868,0.7961037146466223,1606.8610906569807,1419.9243129166748,2016_02_MIA_NE,2016,2,NE,MIA,31.0,24.0,1
1471.3864507004885,1450.165000924105,86.22144977638345,0.6215966130388162,1481.4823463502594,1440.069105274334,2016_02_NO_NYG,2016,2,NYG,NO,16.0,13.0,1
1624.0137328340531,1595.254309546922,93.75942328713109,0.6317478911090434,1639.534904474045,1579.73313790693,2016_02_CIN_PIT,2016,2,PIT,CIN,24.0,16.0,1
1479.807825603071,1433.002446031154,111.805379571917,0.65556758200624,1457.576088362602,1455.2341832716231,2016_02_DAL_WAS,2016,2,WAS,DAL,23.0,27.0,0
1466.0445839213178,1639.7818778768303,-108.73729395551254,0.34843120452951487,1492.7209792125266,1613.1054825856215,2016_02_SEA_LA,2016,2,LA,SEA,9.0,3.0,1
1605.2545229134669,1456.3938701494387,213.86065276402815,0.7740076971340818,1616.4100691224016,1445.238323940504,2016_02_IND_DEN,2016,2,DEN,IND,34.0,20.0,1
1459.0522332436567,1449.9410686802394,74.11116456341733,0.6050658270430477,1433.0110048453644,1475.9822970785317,2016_02_ATL_OAK,2016,2,OAK,ATL,28.0,35.0,0
1425.6748738456401,1370.8679671319067,119.8069067137335,0.6658921762854656,1446.073067383141,1350.4697735944058,2016_02_JAX_SD,2016,2,SD,JAX,38.0,14.0,1
1578.918134359515,1579.2040094210101,64.71412493850494,0.5920688330549372,1589.9051977995682,1568.216945980957,2016_02_GB_MIN,2016,2,MIN,GB,17.0,14.0,1
1426.7939705369129,1499.5207379867009,-7.726767449787985,0.488882120660801,1399.7794688937406,1526.535239629873,2016_02_PHI_CHI,2016,2,CHI,PHI,14.0,29.0,0
1606.8610906569807,1552.344434559736,119.51665609724455,0.6655203503344294,1628.0035998719484,1531.2019253447684,2016_03_HOU_NE,2016,3,NE,HOU,27.0,0.0,1
1473.0415940771336,1618.4650425199663,-80.42344844283275,0.3862851489346513,1508.3644374221074,1583.1421991749926,2016_03_ARI_BUF,2016,3,BUF,ARI,33.0,18.0,1
1624.1458869269404,1589.9051977995682,99.2406891273722,0.6390573984382028,1589.814208080654,1624.2368766458546,2016_03_MIN_CAR,2016,3,CAR,MIN,10.0,22.0,0
1579.73313790693,1616.4100691224016,28.32306878452846,0.5406701203724127,1551.6355769169745,1644.5076301123572,2016_03_DEN_CIN,2016,3,CIN,DEN,17.0,29.0,0
1568.216945980957,1508.3503958879794,124.8665500929776,0.6723404323547725,1581.1120312168714,1495.455310652065,2016_03_DET_GB,2016,3,GB,DET,34.0,27.0,1
1350.4697735944058,1500.2860333276897,-84.81625973328391,0.38030788013908795,1342.423752393356,1508.3320545287395,2016_03_BAL_JAX,2016,3,JAX,BAL,17.0,19.0,0
1419.9243129166748,1359.5488254249844,125.37548749169036,0.6729855109249494,1431.9649471843431,1347.508191157316,2016_03_CLE_MIA,2016,3,MIA,CLE,30.0,24.0,1
1481.4823463502594,1457.576088362602,88.90625798765745,0.625224958229665,1467.166207005311,1471.8922277075503,2016_03_WAS_NYG,2016,3,NYG,WAS,27.0,29.0,0
1343.9030660658755,1433.0110048453644,-24.107938779488904,0.46536146106854664,1324.7590104939832,1452.1550604172567,2016_03_OAK_TEN,2016,3,TEN,OAK,10.0,17.0,0
1613.1054825856215,1453.8755040584108,224.22997852721073,0.7842777474503635,1624.8349097735033,1442.146076870529,2016_03_SF_SEA,2016,3,SEA,SF,37.0,18.0,1
1424.3049684520458,1492.7209792125266,-3.416010760480731,0.49508412374510286,1406.591040102647,1510.4349075619255,2016_03_LA_TB,2016,3,TB,LA,32.0,37.0,0
1445.238323940504,1446.073067383141,64.16525655736291,0.5913055089285731,1458.0208758728975,1433.2905154507475,2016_03_SD_IND,2016,3,IND,SD,26.0,22.0,1
1595.575565301303,1533.55560311153,127.01996218977297,0.6750654076488039,1614.5668124659346,1514.5643559468983,2016_03_NYJ_KC,2016,3,KC,NYJ,24.0,3.0,1
1526.535239629873,1639.534904474045,-47.999664844172,0.4313590813541784,1566.8295674121232,1599.240576691795,2016_03_PIT_PHI,2016,3,PHI,PIT,34.0,3.0,1
1455.2341832716231,1399.7794688937406,120.45471437788251,0.6667213074734138,1472.347880293163,1382.6657718722008,2016_03_CHI_DAL,2016,3,DAL,CHI,31.0,17.0,1
1440.069105274334,1475.9822970785317,29.086808195802405,0.5417617608237913,1411.0911731059643,1504.9602292469015,2016_03_ATL_NO,2016,3,NO,ATL,32.0,45.0,0
1551.6355769169745,1431.9649471843431,184.67062973263137,0.7432728959580658,1564.769106234333,1418.8314178669846,2016_04_MIA_CIN,2016,4,CIN,MIA,22.0,7.0,1
1342.423752393356,1458.0208758728975,-50.59712347954155,0.4276953146899655,1358.6649334847177,1441.7796947815357,2016_04_IND_JAX,2016,4,JAX,IND,30.0,27.0,1
1504.9602292469015,1589.814208080654,-19.853978833752535,0.47145888770047895,1534.5356764742314,1560.238760853324,2016_04_CAR_ATL,2016,4,ATL,CAR,48.0,33.0,1
1508.3320545287395,1452.1550604172567,121.17699411148283,0.667644540731132,1498.5370210374904,1461.9500939085058,2016_04_OAK_BAL,2016,4,BAL,OAK,27.0,28.0,0
1382.6657718722008,1495.455310652065,-47.78953877986419,0.4316558026272023,1398.7735198310336,1479.3475626932322,2016_04_DET_CHI,2016,4,CHI,DET,17.0,14.0,1
1531.2019253447684,1324.7590104939832,271.4429148507852,0.8267191035214632,1537.616967206945,1318.3439686318065,2016_04_TEN_HOU,2016,4,HOU,TEN,27.0,20.0,1
1628.0035998719484,1508.3644374221074,184.63916244984102,0.7432383295624982,1582.0301347676198,1554.337902526436,2016_04_BUF_NE,2016,4,NE,BUF,0.0,16.0,0
1514.5643559468983,1624.8349097735033,-45.27055382660501,0.43521664931641474,1494.1131129786706,1645.286152741731,2016_04_SEA_NYJ,2016,4,NYJ,SEA,17.0,27.0,0
1471.8922277075503,1347.508191157316,189.3840365502342,0.7484160198109284,1483.4044662655683,1335.995952599298,2016_04_CLE_WAS,2016,4,WAS,CLE,31.0,20.0,1
1406.591040102647,1644.5076301123572,-172.91659000971026,0.2698491798007299,1391.3571616801214,1659.7415085348828,2016_04_DEN_TB,2016,4,TB,DEN,7.0,27.0,0
1583.1421991749926,1510.4349075619255,137.70729161306713,0.6884122570995608,1559.5034119242794,1534.0736948126387,2016_04_LA_ARI,2016,4,ARI,LA,13.0,17.0,0
1433.2905154507475,1411.0911731059643,87.19934234478319,0.6229197724862211,1424.2986100252285,1420.0830785314834,2016_04_NO_SD,2016,4,SD,NO,34.0,35.0,0
1442.146076870529,1472.347880293163,34.79819657736607,0.5499118454385691,1418.9083262415556,1495.5856309221363,2016_04_DAL_SF,2016,4,SF,DAL,17.0,24.0,0
1599.240576691795,1614.5668124659346,49.673764225860396,0.5710031555149633,1627.7782831654538,1586.0291059922758,2016_04_KC_PIT,2016,4,PIT,KC,43.0,14.0,1
1624.2368766458546,1467.166207005311,222.07066964054366,0.7821673365385963,1634.9531942997721,1456.4498893513935,2016_04_NYG_MIN,2016,4,MIN,NYG,24.0,10.0,1
1418.9083262415556,1559.5034119242794,-75.59508568272372,0.39289477671045575,1399.4227730769294,1578.9889650889056,2016_05_ARI_SF,2016,5,SF,ARI,21.0,33.0,0
1498.5370210374904,1483.4044662655683,80.13255477192206,0.6133177992210134,1473.7655200445265,1508.1759672585322,2016_05_WAS_BAL,2016,5,BAL,WAS,10.0,16.0,0
1335.995952599298,1582.0301347676198,-181.03418216832165,0.2607418158824756,1321.3263985653878,1596.69968880153,2016_05_NE_CLE,2016,5,CLE,NE,13.0,33.0,0
1479.3475626932322,1566.8295674121232,-22.48200471889095,0.4676908765268675,1486.803123121453,1559.3740069839025,2016_05_PHI_DET,2016,5,DET,PHI,24.0,23.0,1
1441.7796947815357,1398.7735198310336,108.0061749505021,0.6506127081159928,1454.7409062907186,1385.8123083218507,2016_05_CHI_IND,2016,5,IND,CHI,29.0,23.0,1
1418.8314178669846,1318.3439686318065,165.48744923517802,0.7216422447018356,1377.6441412394327,1359.5312452593585,2016_05_TEN_MIA,2016,5,MIA,TEN,17.0,30.0,0
1634.9531942997721,1537.616967206945,162.33622709282713,0.7179837901530725,1650.4195358418,1522.150625664917,2016_05_HOU_MIN,2016,5,MIN,HOU,31.0,13.0,1
1627.7782831654538,1494.1131129786706,198.66517018678314,0.7583415749615212,1640.8305981727883,1481.0607979713361,2016_05_NYJ_PIT,2016,5,PIT,NYJ,31.0,13.0,1
1659.7415085348828,1534.5356764742314,190.20583206065135,0.749305701481113,1625.6295348666054,1568.6476501425088,2016_05_ATL_DEN,2016,5,DEN,ATL,16.0,23.0,0
1495.5856309221363,1564.769106234333,-4.183475312196833,0.49397978601420606,1523.0444088213494,1537.31032833512,2016_05_CIN_DAL,2016,5,DAL,CIN,28.0,14.0,1
1534.0736948126387,1554.337902526436,44.735792286202695,0.5640265360439166,1505.4608015337208,1582.950795805354,2016_05_BUF_LA,2016,5,LA,BUF,19.0,30.0,0
1461.9500939085058,1424.2986100252285,102.65148388327725,0.6435737865659602,1471.3917800451538,1414.8569238885805,2016_05_SD_OAK,2016,5,OAK,SD,34.0,31.0,1
1581.1120312168714,1456.4498893513935,189.6621418654779,0.748717333090437,1590.7331465675916,1446.8287740006733,2016_05_NYG_GB,2016,5,GB,NYG,23.0,16.0,1
1560.238760853324,1391.3571616801214,233.88159917320263,0.7935290966522005,1535.6202759691585,1415.975646564287,2016_05_TB_CAR,2016,5,CAR,TB,14.0,17.0,0
1414.8569238885805,1625.6295348666054,-145.7726109780249,0.301717078008576,1447.7201375126692,1592.7663212425166,2016_06_DEN_SD,2016,6,SD,DEN,21.0,13.0,1
1582.950795805354,1399.4227730769294,248.5280227284245,0.807001373945833,1594.7467655807816,1387.6268033015017,2016_06_SF_BUF,2016,6,BUF,SF,45.0,16.0,1
1385.8123083218507,1358.6649334847177,92.14737483713293,0.6295864122325487,1376.702835572511,1367.7744062340573,2016_06_JAX_CHI,2016,6,CHI,JAX,16.0,17.0,0
1486.803123121453,1505.4608015337208,46.34232158773216,0.5662992447366737,1498.5797895043581,1493.6841351508156,2016_06_LA_DET,2016,6,DET,LA,31.0,28.0,1
1377.6441412394327,1640.8305981727883,-198.18645693335566,0.24216379214326994,1423.8279617762576,1594.6467776359634,2016_06_PIT_MIA,2016,6,MIA,PIT,30.0,15.0,1
1596.69968880153,1537.31032833512,124.38936046641015,0.671735002061353,1614.9963115455932,1519.0137055910568,2016_06_CIN_NE,2016,6,NE,CIN,35.0,17.0,1
1420.0830785314834,1535.6202759691585,-50.537197437675104,0.4277797538516479,1436.3214106313794,1519.3819438692624,2016_06_CAR_NO,2016,6,NO,CAR,41.0,38.0,1
1446.8287740006733,1473.7655200445265,38.06325395614681,0.5545593216876202,1460.9231035610906,1459.6711904841093,2016_06_BAL_NYG,2016,6,NYG,BAL,27.0,23.0,1
1359.5312452593585,1321.3263985653878,103.2048466939707,0.644304142742922,1366.9964783133626,1313.8611655113837,2016_06_CLE_TEN,2016,6,TEN,CLE,28.0,26.0,1
1508.1759672585322,1559.3740069839025,13.801960274629664,0.5198521757191177,1528.0202583895473,1539.5297158528874,2016_06_PHI_WAS,2016,6,WAS,PHI,27.0,20.0,1
1471.3917800451538,1586.0291059922758,-49.63732594712201,0.42904822667656023,1447.6165045952391,1609.8043814421906,2016_06_KC_OAK,2016,6,OAK,KC,10.0,26.0,0
1590.7331465675916,1523.0444088213494,132.68873774624217,0.6821820393160718,1551.4140257997083,1562.3635295892327,2016_06_DAL_GB,2016,6,GB,DAL,16.0,30.0,0
1645.286152741731,1568.6476501425088,141.6385025992222,0.6932455684322156,1651.6185495916234,1562.3152532926165,2016_06_ATL_SEA,2016,6,SEA,ATL,26.0,24.0,1
1522.150625664917,1454.7409062907186,132.4097193741984,0.6818337066362086,1530.4712795911523,1446.4202523644833,2016_06_IND_HOU,2016,6,HOU,IND,26.0,23.0,1
1578.9889650889056,1481.0607979713361,162.9281671175695,0.7186732345256596,1596.0567498948926,1463.993013165349,2016_06_NYJ_ARI,2016,6,ARI,NYJ,28.0,3.0,1
1551.4140257997083,1376.702835572511,239.71119022719722,0.798973097580677,1561.68585330459,1366.4310080676294,2016_07_CHI_GB,2016,7,GB,CHI,26.0,10.0,1
1493.6841351508156,1460.9231035610906,97.76103158972501,0.6370903865304766,1465.9561468676573,1488.6510918442489,2016_07_NYG_LA,2016,7,LA,NYG,10.0,17.0,0
1519.0137055910568,1313.8611655113837,270.15254007967314,0.8256524251858502,1527.423812661191,1305.4510584412494,2016_07_CLE_CIN,2016,7,CIN,CLE,31.0,17.0,1
1498.5797895043581,1528.0202583895473,35.55953111481085,0.5509963370661237,1510.8307962187391,1515.7692516751663,2016_07_WAS_DET,2016,7,DET,WAS,20.0,17.0,1
1367.7744062340573,1447.6165045952391,-14.842098361181797,0.4786534870702928,1340.2900961957537,1475.1008146335428,2016_07_OAK_JAX,2016,7,JAX,OAK,16.0,33.0,0
1609.8043814421906,1436.3214106313794,238.48297081081114,0.7978351161819476,1616.9027975362044,1429.2229945373656,2016_07_NO_KC,2016,7,KC,NO,27.0,21.0,1
1423.8279617762576,1594.7467655807816,-105.91880380452403,0.3521236091983674,1442.6994769360906,1575.8752504209485,2016_07_BUF_MIA,2016,7,MIA,BUF,28.0,25.0,1
1463.993013165349,1459.6711904841093,69.32182268123984,0.5984590278730925,1481.0995029076373,1442.564700741821,2016_07_BAL_NYJ,2016,7,NYJ,BAL,24.0,16.0,1
1539.5297158528874,1650.4195358418,-45.88981998891268,0.43434061788108164,1568.2408161578596,1621.708435536828,2016_07_MIN_PHI,2016,7,PHI,MIN,21.0,10.0,1
1366.9964783133626,1446.4202523644833,-14.423774051120745,0.4792544374531177,1346.0730650946307,1467.3436655832152,2016_07_IND_TEN,2016,7,TEN,IND,26.0,34.0,0
1562.3152532926165,1447.7201375126692,179.59511577994726,0.7376582485590681,1540.0450117932478,1469.990379012038,2016_07_SD_ATL,2016,7,ATL,SD,30.0,33.0,0
1387.6268033015017,1415.975646564287,36.651156737214706,0.55255046739304,1355.1441290843914,1448.4583207813973,2016_07_TB_SF,2016,7,SF,TB,17.0,34.0,0
1594.6467776359634,1614.9963115455932,44.65046609037017,0.5639057515112137,1566.0411442069137,1643.601944974643,2016_07_NE_PIT,2016,7,PIT,NE,16.0,27.0,0
1596.0567498948926,1651.6185495916234,9.438200303269241,0.5135793219324315,1596.0567498948926,1651.6185495916234,2016_07_SEA_ARI,2016,7,ARI,SEA,6.0,6.0,0
1592.7663212425166,1530.4712795911523,127.29504165136427,0.675412652007772,1610.8353736783242,1512.4022271553447,2016_07_HOU_DEN,2016,7,DEN,HOU,27.0,9.0,1
1346.0730650946307,1340.2900961957537,70.78296889887702,0.6004785638645894,1367.0370503335257,1319.3261109568587,2016_08_JAX_TEN,2016,8,TEN,JAX,36.0,22.0,1
1527.423812661191,1515.7692516751663,76.65456098602476,0.6085590137626901,1527.423812661191,1515.7692516751663,2016_08_WAS_CIN,2016,8,CIN,WAS,27.0,27.0,0
1575.8752504209485,1643.601944974643,-2.726694553694415,0.496076051665656,1547.8002609636897,1671.6769344319018,2016_08_NE_BUF,2016,8,BUF,NE,25.0,41.0,0
1519.3819438692624,1596.0567498948926,-11.674806025630232,0.48320492444890717,1544.2985790986122,1571.1401146655428,2016_08_ARI_CAR,2016,8,CAR,ARI,30.0,20.0,1
1305.4510584412494,1481.0995029076373,-110.6484444663879,0.34593775856615494,1296.3189254824356,1490.2316358664511,2016_08_NYJ_CLE,2016,8,CLE,NYJ,28.0,31.0,0
1512.4022271553447,1510.8307962187391,66.57143093660557,0.5946485189192467,1528.7651825329601,1494.4678408411237,2016_08_DET_HOU,2016,8,HOU,DET,20.0,13.0,1
1467.3436655832152,1616.9027975362044,-84.55913195298922,0.38065677362736744,1446.572392579011,1637.6740705404086,2016_08_KC_IND,2016,8,IND,KC,14.0,30.0,0
1429.2229945373656,1651.6185495916234,-157.39555505425778,0.2878105211739158,1456.7110276766577,1624.1305164523312,2016_08_SEA_NO,2016,8,NO,SEA,25.0,20.0,1
1448.4583207813973,1475.1008146335428,38.357506147854565,0.5549777037447691,1426.47632469802,1497.08281071692,2016_08_OAK_TB,2016,8,TB,OAK,24.0,30.0,0
1610.8353736783242,1469.990379012038,205.8449946662863,0.7658346940067883,1620.2452091962607,1460.5805434941014,2016_08_SD_DEN,2016,8,DEN,SD,27.0,19.0,1
1540.0450117932478,1561.68585330459,43.35915848865784,0.5620769075972003,1545.9985778322434,1555.7322872655943,2016_08_GB_ATL,2016,8,ATL,GB,33.0,32.0,1
1562.3635295892327,1568.2408161578596,59.122713431373086,0.5842725511224904,1578.119470298822,1552.4848754482703,2016_08_PHI_DAL,2016,8,DAL,PHI,29.0,23.0,1
1366.4310080676294,1621.708435536828,-190.27742746919853,0.25061688804314786,1405.7724867545062,1582.366956849951,2016_08_MIN_CHI,2016,8,CHI,MIN,20.0,10.0,1
1426.47632469802,1545.9985778322434,-54.52225313422332,0.42217397943592283,1403.632171461779,1568.8427310684845,2016_09_ATL_TB,2016,9,TB,ATL,28.0,43.0,0
1442.564700741821,1566.0411442069137,-58.47644346509264,0.41663136791348115,1467.4888078872987,1541.1170370614361,2016_09_PIT_BAL,2016,9,BAL,PIT,21.0,14.0,1
1296.3189254824356,1578.119470298822,-216.8005448163865,0.2230458027407145,1283.0886200653463,1591.3497757159114,2016_09_DAL_CLE,2016,9,CLE,DAL,10.0,35.0,0
1637.6740705404086,1319.3261109568587,383.34795958354994,0.9008520843191754,1640.6998207143708,1316.3003607828964,2016_09_JAX_KC,2016,9,KC,JAX,19.0,14.0,1
1442.6994769360906,1490.2316358664511,17.467841069639462,0.5251170845693741,1457.8649554931437,1475.066157309398,2016_09_NYJ_MIA,2016,9,MIA,NYJ,27.0,23.0,1
1582.366956849951,1494.4678408411237,152.89911600882738,0.706854974587704,1552.8027295529241,1524.0320681381506,2016_09_DET_MIN,2016,9,MIN,DET,16.0,22.0,0
1488.6510918442489,1552.4848754482703,1.1662163959786085,0.5016783140021626,1506.4990826457297,1534.6368846467894,2016_09_PHI_NYG,2016,9,NYG,PHI,28.0,23.0,1
1465.9561468676573,1544.2985790986122,-13.342432230954955,0.4808081300667863,1452.7056755666147,1557.5490503996548,2016_09_CAR_LA,2016,9,LA,CAR,10.0,13.0,0
1355.1441290843914,1456.7110276766577,-36.5668985922664,0.44756945344676957,1329.218232747705,1482.636924013344,2016_09_NO_SF,2016,9,SF,NO,23.0,41.0,0
1555.7322872655943,1446.572392579011,174.15989468658336,0.7315586505160641,1527.2630147003624,1475.0416651442429,2016_09_IND_GB,2016,9,GB,IND,26.0,31.0,0
1460.5805434941014,1367.0370503335257,158.54349316057574,0.713542069183403,1472.3225978351325,1355.2949959924947,2016_09_TEN_SD,2016,9,SD,TEN,43.0,35.0,1
1497.08281071692,1620.2452091962607,-58.16239847934071,0.4170708163657095,1525.7980306962968,1591.529989216884,2016_09_DEN_OAK,2016,9,OAK,DEN,30.0,20.0,1
1624.1305164523312,1547.8002609636897,141.33025548864157,0.6928680992595027,1635.3620151182438,1536.568762297777,2016_09_BUF_SEA,2016,9,SEA,BUF,31.0,25.0,1
1467.4888078872987,1283.0886200653463,249.4001878219524,0.8077821259443974,1478.1619346903358,1272.4154932623092,2016_10_CLE_BAL,2016,10,BAL,CLE,28.0,7.0,1
1557.5490503996548,1640.6998207143708,-18.150770314716056,0.47390267940003367,1544.5171955219716,1653.731675592054,2016_10_KC_CAR,2016,10,CAR,KC,17.0,20.0,0
1316.3003607828964,1528.7651825329601,-147.46482175006372,0.2996687476270978,1308.5137136679452,1536.5518296479113,2016_10_HOU_JAX,2016,10,JAX,HOU,21.0,24.0,0
1482.636924013344,1591.529989216884,-43.89306520353989,0.43716672730863115,1473.219284271194,1600.9476289590339,2016_10_DEN_NO,2016,10,NO,DEN,23.0,25.0,0
1475.066157309398,1452.7056755666147,87.36048174278335,0.623137630612749,1457.0746846769832,1470.6971481990295,2016_10_LA_NYJ,2016,10,NYJ,LA,6.0,9.0,0
1534.6368846467894,1568.8427310684845,30.794153578304986,0.5442006667272972,1555.337466515494,1548.1421491997799,2016_10_ATL_PHI,2016,10,PHI,ATL,24.0,15.0,1
1403.632171461779,1405.7724867545062,62.85968470727289,0.5894880556497571,1429.9400941349365,1379.4645640813487,2016_10_CHI_TB,2016,10,TB,CHI,36.0,10.0,1
1355.2949959924947,1527.2630147003624,-106.96801870786771,0.3507469754384881,1398.0903671769026,1484.4676435159545,2016_10_GB_TEN,2016,10,TEN,GB,47.0,25.0,1
1515.7692516751663,1552.8027295529241,27.966522122242168,0.540160360975354,1533.4407431054776,1535.1312381226128,2016_10_MIN_WAS,2016,10,WAS,MIN,26.0,20.0,1
1472.3225978351325,1457.8649554931437,79.45764234198873,0.6123960058748451,1445.8994356856242,1484.288117642652,2016_10_MIA_SD,2016,10,SD,MIA,24.0,31.0,0
1571.1401146655428,1329.218232747705,306.9218819178377,0.8540573207416415,1574.6911062818049,1325.667241131443,2016_10_SF_ARI,2016,10,ARI,SF,23.0,20.0,1
1541.1170370614361,1591.3497757159114,14.76726134552473,0.5212390091224487,1522.3121124383247,1610.1547003390228,2016_10_DAL_PIT,2016,10,PIT,DAL,30.0,35.0,0
1671.6769344319018,1635.3620151182438,101.31491931365804,0.6418069699103812,1643.6963651510962,1663.3425843990494,2016_10_SEA_NE,2016,10,NE,SEA,24.0,31.0,0
1506.4990826457297,1527.423812661191,44.075269984538636,0.5630913285181287,1512.4369621747373,1521.4859331321834,2016_10_CIN_NYG,2016,10,NYG,CIN,21.0,20.0,1
1544.5171955219716,1473.219284271194,136.2979112507776,0.6866693475225546,1552.6977510250024,1465.0387287681633,2016_11_NO_CAR,2016,11,CAR,NO,23.0,20.0,1
1521.4859331321834,1536.568762297777,49.917170834406306,0.5713463477026278,1502.6680325989607,1555.3866628309997,2016_11_BUF_CIN,2016,11,CIN,BUF,12.0,16.0,0
1272.4154932623092,1522.3121124383247,-184.89661917601552,0.2564789471245612,1259.2959023562898,1535.431703344344,2016_11_PIT_CLE,2016,11,CLE,PIT,9.0,24.0,0
1610.1547003390228,1478.1619346903358,196.99276564868705,0.756572924737188,1620.8695244394528,1467.4471105899058,2016_11_BAL_DAL,2016,11,DAL,BAL,27.0,17.0,1
1524.0320681381506,1308.5137136679452,280.5183544702054,0.834075831184417,1530.152281998455,1302.3934998076409,2016_11_JAX_DET,2016,11,DET,JAX,26.0,19.0,1
1475.0416651442429,1398.0903671769026,141.95129796734022,0.6936283427150978,1487.0110028003232,1386.1210295208223,2016_11_TEN_IND,2016,11,IND,TEN,24.0,17.0,1
1653.731675592054,1429.9400941349365,288.79158145711745,0.8405623206087509,1632.4718842592422,1451.1998854677483,2016_11_TB_KC,2016,11,KC,TB,17.0,19.0,0
1535.1312381226128,1574.6911062818049,25.440131840807908,0.5365460016778499,1552.9618471541899,1556.8604972502278,2016_11_ARI_MIN,2016,11,MIN,ARI,30.0,24.0,1
1512.4369621747373,1379.4645640813487,197.97239809338862,0.7576099980794686,1521.0915418797563,1370.8099843763298,2016_11_CHI_NYG,2016,11,NYG,CHI,22.0,16.0,1
1470.6971481990295,1484.288117642652,51.4090305563775,0.5734482909567962,1451.7969037736711,1503.1883620680103,2016_11_MIA_LA,2016,11,LA,MIA,10.0,14.0,0
1663.3425843990494,1555.337466515494,173.00511788355539,0.7302512166750023,1675.7712234179112,1542.9088274966323,2016_11_PHI_SEA,2016,11,SEA,PHI,26.0,15.0,1
1325.667241131443,1643.6963651510962,-253.02912401965318,0.18899514361783207,1316.7208178614262,1652.642788421113,2016_11_NE_SF,2016,11,SF,NE,17.0,30.0,0
1533.4407431054776,1484.4676435159545,113.97309958952314,0.6583796932760057,1552.567467821655,1465.340918799777,2016_11_GB_WAS,2016,11,WAS,GB,42.0,24.0,1
1525.7980306962968,1536.5518296479113,54.2462010483855,0.5774383267160781,1542.9489794548422,1519.400880889366,2016_11_HOU_OAK,2016,11,OAK,HOU,27.0,20.0,1
1530.152281998455,1552.9618471541899,42.190434844265155,0.5604202189597264,1542.1106894284974,1541.0034397241475,2016_12_MIN_DET,2016,12,DET,MIN,16.0,13.0,1
1620.8695244394528,1552.567467821655,133.3020566177977,0.6829470033960694,1631.582084830528,1541.85490743058,2016_12_WAS_DAL,2016,12,DAL,WAS,31.0,26.0,1
1487.0110028003232,1535.431703344344,16.579299455979253,0.523841436095309,1454.3807775920548,1568.0619285526125,2016_12_PIT_IND,2016,12,IND,PIT,7.0,28.0,0
1548.1421491997799,1556.8604972502278,56.28165194955204,0.5802946883946819,1572.661379250671,1532.3412671993367,2016_12_ARI_ATL,2016,12,ATL,ARI,38.0,19.0,1
1467.4471105899058,1502.6680325989607,29.779077990945098,0.5427509011574647,1483.6138860665833,1486.5012571222833,2016_12_CIN_BAL,2016,12,BAL,CIN,19.0,14.0,1
1555.3866628309997,1302.3934998076409,317.9931630233589,0.8618231608813294,1560.4075458093794,1297.3726168292612,2016_12_JAX_BUF,2016,12,BUF,JAX,28.0,21.0,1
1370.8099843763298,1386.1210295208223,49.68895485550752,0.5710245756094513,1348.0732036393802,1408.857810257772,2016_12_TEN_CHI,2016,12,CHI,TEN,21.0,27.0,0
1259.2959023562898,1521.0915418797563,-196.79563952346643,0.24363612324213801,1247.183785230775,1533.2036590052712,2016_12_NYG_CLE,2016,12,CLE,NYG,13.0,27.0,0
1519.400880889366,1445.8994356856242,138.5014452037417,0.6893920053472373,1487.0705363553232,1478.229780219667,2016_12_SD_HOU,2016,12,HOU,SD,13.0,21.0,0
1503.1883620680103,1316.7208178614262,251.46754420658408,0.8096231782054115,1510.2937421905906,1309.615437738846,2016_12_SF_MIA,2016,12,MIA,SF,31.0,24.0,1
1465.0387287681633,1451.7969037736711,78.24182499449216,0.610733417961149,1490.3539222033685,1426.481710338466,2016_12_LA_NO,2016,12,NO,LA,49.0,21.0,1
1451.1998854677483,1675.7712234179112,-159.57133795016284,0.2852500779600297,1486.689482353924,1640.2816265317356,2016_12_SEA_TB,2016,12,TB,SEA,14.0,5.0,1
1457.0746846769832,1652.642788421113,-130.56810374412976,0.32047049896058727,1446.2339518064316,1663.4835212916646,2016_12_NE_NYJ,2016,12,NYJ,NE,17.0,22.0,0
1542.9489794548422,1552.6977510250024,55.251228429839784,0.578849348000661,1554.3396865008265,1541.307043979018,2016_12_CAR_OAK,2016,12,OAK,CAR,35.0,32.0,1
1600.9476289590339,1632.4718842592422,33.475744699791676,0.5480269416766331,1585.5183195877228,1647.9011936305533,2016_12_KC_DEN,2016,12,DEN,KC,27.0,30.0,0
1542.9088274966323,1465.340918799777,142.56790869685528,0.6943821205367636,1502.6943521023584,1505.555394194051,2016_12_GB_PHI,2016,12,PHI,GB,13.0,27.0,0
1541.0034397241475,1631.582084830528,-25.578645106380463,0.4632557324413653,1530.9416558239002,1641.6438687307752,2016_13_DAL_MIN,2016,13,MIN,DAL,15.0,17.0,0
1572.661379250671,1647.9011936305533,-10.239814379882318,0.4852679878499099,1565.9653031245175,1654.5972697567067,2016_13_KC_ATL,2016,13,ATL,KC,28.0,29.0,0
1483.6138860665833,1510.2937421905906,38.3201438759927,0.5549245845585405,1514.2052295926437,1479.7023986645302,2016_13_MIA_BAL,2016,13,BAL,MIA,38.0,6.0,1
1348.0732036393802,1309.615437738846,103.45776590053424,0.6446377349744838,1368.7395122810613,1288.9491290971648,2016_13_SF_CHI,2016,13,CHI,SF,26.0,6.0,1
1486.5012571222833,1502.6943521023584,48.8069050199249,0.5697803711720675,1511.2865063330596,1477.909102891582,2016_13_PHI_CIN,2016,13,CIN,PHI,32.0,14.0,1
1505.555394194051,1487.0705363553232,83.48485783872775,0.6178842273043762,1521.7333614917054,1470.8925690576687,2016_13_HOU_GB,2016,13,GB,HOU,21.0,13.0,1
1297.3726168292612,1585.5183195877228,-223.14570275846154,0.2167801173090101,1287.9336859431123,1594.9572504738717,2016_13_DEN_JAX,2016,13,JAX,DEN,10.0,20.0,0
1663.4835212916646,1426.481710338466,302.0018109531986,0.8504916271088724,1670.9327249940086,1419.032506636122,2016_13_LA_NE,2016,13,NE,LA,26.0,10.0,1
1490.3539222033685,1542.1106894284974,13.243232774871103,0.5190493192110266,1461.397408313393,1571.0672033184728,2016_13_DET_NO,2016,13,NO,DET,13.0,28.0,0
1554.3396865008265,1560.4075458093794,58.9321406914471,0.584006061213897,1576.2825451502483,1538.4646871599575,2016_13_BUF_OAK,2016,13,OAK,BUF,38.0,24.0,1
1532.3412671993367,1541.85490743058,55.486359768756756,0.5791792787750468,1550.3790866710515,1523.8170879588652,2016_13_WAS_ARI,2016,13,ARI,WAS,31.0,23.0,1
1568.0619285526125,1533.2036590052712,99.85826954734125,0.6398770176417017,1584.5827886299994,1516.6827989278843,2016_13_NYG_PIT,2016,13,PIT,NYG,24.0,14.0,1
1478.229780219667,1486.689482353924,56.540297865743014,0.5806572671777576,1453.4439234888873,1511.4753390847036,2016_13_TB_SD,2016,13,SD,TB,21.0,28.0,0
1640.2816265317356,1541.307043979018,163.9745825527175,0.7198895027636126,1658.6667253902892,1522.9219451204644,2016_13_CAR_SEA,2016,13,SEA,CAR,40.0,7.0,1
1446.2339518064316,1454.3807775920548,56.85317421437685,0.5810957516481228,1404.8869601072633,1495.727769291223,2016_13_IND_NYJ,2016,13,NYJ,IND,10.0,41.0,0
1654.5972697567067,1576.2825451502483,143.3147246064584,0.6952936760257349,1667.1685055119947,1563.7113093949604,2016_14_OAK_KC,2016,14,KC,OAK,21.0,13.0,1
1538.4646871599575,1584.5827886299994,18.881898529958107,0.5271465154643827,1516.3514893780205,1606.6959864119365,2016_14_PIT_BUF,2016,14,BUF,PIT,20.0,27.0,0
1522.9219451204644,1453.4439234888873,134.47802163157712,0.6844109653586332,1538.1787498114847,1438.187118797867,2016_14_SD_CAR,2016,14,CAR,SD,28.0,16.0,1
1247.183785230775,1511.2865063330596,-199.1027211022847,0.24119714106119888,1235.5096474768386,1522.960644086996,2016_14_CIN_CLE,2016,14,CLE,CIN,10.0,23.0,0
1571.0672033184728,1368.7395122810613,267.32769103741157,0.8232992167265163,1575.4355769298427,1364.3711386696914,2016_14_CHI_DET,2016,14,DET,CHI,20.0,17.0,1
1495.727769291223,1470.8925690576687,89.83520023355436,0.6264771176494737,1472.322091427198,1494.2982469216936,2016_14_HOU_IND,2016,14,IND,HOU,17.0,22.0,0
1287.9336859431123,1530.9416558239002,-178.00796988078787,0.2641136390003879,1276.681267123774,1542.1940746432385,2016_14_MIN_JAX,2016,14,JAX,MIN,16.0,25.0,0
1479.7023986645302,1550.3790866710515,-5.676688006521317,0.4918313161447086,1493.8282754627846,1536.253209872797,2016_14_ARI_MIA,2016,14,MIA,ARI,26.0,23.0,1
1477.909102891582,1523.8170879588652,19.092014932716893,0.5274479959982679,1458.8424399675391,1542.883750882908,2016_14_WAS_PHI,2016,14,PHI,WAS,22.0,27.0,0
1408.857810257772,1594.9572504738717,-121.09944021609977,0.3324545287596269,1428.444239633396,1575.3708210982477,2016_14_DEN_TEN,2016,14,TEN,DEN,13.0,10.0,1
1288.9491290971648,1404.8869601072633,-50.937831010098535,0.42721531881790314,1272.698926633221,1421.1371625712072,2016_14_NYJ_SF,2016,14,SF,NYJ,17.0,23.0,0
1521.7333614917054,1658.6667253902892,-71.93336389858382,0.3979338042512325,1563.6506295230893,1616.7494573589054,2016_14_SEA_GB,2016,14,GB,SEA,38.0,10.0,1
1419.032506636122,1565.9653031245175,-81.93279648839552,0.384227420150216,1394.0854419233974,1590.912367837242,2016_14_ATL_LA,2016,14,LA,ATL,14.0,42.0,0
1511.4753390847036,1461.397408313393,115.07793077131055,0.6598086959008094,1523.060177428219,1449.8125699698776,2016_14_NO_TB,2016,14,TB,NO,16.0,11.0,1
1516.6827989278843,1641.6438687307752,-59.96106980289096,0.41455570924919355,1533.3695594969963,1624.9571081616632,2016_14_DAL_NYG,2016,14,NYG,DAL,10.0,7.0,1
1670.9327249940086,1514.2052295926437,221.72749540136488,0.7818305652474837,1679.1753971405938,1505.9625574460586,2016_14_BAL_NE,2016,14,NE,BAL,30.0,23.0,1
1616.7494573589054,1394.0854419233974,287.66401543550796,0.8396905181064488,1625.5139167432535,1385.3209825390493,2016_15_LA_SEA,2016,15,SEA,LA,24.0,3.0,1
1421.1371625712072,1493.8282754627846,-7.691112891577404,0.4889334064418832,1391.0161859891666,1523.9492520448252,2016_15_MIA_NYJ,2016,15,NYJ,MIA,13.0,34.0,0
1505.9625574460586,1458.8424399675391,112.12011747851943,0.6559765635690957,1510.5004663639663,1454.3045310496314,2016_15_PHI_BAL,2016,15,BAL,PHI,27.0,26.0,1
1516.3514893780205,1235.5096474768386,345.84184190118185,0.8798304624765271,1522.6746589014285,1229.1864779534305,2016_15_CLE_BUF,2016,15,BUF,CLE,33.0,13.0,1
1364.3711386696914,1563.6506295230893,-134.27949085339787,0.31583593055199727,1356.1180442410798,1571.9037239517008,2016_15_GB_CHI,2016,15,CHI,GB,27.0,30.0,0
1522.960644086996,1606.6959864119365,-18.735342324940575,0.473063778962073,1507.8618904326838,1621.7947400662486,2016_15_PIT_CIN,2016,15,CIN,PIT,20.0,24.0,0
1494.2982469216936,1276.681267123774,282.6169797979196,0.8357409733250561,1496.3161377258334,1274.6633763196342,2016_15_JAX_HOU,2016,15,HOU,JAX,21.0,20.0,1
1667.1685055119947,1428.444239633396,303.72426587859877,0.8517480299977502,1645.4561581071648,1450.1565870382258,2016_15_TEN_KC,2016,15,KC,TEN,17.0,19.0,0
1542.1940746432385,1472.322091427198,134.87198321604046,0.6849005938277244,1493.0564098730474,1521.4597561973892,2016_15_IND_MIN,2016,15,MIN,IND,6.0,34.0,0
1533.3695594969963,1575.4355769298427,22.933982567153635,0.5329568011138249,1556.341265102779,1552.46387132406,2016_15_DET_NYG,2016,15,NYG,DET,17.0,6.0,1
1536.253209872797,1449.8125699698776,151.44063990291943,0.7051122843586156,1504.760566122761,1481.3052137199136,2016_15_NO_ARI,2016,15,ARI,NO,41.0,48.0,0
1590.912367837242,1272.698926633221,383.21344120402114,0.900782899755718,1596.6029957171625,1267.0082987533006,2016_15_SF_ATL,2016,15,ATL,SF,41.0,13.0,1
1575.3708210982477,1679.1753971405938,-38.80457604234607,0.4443867798784571,1552.322120532072,1702.2240977067695,2016_15_NE_DEN,2016,15,DEN,NE,3.0,16.0,0
1438.187118797867,1563.7113093949604,-60.524190597093366,0.4137691977336488,1427.022159824012,1574.8762683688153,2016_15_OAK_SD,2016,15,SD,OAK,16.0,19.0,0
1624.9571081616632,1523.060177428219,166.89693073344415,0.7232691327654065,1634.967560847256,1513.0497247426263,2016_15_TB_DAL,2016,15,DAL,TB,26.0,20.0,1
1542.883750882908,1538.1787498114847,69.70500107142334,0.5989889676401772,1512.1410633857106,1568.9214373086822,2016_15_CAR_WAS,2016,15,WAS,CAR,15.0,26.0,0
1454.3045310496314,1556.341265102779,-37.03673405314771,0.4469008359027601,1474.464332158144,1536.1814639942663,2016_16_NYG_PHI,2016,16,PHI,NYG,24.0,19.0,1
1522.6746589014285,1523.9492520448252,63.725406856603286,0.5906934814964598,1505.8086146261319,1540.815296320122,2016_16_MIA_BUF,2016,16,BUF,MIA,31.0,34.0,0
1568.9214373086822,1596.6029957171625,37.318441591519786,0.5534999669882952,1536.3729054548774,1629.1515275709673,2016_16_ATL_CAR,2016,16,CAR,ATL,16.0,33.0,0
1356.1180442410798,1512.1410633857106,-91.02301914463078,0.37192424023639753,1334.3711677832207,1533.8879398435697,2016_16_WAS_CHI,2016,16,CHI,WAS,21.0,41.0,0
1229.1864779534305,1427.022159824012,-132.83568187058154,0.3176345943116434,1249.3214084263707,1406.887229351072,2016_16_SD_CLE,2016,16,CLE,SD,20.0,17.0,1
1571.9037239517008,1493.0564098730474,143.84731407865343,0.6959428150693903,1586.967278159567,1477.9928556651812,2016_16_MIN_GB,2016,16,GB,MIN,38.0,25.0,1
1274.6633763196342,1450.1565870382258,-110.49321071859163,0.34613997602566643,1317.2230849231937,1407.5968784346662,2016_16_TEN_JAX,2016,16,JAX,TEN,38.0,17.0,1
1702.2240977067695,1391.0161859891666,376.2079117176029,0.8971200416791066,1708.6614318135405,1384.5788518823956,2016_16_NYJ_NE,2016,16,NE,NYJ,41.0,3.0,1
1574.8762683688153,1521.4597561973892,118.41651217142612,0.6641091448082236,1588.8829044033814,1507.453120162823,2016_16_IND_OAK,2016,16,OAK,IND,33.0,25.0,1
1385.3209825390493,1267.0082987533006,183.31268378574873,0.7417784416276646,1374.1030253593015,1278.2262559330484,2016_16_SF_LA,2016,16,LA,SF,21.0,22.0,0
1481.3052137199136,1513.0497247426263,33.255488977287314,0.5477128736372394,1499.8352047283686,1494.5197337341713,2016_16_TB_NO,2016,16,NO,TB,31.0,24.0,1
1625.5139167432535,1504.760566122761,185.75335062049248,0.7444603938136918,1602.9695998201432,1527.3048830458713,2016_16_ARI_SEA,2016,16,SEA,ARI,31.0,34.0,0
1496.3161377258334,1507.8618904326838,53.45424729314959,0.5763255607783303,1505.4043957274478,1498.7736324310695,2016_16_CIN_HOU,2016,16,HOU,CIN,12.0,10.0,1
1621.7947400662486,1510.5004663639663,176.29427370228223,0.7339646001138046,1629.7227851691011,1502.5724212611137,2016_16_BAL_PIT,2016,16,PIT,BAL,31.0,27.0,1
1645.4561581071648,1552.322120532072,158.13403757509286,0.7130600532715301,1662.4713343520195,1535.3069442872172,2016_16_DEN_KC,2016,16,KC,DEN,33.0,10.0,1
1634.967560847256,1552.46387132406,147.50368952319604,0.7003782061840798,1652.3265632232128,1535.104868948103,2016_16_DET_DAL,2016,16,DAL,DET,42.0,21.0,1
1498.7736324310695,1502.5724212611137,61.20121116995574,0.5871758154762595,1521.9920332320705,1479.3540204601127,2016_17_BAL_CIN,2016,17,CIN,BAL,27.0,10.0,1
1507.453120162823,1317.2230849231937,255.2300352396294,0.812939133357896,1512.8484457498191,1311.8277593361977,2016_17_JAX_IND,2016,17,IND,JAX,24.0,20.0,1
1540.815296320122,1708.6614318135405,-102.84613549341861,0.35616922606736595,1519.779976599468,1729.6967515341944,2016_17_NE_MIA,2016,17,MIA,NE,14.0,35.0,0
1477.9928556651812,1334.3711677832207,208.6216878819605,0.7686889342993952,1492.2214424120377,1320.1425810363642,2016_17_CHI_MIN,2016,17,MIN,CHI,38.0,10.0,1
1384.5788518823956,1505.8086146261319,-56.22976274373627,0.41977806214089713,1420.835509350045,1469.5519571584825,2016_17_BUF_NYJ,2016,17,NYJ,BUF,30.0,10.0,1
1474.464332158144,1652.3265632232128,-112.86223106506873,0.343060023461117,1511.9688823275303,1614.8220130538266,2016_17_DAL_PHI,2016,17,PHI,DAL,27.0,13.0,1
1629.7227851691011,1249.3214084263707,445.40137674273046,0.928504215183751,1631.3713157040374,1247.6728778914344,2016_17_CLE_PIT,2016,17,PIT,CLE,27.0,24.0,1
1494.5197337341713,1536.3729054548774,23.146828279293914,0.5332617675699679,1500.9227317607242,1529.9699074283244,2016_17_CAR_TB,2016,17,TB,CAR,17.0,16.0,1
1407.5968784346662,1505.4043957274478,-32.80751729278154,0.4529260171624789,1430.693473922112,1482.307800240002,2016_17_HOU_TEN,2016,17,TEN,HOU,24.0,17.0,1
1629.1515275709673,1499.8352047283686,194.31632284259877,0.75372423680827,1637.9582763324074,1491.0284559669285,2016_17_NO_ATL,2016,17,ATL,NO,38.0,32.0,1
1535.3069442872172,1588.8829044033814,11.424039883835803,0.5164345925685933,1563.6364132598267,1560.553435430772,2016_17_OAK_DEN,2016,17,DEN,OAK,24.0,6.0,1
1374.1030253593015,1527.3048830458713,-88.20185768656984,0.37572565133491886,1347.6343204383415,1553.7735879668312,2016_17_ARI_LA,2016,17,LA,ARI,6.0,44.0,0
1406.887229351072,1662.4713343520195,-190.5841050009476,0.2502854818499788,1395.8409882290819,1673.5175754740096,2016_17_KC_SD,2016,17,SD,KC,27.0,37.0,0
1278.2262559330484,1602.9695998201432,-259.74334388709485,0.18314208763928877,1274.6271428238183,1606.5687129293733,2016_17_SEA_SF,2016,17,SF,SEA,23.0,25.0,0
1533.8879398435697,1536.1814639942663,62.70647584930339,0.589274616231022,1505.954660210249,1564.1147436275871,2016_17_NYG_WAS,2016,17,WAS,NYG,10.0,19.0,0
1535.104868948103,1586.967278159567,13.137590788536045,0.5188975070917331,1513.3948842625882,1608.677262845082,2016_17_GB_DET,2016,17,DET,GB,24.0,31.0,0
1653.2077332733077,1615.7362228411646,102.47151043214308,0.6433361043488086,1615.7908003441319,1653.1531557703404,2017_01_KC_NE,2017,1,NE,KC,27.0,42.0,0
1479.6911554247079,1447.19728473648,97.49387068822784,0.6367347391541028,1495.7102465501762,1431.1781936110117,2017_01_NYJ_BUF,2017,1,BUF,NYJ,21.0,12.0,1
1380.035101551255,1592.0181703137157,-146.9830687624608,0.3002510735693504,1369.081673194491,1602.9715986704796,2017_01_ATL_CHI,2017,1,CHI,ATL,17.0,23.0,0
1514.668686165791,1486.2291316468952,93.43955451889587,0.6313194197234786,1474.5222425709544,1526.375575241732,2017_01_BAL_CIN,2017,1,CIN,BAL,0.0,20.0,0
1331.697809553587,1587.624667574593,-190.92685802100618,0.24991543688201606,1325.3220060325636,1594.0004710956164,2017_01_PIT_CLE,2017,1,CLE,PIT,18.0,21.0,0
1508.9343878031464,1535.8669831738764,38.06740462926996,0.554565223855371,1531.3960778228477,1513.405293154175,2017_01_ARI_DET,2017,1,DET,ARI,35.0,23.0,1
1488.1993027600815,1374.489115477244,178.71018728283752,0.7366712610656803,1437.9183126726996,1424.770105564626,2017_01_JAX_HOU,2017,1,HOU,JAX,7.0,29.0,0
1453.7725471060487,1540.389141432325,-21.6165943262763,0.4689312989842979,1431.5024044942104,1562.6592840441633,2017_01_OAK_TEN,2017,1,TEN,OAK,16.0,26.0,0
1503.971758360236,1507.9832445124628,60.98851384777322,0.5868789926374931,1472.112405591755,1539.8425972809437,2017_01_PHI_WAS,2017,1,WAS,PHI,17.0,30.0,0
1398.372091732374,1508.5699133151293,-45.197821582755296,0.43531956506647235,1440.3152664867334,1466.6267385607698,2017_01_IND_LA,2017,1,LA,IND,46.0,9.0,1
1572.4877343176697,1571.081331523892,66.40640279377772,0.5944195139883244,1589.78854236233,1553.7805234792318,2017_01_SEA_GB,2017,1,GB,SEA,17.0,9.0,1
1349.6763042634868,1519.9899282546926,-105.31362399120576,0.35291876233589103,1329.1686217097965,1540.497610808383,2017_01_CAR_SF,2017,1,SF,CAR,3.0,23.0,0
1576.5862827069025,1542.7645339996006,98.82174870730182,0.638500941670986,1596.1897922377689,1523.1610244687342,2017_01_NYG_DAL,2017,1,DAL,NYG,19.0,3.0,1
1494.8117020888292,1494.0159801299415,65.79572195888773,0.593571732704374,1513.7371445297033,1475.0905376890673,2017_01_NO_MIN,2017,1,MIN,NO,29.0,19.0,1
1542.4454876443044,1500.0,107.44548764430442,0.6498786729636504,1551.7008888466307,1490.7445987976737,2017_01_LAC_DEN,2017,1,DEN,LAC,24.0,21.0,1
1474.5222425709544,1437.9183126726996,101.60392989825482,0.6421893440021924,1452.8500657857012,1459.5904894579528,2017_02_HOU_CIN,2017,2,CIN,HOU,9.0,13.0,0
1526.375575241732,1325.3220060325636,266.05356920916824,0.8222296893436124,1534.9650402020598,1316.7325410722358,2017_02_CLE_BAL,2017,2,BAL,CLE,24.0,10.0,1
1540.497610808383,1495.7102465501762,109.78736425820671,0.6529398425227304,1553.3625642242678,1482.8452931342913,2017_02_BUF_CAR,2017,2,CAR,BUF,9.0,3.0,1
1466.6267385607698,1513.405293154175,18.22144540659474,0.5261987520691805,1451.9155663858548,1528.11646532909,2017_02_ARI_IND,2017,2,IND,ARI,13.0,16.0,0
1424.770105564626,1431.5024044942104,58.26770107041557,0.5830765500467103,1387.7431473828187,1468.5293626760176,2017_02_TEN_JAX,2017,2,JAX,TEN,16.0,37.0,0
1653.1531557703404,1539.8425972809437,178.31055848939673,0.7362247617676628,1663.300791110861,1529.6949619404231,2017_02_PHI_KC,2017,2,KC,PHI,27.0,20.0,1
1475.0905376890673,1615.7908003441319,-75.70026265506453,0.3927503696551908,1453.575926699287,1637.3054113339122,2017_02_NE_NO,2017,2,NO,NE,20.0,36.0,0
1594.0004710956164,1513.7371445297033,145.26332656591308,0.6976649061420366,1610.3951656698289,1497.3424499554908,2017_02_MIN_PIT,2017,2,PIT,MIN,26.0,9.0,1
1500.6154620844031,1369.081673194491,196.5337888899121,0.7560860017047615,1514.6569085738756,1355.0402267050185,2017_02_CHI_TB,2017,2,TB,CHI,29.0,7.0,1
1490.7445987976737,1513.1932443918454,42.551354405828306,0.5609319749706386,1478.176578914097,1525.761264275422,2017_02_MIA_LAC,2017,2,LAC,MIA,17.0,19.0,0
1562.6592840441633,1431.1781936110117,196.48109043315162,0.7560300523278995,1577.253438941883,1416.584038713292,2017_02_NYJ_OAK,2017,2,OAK,NYJ,45.0,20.0,1
1551.7008888466307,1596.1897922377689,20.511096608861862,0.52948359657165,1582.0774387170948,1565.8132423673048,2017_02_DAL_DEN,2017,2,DEN,DAL,42.0,17.0,1
1440.3152664867334,1472.112405591755,33.20286089497836,0.5476378243292276,1417.190648066879,1495.2370240116095,2017_02_WAS_LA,2017,2,LA,WAS,20.0,27.0,0
1553.7805234792318,1329.1686217097965,289.61190176943524,0.8411941522565298,1557.6713598974138,1325.2777852916145,2017_02_SF_SEA,2017,2,SEA,SF,12.0,9.0,1
1602.9715986704796,1589.78854236233,78.18305630814962,0.6106529882050438,1621.6573679918868,1571.1027730409228,2017_02_GB_ATL,2017,2,ATL,GB,34.0,23.0,1
1523.1610244687342,1531.3960778228477,56.76494664588654,0.5809721169561332,1490.861593358456,1563.695508933126,2017_02_DET_NYG,2017,2,NYG,DET,10.0,24.0,0
1325.2777852916145,1417.190648066879,-26.912862775264557,0.46134655663199403,1315.2634716574316,1427.2049617010618,2017_03_LA_SF,2017,3,SF,LA,39.0,41.0,0
1482.8452931342913,1582.0774387170948,-34.23214558280347,0.4508947804680995,1509.595463763131,1555.327268088255,2017_03_DEN_BUF,2017,3,BUF,DEN,26.0,16.0,1
1553.3625642242678,1453.575926699287,164.78663752498073,0.720831152492989,1505.1920537774542,1501.7464371461006,2017_03_NO_CAR,2017,3,CAR,NO,13.0,34.0,0
1355.0402267050185,1610.3951656698289,-190.35493896481034,0.2505330989058014,1386.9709353708743,1578.4644570039732,2017_03_PIT_CHI,2017,3,CHI,PIT,23.0,17.0,1
1563.695508933126,1621.6573679918868,7.038140941239135,0.5101273137576202,1547.2224442677827,1638.13043265723,2017_03_ATL_DET,2017,3,DET,ATL,26.0,30.0,0
1451.9155663858548,1316.7325410722358,200.18302531361905,0.7599391852970371,1458.0163419560943,1310.6317655019964,2017_03_CLE_IND,2017,3,IND,CLE,31.0,28.0,1
1497.3424499554908,1514.6569085738756,47.68554138161517,0.5681973233662668,1521.7742890611487,1490.2250694682177,2017_03_TB_MIN,2017,3,MIN,TB,34.0,17.0,1
1637.3054113339122,1459.5904894579528,242.71492187595936,0.8017359207936019,1642.2562569657211,1454.6396438261438,2017_03_HOU_NE,2017,3,NE,HOU,36.0,33.0,1
1416.584038713292,1525.761264275422,-44.177225562129934,0.43676428714020865,1447.714568809175,1494.630734179539,2017_03_MIA_NYJ,2017,3,NYJ,MIA,20.0,6.0,1
1529.6949619404231,1490.861593358456,103.83336858196708,0.6451328834555564,1539.090525321932,1481.466029976947,2017_03_NYG_PHI,2017,3,PHI,NYG,27.0,24.0,1
1468.5293626760176,1557.6713598974138,-24.141997221396196,0.46531268259580544,1489.5693170075456,1536.6314055658859,2017_03_SEA_TEN,2017,3,TEN,SEA,33.0,27.0,1
1571.1027730409228,1452.8500657857012,183.2527072552216,0.7417123053128961,1577.7133863587885,1446.2394524678355,2017_03_CIN_GB,2017,3,GB,CIN,27.0,24.0,1
1478.176578914097,1663.300791110861,-120.12421219676389,0.333701574873575,1461.0387261489166,1680.4386438760414,2017_03_KC_LAC,2017,3,LAC,KC,10.0,24.0,0
1495.2370240116095,1577.253438941883,-17.016414930273413,0.47553097241674236,1525.791564561422,1546.6988983920703,2017_03_OAK_WAS,2017,3,WAS,OAK,27.0,10.0,1
1387.7431473828187,1534.9650402020598,-82.22189281924102,0.38383375840620526,1434.310699732211,1488.3974878526674,2017_03_BAL_JAX,2017,3,JAX,BAL,44.0,7.0,1
1528.11646532909,1565.8132423673048,27.303222961785195,0.5392118107433971,1500.9818898806795,1592.9478178157153,2017_03_DAL_ARI,2017,3,ARI,DAL,17.0,28.0,0
1577.7133863587885,1386.9709353708743,255.74245098791425,0.8133872779099452,1588.0485195189221,1376.6358022107406,2017_04_CHI_GB,2017,4,GB,CHI,35.0,14.0,1
1638.13043265723,1509.595463763131,193.53496889409894,0.752888378172223,1606.0031157127228,1541.722780707638,2017_04_BUF_ATL,2017,4,ATL,BUF,17.0,23.0,0
1488.3974878526674,1578.4644570039732,-25.066969151305784,0.4639881953118477,1461.8776889656808,1604.9842558909597,2017_04_PIT_BAL,2017,4,BAL,PIT,9.0,26.0,0
1310.6317655019964,1446.2394524678355,-70.6076869658391,0.39976352479261246,1285.6962723596755,1471.1749456101563,2017_04_CIN_CLE,2017,4,CLE,CIN,7.0,31.0,0
1592.9478178157153,1427.2049617010618,230.74285611465348,0.7905531118483633,1561.2987438219347,1458.8540356948424,2017_04_LA_DAL,2017,4,DAL,LA,30.0,35.0,0
1454.6396438261438,1489.5693170075456,30.070326818598232,0.5431669478427181,1488.7482935413866,1455.4606672923028,2017_04_TEN_HOU,2017,4,HOU,TEN,57.0,14.0,1
1521.7742890611487,1547.2224442677827,39.551844793365944,0.5566750664456955,1498.1989844438299,1570.7977488851016,2017_04_DET_MIN,2017,4,MIN,DET,7.0,14.0,0
1642.2562569657211,1505.1920537774542,202.0642031882669,0.761909160138398,1618.9951809796346,1528.4531297635408,2017_04_CAR_NE,2017,4,NE,CAR,30.0,33.0,0
1447.714568809175,1434.310699732211,78.40386907696393,0.6109551573218582,1458.129995974519,1423.895272566867,2017_04_JAX_NYJ,2017,4,NYJ,JAX,23.0,20.0,1
1500.9818898806795,1315.2634716574316,250.7184182232479,0.8089576183116444,1505.736823323056,1310.5085382150553,2017_04_SF_ARI,2017,4,ARI,SF,18.0,15.0,1
1461.0387261489166,1539.090525321932,-13.051799173015525,0.4812257817518963,1450.5274744300093,1549.6017770408394,2017_04_PHI_LAC,2017,4,LAC,PHI,24.0,26.0,0
1490.2250694682177,1481.466029976947,73.75903949127064,0.6045813509649194,1498.6314653509626,1473.0596340942022,2017_04_NYG_TB,2017,4,TB,NYG,25.0,23.0,1
1555.327268088255,1546.6988983920703,73.62836969618479,0.6044015148353763,1570.224672241761,1531.8014942385644,2017_04_OAK_DEN,2017,4,DEN,OAK,16.0,10.0,1
1536.6314055658859,1458.0163419560943,143.6150636097916,0.6956598356557383,1555.871488469038,1438.7762590529421,2017_04_IND_SEA,2017,4,SEA,IND,46.0,18.0,1
1494.630734179539,1501.7464371461006,57.88429703343854,0.5825399215421672,1458.2011156392618,1538.1760556863778,2017_04_NO_MIA,2017,4,MIA,NO,0.0,20.0,0
1680.4386438760414,1525.791564561422,219.6470793146193,0.7797809349352479,1689.6595001706758,1516.5707082667877,2017_04_WAS_KC,2017,4,KC,WAS,29.0,20.0,1
1498.6314653509626,1618.9951809796346,-55.363715628672026,0.42099280379826276,1483.9154420115633,1633.7112043190339,2017_05_NE_TB,2017,5,TB,NE,14.0,19.0,0
1471.1749456101563,1541.722780707638,-5.547835097481766,0.49201670200750297,1487.567635337884,1525.3300909799104,2017_05_BUF_CIN,2017,5,CIN,BUF,20.0,16.0,1
1285.6962723596755,1458.129995974519,-107.43372361484353,0.3501367357739486,1276.4404166407892,1467.3858516934054,2017_05_NYJ_CLE,2017,5,CLE,NYJ,14.0,17.0,0
1570.7977488851016,1528.4531297635408,107.34461912156075,0.6497465434022891,1551.8588643414384,1547.392014307204,2017_05_CAR_DET,2017,5,DET,CAR,24.0,27.0,0
1438.7762590529421,1310.5085382150553,193.26772083788683,0.7526020507628883,1445.0816634486687,1304.2031338193287,2017_05_SF_IND,2017,5,IND,SF,26.0,23.0,1
1458.2011156392618,1455.4606672923028,67.74044834695906,0.5962695472985071,1473.4442269849878,1440.2175559465768,2017_05_TEN_MIA,2017,5,MIA,TEN,16.0,10.0,1
1473.0596340942022,1450.5274744300093,87.53215966419293,0.623369681917434,1449.7954430852549,1473.7916654389567,2017_05_LAC_NYG,2017,5,NYG,LAC,22.0,27.0,0
1549.6017770408394,1505.736823323056,108.86495371778346,0.6517356118373041,1571.7171801857578,1483.6214201781374,2017_05_ARI_PHI,2017,5,PHI,ARI,34.0,7.0,1
1604.9842558909597,1423.895272566867,246.08898332409262,0.804805174095701,1548.9641888062495,1479.9153396515774,2017_05_JAX_PIT,2017,5,PIT,JAX,9.0,30.0,0
1458.8540356948424,1555.871488469038,-32.01745277419559,0.454053172638904,1441.4365850682677,1573.2889390956127,2017_05_SEA_LA,2017,5,LA,SEA,10.0,16.0,0
1531.8014942385644,1461.8776889656808,134.92380527288356,0.6849649694609267,1493.2861501446025,1500.3930330596427,2017_05_BAL_OAK,2017,5,OAK,BAL,17.0,30.0,0
1561.2987438219347,1588.0485195189221,38.2502243030126,0.5548251742020704,1543.1236090641603,1606.2236542766966,2017_05_GB_DAL,2017,5,DAL,GB,31.0,35.0,0
1488.7482935413866,1689.6595001706758,-135.91120662928915,0.3138097963369826,1475.7604427244542,1702.6473509876082,2017_05_KC_HOU,2017,5,HOU,KC,34.0,42.0,0
1376.6358022107406,1498.1989844438299,-56.563182233089265,0.41931065691271996,1365.301454399103,1509.5333322554675,2017_05_MIN_CHI,2017,5,CHI,MIN,17.0,20.0,0
1547.392014307204,1571.7171801857578,40.67483412144611,0.5582698239606144,1527.0094654405611,1592.0997290524006,2017_06_PHI_CAR,2017,6,CAR,PHI,23.0,28.0,0
1606.0031157127228,1473.4442269849878,197.55888872773494,0.7571726093035758,1582.9386565575553,1496.5086861401553,2017_06_MIA_ATL,2017,6,ATL,MIA,17.0,20.0,0
1500.3930330596427,1365.301454399103,200.09157866053965,0.7598431384644282,1477.2179142063162,1388.4765732524295,2017_06_CHI_BAL,2017,6,BAL,CHI,24.0,27.0,0
1475.7604427244542,1276.4404166407892,264.32002608366497,0.8207663742057607,1484.8272490551549,1267.3736103100885,2017_06_CLE_HOU,2017,6,HOU,CLE,33.0,17.0,1
1509.5333322554675,1606.2236542766966,-31.69032202122912,0.4545200164240204,1538.7451788801093,1577.0118076520548,2017_06_GB_MIN,2017,6,MIN,GB,23.0,10.0,1
1538.1760556863778,1551.8588643414384,51.317191344939374,0.5733189706737907,1560.7587644559292,1529.276155571887,2017_06_DET_NO,2017,6,NO,DET,52.0,38.0,1
1467.3858516934054,1633.7112043190339,-101.32535262562851,0.3581792232032039,1453.145465721554,1647.9515902908852,2017_06_NE_NYJ,2017,6,NYJ,NE,17.0,24.0,0
1516.5707082667877,1304.2031338193287,277.367574447459,0.8315505107454033,1519.857531730631,1300.9163103554854,2017_06_SF_WAS,2017,6,WAS,SF,26.0,24.0,1
1483.6214201781374,1483.9154420115633,64.70597816657414,0.5920575063856917,1497.8224390506755,1469.7144231390253,2017_06_TB_ARI,2017,6,ARI,TB,38.0,33.0,1
1479.9153396515774,1441.4365850682677,103.47875458330964,0.6446654120580223,1447.4725649887596,1473.8793597310855,2017_06_LA_JAX,2017,6,JAX,LA,17.0,27.0,0
1702.6473509876082,1548.9641888062495,218.68316218135874,0.7788266093959336,1668.9913655921362,1582.6201742017215,2017_06_PIT_KC,2017,6,KC,PIT,13.0,19.0,0
1493.2861501446025,1473.7916654389567,84.49448470564585,0.6192554879196127,1484.358568313518,1482.7192472700413,2017_06_LAC_OAK,2017,6,OAK,LAC,16.0,17.0,0
1570.224672241761,1449.7954430852549,185.42922915650615,0.744105285112096,1527.334937344155,1492.685177982861,2017_06_NYG_DEN,2017,6,DEN,NYG,10.0,23.0,0
1440.2175559465768,1445.0816634486687,60.13589249790812,0.5856885126504253,1462.0600290721295,1423.239190323116,2017_06_IND_TEN,2017,6,TEN,IND,36.0,22.0,1
1484.358568313518,1668.9913655921362,-119.63279727861823,0.3343308421371628,1494.117371841861,1659.232562063793,2017_07_KC_OAK,2017,7,OAK,KC,31.0,30.0,1
1525.3300909799104,1469.7144231390253,120.61566784088518,0.6669271526971308,1534.08484891941,1460.9596651995257,2017_07_TB_BUF,2017,7,BUF,TB,30.0,27.0,1
1388.4765732524295,1527.0094654405611,-73.53289218813165,0.39572990528077445,1422.3361729624692,1493.1498657305215,2017_07_CAR_CHI,2017,7,CHI,CAR,17.0,3.0,1
1267.3736103100885,1462.0600290721295,-129.68641876204106,0.3215767672957008,1258.95393526478,1470.479704117438,2017_07_TEN_CLE,2017,7,CLE,TEN,9.0,12.0,0
1577.0118076520548,1560.7587644559292,81.25304319612565,0.6148463645513303,1547.6112286759524,1590.1593434320316,2017_07_NO_GB,2017,7,GB,NO,17.0,26.0,0
1423.239190323116,1447.4725649887596,40.76662533435638,0.5584001240298313,1385.3225153223138,1485.3892399895617,2017_07_JAX_IND,2017,7,IND,JAX,0.0,27.0,0
1473.8793597310855,1497.8224390506755,41.05692068041003,0.5588121529853826,1504.4250568550733,1467.2767419266877,2017_07_ARI_LA,2017,7,LA,ARI,33.0,0.0,1
1496.5086861401553,1453.145465721554,108.36322041860126,0.6510797698612875,1505.7286695044313,1443.925482357278,2017_07_NYJ_MIA,2017,7,MIA,NYJ,31.0,28.0,1
1538.7451788801093,1477.2179142063162,126.52726467379307,0.6744429737018041,1552.273566901264,1463.6895261851614,2017_07_BAL_MIN,2017,7,MIN,BAL,24.0,16.0,1
1300.9163103554854,1543.1236090641603,-177.2072987086749,0.26501041324753666,1284.072232760639,1559.9676866590066,2017_07_DAL_SF,2017,7,SF,DAL,10.0,40.0,0
1482.7192472700413,1527.334937344155,20.384309925886328,0.5293017664027106,1511.551067741704,1498.5031168724922,2017_07_DEN_LAC,2017,7,LAC,DEN,21.0,0.0,1
1492.685177982861,1573.2889390956127,-15.603761112751727,0.4775594682981427,1465.2731133073473,1600.7010037711264,2017_07_SEA_NYG,2017,7,NYG,SEA,7.0,24.0,0
1582.6201742017215,1487.567635337884,160.05253886383753,0.715314343455681,1597.335912101489,1472.8518974381166,2017_07_CIN_PIT,2017,7,PIT,CIN,29.0,14.0,1
1647.9515902908852,1582.9386565575553,130.01293373332987,0.6788331520601664,1665.1348016745749,1565.7554451738656,2017_07_ATL_NE,2017,7,NE,ATL,23.0,7.0,1
1592.0997290524006,1519.857531730631,137.24219732176948,0.687837684997658,1606.191307484151,1505.7659532988807,2017_07_WAS_PHI,2017,7,PHI,WAS,34.0,24.0,1
1463.6895261851614,1505.7286695044313,22.960856680730103,0.5329953078484045,1498.0163769174214,1471.4018187721713,2017_08_MIA_BAL,2017,8,BAL,MIA,40.0,0.0,1
1534.08484891941,1494.117371841861,104.96747707754889,0.6466260642683186,1554.622064748006,1473.580156013265,2017_08_OAK_BUF,2017,8,BUF,OAK,34.0,14.0,1
1472.8518974381166,1385.3225153223138,152.52938211580272,0.7064137609886328,1476.6579850118717,1381.5164277485587,2017_08_IND_CIN,2017,8,CIN,IND,24.0,23.0,1
1665.1348016745749,1511.551067741704,218.58373393287093,0.7787280022372196,1673.979692036375,1502.706177379904,2017_08_LAC_NE,2017,8,NE,LAC,21.0,13.0,1
1590.1593434320316,1422.3361729624692,232.82317046956246,0.7925290619547898,1598.404024338696,1414.0914920558048,2017_08_CHI_NO,2017,8,NO,CHI,20.0,12.0,1
1443.925482357278,1565.7554451738656,-56.82996281658757,0.41893677386541184,1429.2908428258384,1580.3900847053053,2017_08_ATL_NYJ,2017,8,NYJ,ATL,20.0,25.0,0
1606.191307484151,1284.072232760639,387.11907472351186,0.9027742147675656,1611.4463830684783,1278.8171571763116,2017_08_SF_PHI,2017,8,PHI,SF,33.0,10.0,1
1460.9596651995257,1493.1498657305215,32.80979946900425,0.5470772380394557,1430.880830650698,1523.2287002793491,2017_08_CAR_TB,2017,8,TB,CAR,3.0,17.0,0
1600.7010037711264,1484.8272490551549,180.87375471597147,0.7390801360969699,1607.3856574004608,1478.1425954258204,2017_08_HOU_SEA,2017,8,SEA,HOU,41.0,38.0,1
1505.7659532988807,1559.9676866590066,10.7982666398741,0.5155349531421892,1477.7063375314838,1588.0273024264036,2017_08_DAL_WAS,2017,8,WAS,DAL,19.0,33.0,0
1529.276155571887,1597.335912101489,-3.0597565296018274,0.4955967702259782,1511.5410174545796,1615.0710502187965,2017_08_PIT_DET,2017,8,DET,PIT,15.0,20.0,0
1258.95393526478,1552.273566901264,-228.31963163648402,0.21176594291293857,1247.863294280355,1563.3642078856892,2017_08_MIN_CLE,2017,8,CLE,MIN,16.0,33.0,0
1659.232562063793,1498.5031168724922,225.72944519130078,0.785734515154246,1668.5520649239227,1489.1836140123626,2017_08_DEN_KC,2017,8,KC,DEN,29.0,19.0,1
1429.2908428258384,1554.622064748006,-60.33122192216774,0.41403866800522776,1461.0906077297732,1522.8222998440713,2017_09_BUF_NYJ,2017,9,NYJ,BUF,34.0,21.0,1
1523.2287002793491,1580.3900847053053,7.838615574043843,0.5112787609872883,1536.730822079848,1566.8879629048065,2017_09_ATL_CAR,2017,9,CAR,ATL,20.0,17.0,1
1478.1425954258204,1381.5164277485587,161.62616767726172,0.7171554177542692,1448.019131670507,1411.6398915038721,2017_09_IND_HOU,2017,9,HOU,IND,14.0,20.0,0
1485.3892399895617,1476.6579850118717,73.73125497769001,0.6045431145070396,1507.0708717967898,1454.9763532046436,2017_09_CIN_JAX,2017,9,JAX,CIN,23.0,7.0,1
1598.404024338696,1430.880830650698,232.52319368799795,0.7922449855694942,1609.8450874305004,1419.4397675588937,2017_09_TB_NO,2017,9,NO,TB,30.0,10.0,1
1465.2731133073473,1504.4250568550733,25.848056452274022,0.5371298657260114,1426.6253638563692,1543.0728063060515,2017_09_LA_NYG,2017,9,NYG,LA,17.0,51.0,0
1611.4463830684783,1489.1836140123626,187.26276905611576,0.7461098505752073,1627.2036022194786,1473.4263948613623,2017_09_DEN_PHI,2017,9,PHI,DEN,51.0,23.0,1
1470.479704117438,1498.0163769174214,37.463327200016465,0.5537060777355975,1482.6464147731626,1485.8496662616967,2017_09_BAL_TEN,2017,9,TEN,BAL,23.0,20.0,1
1607.3856574004608,1477.7063375314838,194.67931986897702,0.7541119071430102,1584.4474170607032,1500.6445778712414,2017_09_WAS_SEA,2017,9,SEA,WAS,14.0,17.0,0
1278.8171571763116,1467.2767419266877,-123.45958475037605,0.32944628320169317,1263.8571301657842,1482.2367689372152,2017_09_ARI_SF,2017,9,SF,ARI,10.0,20.0,0
1588.0273024264036,1668.5520649239227,-15.524762497519077,0.4776729285970106,1614.1704674280863,1642.40889992224,2017_09_KC_DAL,2017,9,DAL,KC,28.0,17.0,1
1471.4018187721713,1473.580156013265,62.821662758906314,0.5894350893812939,1454.5788222246513,1490.403152560785,2017_09_OAK_MIA,2017,9,MIA,OAK,24.0,27.0,0
1547.6112286759524,1511.5410174545796,101.0702112213728,0.6414830689178423,1512.122635121415,1547.029611009117,2017_09_DET_GB,2017,9,GB,DET,17.0,30.0,0
1482.2367689372152,1584.4474170607032,-37.210648123488,0.44665338931824233,1465.1429454204235,1601.5412405774948,2017_10_SEA_ARI,2017,10,ARI,SEA,16.0,22.0,0
1522.8222998440713,1609.8450874305004,-22.022787586429104,0.46834903947313683,1489.0868045508828,1643.5805827236888,2017_10_NO_BUF,2017,10,BUF,NO,10.0,47.0,0
1414.0914920558048,1512.122635121415,-33.031143065610195,0.4526070657680851,1395.546530311003,1530.6675968662169,2017_10_GB_CHI,2017,10,CHI,GB,16.0,23.0,0
1547.029611009117,1247.863294280355,364.166316728762,0.8905439961732625,1552.1159205260174,1242.7769847634545,2017_10_CLE_DET,2017,10,DET,CLE,38.0,24.0,1
1411.6398915038721,1615.0710502187965,-138.43115871492432,0.3106946388920264,1403.5355580193802,1623.1753837032884,2017_10_PIT_IND,2017,10,IND,PIT,17.0,20.0,0
1507.0708717967898,1502.706177379904,69.36469441688587,0.5985183313965787,1517.862067272985,1491.9149819037086,2017_10_LAC_JAX,2017,10,JAX,LAC,20.0,17.0,1
1419.4397675588937,1461.0906077297732,23.34915982912048,0.5335516462379635,1435.9794923460795,1444.5508829425874,2017_10_NYJ_TB,2017,10,TB,NYJ,15.0,10.0,1
1482.6464147731626,1454.9763532046436,92.67006156851903,0.630287818757226,1494.0659677611075,1443.5568002166988,2017_10_CIN_TEN,2017,10,TEN,CIN,24.0,20.0,1
1500.6445778712414,1563.3642078856892,2.28036998555217,0.5032816690863765,1478.5051726206214,1585.5036131363092,2017_10_MIN_WAS,2017,10,WAS,MIN,30.0,38.0,0
1543.0728063060515,1448.019131670507,160.05367463554444,0.7153156748559851,1560.565635634027,1430.5263023425314,2017_10_HOU_LA,2017,10,LA,HOU,33.0,7.0,1
1566.8879629048065,1614.1704674280863,17.71749547672016,0.525475446507804,1595.5511396824572,1585.5072906504356,2017_10_DAL_ATL,2017,10,ATL,DAL,27.0,7.0,1
1263.8571301657842,1426.6253638563692,-97.76823369058502,0.36290002803174093,1295.832080580335,1394.6504134418183,2017_10_NYG_SF,2017,10,SF,NYG,31.0,21.0,1
1473.4263948613623,1673.979692036375,-135.55329717501263,0.3142536158115227,1454.137509767245,1693.268577130492,2017_10_NE_DEN,2017,10,DEN,NE,16.0,41.0,0
1536.730822079848,1454.5788222246513,147.15199985519666,0.6999531979000337,1554.836078789852,1436.4735655146471,2017_10_MIA_CAR,2017,10,CAR,MIA,45.0,21.0,1
1623.1753837032884,1494.0659677611075,194.10941594218093,0.7535030821771729,1637.5726959648462,1479.6686554995497,2017_11_TEN_PIT,2017,11,PIT,TEN,40.0,17.0,1
1395.546530311003,1552.1159205260174,-91.56939021501444,0.3711898368929556,1385.6662060583635,1561.9962447786568,2017_11_DET_CHI,2017,11,CHI,DET,24.0,27.0,0
1242.7769847634545,1517.862067272985,-210.0850825095306,0.22981662135598685,1232.0152934104844,1528.6237586259551,2017_11_JAX_CLE,2017,11,CLE,JAX,7.0,19.0,0
1530.6675968662169,1485.8496662616967,109.81793060452014,0.6529797142884083,1486.982882816261,1529.5343803116525,2017_11_BAL_GB,2017,11,GB,BAL,0.0,23.0,0
1430.5263023425314,1465.1429454204235,30.38335692210785,0.5436140417559328,1452.1154574318293,1443.5537903311256,2017_11_ARI_HOU,2017,11,HOU,ARI,31.0,21.0,1
1436.4735655146471,1435.9794923460795,65.49407316856764,0.5931527608366082,1407.1543680045115,1465.298689856215,2017_11_TB_MIA,2017,11,MIA,TB,20.0,30.0,0
1585.5036131363092,1560.565635634027,89.93797750228214,0.6266155516233239,1606.2402769679297,1539.8289718024066,2017_11_LA_MIN,2017,11,MIN,LA,24.0,7.0,1
1643.5805827236888,1478.5051726206214,230.0754101030675,0.7899162263480689,1648.8538634543559,1473.2318918899543,2017_11_WAS_NO,2017,11,NO,WAS,34.0,31.0,1
1394.6504134418183,1642.40889992224,-182.75848648042165,0.25883309370624186,1417.0616724914325,1619.9976408726257,2017_11_KC_NYG,2017,11,NYG,KC,12.0,9.0,1
1491.9149819037086,1489.0868045508828,67.82817735282583,0.5963911132408469,1518.8056704178937,1462.1961160366977,2017_11_BUF_LAC,2017,11,LAC,BUF,54.0,24.0,1
1454.137509767245,1443.5568002166988,75.58070955054632,0.6070854835313582,1436.7066926973223,1460.9876172866216,2017_11_CIN_DEN,2017,11,DEN,CIN,17.0,20.0,0
1490.403152560785,1693.268577130492,-137.8654245697071,0.31139251920070576,1471.3087844090105,1712.3629452822665,2017_11_NE_OAK,2017,11,OAK,NE,8.0,33.0,0
1585.5072906504356,1627.2036022194786,23.30368843095698,0.5334865017243186,1549.194506926426,1663.5163859434883,2017_11_PHI_DAL,2017,11,DAL,PHI,9.0,37.0,0
1601.5412405774948,1595.5511396824572,70.99010089503759,0.6007645785966143,1584.3291044982573,1612.7632757616948,2017_11_ATL_SEA,2017,11,SEA,ATL,31.0,34.0,0
1561.9962447786568,1606.2402769679297,20.755967810727043,0.5298347545728185,1539.7511649092785,1628.485356837308,2017_12_MIN_DET,2017,12,DET,MIN,23.0,30.0,0
1549.194506926426,1518.8056704178937,95.38883650853222,0.6339272886103217,1507.6392226181204,1560.3609547261992,2017_12_LAC_DAL,2017,12,DAL,LAC,6.0,28.0,0
1473.2318918899543,1417.0616724914325,121.1702193985218,0.6676358871164214,1488.3393021318739,1401.954262249513,2017_12_NYG_WAS,2017,12,WAS,NYG,20.0,10.0,1
1612.7632757616948,1465.298689856215,212.46458590547968,0.7725988759070146,1623.9948607519418,1454.067104865968,2017_12_TB_ATL,2017,12,ATL,TB,34.0,20.0,1
1460.9876172866216,1232.0152934104844,293.9723238761371,0.8445186100082099,1468.4160325251446,1224.5868781719614,2017_12_CLE_CIN,2017,12,CIN,CLE,30.0,16.0,1
1403.5355580193802,1479.6686554995497,-11.133097480169454,0.48398366626580686,1388.0351645132234,1495.1690490057065,2017_12_TEN_IND,2017,12,IND,TEN,16.0,20.0,0
1619.9976408726257,1462.1961160366977,222.80152483592792,0.7828833048824699,1586.0958824726272,1496.0978744366962,2017_12_BUF_KC,2017,12,KC,BUF,10.0,16.0,0
1712.3629452822665,1407.1543680045115,370.208577277755,0.8938886194532918,1717.711652567033,1401.805660719745,2017_12_MIA_NE,2017,12,NE,MIA,35.0,17.0,1
1444.5508829425874,1554.836078789852,-45.28519584726473,0.4351959316074629,1425.8121406479597,1573.5748210844797,2017_12_CAR_NYJ,2017,12,NYJ,CAR,27.0,35.0,0
1663.5163859434883,1385.6662060583635,342.8501798851248,0.8779977220991803,1670.6249374635331,1378.5576545383187,2017_12_CHI_PHI,2017,12,PHI,CHI,31.0,3.0,1
1295.832080580335,1584.3291044982573,-223.4970239179222,0.21643694334916752,1286.0675435674439,1594.0936415111485,2017_12_SEA_SF,2017,12,SF,SEA,13.0,24.0,0
1443.5537903311256,1528.6237586259551,-20.06996829482955,0.4711490777283534,1458.3516479656523,1513.8259009914284,2017_12_JAX_ARI,2017,12,ARI,JAX,27.0,24.0,1
1539.8289718024066,1648.8538634543559,-44.02489165194925,0.4369800186817777,1562.1881339407537,1626.4947013160086,2017_12_NO_LA,2017,12,LA,NO,26.0,20.0,1
1471.3087844090105,1436.7066926973223,99.60209171168822,0.6395371309863858,1485.6507023162478,1422.364774790085,2017_12_DEN_OAK,2017,12,OAK,DEN,21.0,14.0,1
1637.5726959648462,1486.982882816261,215.5898131485851,0.7757440717570079,1643.2354653603227,1481.3201134207845,2017_12_GB_PIT,2017,12,PIT,GB,31.0,28.0,1
1529.5343803116525,1452.1154574318293,142.41892287982319,0.6942000874674185,1541.4789960059038,1440.170841737578,2017_12_HOU_BAL,2017,12,BAL,HOU,23.0,16.0,1
1507.6392226181204,1488.3393021318739,84.29992048624649,0.6189913807717138,1531.2624143846938,1464.7161103653004,2017_13_WAS_DAL,2017,13,DAL,WAS,38.0,14.0,1
1623.9948607519418,1628.485356837308,60.5095039146338,0.5862102949250482,1602.393780799607,1650.086436789643,2017_13_MIN_ATL,2017,13,ATL,MIN,9.0,14.0,0
1541.4789960059038,1539.7511649092785,66.72783109662532,0.594865513036792,1566.7927605755633,1514.437400339619,2017_13_DET_BAL,2017,13,BAL,DET,44.0,20.0,1
1496.0978744366962,1717.711652567033,-156.61377813033687,0.2887338469089287,1479.685132527735,1734.1243944759942,2017_13_NE_BUF,2017,13,BUF,NE,3.0,23.0,0
1378.5576545383187,1286.0675435674439,157.49011097087487,0.7123010357315369,1367.9216737186985,1296.7035243870641,2017_13_SF_CHI,2017,13,CHI,SF,14.0,15.0,0
1481.3201134207845,1454.067104865968,92.25300855481646,0.6297282089849217,1495.1504750203417,1440.236743266411,2017_13_TB_GB,2017,13,GB,TB,26.0,20.0,1
1513.8259009914284,1388.0351645132234,190.79073647820496,0.7499376464868203,1527.8372065889146,1374.0238589157373,2017_13_IND_JAX,2017,13,JAX,IND,30.0,10.0,1
1401.805660719745,1422.364774790085,44.44088592966,0.5636090456117472,1430.001560107038,1394.168875402792,2017_13_DEN_MIA,2017,13,MIA,DEN,35.0,9.0,1
1425.8121406479597,1586.0958824726272,-95.28374182466746,0.36621311504820425,1453.3638840095377,1558.5441391110492,2017_13_KC_NYJ,2017,13,NYJ,KC,38.0,31.0,1
1495.1690490057065,1440.170841737578,119.99820726812845,0.6661371294807775,1510.9031969187288,1424.4366938245557,2017_13_HOU_TEN,2017,13,TEN,HOU,24.0,13.0,1
1560.3609547261992,1224.5868781719614,400.7740765542378,0.9094584981484097,1563.888019468565,1221.0598134295956,2017_13_CLE_LAC,2017,13,LAC,CLE,19.0,10.0,1
1458.3516479656523,1562.1881339407537,-38.83648597510137,0.44434142637406876,1433.6101275724138,1586.9296543339922,2017_13_LA_ARI,2017,13,ARI,LA,16.0,32.0,0
1626.4947013160086,1573.5748210844797,117.91988023152885,0.6634711289236666,1641.8128681878827,1558.2566542126056,2017_13_CAR_NO,2017,13,NO,CAR,31.0,21.0,1
1485.6507023162478,1401.954262249513,148.6964400667348,0.7018170463329299,1497.2666678591484,1390.3382967066125,2017_13_NYG_OAK,2017,13,OAK,NYG,24.0,17.0,1
1594.0936415111485,1670.6249374635331,-11.531295952384653,0.48341122187183316,1622.2200328294382,1642.4985461452434,2017_13_PHI_SEA,2017,13,SEA,PHI,24.0,10.0,1
1468.4160325251446,1643.2354653603227,-109.81943283517808,0.34701832620695117,1459.252086700011,1652.3994111854563,2017_13_PIT_CIN,2017,13,CIN,PIT,20.0,23.0,0
1602.393780799607,1641.8128681878827,25.580912611724216,0.5367475131364432,1615.0902365850063,1629.1164124024833,2017_14_NO_ATL,2017,14,ATL,NO,20.0,17.0,1
1479.685132527735,1374.0238589157373,170.66127361199779,0.7275852119913573,1489.5238079606738,1364.1851834827985,2017_14_IND_BUF,2017,14,BUF,IND,13.0,7.0,1
1558.2566542126056,1650.086436789643,-26.82978257703735,0.46146540629797955,1580.9301901644094,1627.412900837839,2017_14_MIN_CAR,2017,14,CAR,MIN,31.0,24.0,1
1459.252086700011,1367.9216737186985,156.33041298131252,0.7109310475835343,1408.8051054900172,1418.3686549286922,2017_14_CHI_CIN,2017,14,CIN,CHI,7.0,33.0,0
1221.0598134295956,1495.1504750203417,-209.0906615907461,0.2308314028733881,1212.855972961376,1503.3543154885613,2017_14_GB_CLE,2017,14,CLE,GB,21.0,27.0,0
1424.4366938245557,1296.7035243870641,192.7331694374916,0.7520286688067189,1384.9080261111826,1336.2321921004373,2017_14_SF_HOU,2017,14,HOU,SF,16.0,26.0,0
1558.5441391110492,1497.2666678591484,126.2774712519008,0.67412716951906,1573.8602814165104,1481.9505255536872,2017_14_OAK_KC,2017,14,KC,OAK,26.0,15.0,1
1390.3382967066125,1531.2624143846938,-75.9241176780813,0.39244308114214016,1367.2394256596453,1554.361285431661,2017_14_DAL_NYG,2017,14,NYG,DAL,10.0,30.0,0
1440.236743266411,1514.437400339619,-9.200657073208049,0.48676228439783503,1426.7970335017653,1527.8771101042646,2017_14_DET_TB,2017,14,TB,DET,21.0,24.0,0
1433.6101275724138,1510.9031969187288,-12.293069346314951,0.4823162299726715,1452.265666162466,1492.2476583286766,2017_14_TEN_ARI,2017,14,ARI,TEN,12.0,7.0,1
1394.168875402792,1453.3638840095377,5.80499139325434,0.5083532768661662,1425.336231238926,1422.1965281734037,2017_14_NYJ_DEN,2017,14,DEN,NYJ,23.0,0.0,1
1563.888019468565,1464.7161103653004,164.17190910326462,0.720118498785853,1578.9437392646973,1449.6603905691682,2017_14_WAS_LAC,2017,14,LAC,WAS,30.0,13.0,1
1527.8372065889146,1622.2200328294382,-29.382826240523627,0.45781523705139726,1549.2236975870167,1600.833541831336,2017_14_SEA_JAX,2017,14,JAX,SEA,30.0,24.0,1
1586.9296543339922,1642.4985461452434,9.431108188748794,0.5135691230816846,1564.2639555015876,1665.164244977648,2017_14_PHI_LA,2017,14,LA,PHI,35.0,43.0,0
1652.3994111854563,1566.7927605755633,150.606650609893,0.7041130711554634,1656.2384628529721,1562.9537089080475,2017_14_BAL_PIT,2017,14,PIT,BAL,39.0,38.0,1
1430.001560107038,1734.1243944759942,-239.12283436895632,0.20157143225467433,1467.256603248492,1696.8693513345402,2017_14_NE_MIA,2017,14,MIA,NE,27.0,20.0,1
1364.1851834827985,1425.336231238926,3.848952243872418,0.5055388609522474,1338.2061009295146,1451.31531379221,2017_15_DEN_IND,2017,15,IND,DEN,13.0,25.0,0
1527.8771101042646,1418.3686549286922,174.5084551755724,0.7319525002331188,1539.787361496177,1406.4584035367798,2017_15_CHI_DET,2017,15,DET,CHI,20.0,10.0,1
1573.8602814165104,1578.9437392646973,59.91654215181302,0.5853820802828398,1597.1928230113388,1555.611197669869,2017_15_LAC_KC,2017,15,KC,LAC,30.0,13.0,1
1489.5238079606738,1467.256603248492,87.26720471218187,0.6230115274823217,1505.4583025230922,1451.3221086860735,2017_15_MIA_BUF,2017,15,BUF,MIA,24.0,16.0,1
1580.9301901644094,1503.3543154885613,142.57587467584813,0.6943918517787172,1592.8665157166843,1491.4179899362864,2017_15_GB_CAR,2017,15,CAR,GB,31.0,24.0,1
1212.855972961376,1562.9537089080475,-285.0977359466715,0.16230803185934084,1204.5497627220275,1571.259919147396,2017_15_BAL_CLE,2017,15,CLE,BAL,10.0,27.0,0
1549.2236975870167,1384.9080261111826,229.31567147583405,0.7891895454273612,1563.2119793990203,1370.919744299179,2017_15_HOU_JAX,2017,15,JAX,HOU,45.0,7.0,1
1627.412900837839,1408.8051054900172,283.6077953478218,0.8365224525327678,1637.0636143555432,1399.154391972313,2017_15_CIN_MIN,2017,15,MIN,CIN,34.0,7.0,1
1629.1164124024833,1422.1965281734037,271.91988422907957,0.8271120787446536,1637.0097691718927,1414.3031714039944,2017_15_NYJ_NO,2017,15,NO,NYJ,31.0,19.0,1
1367.2394256596453,1665.164244977648,-232.92481931800262,0.2073747422069543,1360.519576027047,1671.8840946102464,2017_15_PHI_NYG,2017,15,NYG,PHI,29.0,34.0,0
1449.6603905691682,1452.265666162466,62.39472440670215,0.5888402031295359,1463.9880301557907,1437.9380265758434,2017_15_ARI_WAS,2017,15,WAS,ARI,20.0,15.0,1
1600.833541831336,1564.2639555015876,101.56958632974852,0.6421439153671092,1552.5832238100993,1612.5142735228244,2017_15_LA_SEA,2017,15,SEA,LA,7.0,42.0,0
1656.2384628529721,1696.8693513345402,24.369111518431964,0.5350125733078108,1641.238613215339,1711.8692009721733,2017_15_NE_PIT,2017,15,PIT,NE,24.0,27.0,0
1336.2321921004373,1492.2476583286766,-91.01546622823935,0.37193439662500766,1350.6277580574024,1477.8520923717115,2017_15_TEN_SF,2017,15,SF,TEN,25.0,23.0,1
1481.9505255536872,1554.361285431661,-7.41075987797376,0.4893366763289644,1468.42878041852,1567.883030566828,2017_15_DAL_OAK,2017,15,OAK,DAL,17.0,20.0,0
1426.7970335017653,1615.0902365850063,-123.293203083241,0.3296579000638467,1418.1420230005388,1623.745247086233,2017_15_ATL_TB,2017,15,TB,ATL,21.0,24.0,0
1571.259919147396,1338.2061009295146,298.05381821788137,0.8475787513929417,1576.8426040561747,1332.623416020736,2017_16_IND_BAL,2017,16,BAL,IND,23.0,16.0,1
1491.4179899362864,1637.0636143555432,-80.64562441925682,0.3859819942925068,1470.319994568755,1658.1616097230747,2017_16_MIN_GB,2017,16,GB,MIN,0.0,16.0,0
1592.8665157166843,1418.1420230005388,239.7244927161455,0.7989853964446568,1597.8921971568277,1413.1163415603953,2017_16_TB_CAR,2017,16,CAR,TB,22.0,19.0,1
1406.4584035367798,1204.5497627220275,266.9086408147523,0.8229480150601232,1415.5859513240173,1195.42221493479,2017_16_CLE_CHI,2017,16,CHI,CLE,20.0,3.0,1
1399.154391972313,1539.787361496177,-75.63296952386395,0.3928427603713719,1428.1104868074856,1510.8312666610045,2017_16_DET_CIN,2017,16,CIN,DET,26.0,17.0,1
1597.1928230113388,1451.3221086860735,210.87071432526523,0.7709828801029327,1609.0348482494348,1439.4800834479774,2017_16_MIA_KC,2017,16,KC,MIA,29.0,13.0,1
1711.8692009721733,1505.4583025230922,271.41089844908106,0.8266926999285893,1721.406591044657,1495.9209124506085,2017_16_BUF_NE,2017,16,NE,BUF,37.0,16.0,1
1637.0097691718927,1623.745247086233,78.26452208565979,0.6107644791748543,1655.0354304939788,1605.7195857641468,2017_16_ATL_NO,2017,16,NO,ATL,23.0,13.0,1
1414.3031714039944,1555.611197669869,-76.30802626587456,0.3919162835542513,1398.5502295239376,1571.3641395499258,2017_16_LAC_NYJ,2017,16,NYJ,LAC,7.0,14.0,0
1477.8520923717115,1612.5142735228244,-69.66218115111292,0.4010702413005014,1465.33838133604,1625.027984558496,2017_16_LA_TEN,2017,16,TEN,LA,23.0,27.0,0
1463.9880301557907,1451.31531379221,77.67271636358078,0.6099542934564404,1485.335978206359,1429.9673657416417,2017_16_DEN_WAS,2017,16,WAS,DEN,27.0,11.0,1
1350.6277580574024,1563.2119793990203,-147.58422134161788,0.299524521584557,1387.9433509634819,1525.8963864929408,2017_16_JAX_SF,2017,16,SF,JAX,44.0,33.0,1
1437.9380265758434,1360.519576027047,142.4184505487965,0.6941995102699439,1456.1932697281386,1342.2643328747517,2017_16_NYG_ARI,2017,16,ARI,NYG,23.0,0.0,1
1567.883030566828,1552.5832238100993,80.29980675672869,0.6135461062673274,1538.5578206163866,1581.9084337605407,2017_16_SEA_DAL,2017,16,DAL,SEA,12.0,21.0,0
1370.919744299179,1641.238613215339,-205.31886891616,0.2347088720226714,1356.4623243228116,1655.6960331917064,2017_16_PIT_HOU,2017,16,HOU,PIT,6.0,34.0,0
1671.8840946102464,1468.42878041852,268.4553141917263,0.8242415486267386,1679.0978151349873,1461.2150598937792,2017_16_OAK_PHI,2017,16,PHI,OAK,19.0,10.0,1
1510.8312666610045,1470.319994568755,105.51127209224956,0.6473410197394128,1532.4955634735488,1448.6556977562107,2017_17_GB_DET,2017,17,DET,GB,35.0,11.0,1
1332.623416020736,1356.4623243228116,41.16109169792435,0.5589599877785217,1352.5610345604953,1336.5247057830522,2017_17_HOU_IND,2017,17,IND,HOU,22.0,13.0,1
1658.1616097230747,1415.5859513240173,307.5756583990574,0.8545257839761863,1664.8980968038923,1408.8494642431997,2017_17_CHI_MIN,2017,17,MIN,CHI,23.0,10.0,1
1721.406591044657,1398.5502295239376,387.8563615207195,0.9031461012071519,1726.420180820108,1393.5366397484866,2017_17_NYJ_NE,2017,17,NE,NYJ,26.0,6.0,1
1342.2643328747517,1485.335978206359,-78.07164533160721,0.38949950335833144,1370.0795484454459,1457.5207626356648,2017_17_WAS_NYG,2017,17,NYG,WAS,18.0,10.0,1
1679.0978151349873,1538.5578206163866,205.53999451860068,0.765519690079021,1646.234869111588,1571.4207666397858,2017_17_DAL_PHI,2017,17,PHI,DAL,0.0,6.0,0
1655.6960331917064,1195.42221493479,525.2738182569165,0.953634249428258,1656.9008306830938,1194.2174174434026,2017_17_CLE_PIT,2017,17,PIT,CLE,28.0,24.0,1
1605.7195857641468,1597.8921971568277,72.82738860731911,0.6032985378168773,1625.417888982317,1578.1938939386575,2017_17_CAR_ATL,2017,17,ATL,CAR,22.0,10.0,1
1576.8426040561747,1428.1104868074856,213.73211724868906,0.7738782460159219,1549.251967374825,1455.7011234888353,2017_17_CIN_BAL,2017,17,BAL,CIN,27.0,31.0,0
1429.9673657416417,1609.0348482494348,-114.0674825077931,0.34149811780450984,1420.9657508710911,1618.0364631199855,2017_17_KC_DEN,2017,17,DEN,KC,24.0,27.0,0
1625.027984558496,1387.9433509634819,302.0846335950141,0.850552240385304,1564.076849573146,1448.8944859488317,2017_17_SF_LA,2017,17,LA,SF,13.0,34.0,0
1571.3641395499258,1461.2150598937792,175.14907965614657,0.7326754066306506,1586.4413118016096,1446.1378876420954,2017_17_OAK_LAC,2017,17,LAC,OAK,30.0,10.0,1
1439.4800834479774,1495.9209124506085,8.559170997368938,0.5123151459769487,1419.4638247059604,1515.9371711926256,2017_17_BUF_MIA,2017,17,MIA,BUF,16.0,22.0,0
1581.9084337605407,1456.1932697281386,190.71516403240207,0.7498560559366295,1563.8685586897427,1474.2331447989366,2017_17_ARI_SEA,2017,17,SEA,ARI,24.0,26.0,0
1413.1163415603953,1655.0354304939788,-176.91908893358345,0.26533369245921296,1446.3422040337714,1621.8095680206027,2017_17_NO_TB,2017,17,TB,NO,31.0,24.0,1
1465.33838133604,1525.8963864929408,4.44199484309911,0.5063921961605823,1482.99126772727,1508.2435001017107,2017_17_JAX_TEN,2017,17,TEN,JAX,15.0,10.0,1
1597.5386576974292,1583.6537319512056,78.88492574622364,0.6116131593600295,1612.130750085503,1569.0616395631318,2018_01_ATL_PHI,2018,1,PHI,ATL,18.0,12.0,1
1532.8510622390083,1510.6300931854812,87.22096905352714,0.6229490143708419,1560.4624989905928,1483.0186564338967,2018_01_BUF_BAL,2018,1,BAL,BUF,47.0,3.0,1
1296.0430174347496,1604.6528540656236,-243.60983663087404,0.19744648606289952,1296.0430174347496,1604.6528540656236,2018_01_PIT_CLE,2018,1,CLE,PIT,21.0,21.0,0
1401.6582100518503,1470.4526493670533,-3.794439315202908,0.49453957996691406,1377.1228335065223,1494.9880259123813,2018_01_CIN_IND,2018,1,IND,CIN,23.0,34.0,0
1446.2823710788757,1488.6551755740893,22.627195504786414,0.5325171917203205,1465.526506863345,1469.41103978962,2018_01_TEN_MIA,2018,1,MIA,TEN,27.0,20.0,1
1609.9870305681961,1465.9126221278707,209.07440844032544,0.769151985176241,1619.2511267376667,1456.6485259584001,2018_01_SF_MIN,2018,1,MIN,SF,24.0,16.0,1
1651.0222606070122,1390.961978757296,325.06028184971615,0.8665967656383712,1655.8561198578511,1386.128119506457,2018_01_HOU_NE,2018,1,NE,HOU,27.0,20.0,1
1581.246981869742,1464.2102500905257,182.03673177921632,0.7403690661345987,1545.7769047393656,1499.6803272209022,2018_01_TB_NO,2018,1,NO,TB,40.0,48.0,0
1413.3430588131123,1505.498414567841,-27.155355754728816,0.46099968555552545,1397.0244736771797,1521.8169997037737,2018_01_JAX_NYG,2018,1,NYG,JAX,15.0,20.0,0
1557.6563549716736,1578.7303209010304,43.926034070643254,0.5628799688768175,1530.111846543181,1606.274829329523,2018_01_KC_LAC,2018,1,LAC,KC,28.0,38.0,0
1482.8135075808907,1471.6663486779885,76.14715890290222,0.607863005556256,1445.7337807333108,1508.7460755255684,2018_01_WAS_ARI,2018,1,ARI,WAS,6.0,24.0,0
1552.1553272570845,1547.637651348737,69.51767590834743,0.5987299237942718,1569.2488010157238,1530.544177590098,2018_01_DAL_CAR,2018,1,CAR,DAL,16.0,8.0,1
1447.2841558310179,1542.6003286460584,-30.316172815040545,0.4564819099072357,1462.5642378305013,1527.320246646575,2018_01_SEA_DEN,2018,1,DEN,SEA,27.0,24.0,1
1465.7533504033927,1439.2025926502142,91.55075775317846,0.6287851281087217,1470.6938858911462,1434.2620571624607,2018_01_CHI_GB,2018,1,GB,CHI,24.0,23.0,1
1521.674540836857,1428.9889387122407,157.68560212461625,0.7125315941001384,1468.472331360529,1482.1911481885686,2018_01_NYJ_DET,2018,1,DET,NYJ,17.0,48.0,0
1464.0739710572777,1542.7392586652884,-13.665287608010658,0.48034420505035447,1435.006151452895,1571.8070782696711,2018_01_LA_OAK,2018,1,OAK,LA,13.0,33.0,0
1494.9880259123813,1560.4624989905928,-0.4744730782115312,0.4993171787764099,1519.8763950143798,1535.5741298885944,2018_02_BAL_CIN,2018,2,CIN,BAL,34.0,23.0,1
1569.0616395631318,1569.2488010157238,64.81283854740809,0.5922060693808836,1585.535972238674,1552.7744683401816,2018_02_CAR_ATL,2018,2,ATL,CAR,31.0,24.0,1
1483.0186564338967,1530.111846543181,17.90680989071575,0.5257471770128324,1456.6755849572633,1556.4549180198144,2018_02_LAC_BUF,2018,2,BUF,LAC,20.0,31.0,0
1470.6938858911462,1619.2511267376667,-83.55724084652047,0.38201740034274123,1470.6938858911462,1619.2511267376667,2018_02_MIN_GB,2018,2,GB,MIN,29.0,29.0,0
1545.7769047393656,1296.0430174347496,314.733887304616,0.8595737145127214,1549.1830605251128,1292.6368616490024,2018_02_CLE_NO,2018,2,NO,CLE,21.0,18.0,1
1482.1911481885686,1465.526506863345,81.66464132522356,0.6154072979987885,1454.1048144894694,1493.6128405624443,2018_02_MIA_NYJ,2018,2,NYJ,MIA,12.0,20.0,0
1604.6528540656236,1606.274829329523,63.37802473610054,0.5902099189851825,1582.8751948304612,1628.0524885646855,2018_02_KC_PIT,2018,2,PIT,KC,37.0,42.0,0
1499.6803272209022,1612.130750085503,-47.450422864600796,0.4321347752503286,1522.2677962847677,1589.5432810216375,2018_02_PHI_TB,2018,2,TB,PHI,27.0,21.0,1
1469.41103978962,1386.128119506457,148.28292028316287,0.7013186587685195,1477.1693261715368,1378.3698331245403,2018_02_HOU_TEN,2018,2,TEN,HOU,20.0,17.0,1
1508.7460755255684,1377.1228335065223,196.62324201904607,0.756180953216209,1466.1475492806212,1419.7213597514694,2018_02_IND_WAS,2018,2,WAS,IND,9.0,21.0,0
1571.8070782696711,1445.7337807333108,191.07329753636031,0.750242551706428,1588.1473908247538,1429.3934681782282,2018_02_ARI_LA,2018,2,LA,ARI,34.0,0.0,1
1456.6485259584001,1468.472331360529,53.17619459787102,0.5759346875567735,1468.1286274804324,1456.9922298384968,2018_02_DET_SF,2018,2,SF,DET,30.0,27.0,1
1462.5642378305013,1435.006151452895,92.55808637760629,0.6301376026021287,1467.4846101852486,1430.0857790981477,2018_02_OAK_DEN,2018,2,DEN,OAK,20.0,19.0,1
1521.8169997037737,1655.8561198578511,-69.03912015407741,0.40193210036649074,1552.502822355284,1625.1702972063408,2018_02_NE_JAX,2018,2,JAX,NE,31.0,20.0,1
1530.544177590098,1397.0244736771797,198.5197039129182,0.7581880854324838,1539.768485625841,1387.8001656414365,2018_02_NYG_DAL,2018,2,DAL,NYG,20.0,13.0,1
1434.2620571624607,1527.320246646575,-28.058189484114337,0.45970857293782674,1457.0224253430001,1504.5598784660356,2018_02_SEA_CHI,2018,2,CHI,SEA,24.0,17.0,1
1292.6368616490024,1454.1048144894694,-96.46795284046698,0.3646323608058648,1314.0264714732402,1432.7152046652316,2018_03_NYJ_CLE,2018,3,CLE,NYJ,21.0,17.0,1
1585.535972238674,1549.1830605251128,101.3529117135613,0.6418572458869106,1559.3496507826083,1575.3693819811785,2018_03_NO_ATL,2018,3,ATL,NO,37.0,43.0,0
1535.5741298885944,1467.4846101852486,133.0895197033458,0.6826820276650837,1551.3671347433271,1451.6916053305158,2018_03_DEN_BAL,2018,3,BAL,DEN,27.0,14.0,1
1552.7744683401816,1519.8763950143798,97.89807332580176,0.6372727597588054,1569.4289951751996,1503.2218681793618,2018_03_CIN_CAR,2018,3,CAR,CIN,31.0,21.0,1
1378.3698331245403,1387.8001656414365,55.569667483103785,0.5792961572537269,1357.072702684655,1409.0972960813217,2018_03_NYG_HOU,2018,3,HOU,NYG,22.0,27.0,0
1552.502822355284,1477.1693261715368,140.33349618374723,0.691645733515529,1532.0197580079732,1497.6523905188476,2018_03_TEN_JAX,2018,3,JAX,TEN,6.0,9.0,0
1628.0524885646855,1468.1286274804324,224.92386108425308,0.7849527619029512,1637.7486205149837,1458.4324955301342,2018_03_SF_KC,2018,3,KC,SF,38.0,27.0,1
1493.6128405624443,1430.0857790981477,128.5270614642966,0.676965512378282,1507.0248770382693,1416.6737426223226,2018_03_OAK_MIA,2018,3,MIA,OAK,28.0,20.0,1
1619.2511267376667,1456.6755849572633,227.57554178040346,0.7875181968504343,1564.9488717433321,1510.9778399515978,2018_03_BUF_MIN,2018,3,MIN,BUF,6.0,27.0,0
1589.5432810216375,1419.7213597514694,234.8219212701681,0.7944145455713127,1595.5226049940932,1413.7420357790138,2018_03_IND_PHI,2018,3,PHI,IND,20.0,16.0,1
1466.1475492806212,1470.6938858911462,60.45366338947497,0.5861323208295839,1487.9635575794023,1448.8778775923652,2018_03_GB_WAS,2018,3,WAS,GB,31.0,17.0,1
1588.1473908247538,1556.4549180198144,96.69247280493937,0.6356670137781035,1606.0504446636974,1538.5518641808708,2018_03_LAC_LA,2018,3,LA,LAC,35.0,23.0,1
1429.3934681782282,1457.0224253430001,37.37104283522808,0.5535747983703272,1417.0200005690215,1469.3958929522069,2018_03_CHI_ARI,2018,3,ARI,CHI,14.0,16.0,0
1504.5598784660356,1539.768485625841,29.791392840194476,0.542768494035516,1526.9798299402976,1517.348534151579,2018_03_DAL_SEA,2018,3,SEA,DAL,24.0,13.0,1
1456.9922298384968,1625.1702972063408,-103.17806736784405,0.3557311865326753,1495.2956464171639,1586.8668806276737,2018_03_NE_DET,2018,3,DET,NE,26.0,10.0,1
1522.2677962847677,1582.8751948304612,4.392601454306487,0.5063211248492567,1508.2015086081044,1596.9414825071244,2018_03_PIT_TB,2018,3,TB,PIT,27.0,30.0,0
1606.0504446636974,1564.9488717433321,106.10157292036524,0.6481163725451146,1620.0115569667269,1550.9877594403029,2018_04_MIN_LA,2018,4,LA,MIN,38.0,31.0,1
1559.3496507826083,1503.2218681793618,121.12778260324649,0.6675816783084271,1549.5557713961848,1513.0157475657852,2018_04_CIN_ATL,2018,4,ATL,CIN,36.0,37.0,0
1469.3958929522069,1508.2015086081044,26.194384344102446,0.5376254863119935,1502.8760113290887,1474.7213902312226,2018_04_TB_CHI,2018,4,CHI,TB,48.0,10.0,1
1517.348534151579,1495.2956464171639,87.05288773441521,0.622721724877083,1525.3226532753208,1487.3215272934222,2018_04_DET_DAL,2018,4,DAL,DET,26.0,24.0,1
1448.8778775923652,1510.9778399515978,2.900037640767323,0.5041733927279595,1479.9301736730765,1479.9255438708865,2018_04_BUF_GB,2018,4,GB,BUF,22.0,0.0,1
1413.7420357790138,1357.072702684655,121.66933309435876,0.6682731220272314,1394.1288798350267,1376.685858628642,2018_04_HOU_IND,2018,4,IND,HOU,34.0,37.0,0
1532.0197580079732,1432.7152046652316,164.30455334274166,0.7202723671175282,1547.6148387024753,1417.1201239707295,2018_04_NYJ_JAX,2018,4,JAX,NYJ,31.0,12.0,1
1586.8668806276737,1507.0248770382693,144.84200358940438,0.6971530895992984,1606.5619585852182,1487.3297990807248,2018_04_MIA_NE,2018,4,NE,MIA,38.0,7.0,1
1497.6523905188476,1595.5226049940932,-32.870214475245575,0.4528365899551402,1513.0530833712126,1580.1219121417282,2018_04_PHI_TEN,2018,4,TEN,PHI,26.0,23.0,1
1417.0200005690215,1526.9798299402976,-44.9598293712761,0.43565636173461975,1405.1829468323292,1538.8168836769898,2018_04_SEA_ARI,2018,4,ARI,SEA,17.0,20.0,0
1416.6737426223226,1314.0264714732402,167.64727114908237,0.7241328116053866,1423.7808222212907,1306.9193918742722,2018_04_CLE_OAK,2018,4,OAK,CLE,45.0,42.0,1
1538.5518641808708,1458.4324955301342,145.11936865073653,0.6974900834496444,1544.7873714702612,1452.1969882407438,2018_04_SF_LAC,2018,4,LAC,SF,29.0,27.0,1
1409.0972960813217,1575.3693819811785,-101.27208589985685,0.3582497160004726,1390.1059383665015,1594.3607396959987,2018_04_NO_NYG,2018,4,NYG,NO,18.0,33.0,0
1596.9414825071244,1551.3671347433271,110.57434776379728,0.6539657252465184,1561.6183235045444,1586.6902937459072,2018_04_BAL_PIT,2018,4,PIT,BAL,14.0,26.0,0
1451.6916053305158,1637.7486205149837,-121.0570151844679,0.3325087299404263,1441.5467899649564,1647.8934358805432,2018_04_KC_DEN,2018,4,DEN,KC,23.0,27.0,0
1606.5619585852182,1394.1288798350267,277.4330787501915,0.8316033223741858,1614.6611371532795,1386.0297012669655,2018_05_IND_NE,2018,5,NE,IND,38.0,24.0,1
1479.9255438708865,1513.0530833712126,31.872460499673934,0.545739920805395,1486.1329953911334,1506.8456318509657,2018_05_TEN_BUF,2018,5,BUF,TEN,13.0,12.0,1
1569.4289951751996,1390.1059383665015,244.32305680869808,0.8032032889188544,1573.3208475719944,1386.2140859697067,2018_05_NYG_CAR,2018,5,CAR,NYG,33.0,31.0,1
1513.0157475657852,1487.3297990807248,90.68594848506041,0.6276223916534169,1530.1671996550574,1470.1783469914526,2018_05_MIA_CIN,2018,5,CIN,MIA,27.0,17.0,1
1306.9193918742722,1586.6902937459072,-214.77090187163503,0.22507707169432015,1330.7292063789664,1562.880479241213,2018_05_BAL_CLE,2018,5,CLE,BAL,12.0,9.0,1
1487.3215272934222,1479.9301736730765,72.39135362034563,0.6026976609280945,1504.224578942801,1463.0271220236978,2018_05_GB_DET,2018,5,DET,GB,31.0,23.0,1
1647.8934358805432,1547.6148387024753,165.2785971780679,0.7214006789186792,1662.5769399139667,1532.9313346690517,2018_05_JAX_KC,2018,5,KC,JAX,30.0,14.0,1
1417.1201239707295,1441.5467899649564,40.57333400577318,0.5581257325043962,1442.6703521573058,1415.99656177838,2018_05_DEN_NYJ,2018,5,NYJ,DEN,34.0,16.0,1
1561.6183235045444,1549.5557713961848,77.06255210835957,0.6091183391006142,1585.9306899827902,1525.2434049179392,2018_05_ATL_PIT,2018,5,PIT,ATL,41.0,17.0,1
1544.7873714702612,1423.7808222212907,186.0065492489705,0.744737573930364,1558.1240356668407,1410.4441580247112,2018_05_OAK_LAC,2018,5,LAC,OAK,26.0,10.0,1
1580.1219121417282,1550.9877594403029,94.13415270142536,0.6322495851582968,1565.6089861428309,1565.5006854392002,2018_05_MIN_PHI,2018,5,PHI,MIN,21.0,23.0,0
1538.8168836769898,1620.0115569667269,-16.19467328973701,0.47671085586312717,1528.4190165261437,1630.409424117573,2018_05_LA_SEA,2018,5,SEA,LA,31.0,33.0,0
1452.1969882407438,1405.1829468323292,112.01404140841464,0.6558387503668942,1419.056997121035,1438.322937952038,2018_05_ARI_SF,2018,5,SF,ARI,18.0,28.0,0
1376.685858628642,1525.3226532753208,-83.63679464667871,0.3819092936584687,1394.5002153432913,1507.5082965606716,2018_05_DAL_HOU,2018,5,HOU,DAL,19.0,16.0,1
1594.3607396959987,1487.9635575794023,171.39718211659647,0.7284240438383371,1610.5804807861252,1471.7438164892758,2018_05_WAS_NO,2018,5,NO,WAS,43.0,19.0,1
1386.2140859697067,1565.6089861428309,-114.39490017312414,0.34107440334007033,1366.1707820989789,1585.6522900135587,2018_06_PHI_NYG,2018,6,NYG,PHI,13.0,34.0,0
1525.2434049179392,1474.7213902312226,115.5220146867166,0.6603822631730552,1536.806493002952,1463.1583021462097,2018_06_TB_ATL,2018,6,ATL,TB,34.0,29.0,1
1530.1671996550574,1585.9306899827902,9.236509672267175,0.5132892753325415,1508.7300969936084,1607.3677926442392,2018_06_PIT_CIN,2018,6,CIN,PIT,21.0,28.0,0
1330.7292063789664,1558.1240356668407,-162.39482928787424,0.28194790895845506,1313.8258365198087,1575.0274055259983,2018_06_LAC_CLE,2018,6,CLE,LAC,14.0,38.0,0
1394.5002153432913,1486.1329953911334,-26.63278004784206,0.4617472440638581,1417.159831139026,1463.4733795953987,2018_06_BUF_HOU,2018,6,HOU,BUF,20.0,13.0,1
1470.1783469914526,1502.8760113290887,32.30233566236393,0.5463533140255777,1482.574098515361,1490.4802598051804,2018_06_CHI_MIA,2018,6,MIA,CHI,31.0,28.0,1
1565.5006854392002,1438.322937952038,192.17774748716215,0.7514319574088186,1576.463819736669,1427.3598036545693,2018_06_ARI_MIN,2018,6,MIN,ARI,27.0,17.0,1
1442.6703521573058,1386.0297012669655,121.64065089034034,0.6682365191741344,1456.4856643766025,1372.2143890476689,2018_06_IND_NYJ,2018,6,NYJ,IND,42.0,34.0,1
1410.4441580247112,1528.4190165261437,-52.974858501432436,0.4243484004700478,1383.7680096836084,1555.0951648672465,2018_06_SEA_OAK,2018,6,OAK,SEA,3.0,27.0,0
1471.7438164892758,1573.3208475719944,-36.57703108271858,0.4475550320045112,1493.6074855730974,1551.4571784881728,2018_06_CAR_WAS,2018,6,WAS,CAR,23.0,17.0,1
1415.99656177838,1630.409424117573,-149.412862339193,0.2973206314590864,1408.2773343307435,1638.1286515652096,2018_06_LA_DEN,2018,6,DEN,LA,20.0,23.0,0
1507.5082965606716,1532.9313346690517,39.57696189161993,0.5567107481450477,1538.219766090138,1502.2198651395854,2018_06_JAX_DAL,2018,6,DAL,JAX,40.0,7.0,1
1506.8456318509657,1562.880479241213,8.96515260975275,0.5128990289733254,1475.0080379906162,1594.7180731015624,2018_06_BAL_TEN,2018,6,TEN,BAL,0.0,21.0,0
1614.6611371532795,1662.5769399139667,17.084197239312743,0.5245663396193582,1627.7413819833544,1649.4966950838918,2018_06_KC_NE,2018,6,NE,KC,43.0,40.0,1
1463.0271220236978,1419.056997121035,108.97012490266275,0.6518730138445633,1472.2237265171304,1409.8603926276023,2018_06_SF_GB,2018,6,GB,SF,33.0,30.0,1
1427.3598036545693,1408.2773343307435,84.08246932382576,0.6186961229113542,1381.255545513978,1454.381592471335,2018_07_DEN_ARI,2018,7,ARI,DEN,10.0,45.0,0
1490.4802598051804,1627.7413819833544,-72.26112217817399,0.3974818643434486,1474.4751568355607,1643.746484952974,2018_07_NE_CHI,2018,7,CHI,NE,31.0,38.0,0
1372.2143890476689,1463.4733795953987,-26.25899054772981,0.4622820656767269,1410.2713295320061,1425.4164391110614,2018_07_BUF_IND,2018,7,IND,BUF,37.0,5.0,1
1502.2198651395854,1417.159831139026,150.06003400055943,0.7034570990557119,1462.3726499325678,1457.0070463460436,2018_07_HOU_JAX,2018,7,JAX,HOU,7.0,20.0,0
1482.574098515361,1504.224578942801,43.349519572559984,0.5620632498527294,1454.0791301963025,1532.7195472618594,2018_07_DET_MIA,2018,7,MIA,DET,21.0,32.0,0
1456.4856643766025,1576.463819736669,-54.97815536006647,0.4215339100961917,1431.4440667194644,1601.505417393807,2018_07_MIN_NYJ,2018,7,NYJ,MIN,17.0,37.0,0
1585.6522900135587,1551.4571784881728,99.19511152538598,0.6389968781450791,1564.112576583122,1572.9968919186094,2018_07_CAR_PHI,2018,7,PHI,CAR,17.0,21.0,0
1463.1583021462097,1313.8258365198087,214.33246562640102,0.7744824209865779,1468.855895627271,1308.1282430387475,2018_07_CLE_TB,2018,7,TB,CLE,26.0,23.0,1
1594.7180731015624,1610.5804807861252,49.13759231543713,0.5702469371821727,1586.6321711703104,1618.6663827173772,2018_07_NO_BAL,2018,7,BAL,NO,23.0,24.0,0
1409.8603926276023,1638.1286515652096,-163.26825893760724,0.28093111801054943,1392.0705814653622,1655.9184627274497,2018_07_LA_SF,2018,7,SF,LA,10.0,39.0,0
1493.6074855730974,1538.219766090138,20.387719482959483,0.5293066562953499,1506.5380467488005,1525.2892049144348,2018_07_DAL_WAS,2018,7,WAS,DAL,20.0,17.0,1
1649.4966950838918,1508.7300969936084,205.76659809028342,0.7657537541415746,1664.8492807396822,1493.377511337818,2018_07_CIN_KC,2018,7,KC,CIN,45.0,10.0,1
1575.0274055259983,1475.0080379906162,165.01936753538212,0.7211006657028258,1578.6239953699546,1471.41144814666,2018_07_TEN_LAC,2018,7,LAC,TEN,20.0,19.0,1
1536.806493002952,1366.1707820989789,235.63571090397318,0.7951785714398137,1541.9359476122136,1361.0413274897173,2018_07_NYG_ATL,2018,7,ATL,NYG,23.0,20.0,1
1457.0070463460436,1454.0791301963025,67.92791614974112,0.5965293067547963,1480.456807433051,1430.629369109295,2018_08_MIA_HOU,2018,8,HOU,MIA,42.0,23.0,1
1572.9968919186094,1586.6321711703104,51.36472074829908,0.5733858988501948,1596.1136793172072,1563.5153837717125,2018_08_BAL_CAR,2018,8,CAR,BAL,36.0,21.0,1
1474.4751568355607,1431.4440667194644,108.03109011609627,0.6506453097779364,1492.5109111627817,1413.4083123922435,2018_08_NYJ_CHI,2018,8,CHI,NYJ,24.0,10.0,1
1493.377511337818,1468.855895627271,89.52161571054717,0.6260546127117085,1503.3400854585964,1458.8933215064926,2018_08_TB_CIN,2018,8,CIN,TB,37.0,34.0,1
1532.7195472618594,1555.0951648672465,42.624382394612894,0.5610355072832047,1501.7329441591291,1586.0817679699767,2018_08_SEA_DET,2018,8,DET,SEA,14.0,28.0,0
1664.8492807396822,1454.381592471335,275.4676882683473,0.8300130115328098,1671.1321469268323,1448.0987262841847,2018_08_DEN_KC,2018,8,KC,DEN,30.0,23.0,1
1361.0413274897173,1506.5380467488005,-80.49671925908319,0.38618516262590785,1345.5472571062062,1522.0321171323117,2018_08_WAS_NYG,2018,8,NYG,WAS,13.0,20.0,0
1607.3677926442392,1308.1282430387475,364.2395496054917,0.8905850813593085,1612.5732162399574,1302.9228194430293,2018_08_CLE_PIT,2018,8,PIT,CLE,33.0,18.0,1
1383.7680096836084,1410.2713295320061,38.49668015160228,0.5551755609968092,1353.16361313462,1440.8757260809946,2018_08_IND_OAK,2018,8,OAK,IND,28.0,42.0,0
1381.255545513978,1392.0705814653622,54.18496404861571,0.5773523111279936,1392.6921494996318,1380.6339774797084,2018_08_SF_ARI,2018,8,ARI,SF,18.0,15.0,1
1655.9184627274497,1472.2237265171304,248.6947362103192,0.8071508002115466,1659.7254403367997,1468.4167489077804,2018_08_GB_LA,2018,8,LA,GB,29.0,27.0,1
1601.505417393807,1618.6663827173772,47.83903467642972,0.5684140954850386,1573.6395236438816,1646.5322764673026,2018_08_NO_MIN,2018,8,MIN,NO,20.0,30.0,0
1462.3726499325678,1564.112576583122,-36.73992665055425,0.44732319698257117,1445.2495894926944,1581.2356370229954,2018_08_PHI_JAX,2018,8,JAX,PHI,18.0,24.0,0
1425.4164391110614,1643.746484952974,-153.33004584191258,0.2926312751097754,1409.0258873087555,1660.13703675528,2018_08_NE_BUF,2018,8,BUF,NE,6.0,25.0,0
1380.6339774797084,1353.16361313462,92.47036434508846,0.6300199047625028,1405.2446097698646,1328.5529808444637,2018_09_OAK_SF,2018,9,SF,OAK,34.0,3.0,1
1563.5153837717125,1612.5732162399574,15.942167531755103,0.5229265353065717,1541.6087353477055,1634.4798646639645,2018_09_PIT_BAL,2018,9,BAL,PIT,16.0,23.0,0
1409.0258873087555,1492.5109111627817,-18.485023854026167,0.47342298458436954,1376.1951991530132,1525.341599318524,2018_09_CHI_BUF,2018,9,BUF,CHI,9.0,41.0,0
1596.1136793172072,1458.8933215064926,202.22035781071463,0.7620721851203978,1607.915302949632,1447.091697874068,2018_09_TB_CAR,2018,9,CAR,TB,42.0,28.0,1
1302.9228194430293,1671.1321469268323,-303.209327483803,0.14862666278025238,1295.521118856298,1678.5338475135636,2018_09_KC_CLE,2018,9,CLE,KC,21.0,37.0,0
1430.629369109295,1413.4083123922435,82.22105671705162,0.6161651032947537,1446.017509529904,1398.0201719716347,2018_09_NYJ_MIA,2018,9,MIA,NYJ,13.0,6.0,1
1573.6395236438816,1501.7329441591291,136.90657948475246,0.6874227073848225,1589.9570454881066,1485.4154223149042,2018_09_DET_MIN,2018,9,MIN,DET,24.0,9.0,1
1522.0321171323117,1541.9359476122136,45.0961695200981,0.5645365884514668,1484.9280855513416,1579.0399791931836,2018_09_ATL_WAS,2018,9,WAS,ATL,14.0,38.0,0
1448.0987262841847,1480.456807433051,32.64191885113382,0.546837769329818,1435.9025143454053,1492.6530193718304,2018_09_HOU_DEN,2018,9,DEN,HOU,17.0,19.0,0
1586.0817679699767,1578.6239953699546,72.45777260002205,0.6027892094775168,1558.6903569069073,1606.015406433024,2018_09_LAC_SEA,2018,9,SEA,LAC,17.0,25.0,0
1646.5322764673026,1659.7254403367997,51.806836130502916,0.5740083312596332,1666.491923654932,1639.7657931491703,2018_09_LA_NO,2018,9,NO,LA,45.0,35.0,1
1660.13703675528,1468.4167489077804,256.72028784749955,0.8142401701259406,1669.1466361280552,1459.4071495350051,2018_09_GB_NE,2018,9,NE,GB,31.0,17.0,1
1525.2892049144348,1471.41144814666,118.87775676777483,0.6647011631734283,1487.2318820079265,1509.4687710531682,2018_09_TEN_DAL,2018,9,DAL,TEN,14.0,28.0,0
1634.4798646639645,1607.915302949632,91.56456171433251,0.6288036754904129,1659.1811590611082,1583.2140085524882,2018_10_CAR_PIT,2018,10,PIT,CAR,52.0,21.0,1
1525.341599318524,1485.4154223149042,104.92617700361984,0.6465717380613862,1542.6467635819859,1468.1102580514423,2018_10_DET_CHI,2018,10,CHI,DET,34.0,22.0,1
1503.3400854585964,1666.491923654932,-98.15183819633558,0.36238963780715533,1478.1016158343236,1691.7303932792047,2018_10_NO_CIN,2018,10,CIN,NO,14.0,51.0,0
1295.521118856298,1579.0399791931836,-218.5188603368856,0.22133635258877493,1339.8708945940616,1534.69020345542,2018_10_ATL_CLE,2018,10,CLE,ATL,28.0,16.0,1
1440.8757260809946,1445.2495894926944,60.62613658830014,0.5863731434759725,1452.0363408589803,1434.0889747147087,2018_10_JAX_IND,2018,10,IND,JAX,29.0,26.0,1
1678.5338475135636,1392.6921494996318,350.8416980139318,0.8828403824807767,1683.717381003727,1387.5086160094684,2018_10_ARI_KC,2018,10,KC,ARI,26.0,14.0,1
1398.0201719716347,1376.1951991530132,86.82497281862152,0.6224134386452818,1353.1051482703988,1421.110222854249,2018_10_BUF_NYJ,2018,10,NYJ,BUF,10.0,41.0,0
1447.091697874068,1484.9280855513416,27.163612322726294,0.5390121242868693,1418.2863576108095,1513.7334258146,2018_10_WAS_TB,2018,10,TB,WAS,3.0,16.0,0
1509.4687710531682,1669.1466361280552,-94.677865074887,0.3670229926321783,1552.0507928389181,1626.5646143423053,2018_10_NE_TEN,2018,10,TEN,NE,34.0,10.0,1
1328.5529808444637,1606.015406433024,-212.46242558856034,0.22740330894142435,1317.3212778844331,1617.2471093930546,2018_10_LAC_OAK,2018,10,OAK,LAC,6.0,20.0,0
1459.4071495350051,1446.017509529904,78.38964000510123,0.6109356882514999,1481.915780090567,1423.508878974342,2018_10_MIA_GB,2018,10,GB,MIA,31.0,12.0,1
1639.7657931491703,1558.6903569069073,146.0754362422631,0.6986500596376071,1649.892343403096,1548.5638066529816,2018_10_SEA_LA,2018,10,LA,SEA,36.0,31.0,1
1581.2356370229954,1487.2318820079265,159.00375501506892,0.7140833158276892,1549.2241334980608,1519.243385532861,2018_10_DAL_PHI,2018,10,PHI,DAL,20.0,27.0,0
1405.2446097698646,1345.5472571062062,124.69735266365842,0.6721258300354311,1382.3097520787987,1368.482114797272,2018_10_NYG_SF,2018,10,SF,NYG,23.0,27.0,0
1548.5638066529816,1481.915780090567,131.64802656241454,0.6808817571908673,1556.9120821567749,1473.5675045867738,2018_11_GB_SEA,2018,11,SEA,GB,27.0,24.0,1
1534.69020345542,1519.243385532861,80.44681792255892,0.6137467424034145,1517.0276692783405,1536.9059197099407,2018_11_DAL_ATL,2018,11,ATL,DAL,19.0,22.0,0
1541.6087353477055,1478.1016158343236,128.5071195133819,0.6769404081082575,1550.071518312315,1469.6388328697142,2018_11_CIN_BAL,2018,11,BAL,CIN,24.0,21.0,1
1468.1102580514423,1583.2140085524882,-50.10375050104585,0.4283906299349492,1476.2191212706425,1575.105145333288,2018_11_CAR_DET,2018,11,DET,CAR,20.0,19.0,1
1452.0363408589803,1552.0507928389181,-35.0144519799378,0.4497800584039566,1489.6907011528265,1514.396432545072,2018_11_TEN_IND,2018,11,IND,TEN,38.0,10.0,1
1434.0889747147087,1659.1811590611082,-160.09218434639956,0.28463918462774296,1425.5482912963753,1667.7218424794416,2018_11_PIT_JAX,2018,11,JAX,PIT,16.0,20.0,0
1368.482114797272,1418.2863576108095,15.195757186462515,0.5218545189681818,1381.6481823143097,1405.120290093772,2018_11_TB_NYG,2018,11,NYG,TB,38.0,35.0,1
1513.7334258146,1492.6530193718304,86.08040644276957,0.6214056212175413,1499.523760713288,1506.8626844731423,2018_11_HOU_WAS,2018,11,WAS,HOU,21.0,23.0,0
1387.5086160094684,1317.3212778844331,135.18733812503524,0.6852922315829768,1371.4653685239862,1333.3645253699153,2018_11_OAK_ARI,2018,11,ARI,OAK,21.0,23.0,0
1617.2471093930546,1435.9025143454053,246.34459504764936,0.8050362212975711,1604.6797048407636,1448.4699188976963,2018_11_DEN_LAC,2018,11,LAC,DEN,22.0,23.0,0
1691.7303932792047,1549.2241334980608,207.50625978114385,0.7675452853697526,1707.60944344686,1533.3450833304055,2018_11_PHI_NO,2018,11,NO,PHI,48.0,7.0,1
1542.6467635819859,1589.9570454881066,17.689718093879264,0.5254355752526861,1559.5172179895333,1573.0865910805592,2018_11_MIN_CHI,2018,11,CHI,MIN,25.0,20.0,1
1649.892343403096,1683.717381003727,31.17496239936895,0.5447443590498968,1662.338344678806,1671.271379728017,2018_11_KC_LA,2018,11,LA,KC,54.0,51.0,1
1476.2191212706425,1559.5172179895333,-18.298096718890747,0.4736912419548336,1456.681358105295,1579.0549811548808,2018_12_CHI_DET,2018,12,DET,CHI,16.0,23.0,0
1536.9059197099407,1499.523760713288,102.3821589966526,0.6432180760044612,1551.8873251208186,1484.5423553024102,2018_12_WAS_DAL,2018,12,DAL,WAS,31.0,23.0,1
1707.60944344686,1517.0276692783405,255.5817741685196,0.8132468435370178,1716.671420059649,1507.9656926655514,2018_12_ATL_NO,2018,12,NO,ATL,31.0,17.0,1
1550.071518312315,1333.3645253699153,281.70699294239967,0.8350206039633427,1558.5259727201035,1324.9100709621268,2018_12_OAK_BAL,2018,12,BAL,OAK,34.0,17.0,1
1421.110222854249,1425.5482912963753,60.56193155787378,0.5862834994375361,1432.273573492122,1414.3849406585023,2018_12_JAX_BUF,2018,12,BUF,JAX,24.0,21.0,1
1575.105145333288,1556.9120821567749,83.19306317651308,0.6174875649223885,1557.3119027684668,1574.705324721596,2018_12_SEA_CAR,2018,12,CAR,SEA,27.0,30.0,0
1469.6388328697142,1339.8708945940616,194.76793827565257,0.7542064865590321,1423.7545707403121,1385.7551567234636,2018_12_CLE_CIN,2018,12,CIN,CLE,20.0,35.0,0
1353.1051482703988,1626.5646143423053,-208.4594660719065,0.2314771470745959,1341.653231925232,1638.0165306874721,2018_12_NE_NYJ,2018,12,NYJ,NE,13.0,27.0,0
1533.3450833304055,1381.6481823143097,216.6969010160958,0.7768507878033966,1538.9773253193628,1376.0159403253524,2018_12_NYG_PHI,2018,12,PHI,NYG,25.0,22.0,1
1405.120290093772,1382.3097520787987,87.81053801497319,0.6237458363337713,1426.427004926673,1361.0030372458978,2018_12_SF_TB,2018,12,TB,SF,27.0,9.0,1
1604.6797048407636,1371.4653685239862,298.21433631677746,0.8476980858303903,1614.2922423150947,1361.8528310496552,2018_12_ARI_LAC,2018,12,LAC,ARI,45.0,10.0,1
1448.4699188976963,1667.7218424794416,-154.25192358174536,0.29153399642485933,1480.155834113797,1636.035927263341,2018_12_PIT_DEN,2018,12,DEN,PIT,24.0,17.0,1
1489.6907011528265,1423.508878974342,131.18182217848448,0.6802983577739254,1498.0559112382255,1415.143668888943,2018_12_MIA_IND,2018,12,IND,MIA,27.0,24.0,1
1573.0865910805592,1473.5675045867738,164.51908649378538,0.7205211176702927,1583.9010691938308,1462.7530264735021,2018_12_GB_MIN,2018,12,MIN,GB,24.0,17.0,1
1506.8626844731423,1514.396432545072,57.46625192807028,0.5819545851233853,1530.4136425547506,1490.8454744634637,2018_12_TEN_HOU,2018,12,HOU,TEN,34.0,17.0,1
1551.8873251208186,1716.671420059649,-99.78409493883055,0.3602213798987055,1570.4685317558426,1698.090213424625,2018_13_NO_DAL,2018,13,DAL,NO,13.0,10.0,1
1507.9656926655514,1558.5259727201035,14.439719945447905,0.520768470984582,1482.825721138585,1583.6659442470698,2018_13_BAL_ATL,2018,13,ATL,BAL,16.0,26.0,0
1423.7545707403121,1480.155834113797,8.59873662651512,0.5123720507920775,1395.8950968189415,1508.0153080351677,2018_13_DEN_CIN,2018,13,CIN,DEN,10.0,24.0,0
1456.681358105295,1662.338344678806,-140.65698657351095,0.30795726177554944,1441.004390443437,1678.015312340664,2018_13_LA_DET,2018,13,DET,LA,16.0,30.0,0
1462.7530264735021,1361.8528310496552,165.90019542384698,0.7221192631710801,1441.098693753509,1383.5071637696483,2018_13_ARI_GB,2018,13,GB,ARI,17.0,20.0,0
1530.4136425547506,1385.7551567234636,209.65848583128695,0.7697484312132336,1542.3254882061337,1373.8433110720805,2018_13_CLE_HOU,2018,13,HOU,CLE,29.0,13.0,1
1414.3849406585023,1498.0559112382255,-18.67097057972319,0.47315614941224976,1435.0642579040698,1477.376593992658,2018_13_IND_JAX,2018,13,JAX,IND,6.0,0.0,1
1415.143668888943,1432.273573492122,47.87009539682094,0.5684579580474477,1428.7386561972387,1418.6785861838264,2018_13_BUF_MIA,2018,13,MIA,BUF,21.0,17.0,1
1376.0159403253524,1579.0549811548808,-138.0390408295284,0.31117825771445506,1396.3926727206065,1558.6782487596267,2018_13_CHI_NYG,2018,13,NYG,CHI,30.0,27.0,1
1426.427004926673,1557.3119027684668,-65.88489784179387,0.4063044334495221,1451.8803789315236,1531.858528763616,2018_13_CAR_TB,2018,13,TB,CAR,24.0,17.0,1
1324.9100709621268,1671.271379728017,-281.36130876589027,0.16525371231519947,1318.8166580214126,1677.3647926687313,2018_13_KC_OAK,2018,13,OAK,KC,33.0,40.0,0
1490.8454744634637,1341.653231925232,214.19224253823177,0.774341406607587,1497.4646962135841,1335.0340101751115,2018_13_NYJ_TEN,2018,13,TEN,NYJ,26.0,22.0,1
1638.0165306874721,1583.9010691938308,119.1154614936413,0.6650060608162032,1655.2282385369722,1566.6893613443308,2018_13_MIN_NE,2018,13,NE,MIN,24.0,10.0,1
1574.705324721596,1361.0030372458978,278.7022874756983,0.8326239930600677,1584.605734251894,1351.1026277155997,2018_13_SF_SEA,2018,13,SEA,SF,43.0,16.0,1
1636.035927263341,1614.2922423150947,86.74368494824625,0.6223034616619586,1618.0737832294335,1632.254386349002,2018_13_LAC_PIT,2018,13,PIT,LAC,30.0,33.0,0
1538.9773253193628,1484.5423553024102,119.43497001695255,0.6654156691593823,1556.5752529138074,1466.9444277079656,2018_13_WAS_PHI,2018,13,PHI,WAS,28.0,13.0,1
1497.4646962135841,1435.0642579040698,127.40043830951436,0.6755456475507122,1516.4247750586098,1416.104179059044,2018_14_JAX_TEN,2018,14,TEN,JAX,30.0,9.0,1
1418.6785861838264,1335.0340101751115,148.64457600871492,0.7017545643100027,1394.4531706054895,1359.2594257534483,2018_14_NYJ_BUF,2018,14,BUF,NYJ,23.0,27.0,0
1373.8433110720805,1531.858528763616,-93.01521769153555,0.3692493087199526,1399.4746796551003,1506.2271601805962,2018_14_CAR_CLE,2018,14,CLE,CAR,26.0,20.0,1
1441.098693753509,1482.825721138585,23.2729726149239,0.5334424961214483,1466.1034012013727,1457.8210136907214,2018_14_ATL_GB,2018,14,GB,ATL,34.0,20.0,1
1542.3254882061337,1477.376593992658,129.9488942134758,0.6787527761054507,1522.3250880647636,1497.376994134028,2018_14_IND_HOU,2018,14,HOU,IND,21.0,24.0,0
1677.3647926687313,1583.6659442470698,158.69884842166152,0.7137248283370965,1684.767989937726,1576.262746978075,2018_14_BAL_KC,2018,14,KC,BAL,27.0,24.0,1
1428.7386561972387,1655.2282385369722,-161.4895823397335,0.28300409487008804,1439.4657450438617,1644.5011496903492,2018_14_NE_MIA,2018,14,MIA,NE,34.0,33.0,1
1451.8803789315236,1698.090213424625,-181.20983449310143,0.26054696098021063,1438.842776552359,1711.1278158037896,2018_14_NO_TB,2018,14,TB,NO,14.0,28.0,0
1466.9444277079656,1396.3926727206065,135.55175498735912,0.6857444710894752,1419.899239030644,1443.4378613979281,2018_14_NYG_WAS,2018,14,WAS,NYG,16.0,40.0,0
1632.254386349002,1395.8950968189415,301.35928953006055,0.8500207129668508,1636.981408008625,1391.1680751593185,2018_14_CIN_LAC,2018,14,LAC,CIN,26.0,21.0,1
1351.1026277155997,1508.0153080351677,-91.91268031956793,0.37072870842319655,1376.6605051240456,1482.4574306267218,2018_14_DEN_SF,2018,14,SF,DEN,20.0,14.0,1
1383.5071637696483,1441.004390443437,7.502773326211354,0.5107956806896645,1355.74728591195,1468.7642683011352,2018_14_DET_ARI,2018,14,ARI,DET,3.0,17.0,0
1570.4685317558426,1556.5752529138074,78.89327884203522,0.6116245813600628,1585.060141523106,1541.983643146544,2018_14_PHI_DAL,2018,14,DAL,PHI,29.0,23.0,1
1318.8166580214126,1618.0737832294335,-234.25712520802085,0.206116953433512,1343.4508289590801,1593.439612291766,2018_14_PIT_OAK,2018,14,OAK,PIT,24.0,21.0,1
1558.6782487596267,1678.015312340664,-54.33706358103723,0.4224340533119244,1585.949712289923,1650.7438488103678,2018_14_LA_CHI,2018,14,CHI,LA,15.0,6.0,1
1584.605734251894,1566.6893613443308,82.9163729075633,0.6171112906348422,1604.590172483121,1546.704923113104,2018_14_MIN_SEA,2018,14,SEA,MIN,21.0,7.0,1
1684.767989937726,1636.981408008625,112.78658192910098,0.6568418277040796,1675.1701814394557,1646.5792165068954,2018_15_LAC_KC,2018,15,KC,LAC,28.0,29.0,0
1359.2594257534483,1522.3250880647636,-98.06566231131524,0.36250426884537545,1344.8266426900311,1536.7578711281808,2018_15_HOU_NYJ,2018,15,NYJ,HOU,22.0,29.0,0
1482.4574306267218,1399.4746796551003,147.9827509716215,0.7009565854976314,1472.039337128162,1409.89277315366,2018_15_CLE_DEN,2018,15,DEN,CLE,16.0,17.0,0
1457.8210136907214,1355.74728591195,167.0737277787714,0.7234727851621394,1474.7622257241715,1338.8060738785,2018_15_ARI_ATL,2018,15,ATL,ARI,40.0,14.0,1
1576.262746978075,1438.842776552359,202.41997042571597,0.7622804682994662,1585.82902638625,1429.276497144184,2018_15_TB_BAL,2018,15,BAL,TB,20.0,12.0,1
1394.4531706054895,1468.7642683011352,-9.311097695645685,0.4866034603145463,1401.6006081075404,1461.6168307990843,2018_15_DET_BUF,2018,15,BUF,DET,14.0,13.0,1
1585.949712289923,1466.1034012013727,184.84631108855024,0.7434658236283535,1595.7917319253227,1456.261381565973,2018_15_GB_CHI,2018,15,CHI,GB,24.0,17.0,1
1391.1680751593185,1343.4508289590801,112.71724620023838,0.6567518582445654,1408.8526670984252,1325.7662370199735,2018_15_OAK_CIN,2018,15,CIN,OAK,30.0,16.0,1
1497.376994134028,1585.060141523106,-22.68314738907793,0.46740262844816294,1531.5821292503113,1550.855006406823,2018_15_DAL_IND,2018,15,IND,DAL,23.0,0.0,1
1416.104179059044,1419.899239030644,61.20494002840019,0.5871810185990236,1399.3581836095054,1436.6452344801826,2018_15_WAS_JAX,2018,15,JAX,WAS,13.0,16.0,0
1546.704923113104,1439.4657450438617,172.23917806924237,0.7293818108564791,1562.861725350287,1423.3089428066787,2018_15_MIA_MIN,2018,15,MIN,MIA,41.0,17.0,1
1443.4378613979281,1516.4247750586098,-7.986913660681694,0.48850793157326156,1415.3006206885555,1544.5620157679825,2018_15_TEN_NYG,2018,15,NYG,TEN,0.0,17.0,0
1376.6605051240456,1604.590172483121,-162.92966735907544,0.28132501941669563,1398.1801269614682,1583.0705506456984,2018_15_SEA_SF,2018,15,SF,SEA,26.0,23.0,1
1593.439612291766,1644.5011496903492,13.938462601416859,0.5200483056096532,1613.27457444616,1624.6661875359553,2018_15_NE_PIT,2018,15,PIT,NE,17.0,10.0,1
1650.7438488103678,1541.983643146544,173.76020566382385,0.7311065783898125,1617.7305256247578,1574.996966332154,2018_15_PHI_LA,2018,15,LA,PHI,23.0,30.0,0
1506.2271601805962,1711.1278158037896,-139.90065562319342,0.3088859148917654,1498.1750664967685,1719.1799094876174,2018_15_NO_CAR,2018,15,CAR,NO,9.0,12.0,0
1544.5620157679825,1436.6452344801826,172.91678128779995,0.7301510371466917,1556.0834517414362,1425.123798506729,2018_16_WAS_TEN,2018,16,TEN,WAS,25.0,16.0,1
1646.5792165068954,1585.82902638625,125.75019012064536,0.6734600292226337,1609.936957756698,1622.4712851364475,2018_16_BAL_LAC,2018,16,LAC,BAL,10.0,22.0,0
1498.1750664967685,1474.7622257241715,88.41284077259706,0.6245591775804623,1462.9319772600936,1510.0053149608464,2018_16_ATL_CAR,2018,16,CAR,ATL,10.0,24.0,0
1409.89277315366,1408.8526670984252,66.0401060552349,0.5939110675958128,1427.2180700630354,1391.5273701890499,2018_16_CIN_CLE,2018,16,CLE,CIN,26.0,18.0,1
1550.855006406823,1429.276497144184,186.57850926263882,0.7453629788915929,1560.6171504545648,1419.5143530964422,2018_16_TB_DAL,2018,16,DAL,TB,27.0,20.0,1
1461.6168307990843,1562.861725350287,-36.24489455120283,0.44802780343795123,1435.6606471172688,1588.8179090321025,2018_16_MIN_DET,2018,16,DET,MIN,9.0,27.0,0
1531.5821292503113,1415.3006206885555,181.2815085617558,0.7395325215081878,1534.918089781891,1411.9646601569757,2018_16_NYG_IND,2018,16,IND,NYG,28.0,27.0,1
1423.3089428066787,1399.3581836095054,88.95075919717328,0.6252849816232797,1392.0580433038765,1430.6090831123076,2018_16_JAX_MIA,2018,16,MIA,JAX,7.0,17.0,0
1624.6661875359553,1401.6006081075404,288.0655794284148,0.8400014375221017,1631.9236655503155,1394.3431300931802,2018_16_BUF_NE,2018,16,NE,BUF,24.0,12.0,1
1344.8266426900311,1456.261381565973,-46.434738875941775,0.43357009914511097,1328.3016613795462,1472.7863628764578,2018_16_GB_NYJ,2018,16,NYJ,GB,38.0,44.0,0
1574.996966332154,1536.7578711281808,103.23909520397319,0.644349323629994,1582.4611401520842,1529.2936973082506,2018_16_HOU_PHI,2018,16,PHI,HOU,32.0,30.0,1
1338.8060738785,1617.7305256247578,-213.92445174625777,0.22592806891005954,1325.8937266333626,1630.6428728698952,2018_16_LA_ARI,2018,16,ARI,LA,9.0,31.0,0
1398.1801269614682,1595.7917319253227,-132.61160496385446,0.3179142345778155,1387.4352876081098,1606.536571278681,2018_16_CHI_SF,2018,16,SF,CHI,9.0,14.0,0
1719.1799094876174,1613.27457444616,170.90533504145742,0.7278635871514917,1726.1812399230857,1606.2732440106915,2018_16_PIT_NO,2018,16,NO,PIT,31.0,28.0,1
1583.0705506456984,1675.1701814394557,-27.099630793757342,0.4610793933050875,1605.7631564259052,1652.477575659249,2018_16_KC_SEA,2018,16,SEA,KC,38.0,31.0,1
1325.7662370199735,1472.039337128162,-81.2731001081886,0.385126294434519,1359.464882286571,1438.3406918615644,2018_16_DEN_OAK,2018,16,OAK,DEN,27.0,14.0,1
1394.3431300931802,1392.0580433038765,67.2850867893037,0.5956383639131158,1419.9101693640982,1366.4910040329585,2018_17_MIA_BUF,2018,17,BUF,MIA,42.0,17.0,1
1472.7863628764578,1435.6606471172688,102.125715759189,0.6428792320189839,1426.0561156439992,1482.3908943497274,2018_17_DET_GB,2018,17,GB,DET,0.0,31.0,0
1529.2936973082506,1430.6090831123076,163.6846141959429,0.7195527890062682,1544.3829585862666,1415.5198218342916,2018_17_JAX_HOU,2018,17,HOU,JAX,20.0,3.0,1
1631.9236655503155,1328.3016613795462,368.6220041707693,0.8930192121603974,1638.490680027601,1321.7346469022607,2018_17_NYJ_NE,2018,17,NE,NYJ,38.0,3.0,1
1726.1812399230857,1462.9319772600936,328.2492626629921,0.8687047434136151,1665.0054121264907,1524.1078050566887,2018_17_CAR_NO,2018,17,NO,CAR,14.0,33.0,0
1411.9646601569757,1560.6171504545648,-83.65249029758911,0.3818879660168339,1406.8644967150358,1565.7173138965047,2018_17_DAL_NYG,2018,17,NYG,DAL,35.0,36.0,0
1419.5143530964422,1510.0053149608464,-25.4909618644042,0.46338123961765015,1409.449446679005,1520.0702213782836,2018_17_ATL_TB,2018,17,TB,ATL,32.0,34.0,0
1622.4712851364475,1427.2180700630354,260.2532150734121,0.8172965913480539,1626.0610332089873,1423.6283219904956,2018_17_CLE_BAL,2018,17,BAL,CLE,26.0,24.0,1
1438.3406918615644,1609.936957756698,-106.59626589513346,0.35123445503853495,1420.1966134074148,1628.0810362108475,2018_17_LAC_DEN,2018,17,DEN,LAC,9.0,23.0,0
1652.477575659249,1359.464882286571,358.01269337267786,0.8870430484280224,1659.2711356747463,1352.6713222710737,2018_17_OAK_KC,2018,17,KC,OAK,35.0,3.0,1
1630.6428728698952,1387.4352876081098,308.2075852617854,0.8549774043315199,1637.8506965160261,1380.2274639619789,2018_17_SF_LA,2018,17,LA,SF,48.0,32.0,1
1588.8179090321025,1606.536571278681,47.28133775342144,0.5676263588197366,1557.399465510953,1637.9550147998307,2018_17_CHI_MIN,2018,17,MIN,CHI,10.0,24.0,0
1606.2732440106915,1391.5273701890499,279.7458738216417,0.8334595152098511,1610.3698177949664,1387.430796404775,2018_17_CIN_PIT,2018,17,PIT,CIN,16.0,13.0,1
1605.7631564259052,1325.8937266333626,344.86942979254263,0.8792373696575323,1608.657667345321,1322.9992157139468,2018_17_ARI_SEA,2018,17,SEA,ARI,27.0,24.0,1
1425.123798506729,1582.4611401520842,-92.33734164535531,0.37015860308187404,1402.253795686477,1605.3311429723362,2018_17_PHI_WAS,2018,17,WAS,PHI,0.0,24.0,0
1556.0834517414362,1534.918089781891,86.16536195954518,0.6215206670336653,1519.4298615819569,1571.5716799413703,2018_17_IND_TEN,2018,17,TEN,IND,17.0,33.0,0
1592.0159948714872,1450.6794291345475,206.33656573693975,0.7663417696411522,1556.8461829186322,1485.8492410874026,2019_01_GB_CHI,2019,1,CHI,GB,3.0,10.0,0
1516.0799059728115,1591.9464145761895,-10.866508603377952,0.48436693418198984,1502.7164095943176,1605.3099109546833,2019_01_LA_CAR,2019,1,CAR,LA,27.0,30.0,0
1449.0600907676608,1512.9597176751654,1.1003730924953743,0.5015835588799625,1414.5942215245805,1547.4255869182457,2019_01_TEN_CLE,2019,1,CLE,TEN,13.0,43.0,0
1443.6517211634725,1606.233847495056,-97.58212633158337,0.36314775744995886,1424.8186256069957,1625.0669430515327,2019_01_KC_JAX,2019,1,JAX,KC,26.0,40.0,0
1410.9494996899834,1584.0827091503945,-108.13320946041108,0.3492210810950436,1384.90634087424,1610.125867966138,2019_01_BAL_MIA,2019,1,MIA,BAL,10.0,59.0,0
1538.2854434958056,1513.3868376593152,89.89860583649033,0.6265625231232799,1558.6152667282793,1493.0570144268415,2019_01_ATL_MIN,2019,1,MIN,ATL,28.0,12.0,1
1381.097009483808,1446.5800829658535,-0.4830734820454836,0.49930480182387493,1374.176694726117,1453.5003977235447,2019_01_BUF_NYJ,2019,1,NYJ,BUF,16.0,17.0,0
1570.2558723625484,1434.80328172288,200.45259063966841,0.7602221580449621,1578.1308313192087,1426.9283227662197,2019_01_WAS_PHI,2019,1,PHI,WAS,32.0,27.0,1
1585.4300511526353,1547.7383105208942,102.69174063174114,0.643626942031181,1598.6809250221402,1534.4874366513893,2019_01_IND_LAC,2019,1,LAC,IND,30.0,24.0,1
1572.4746641193292,1424.916341201985,212.55832291734419,0.772693663085121,1575.348168474689,1422.0428368466253,2019_01_CIN_SEA,2019,1,SEA,CIN,21.0,20.0,1
1381.9404768812026,1488.2547265312683,-41.314249650065676,0.4408226763777789,1381.9404768812026,1488.2547265312683,2019_01_DET_ARI,2019,1,ARI,DET,27.0,27.0,0
1543.8334483689687,1437.878619308929,170.95482906003963,0.7279200180372298,1558.7006265028626,1423.011441175035,2019_01_NYG_DAL,2019,1,DAL,NYG,35.0,17.0,1
1439.6027809348964,1420.11171846264,84.49106247225632,0.6192508430892414,1404.7240134770323,1454.9904859205042,2019_01_SF_TB,2019,1,TB,SF,17.0,31.0,0
1592.3732835784099,1573.6166684692425,83.75661510916734,0.6182535098423564,1617.6299822874425,1548.3599697602099,2019_01_PIT_NE,2019,1,NE,PIT,33.0,3.0,1
1610.0586098883693,1529.60343337704,145.45517651132946,0.6978977999690925,1616.2848215334695,1523.3772217319397,2019_01_HOU_NO,2019,1,NO,HOU,30.0,28.0,1
1401.7317719548062,1446.7711411427458,19.960630812060344,0.5286940940377216,1422.2568460703726,1426.2460670271794,2019_01_DEN_OAK,2019,1,OAK,DEN,24.0,16.0,1
1502.7164095943176,1404.7240134770323,162.99239611728535,0.718747981611097,1472.5058028533201,1434.9346202180297,2019_02_TB_CAR,2019,2,CAR,TB,14.0,20.0,0
1610.125867966138,1381.9404768812026,293.1853910849354,0.8439228675586364,1615.4858108705528,1376.5805339767878,2019_02_ARI_BAL,2019,2,BAL,ARI,23.0,17.0,1
1422.0428368466253,1454.9904859205042,32.05235092612111,0.5459966252781393,1386.3732509661725,1490.660071800957,2019_02_SF_CIN,2019,2,CIN,SF,17.0,41.0,0
1488.2547265312683,1598.6809250221402,-45.42619849087191,0.43499643168623897,1504.2502312800793,1582.685420273329,2019_02_LAC_DET,2019,2,DET,LAC,13.0,10.0,1
1485.8492410874026,1558.6152667282793,-7.766025640876705,0.4888256516582256,1504.2321625959366,1540.2323452197452,2019_02_MIN_GB,2019,2,GB,MIN,21.0,16.0,1
1523.3772217319397,1424.8186256069957,163.55859612494396,0.719406378761545,1526.9978968535931,1421.1979504853423,2019_02_JAX_HOU,2019,2,HOU,JAX,13.0,12.0,1
1384.90634087424,1617.6299822874425,-167.72364141320259,0.2757793760713536,1365.5128342720884,1637.023488889594,2019_02_NE_MIA,2019,2,MIA,NE,0.0,43.0,0
1423.011441175035,1453.5003977235447,34.51104345149042,0.5495026831141533,1392.7755181200625,1483.7363207785172,2019_02_BUF_NYG,2019,2,NYG,BUF,14.0,28.0,0
1548.3599697602099,1575.348168474689,38.01180128552096,0.5544861558214061,1535.9624583297896,1587.7456799051092,2019_02_SEA_PIT,2019,2,PIT,SEA,26.0,28.0,0
1547.4255869182457,1534.4874366513893,77.93815026685638,0.6103177494566651,1533.5230168759513,1548.3900066936837,2019_02_IND_TEN,2019,2,TEN,IND,17.0,19.0,0
1426.9283227662197,1558.7006265028626,-66.77230373664293,0.40507279109721034,1408.0741247995147,1577.5548244695676,2019_02_DAL_WAS,2019,2,WAS,DAL,21.0,31.0,0
1422.2568460703726,1625.0669430515327,-137.8100969811601,0.31146081648509927,1404.9965030391133,1642.327286082792,2019_02_KC_OAK,2019,2,OAK,KC,10.0,28.0,0
1426.2460670271794,1556.8461829186322,-65.60011589145279,0.40669993677478694,1417.5686998302401,1565.5235501155714,2019_02_CHI_DEN,2019,2,DEN,CHI,14.0,16.0,0
1605.3099109546833,1616.2848215334695,54.025089421213806,0.5771277236506703,1629.615474925361,1591.9792575627919,2019_02_NO_LA,2019,2,LA,NO,27.0,9.0,1
1493.0570144268415,1578.1308313192087,-20.073816892367176,0.4711435575955158,1510.2370047725724,1560.9508409734779,2019_02_PHI_ATL,2019,2,ATL,PHI,24.0,20.0,1
1374.176694726117,1414.5942215245805,24.58247320153646,0.5353181066382778,1341.2125990783957,1447.5583171723017,2019_02_CLE_NYJ,2019,2,NYJ,CLE,3.0,23.0,0
1421.1979504853423,1533.5230168759513,-47.32506639060898,0.43231186287227014,1451.8199021309938,1502.9010652302998,2019_03_TEN_JAX,2019,3,JAX,TEN,20.0,7.0,1
1483.7363207785172,1386.3732509661725,162.36306981234475,0.7180150766034575,1492.189228893675,1377.9203428510148,2019_03_CIN_BUF,2019,3,BUF,CIN,21.0,17.0,1
1577.5548244695676,1365.5128342720884,277.0419901974792,0.8312878185051871,1587.3188677807127,1355.7487909609433,2019_03_MIA_DAL,2019,3,DAL,MIA,31.0,6.0,1
1504.2321625959366,1417.5686998302401,151.66346276569652,0.705378918713149,1517.9299809311515,1403.8708814950253,2019_03_DEN_GB,2019,3,GB,DEN,27.0,16.0,1
1548.3900066936837,1510.2370047725724,103.15300192111135,0.6442357438448721,1557.8121055288532,1500.814905937403,2019_03_ATL_IND,2019,3,IND,ATL,27.0,24.0,1
1642.327286082792,1615.4858108705528,91.84147521223917,0.62917566381605,1655.0833309534416,1602.729765999903,2019_03_BAL_KC,2019,3,KC,BAL,33.0,28.0,1
1540.2323452197452,1404.9965030391133,200.23584218063183,0.759994647117829,1553.6272264410109,1391.6016218178477,2019_03_OAK_MIN,2019,3,MIN,OAK,34.0,14.0,1
1637.023488889594,1341.2125990783957,360.8108898111984,0.8886469697988821,1642.4442027979012,1335.7918851700886,2019_03_NYJ_NE,2019,3,NE,NYJ,30.0,14.0,1
1560.9508409734779,1504.2502312800793,121.70060969339852,0.6683130334047037,1541.3362184914165,1523.8648537621407,2019_03_DET_PHI,2019,3,PHI,DET,24.0,27.0,0
1376.5805339767878,1472.5058028533201,-30.9252688765323,0.4556121240195368,1350.1220178146311,1498.9643190154768,2019_03_CAR_ARI,2019,3,ARI,CAR,20.0,38.0,0
1434.9346202180297,1392.7755181200625,107.1591020979672,0.6495034712040132,1425.4695595856942,1402.240578752398,2019_03_NYG_TB,2019,3,TB,NYG,31.0,32.0,0
1582.685420273329,1526.9978968535931,120.68752341973595,0.6670190290668736,1553.3347612813693,1556.348555845553,2019_03_HOU_LAC,2019,3,LAC,HOU,20.0,27.0,0
1587.7456799051092,1591.9792575627919,60.766422342317355,0.5865689926542351,1564.2690175222297,1615.4559199456714,2019_03_NO_SEA,2019,3,SEA,NO,27.0,33.0,0
1490.660071800957,1535.9624583297896,19.697613471167415,0.5283168119330688,1505.708234776275,1520.9142953544715,2019_03_PIT_SF,2019,3,SF,PIT,24.0,20.0,1
1447.5583171723017,1629.615474925361,-117.0571577530593,0.337638615558855,1434.2257200542551,1642.9480720434076,2019_03_LA_CLE,2019,3,CLE,LA,13.0,20.0,0
1408.0741247995147,1565.5235501155714,-92.4494253160567,0.3700081917019031,1387.9534041760714,1585.6442707390147,2019_03_CHI_WAS,2019,3,WAS,CHI,15.0,31.0,0
1517.9299809311515,1541.3362184914165,41.593762439734974,0.5595739023510581,1494.209490918959,1565.056708503609,2019_04_PHI_GB,2019,4,GB,PHI,27.0,34.0,0
1500.814905937403,1502.9010652302998,62.91384070710319,0.5895634937884096,1467.943525734577,1535.7724454331258,2019_04_TEN_ATL,2019,4,ATL,TEN,10.0,24.0,0
1602.729765999903,1434.2257200542551,233.50404594564793,0.7931727829096518,1553.524353724048,1483.4311323301101,2019_04_CLE_BAL,2019,4,BAL,CLE,25.0,40.0,0
1492.189228893675,1642.4442027979012,-85.25497390422629,0.3797128798584509,1477.9627925338082,1656.670639157768,2019_04_NE_BUF,2019,4,BUF,NE,10.0,16.0,0
1523.8648537621407,1655.0833309534416,-66.21847719130096,0.40584131513262967,1511.1830396098228,1667.7651451057595,2019_04_KC_DET,2019,4,DET,KC,30.0,34.0,0
1556.348555845553,1498.9643190154768,122.38423683007613,0.6691847899267429,1528.7709672050505,1526.5419076559792,2019_04_CAR_HOU,2019,4,HOU,CAR,10.0,16.0,0
1557.8121055288532,1391.6016218178477,231.2104837110055,0.7909984818780826,1521.0520842484539,1428.361643098247,2019_04_OAK_IND,2019,4,IND,OAK,24.0,31.0,0
1355.7487909609433,1553.3347612813693,-132.585970320426,0.3179462341083614,1337.4893329747572,1571.5942192675554,2019_04_LAC_MIA,2019,4,MIA,LAC,10.0,30.0,0
1402.240578752398,1387.9534041760714,79.2871745763266,0.6121630538836959,1425.3829458341431,1364.8110370943264,2019_04_WAS_NYG,2019,4,NYG,WAS,24.0,3.0,1
1350.1220178146311,1564.2690175222297,-149.14699970759852,0.29764046933584554,1334.008581450698,1580.3824538861627,2019_04_SEA_ARI,2019,4,ARI,SEA,10.0,27.0,0
1642.9480720434076,1425.4695595856942,282.47851245771335,0.835631522206961,1589.78467743389,1478.6329541952118,2019_04_TB_LA,2019,4,LA,TB,40.0,55.0,0
1585.6442707390147,1553.6272264410109,97.01704429800384,0.6360996113158148,1602.3590709423047,1536.9124262377209,2019_04_MIN_CHI,2019,4,CHI,MIN,16.0,6.0,1
1403.8708814950253,1451.8199021309938,17.05097936403149,0.5245186504309076,1392.2560083576902,1463.4347752683288,2019_04_JAX_DEN,2019,4,DEN,JAX,24.0,26.0,0
1615.4559199456714,1587.3188677807127,93.13705216495873,0.6309140203440439,1623.2361898896168,1579.5385978367674,2019_04_DAL_NO,2019,4,NO,DAL,12.0,10.0,1
1520.9142953544715,1377.9203428510148,207.99395250345674,0.7680458013836574,1534.557102684436,1364.2775355210504,2019_04_CIN_PIT,2019,4,PIT,CIN,27.0,3.0,1
1580.3824538861627,1589.78467743389,55.59777645227268,0.579335591375193,1586.070357767407,1584.0967735526458,2019_05_LA_SEA,2019,5,SEA,LA,30.0,29.0,1
1526.5419076559792,1463.4347752683288,128.10713238765038,0.6764366621574462,1539.2580604547172,1450.7186224695909,2019_05_JAX_CAR,2019,5,CAR,JAX,34.0,27.0,1
1364.2775355210504,1334.008581450698,95.26895407035227,0.6337671270869087,1345.9104082652022,1352.3757087065462,2019_05_ARI_CIN,2019,5,CIN,ARI,23.0,26.0,0
1528.7709672050505,1467.943525734577,125.82744147047356,0.6735578151688509,1547.8601102304915,1448.854382709136,2019_05_ATL_HOU,2019,5,HOU,ATL,53.0,32.0,1
1623.2361898896168,1478.6329541952118,209.60323569440493,0.7696920573596643,1631.9812494219398,1469.8878946628888,2019_05_TB_NO,2019,5,NO,TB,31.0,24.0,1
1425.3829458341431,1536.9124262377209,-46.529480403577736,0.4334361666898194,1400.3870757003046,1561.9082963715593,2019_05_MIN_NYG,2019,5,NYG,MIN,10.0,28.0,0
1428.361643098247,1602.3590709423047,-108.99742784405771,0.34809132006882576,1447.3785696747473,1583.3421443658044,2019_05_CHI_OAK,2019,5,OAK,CHI,24.0,21.0,1
1565.056708503609,1335.7918851700886,294.2648233335203,0.8447395714233272,1573.9802006062232,1326.8683930674742,2019_05_NYJ_PHI,2019,5,PHI,NYJ,31.0,6.0,1
1534.557102684436,1553.524353724048,46.032748960387835,0.5658615154439557,1518.532797943095,1569.548658465389,2019_05_BAL_PIT,2019,5,PIT,BAL,23.0,26.0,0
1535.7724454331258,1477.9627925338082,122.8096528993176,0.6697266922384703,1506.2725344963742,1507.4627034705597,2019_05_BUF_TEN,2019,5,TEN,BUF,7.0,14.0,0
1364.8110370943264,1656.670639157768,-226.85960206344157,0.21317224768678167,1352.0729446665403,1669.408731585554,2019_05_NE_WAS,2019,5,WAS,NE,7.0,33.0,0
1571.5942192675554,1392.2560083576902,244.3382109098652,0.8032170774405497,1534.0157941257933,1429.8344334994524,2019_05_DEN_LAC,2019,5,LAC,DEN,13.0,20.0,0
1579.5385978367674,1494.209490918959,150.3291069178083,0.7037801075222271,1543.3113166966757,1530.4367720590508,2019_05_GB_DAL,2019,5,DAL,GB,24.0,34.0,0
1667.7651451057595,1521.0520842484539,211.71306085730566,0.7718379232761192,1634.5280918286503,1554.289137525563,2019_05_IND_KC,2019,5,KC,IND,13.0,19.0,0
1505.708234776275,1483.4311323301101,87.27710244616492,0.6230249092222062,1530.1272317541227,1459.0121353522625,2019_05_CLE_SF,2019,5,SF,CLE,31.0,3.0,1
1669.408731585554,1400.3870757003046,334.0216558852494,0.8724484768547239,1676.2546697696823,1393.5411375161764,2019_06_NYG_NE,2019,6,NE,NYG,35.0,14.0,1
1469.8878946628888,1539.2580604547172,-4.370165791828413,0.49371115753038675,1445.4000155724148,1563.7459395451913,2019_06_CAR_TB,2019,6,TB,CAR,26.0,37.0,0
1569.548658465389,1345.9104082652022,288.6382502001868,0.8404439952541715,1575.038083275892,1340.4209834546994,2019_06_CIN_BAL,2019,6,BAL,CIN,23.0,17.0,1
1459.0121353522625,1586.070357767407,-62.05822241514443,0.4116288543232777,1446.1258146523185,1598.956678467351,2019_06_SEA_CLE,2019,6,CLE,SEA,28.0,32.0,0
1450.7186224695909,1631.9812494219398,-116.26262695234891,0.3386622276708761,1437.3410179391826,1645.358853952348,2019_06_NO_JAX,2019,6,JAX,NO,6.0,13.0,0
1634.5280918286503,1547.8601102304915,151.6679815981588,0.705384324587065,1603.0198011874757,1579.3684008716662,2019_06_HOU_KC,2019,6,KC,HOU,24.0,31.0,0
1337.4893329747572,1352.0729446665403,50.41638830821694,0.5720500065078538,1329.3730386060638,1360.1892390352336,2019_06_WAS_MIA,2019,6,MIA,WAS,16.0,17.0,0
1561.9082963715593,1573.9802006062232,52.92809576533614,0.5755858418112331,1586.3143615688111,1549.5741354089714,2019_06_PHI_MIN,2019,6,MIN,PHI,38.0,20.0,1
1352.3757087065462,1448.854382709136,-31.47867400258974,0.4548220990502508,1360.0431892603822,1441.1869021553,2019_06_ATL_ARI,2019,6,ARI,ATL,34.0,33.0,1
1584.0967735526458,1530.1272317541227,118.9695417985231,0.6648189097365588,1547.000829460876,1567.2231758458925,2019_06_SF_LA,2019,6,LA,SF,7.0,20.0,0
1429.8344334994524,1506.2725344963742,-11.438100996921776,0.4835451937521137,1459.251911968085,1476.8550560277415,2019_06_TEN_DEN,2019,6,DEN,TEN,16.0,0.0,1
1326.8683930674742,1543.3113166966757,-151.44292362920146,0.29488498217625236,1343.5066959136075,1526.6730138505425,2019_06_DAL_NYJ,2019,6,NYJ,DAL,24.0,22.0,1
1534.0157941257933,1518.532797943095,80.48299618269834,0.6137961114159293,1507.5194094703988,1545.0291825984893,2019_06_PIT_LAC,2019,6,LAC,PIT,17.0,24.0,0
1530.4367720590508,1511.1830396098228,84.25373244922798,0.618928673436968,1535.5246896232316,1506.095122045642,2019_06_DET_GB,2019,6,GB,DET,23.0,22.0,1
1459.251911968085,1603.0198011874757,-78.76788921939055,0.38854688894978634,1435.1028511893444,1627.1688619662164,2019_07_KC_DEN,2019,7,DEN,KC,6.0,30.0,0
1441.1869021553,1547.000829460876,-40.813927305576044,0.4415327327019294,1412.2973084249486,1575.8904231912275,2019_07_LA_ATL,2019,7,ATL,LA,10.0,37.0,0
1507.4627034705597,1329.3730386060638,243.08966486449594,0.8020785953291635,1516.0101471148657,1320.8255949617578,2019_07_MIA_BUF,2019,7,BUF,MIA,31.0,21.0,1
1340.4209834546994,1437.3410179391826,-31.920034484483267,0.4541921885268989,1318.9503964537028,1458.8116049401792,2019_07_JAX_CIN,2019,7,CIN,JAX,17.0,27.0,0
1506.095122045642,1586.3143615688111,-15.219239523169108,0.478111751894858,1481.7369790712312,1610.672504543222,2019_07_MIN_DET,2019,7,DET,MIN,30.0,42.0,0
1535.5246896232316,1447.3785696747473,153.14611994848428,0.7071495148272678,1551.6479284468742,1431.2553308511046,2019_07_OAK_GB,2019,7,GB,OAK,42.0,24.0,1
1554.289137525563,1579.3684008716662,39.92073665389694,0.5571990603924297,1572.3765014004007,1561.2810369968286,2019_07_HOU_IND,2019,7,IND,HOU,30.0,23.0,1
1393.5411375161764,1360.0431892603822,98.4979482557942,0.6380705995408998,1367.5446678030412,1386.0396589735174,2019_07_ARI_NYG,2019,7,NYG,ARI,21.0,27.0,0
1360.1892390352336,1567.2231758458925,-142.03393681065882,0.30627057493388016,1346.9403197245529,1580.4720951565732,2019_07_SF_WAS,2019,7,WAS,SF,0.0,9.0,0
1476.8550560277415,1507.5194094703988,34.33564655734267,0.5492527284227697,1489.1603735752556,1495.2140919228848,2019_07_LAC_TEN,2019,7,TEN,LAC,23.0,20.0,1
1583.3421443658044,1645.358853952348,2.983290413456416,0.5042931945098476,1558.245682282222,1670.4553160359303,2019_07_NO_CHI,2019,7,CHI,NO,25.0,36.0,0
1598.956678467351,1575.038083275892,88.91859519145896,0.6252415990810234,1563.666628586766,1610.3281331564767,2019_07_BAL_SEA,2019,7,SEA,BAL,16.0,30.0,0
1526.6730138505425,1549.5741354089714,42.09887844157106,0.5602903785905511,1555.4268326493113,1520.8203166102026,2019_07_PHI_DAL,2019,7,DAL,PHI,37.0,10.0,1
1343.5066959136075,1676.2546697696823,-267.74797385607485,0.1763490983596887,1332.4187314025626,1687.3426342807272,2019_07_NE_NYJ,2019,7,NYJ,NE,0.0,33.0,0
1610.672504543222,1346.9403197245529,328.7321848186691,0.8690214877560762,1616.1373779364071,1341.4754463313677,2019_08_WAS_MIN,2019,8,MIN,WAS,19.0,9.0,1
1412.2973084249486,1563.666628586766,-86.36932016181731,0.37820319087564475,1397.1624557779278,1578.8014812337867,2019_08_SEA_ATL,2019,8,ATL,SEA,20.0,27.0,0
1516.0101471148657,1520.8203166102026,60.18983050466318,0.5857638538817425,1480.5449354171528,1556.2855283079155,2019_08_PHI_BUF,2019,8,BUF,PHI,13.0,31.0,0
1558.245682282222,1495.2140919228848,128.03159035933732,0.6763414781251271,1548.290229194722,1505.1695450103848,2019_08_LAC_CHI,2019,8,CHI,LAC,16.0,17.0,0
1481.7369790712312,1367.5446678030412,179.19231126819,0.7372092842307003,1490.4448674801217,1358.8367793941507,2019_08_NYG_DET,2019,8,DET,NYG,31.0,26.0,1
1572.3765014004007,1435.1028511893444,202.2736502110563,0.7621278046597452,1577.1630043635637,1430.3163482261814,2019_08_DEN_IND,2019,8,IND,DEN,15.0,13.0,1
1458.8116049401792,1332.4187314025626,191.39287353761665,0.75058709991136,1471.2389217209256,1319.9914146218161,2019_08_NYJ_JAX,2019,8,JAX,NYJ,29.0,15.0,1
1575.8904231912275,1318.9503964537028,321.9400267375247,0.8645065715468903,1582.292087029517,1312.5487326154132,2019_08_CIN_LA,2019,8,LA,CIN,24.0,10.0,1
1670.4553160359303,1386.0396589735174,349.41565706241295,0.881988631979199,1676.8415066423913,1379.6534683670563,2019_08_ARI_NO,2019,8,NO,ARI,31.0,9.0,1
1489.1603735752556,1445.4000155724148,108.7603580028408,0.6515989366190335,1499.8466774354797,1434.7137117121906,2019_08_TB_TEN,2019,8,TEN,TB,27.0,23.0,1
1580.4720951565732,1563.7459395451913,81.72615561138196,0.6154911044816457,1607.636428486016,1536.5816062157485,2019_08_CAR_SF,2019,8,SF,CAR,51.0,13.0,1
1561.2810369968286,1431.2553308511046,195.02570614572392,0.7544814540157505,1567.5339481446704,1425.0024197032628,2019_08_OAK_HOU,2019,8,HOU,OAK,27.0,24.0,1
1687.3426342807272,1446.1258146523185,306.21681962840876,0.8535507075994094,1694.3053397560666,1439.163109176979,2019_08_CLE_NE,2019,8,NE,CLE,27.0,13.0,1
1627.1688619662164,1551.6479284468742,140.52093351934218,0.6918758012028567,1596.4312480378735,1582.385542375217,2019_08_GB_KC,2019,8,KC,GB,24.0,31.0,0
1545.0291825984893,1320.8255949617578,289.2035876367315,0.8408799125427374,1552.4519541017391,1313.402823458508,2019_08_MIA_PIT,2019,8,PIT,MIA,27.0,14.0,1
1379.6534683670563,1607.636428486016,-162.98296011895968,0.28126299886064526,1372.3930750847992,1614.8968217682732,2019_09_SF_ARI,2019,9,ARI,SF,25.0,28.0,0
1471.2389217209256,1567.5339481446704,-31.29502642374473,0.45508424394719377,1442.7189738300726,1596.0538960355234,2019_09_HOU_JAX,2019,9,JAX,HOU,3.0,26.0,0
1480.5449354171528,1341.4754463313677,204.0694890857851,0.7639968310737448,1492.5208570833652,1329.4995246651554,2019_09_WAS_BUF,2019,9,BUF,WAS,24.0,9.0,1
1536.5816062157485,1499.8466774354797,101.73492878026877,0.6423626019105373,1552.9750617276738,1483.4532219235543,2019_09_TEN_CAR,2019,9,CAR,TEN,30.0,20.0,1
1596.4312480378735,1616.1373779364071,45.29387010146638,0.5648163419109987,1608.2536989913667,1604.314926982914,2019_09_MIN_KC,2019,9,KC,MIN,26.0,23.0,1
1313.402823458508,1319.9914146218161,58.41140883669186,0.5832776388844765,1331.241838461789,1302.1523996185351,2019_09_NYJ_MIA,2019,9,MIA,NYJ,26.0,18.0,1
1556.2855283079155,1548.290229194722,72.99529911319337,0.6035298434702074,1573.1486933077238,1531.4270641949138,2019_09_CHI_PHI,2019,9,PHI,CHI,22.0,14.0,1
1552.4519541017391,1577.1630043635637,40.28894973817546,0.557721963244291,1561.995031924251,1567.6199265410519,2019_09_IND_PIT,2019,9,PIT,IND,26.0,24.0,1
1425.0024197032628,1490.4448674801217,-0.4424477768588986,0.4993632668095607,1445.8275042964506,1469.619782886934,2019_09_DET_OAK,2019,9,OAK,DET,31.0,24.0,1
1578.8014812337867,1434.7137117121906,209.0877695215961,0.7691656412741544,1587.005436602884,1426.5097563430934,2019_09_TB_SEA,2019,9,SEA,TB,40.0,34.0,1
1430.3163482261814,1439.163109176979,56.153239049202284,0.5801146425214531,1444.9885239889659,1424.4909334141946,2019_09_CLE_DEN,2019,9,DEN,CLE,24.0,19.0,1
1505.1695450103848,1582.385542375217,-12.21599736483222,0.4824270075971748,1534.0301408267517,1553.5249465588502,2019_09_GB_LAC,2019,9,LAC,GB,26.0,11.0,1
1610.3281331564767,1694.3053397560666,-18.977206599589863,0.4727167315471903,1641.0742425391882,1663.5592303733551,2019_09_NE_BAL,2019,9,BAL,NE,37.0,20.0,1
1358.8367793941507,1555.4268326493113,-131.59005325516068,0.31919075872172226,1340.7919080568988,1573.4717039865632,2019_09_DAL_NYG,2019,9,NYG,DAL,18.0,37.0,0
1445.8275042964506,1534.0301408267517,-23.202636530301106,0.4666582741782207,1457.671130391709,1522.1865147314932,2019_10_LAC_OAK,2019,10,OAK,LAC,26.0,24.0,1
1531.4270641949138,1469.619782886934,126.80728130797979,0.6747967996194887,1544.2148039406165,1456.8320431412312,2019_10_DET_CHI,2019,10,CHI,DET,20.0,13.0,1
1312.5487326154132,1641.0742425391882,-263.52550992377496,0.1799074309396827,1300.945945331594,1652.6770298230074,2019_10_BAL_CIN,2019,10,CIN,BAL,13.0,49.0,0
1424.4909334141946,1492.5208570833652,-3.0299236691705573,0.4956396998660446,1438.494055847938,1478.5177346496218,2019_10_BUF_CLE,2019,10,CLE,BUF,19.0,16.0,1
1676.8415066423913,1397.1624557779278,344.67905086446353,0.8791209587251098,1616.5805575863617,1457.4234048339574,2019_10_ATL_NO,2019,10,NO,ATL,9.0,26.0,0
1302.1523996185351,1340.7919080568988,26.36049156163631,0.5378631715880746,1321.1445650803369,1321.799742595097,2019_10_NYG_NYJ,2019,10,NYJ,NYG,34.0,27.0,1
1426.5097563430934,1372.3930750847992,119.1166812582942,0.6650076250216409,1435.3206600569774,1363.5821713709151,2019_10_ARI_TB,2019,10,TB,ARI,30.0,27.0,1
1483.4532219235543,1608.2536989913667,-59.80047706781238,0.41478008935194205,1500.132335413655,1591.574585501266,2019_10_KC_TEN,2019,10,TEN,KC,35.0,32.0,1
1567.6199265410519,1331.241838461789,301.37808807926285,0.8500345080516443,1535.9151298966956,1362.9466351061453,2019_10_MIA_IND,2019,10,IND,MIA,12.0,16.0,0
1553.5249465588502,1552.9750617276738,65.54988483117631,0.593230290087176,1570.8830431677586,1535.6169651187654,2019_10_CAR_GB,2019,10,GB,CAR,24.0,16.0,1
1561.995031924251,1582.292087029517,44.702944894733946,0.5639800394185939,1577.3087229302366,1566.9783960235313,2019_10_LA_PIT,2019,10,PIT,LA,17.0,12.0,1
1573.4717039865632,1604.314926982914,34.15677700364927,0.548997799308541,1555.5214544221385,1622.2651765473386,2019_10_MIN_DAL,2019,10,DAL,MIN,24.0,28.0,0
1614.8968217682732,1587.005436602884,92.89138516538924,0.6305846529650374,1596.6425459951931,1605.259712375964,2019_10_SEA_SF,2019,10,SF,SEA,24.0,27.0,0
1438.494055847938,1577.3087229302366,-73.81466708229868,0.39534209936951625,1472.3798759870272,1543.4229027911474,2019_11_PIT_CLE,2019,11,CLE,PIT,21.0,7.0,1
1652.6770298230074,1596.0538960355234,121.623133787484,0.6682141636874097,1675.0333808444261,1573.6975450141047,2019_11_HOU_BAL,2019,11,BAL,HOU,41.0,7.0,1
1535.6169651187654,1457.4234048339574,143.19356028480797,0.6951458879676172,1486.6051351160265,1506.4352348366963,2019_11_ATL_CAR,2019,11,CAR,ATL,3.0,29.0,0
1456.8320431412312,1555.5214544221385,-33.68941128090728,0.45166842244765865,1437.2830646851166,1575.070432878253,2019_11_DAL_DET,2019,11,DET,DAL,27.0,35.0,0
1535.9151298966956,1442.7189738300726,158.19615606662296,0.7131332110700451,1552.2107991202572,1426.423304606511,2019_11_JAX_IND,2019,11,IND,JAX,33.0,13.0,1
1362.9466351061453,1478.5177346496218,-50.57109954347652,0.4277319833616563,1338.7761498564405,1502.6882198993267,2019_11_BUF_MIA,2019,11,MIA,BUF,20.0,37.0,0
1622.2651765473386,1444.9885239889659,242.2766525583727,0.8013345898522651,1628.0255986012562,1439.2281019350482,2019_11_DEN_MIN,2019,11,MIN,DEN,27.0,23.0,1
1435.3206600569774,1616.5805575863617,-116.25989752938426,0.33866574665841104,1416.7259090688412,1635.1753085744979,2019_11_NO_TB,2019,11,TB,NO,17.0,34.0,0
1329.4995246651554,1321.1445650803369,73.35495958481852,0.6040251390190151,1293.3779738342198,1357.2661159112724,2019_11_NYJ_WAS,2019,11,WAS,NYJ,17.0,34.0,0
1596.6425459951931,1363.5821713709151,298.060374624278,0.8475836271430714,1603.0799620649027,1357.1447553012056,2019_11_ARI_SF,2019,11,SF,ARI,36.0,26.0,1
1457.671130391709,1300.945945331594,221.7251850601151,0.781828296741084,1465.9138961085105,1292.7031796147926,2019_11_CIN_OAK,2019,11,OAK,CIN,17.0,10.0,1
1573.1486933077238,1663.5592303733551,-25.410537065631388,0.4634963613547055,1554.0925249400084,1682.6153987410705,2019_11_NE_PHI,2019,11,PHI,NE,10.0,17.0,0
1566.9783960235313,1544.2148039406165,87.76359208291478,0.6236824118182502,1584.3334616567836,1526.8597383073643,2019_11_CHI_LA,2019,11,LA,CHI,17.0,7.0,1
1522.1865147314932,1591.574585501266,-4.388070769772867,0.4936853942888879,1501.6955871290577,1612.0655131037015,2019_11_KC_LAC,2019,11,LAC,KC,17.0,24.0,0
1573.6975450141047,1552.2107991202572,86.48674589384746,0.6219557577880327,1583.782688300254,1542.1256558341079,2019_12_IND_HOU,2019,12,HOU,IND,20.0,17.0,1
1506.4352348366963,1416.7259090688412,154.70932576785503,0.7090095336592535,1466.1822084447324,1456.9789354608051,2019_12_TB_ATL,2019,12,ATL,TB,22.0,35.0,0
1502.6882198993267,1439.2281019350482,128.46011796427842,0.6768812353604224,1520.3363931106378,1421.579928723737,2019_12_DEN_BUF,2019,12,BUF,DEN,20.0,3.0,1
1526.8597383073643,1321.799742595097,270.0599957122672,0.825575725391488,1532.426874018385,1316.2326068840764,2019_12_NYG_CHI,2019,12,CHI,NYG,19.0,14.0,1
1292.7031796147926,1543.4229027911474,-185.71972317635482,0.2555764334903013,1283.5309093258318,1552.5951730801082,2019_12_PIT_CIN,2019,12,CIN,PIT,10.0,16.0,0
1472.3798759870272,1338.7761498564405,198.60372613058667,0.7582767500305247,1485.1962833336847,1325.959742509783,2019_12_MIA_CLE,2019,12,CLE,MIA,41.0,24.0,1
1635.1753085744979,1486.6051351160265,213.57017345847134,0.7737150739372929,1640.894094338467,1480.8863493520573,2019_12_CAR_NO,2019,12,NO,CAR,34.0,31.0,1
1357.2661159112724,1465.9138961085105,-43.647780197238035,0.4375141770738831,1397.0438483757791,1426.1361636440038,2019_12_OAK_NYJ,2019,12,NYJ,OAK,34.0,3.0,1
1554.0925249400084,1605.259712375964,13.832812564044389,0.5198965055825036,1531.1013772376305,1628.250860078342,2019_12_SEA_PHI,2019,12,PHI,SEA,9.0,17.0,0
1293.3779738342198,1437.2830646851166,-78.90509085089684,0.3883592671410821,1310.9671067838071,1419.6939317355293,2019_12_DET_WAS,2019,12,WAS,DET,19.0,16.0,1
1500.132335413655,1426.423304606511,138.70903080714402,0.6896478247451256,1518.440182714942,1408.115457305224,2019_12_JAX_TEN,2019,12,TEN,JAX,42.0,20.0,1
1682.6153987410705,1575.070432878253,172.54496586281743,0.729729116885884,1690.6823923430736,1567.00343927625,2019_12_DAL_NE,2019,12,NE,DAL,13.0,9.0,1
1603.0799620649027,1570.8830431677586,97.19691889714409,0.636339258289773,1626.770924691183,1547.1920805414784,2019_12_GB_SF,2019,12,SF,GB,37.0,8.0,1
1584.3334616567836,1675.0333808444261,-25.699919187642536,0.46308215201542463,1550.5628775173716,1708.8039649838381,2019_12_BAL_LA,2019,12,LA,BAL,6.0,45.0,0
1419.6939317355293,1532.426874018385,-47.732942282855674,0.4317357315443273,1406.0920126539213,1546.028793099993,2019_13_CHI_DET,2019,13,DET,CHI,20.0,24.0,0
1567.00343927625,1520.3363931106378,111.66704616561219,0.6553877537060008,1532.69023030597,1554.6496020809177,2019_13_BUF_DAL,2019,13,DAL,BUF,15.0,26.0,0
1466.1822084447324,1640.894094338467,-109.71188589373469,0.3471586231746708,1451.6511492229233,1655.4251535602762,2019_13_NO_ATL,2019,13,ATL,NO,18.0,26.0,0
1708.8039649838381,1626.770924691183,147.0330402926552,0.6998093602718098,1716.6056080347719,1618.9692816402492,2019_13_SF_BAL,2019,13,BAL,SF,20.0,17.0,1
1480.8863493520573,1310.9671067838071,234.91924256825018,0.7945060267021583,1441.7983072281784,1350.055148907686,2019_13_WAS_CAR,2019,13,CAR,WAS,21.0,29.0,0
1283.5309093258318,1397.0438483757791,-48.51293904994736,0.43063448890439227,1316.5210656183087,1364.0536920833022,2019_13_NYJ_CIN,2019,13,CIN,NYJ,22.0,6.0,1
1542.1256558341079,1518.440182714942,88.68547311916586,0.6249271058755442,1506.8572512735664,1553.7085872754835,2019_13_TEN_IND,2019,13,IND,TEN,17.0,31.0,0
1408.115457305224,1456.9789354608051,16.136521844418894,0.5232056383909849,1377.6468003128007,1487.4475924532285,2019_13_TB_JAX,2019,13,JAX,TB,11.0,28.0,0
1325.959742509783,1531.1013772376305,-140.14163472784753,0.30858986306694125,1354.6988874496633,1502.36223229775,2019_13_PHI_MIA,2019,13,MIA,PHI,37.0,31.0,1
1316.2326068840764,1547.1920805414784,-165.959473657402,0.27781226918191076,1301.0201501752397,1562.4045372503151,2019_13_GB_NYG,2019,13,NYG,GB,13.0,31.0,0
1552.5951730801082,1485.1962833336847,132.3988897464235,0.6818201825856606,1565.0767424422024,1472.7147139715908,2019_13_CLE_PIT,2019,13,PIT,CLE,20.0,13.0,1
1357.1447553012056,1550.5628775173716,-128.418122216166,0.32317164010983906,1336.7951216146107,1570.9125112039665,2019_13_LA_ARI,2019,13,ARI,LA,7.0,34.0,0
1421.579928723737,1501.6955871290577,-15.115658405320573,0.47826053337755287,1436.145696136889,1487.1298197159058,2019_13_LAC_DEN,2019,13,DEN,LAC,23.0,20.0,1
1612.0655131037015,1426.1361636440038,250.92934945969773,0.8091451994400456,1623.9401527074085,1414.2615240402968,2019_13_OAK_KC,2019,13,KC,OAK,40.0,9.0,1
1583.782688300254,1690.6823923430736,-41.89970404281962,0.4399921083140541,1606.000331219382,1668.4647494239457,2019_13_NE_HOU,2019,13,HOU,NE,28.0,22.0,1
1628.250860078342,1628.0255986012562,65.22526147708572,0.5927792834599112,1644.69904044976,1611.577418229838,2019_13_MIN_SEA,2019,13,SEA,MIN,37.0,30.0,1
1546.028793099993,1532.69023030597,78.33856279402289,0.6108657984306828,1561.655970218801,1517.063053187162,2019_14_DAL_CHI,2019,14,CHI,DAL,31.0,24.0,1
1451.6511492229233,1441.7983072281784,74.85284199474495,0.6060855980791938,1474.8475395011192,1418.6019169499825,2019_14_CAR_ATL,2019,14,ATL,CAR,40.0,20.0,1
1554.6496020809177,1716.6056080347719,-96.95600595385417,0.363981725441618,1540.1509945295827,1731.1042155861069,2019_14_BAL_BUF,2019,14,BUF,BAL,17.0,24.0,0
1472.7147139715908,1316.5210656183087,221.19364835328201,0.7813059329160097,1481.4471336586407,1307.7886459312588,2019_14_CIN_CLE,2019,14,CLE,CIN,27.0,19.0,1
1562.4045372503151,1350.055148907686,277.349388342629,0.8315358461935821,1567.7656214583217,1344.6940646996795,2019_14_WAS_GB,2019,14,GB,WAS,20.0,15.0,1
1606.000331219382,1436.145696136889,234.8546350824929,0.7944452996235494,1557.830102777261,1484.31592457901,2019_14_DEN_HOU,2019,14,HOU,DEN,24.0,38.0,0
1611.577418229838,1406.0920126539213,270.48540557591673,0.8259280806492447,1619.7592006595835,1397.9102302241758,2019_14_DET_MIN,2019,14,MIN,DET,20.0,7.0,1
1655.4251535602762,1618.9692816402492,101.455871920027,0.6419934791610065,1640.6371468156951,1633.7572883848302,2019_14_SF_NO,2019,14,NO,SF,46.0,48.0,0
1364.0536920833022,1354.6988874496633,74.35480463363888,0.6054009218448928,1369.345157807283,1349.4074217256825,2019_14_MIA_NYJ,2019,14,NYJ,MIA,22.0,21.0,1
1487.4475924532285,1506.8572512735664,45.59034117966212,0.5652357817897948,1499.257089321395,1495.0477544054,2019_14_IND_TB,2019,14,TB,IND,38.0,35.0,1
1377.6468003128007,1487.1298197159058,-44.48301940310512,0.4363313017091843,1346.9945455787001,1517.7820744500063,2019_14_LAC_JAX,2019,14,JAX,LAC,10.0,45.0,0
1336.7951216146107,1565.0767424422024,-163.28162082759172,0.28091558031479,1326.6177458615175,1575.2541181952956,2019_14_PIT_ARI,2019,14,ARI,PIT,17.0,23.0,0
1668.4647494239457,1623.9401527074085,109.52459671653719,0.6525969912682141,1639.9020402787316,1652.5028618526226,2019_14_KC_NE,2019,14,NE,KC,16.0,23.0,0
1414.2615240402968,1553.7085872754835,-74.44706323518676,0.3944722144505675,1390.6731377573847,1577.2969735583956,2019_14_TEN_OAK,2019,14,OAK,TEN,21.0,42.0,0
1570.9125112039665,1644.69904044976,-8.786529245793645,0.4873578630122675,1600.0774833782775,1615.534068275449,2019_14_SEA_LA,2019,14,LA,SEA,28.0,12.0,1
1502.36223229775,1301.0201501752397,266.3420821225104,0.8224723173239606,1508.52517642716,1294.8572060458298,2019_14_NYG_PHI,2019,14,PHI,NYG,23.0,17.0,1
1731.1042155861069,1369.345157807283,426.75905777882394,0.9210444027232082,1735.1923044822558,1365.257068911134,2019_15_NYJ_BAL,2019,15,BAL,NYJ,42.0,21.0,1
1418.6019169499825,1615.534068275449,-131.93215132546652,0.3187629719764374,1406.8981028033256,1627.237882422106,2019_15_SEA_CAR,2019,15,CAR,SEA,24.0,30.0,0
1307.7886459312588,1639.9020402787316,-267.1133943474729,0.1768803147164435,1298.0376710547082,1649.6530151552822,2019_15_NE_CIN,2019,15,CIN,NE,13.0,34.0,0
1397.9102302241758,1499.257089321395,-36.34685909721907,0.4478826545224965,1370.6717591796296,1526.4955603659412,2019_15_TB_DET,2019,15,DET,TB,17.0,38.0,0
1567.7656214583217,1561.655970218801,71.10965123952064,0.6009296264125936,1584.7534750513857,1544.668116625737,2019_15_CHI_GB,2019,15,GB,CHI,21.0,13.0,1
1652.5028618526226,1484.31592457901,233.18693727361256,0.7928731623101065,1663.9062197230044,1472.9125667086282,2019_15_DEN_KC,2019,15,KC,DEN,23.0,3.0,1
1294.8572060458298,1349.4074217256825,10.449784320147273,0.5150339154482038,1322.2075422734113,1322.057085498101,2019_15_MIA_NYG,2019,15,NYG,MIA,36.0,20.0,1
1577.2969735583956,1557.830102777261,84.46687078113473,0.6192180082650991,1559.443123605658,1575.6839527299985,2019_15_HOU_TEN,2019,15,TEN,HOU,21.0,24.0,0
1344.6940646996795,1508.52517642716,-98.83111172748045,0.3614866178493083,1328.1032372575314,1525.116003869308,2019_15_PHI_WAS,2019,15,WAS,PHI,27.0,37.0,0
1326.6177458615175,1481.4471336586407,-89.82938779712322,0.37353071192530685,1361.992351098056,1446.0725284221023,2019_15_CLE_ARI,2019,15,ARI,CLE,38.0,24.0,1
1517.7820744500063,1619.7592006595835,-36.977126209577136,0.4469856525665518,1487.8789510846184,1649.6623240249714,2019_15_MIN_LAC,2019,15,LAC,MIN,10.0,39.0,0
1390.6731377573847,1346.9945455787001,108.67859217868454,0.6514920758397832,1368.6126424773367,1369.055040858748,2019_15_JAX_OAK,2019,15,OAK,JAX,16.0,20.0,0
1517.063053187162,1600.0774833782775,-18.01443019111548,0.4740983580790807,1550.7658993595753,1566.3746372058642,2019_15_LA_DAL,2019,15,DAL,LA,44.0,21.0,1
1633.7572883848302,1474.8475395011192,223.90974888371102,0.7839657079379813,1597.4587044439488,1511.1461234420005,2019_15_ATL_SF,2019,15,SF,ATL,22.0,29.0,0
1575.2541181952956,1540.1509945295827,100.10312366571293,0.6402017494070035,1547.3596374604767,1568.0454752644016,2019_15_BUF_PIT,2019,15,PIT,BUF,10.0,17.0,0
1640.6371468156951,1495.0477544054,210.5893924102952,0.7706968165844225,1654.5838374436169,1481.1010637774782,2019_15_IND_NO,2019,15,NO,IND,34.0,7.0,1
1526.4955603659412,1575.6839527299985,15.811607635942664,0.5227390363321621,1511.8972372719852,1590.2822758239545,2019_16_HOU_TB,2019,16,TB,HOU,20.0,23.0,0
1649.6530151552822,1568.0454752644016,146.60753989088062,0.6992945526744075,1661.377674301448,1556.3208161182358,2019_16_BUF_NE,2019,16,NE,BUF,24.0,17.0,1
1597.4587044439488,1566.3746372058642,96.08406723808457,0.6348555240968471,1607.1590025937855,1556.6743390560275,2019_16_LA_SF,2019,16,SF,LA,34.0,31.0,1
1511.1461234420005,1369.055040858748,207.0910825832525,0.7671185986393629,1522.0648943288593,1358.1362699718893,2019_16_JAX_ATL,2019,16,ATL,JAX,24.0,12.0,1
1446.0725284221023,1735.1923044822558,-224.11977606015353,0.21582959961257464,1434.9733997656076,1746.2914331387506,2019_16_BAL_CLE,2019,16,CLE,BAL,15.0,31.0,0
1481.1010637774782,1406.8981028033256,139.20296097415257,0.690256056376696,1501.4725196104673,1386.5266469703365,2019_16_CAR_IND,2019,16,IND,CAR,38.0,6.0,1
1322.057085498101,1298.0376710547082,89.01941444339286,0.625377576512201,1332.0398867788344,1288.0548697739748,2019_16_CIN_MIA,2019,16,MIA,CIN,38.0,35.0,1
1365.257068911134,1547.3596374604767,-117.10256854934278,0.3375801576203178,1392.4866467527456,1520.130059618865,2019_16_PIT_NYJ,2019,16,NYJ,PIT,16.0,10.0,1
1559.443123605658,1654.5838374436169,-30.140713837958856,0.45673251386062547,1537.835224121353,1676.191736927922,2019_16_NO_TEN,2019,16,TEN,NO,28.0,38.0,0
1328.1032372575314,1322.2075422734113,70.89569498412015,0.6006342282947826,1303.9492629923745,1346.3615165385681,2019_16_NYG_WAS,2019,16,WAS,NYG,35.0,41.0,0
1472.9125667086282,1370.6717591796296,167.24080752899863,0.7236651590956782,1485.2287486072698,1358.355577280988,2019_16_DET_DEN,2019,16,DEN,DET,27.0,17.0,1
1487.8789510846184,1368.6126424773367,184.26630860728164,0.7428285226922855,1454.1614943683965,1402.3300991935587,2019_16_OAK_LAC,2019,16,LAC,OAK,17.0,24.0,0
1525.116003869308,1550.7658993595753,39.35010450973277,0.5563884502099213,1544.2677321824224,1531.614171046461,2019_16_DAL_PHI,2019,16,PHI,DAL,17.0,9.0,1
1627.237882422106,1361.992351098056,330.24553132405003,0.8700098769802092,1571.7945927716928,1417.4356407484693,2019_16_ARI_SEA,2019,16,SEA,ARI,13.0,27.0,0
1544.668116625737,1663.9062197230044,-54.23810309726741,0.422573047674202,1518.455164586476,1690.1191717622653,2019_16_KC_CHI,2019,16,CHI,KC,3.0,26.0,0
1649.6623240249714,1584.7534750513857,129.9088489735857,0.6787025099704664,1611.5915691996004,1622.8242298767568,2019_16_GB_MIN,2019,16,MIN,GB,10.0,23.0,0
1556.3208161182358,1392.4866467527456,228.8341693654902,0.7887280415701267,1519.710497246772,1429.0969656242094,2019_17_NYJ_BUF,2019,17,BUF,NYJ,6.0,13.0,0
1386.5266469703365,1676.191736927922,-224.66508995758545,0.21529879324409507,1372.865820197393,1689.8525637008654,2019_17_NO_CAR,2019,17,CAR,NO,10.0,42.0,0
1288.0548697739748,1434.9733997656076,-81.9185299916328,0.3842468507349081,1318.7272068944237,1404.3010626451587,2019_17_CLE_CIN,2019,17,CIN,CLE,33.0,23.0,1
1358.355577280988,1622.8242298767568,-199.46865259576884,0.24081182266539625,1352.233893988481,1628.9459131692638,2019_17_GB_DET,2019,17,DET,GB,20.0,23.0,0
1690.1191717622653,1454.1614943683965,300.95767739386883,0.8497257451058209,1696.4587611373322,1447.8219049933296,2019_17_LAC_KC,2019,17,KC,LAC,31.0,21.0,1
1611.5915691996004,1518.455164586476,158.13640461312434,0.7130628411689699,1594.7105677098286,1535.3361660762478,2019_17_CHI_MIN,2019,17,MIN,CHI,19.0,21.0,0
1661.377674301448,1332.0398867788344,394.33778752261355,0.9063610050774951,1630.7599550851971,1362.6576059950853,2019_17_MIA_NE,2019,17,NE,MIA,24.0,27.0,0
1511.8972372719852,1522.0648943288593,54.83234294312592,0.5782614034003548,1488.8170980021198,1545.1450335987247,2019_17_ATL_TB,2019,17,TB,ATL,22.0,28.0,0
1746.2914331387506,1520.130059618865,291.1613735198855,0.8423820513620027,1754.4885107009038,1511.9329820567118,2019_17_PIT_BAL,2019,17,BAL,PIT,28.0,10.0,1
1531.614171046461,1303.9492629923745,292.6649080540865,0.8435278178688218,1541.1865830207166,1294.376851018119,2019_17_WAS_DAL,2019,17,DAL,WAS,47.0,16.0,1
1485.2287486072698,1402.3300991935587,147.89864941371115,0.7008550945408261,1489.1145482372435,1398.444299563585,2019_17_OAK_DEN,2019,17,DEN,OAK,16.0,15.0,1
1590.2822758239545,1537.835224121353,117.44705170260158,0.6628631385024819,1546.9924874148217,1581.1250125304857,2019_17_TEN_HOU,2019,17,HOU,TEN,14.0,35.0,0
1358.1362699718893,1501.4725196104673,-78.33624963857801,0.3891373668073136,1395.4374214396587,1464.171368142698,2019_17_IND_JAX,2019,17,JAX,IND,38.0,20.0,1
1556.6743390560275,1417.4356407484693,204.23869830755825,0.7641724120342213,1565.6489662721845,1408.4610135323123,2019_17_ARI_LA,2019,17,LA,ARI,31.0,24.0,1
1346.3615165385681,1544.2677321824224,-132.90621564385424,0.31754659780123096,1329.0507393947537,1561.5785093262368,2019_17_PHI_NYG,2019,17,NYG,PHI,17.0,34.0,0
1571.7945927716928,1607.1590025937855,29.63559017790726,0.5425459079662502,1552.0868802777147,1626.8667150877636,2019_17_SF_SEA,2019,17,SEA,SF,21.0,26.0,0
1631.0379936786007,1531.3439891056862,164.69400457291454,0.7207238344272769,1645.1103981819774,1517.2715846023095,2020_01_HOU_KC,2020,1,KC,HOU,34.0,20.0,1
1530.1117374103494,1534.7419491452358,60.369788265113584,0.5860151919175977,1498.3084763250376,1566.5452102305476,2020_01_SEA_ATL,2020,1,ATL,SEA,25.0,38.0,0
1669.743836637503,1436.1688087843208,298.57502785318206,0.8479659561779177,1679.105124502596,1426.8075209192277,2020_01_CLE_BAL,2020,1,BAL,CLE,38.0,6.0,1
1513.146901663597,1452.7076760713476,125.43922559224939,0.6730662530091314,1527.9801970785877,1437.8743806563568,2020_01_NYJ_BUF,2020,1,BUF,NYJ,27.0,17.0,1
1415.2015020716613,1500.0,-19.798497928338747,0.47153847170602725,1400.15863969172,1515.0428623799412,2020_01_LV_CAR,2020,1,CAR,LV,30.0,34.0,0
1401.4400072903168,1523.5692227728573,-57.12921548254053,0.4185174931851034,1388.309421632721,1536.699808430453,2020_01_CHI_DET,2020,1,DET,CHI,23.0,27.0,0
1430.2567601002524,1476.1023025511795,19.15445754907296,0.5275375864560149,1449.7363193150684,1456.6227433363636,2020_01_IND_JAX,2020,1,JAX,IND,27.0,20.0,1
1563.1719486624559,1586.006924083899,42.16502457855677,0.560384184314964,1536.8610303163227,1612.3178424300322,2020_01_GB_MIN,2020,1,MIN,GB,34.0,43.0,0
1587.2168900418264,1408.392623198722,243.8242668431044,0.8027490391944064,1595.7328192463406,1399.876693994208,2020_01_MIA_NE,2020,1,NE,MIA,21.0,11.0,1
1362.8493596290855,1541.0728657206,-113.22350609151454,0.3425914825012679,1396.0879256012474,1507.834299748438,2020_01_PHI_WAS,2020,1,WAS,PHI,27.0,17.0,1
1379.0910469985806,1465.197210630551,-21.106163631970276,0.46966309786799343,1366.1929614167657,1478.0952962123658,2020_01_LAC_CIN,2020,1,CIN,LAC,13.0,16.0,0
1626.6316599884774,1492.541004367414,199.09065562106343,0.7587901470739762,1637.6245311872126,1481.5481331686788,2020_01_TB_NO,2020,1,NO,TB,34.0,23.0,1
1584.6200989635383,1438.9434960260523,210.676602937486,0.7707855238585831,1557.1819339891817,1466.381661000409,2020_01_ARI_SF,2020,1,SF,ARI,20.0,24.0,0
1543.787860503547,1527.471450874818,81.31640962872916,0.6149327414025775,1554.0836392686788,1517.1756721096863,2020_01_DAL_LA,2020,1,LA,DAL,20.0,17.0,1
1385.976843176301,1507.959299031827,-56.98245585552604,0.41872310233484833,1366.402751058663,1527.533391149465,2020_01_PIT_NYG,2020,1,NYG,PIT,16.0,26.0,0
1492.7394036742417,1554.110383357834,3.6290203164076047,0.5052223901297841,1481.6201913993555,1565.2295956327202,2020_01_TEN_DEN,2020,1,DEN,TEN,14.0,16.0,0
1426.8075209192277,1366.1929614167657,125.61455950246204,0.6732883094079519,1437.882918417533,1355.1175639184605,2020_02_CIN_CLE,2020,2,CLE,CIN,35.0,30.0,1
1536.699808430453,1366.402751058663,235.29705737179006,0.7948608831486957,1542.6649868974127,1360.4375725917032,2020_02_NYG_CHI,2020,2,CHI,NYG,17.0,13.0,1
1517.1756721096863,1498.3084763250376,83.86719578464863,0.6184037354171416,1522.2714607428538,1493.21268769187,2020_02_ATL_DAL,2020,2,DAL,ATL,40.0,39.0,1
1612.3178424300322,1388.309421632721,289.00842079731115,0.8407295336022926,1621.020793307927,1379.6064707548262,2020_02_DET_GB,2020,2,GB,DET,42.0,21.0,1
1456.6227433363636,1536.8610303163227,-15.238286979959184,0.4780843929976383,1487.003780016827,1506.4799936358593,2020_02_MIN_IND,2020,2,IND,MIN,28.0,11.0,1
1399.876693994208,1527.9801970785877,-63.10350308437978,0.4101723438460508,1388.821405232651,1539.0354858401447,2020_02_BUF_MIA,2020,2,MIA,BUF,28.0,31.0,0
1437.8743806563568,1557.1819339891817,-54.30755333282491,0.42247550047223437,1413.5946649193693,1581.4616497261693,2020_02_SF_NYJ,2020,2,NYJ,SF,13.0,31.0,0
1507.834299748438,1554.0836392686788,18.75066047975929,0.5269582016038298,1476.5356148124274,1585.3823242046894,2020_02_LA_PHI,2020,2,PHI,LA,19.0,37.0,0
1527.533391149465,1481.6201913993555,110.91319975010947,0.6544070002136029,1539.3233879858062,1469.8301945630142,2020_02_DEN_PIT,2020,2,PIT,DEN,26.0,21.0,1
1481.5481331686788,1400.15863969172,146.3894934769587,0.6990305461366126,1496.8319457080518,1384.874827152347,2020_02_CAR_TB,2020,2,TB,CAR,31.0,17.0,1
1565.2295956327202,1449.7363193150684,180.49327631765186,0.7386575534360549,1571.9261457966197,1443.039769151169,2020_02_JAX_TEN,2020,2,TEN,JAX,33.0,30.0,1
1466.381661000409,1396.0879256012474,135.2937353991615,0.6854243064474832,1482.8148472452892,1379.6547393563671,2020_02_WAS_ARI,2020,2,ARI,WAS,30.0,15.0,1
1517.2715846023095,1679.105124502596,-96.8335399002865,0.36414494125070035,1497.1087707238737,1699.2679383810319,2020_02_BAL_HOU,2020,2,HOU,BAL,16.0,33.0,0
1478.0952962123658,1645.1103981819774,-102.01510196961158,0.3572669685187426,1468.6287223086067,1654.5769720857365,2020_02_KC_LAC,2020,2,LAC,KC,20.0,23.0,0
1566.5452102305476,1595.7328192463406,35.81239098420701,0.5513564194619673,1582.3649189981852,1579.913110478703,2020_02_NE_SEA,2020,2,SEA,NE,35.0,30.0,1
1515.0428623799412,1637.6245311872126,-57.5816688072714,0.4178837878734372,1543.7102624343559,1608.957131132798,2020_02_NO_LV,2020,2,LV,NO,34.0,24.0,1
1443.039769151169,1388.821405232651,119.21836391851798,0.6651380083872875,1401.626406616507,1430.2347677673129,2020_03_MIA_JAX,2020,3,JAX,MIA,13.0,31.0,0
1493.21268769187,1542.6649868974127,15.547700794457342,0.522360016345271,1476.2788939714637,1559.598780617819,2020_03_CHI_ATL,2020,3,ATL,CHI,26.0,30.0,0
1539.0354858401447,1585.3823242046894,18.653161635455263,0.5268182952590694,1552.0445681870638,1572.3732418577704,2020_03_LA_BUF,2020,3,BUF,LA,35.0,32.0,1
1437.882918417533,1379.6547393563671,123.22817906116575,0.6702593786655223,1454.7947238159156,1362.7429339579844,2020_03_WAS_CLE,2020,3,CLE,WAS,34.0,20.0,1
1506.4799936358593,1571.9261457966197,-0.44615216076044817,0.4993579357813099,1499.5588263183881,1578.8473131140909,2020_03_TEN_MIN,2020,3,MIN,TEN,30.0,31.0,0
1579.913110478703,1543.7102624343559,101.20284804434709,0.6416586459660185,1599.3252758603503,1524.2980970527085,2020_03_LV_NE,2020,3,NE,LV,36.0,20.0,1
1360.4375725917032,1581.4616497261693,-156.0240771344661,0.28943148237712685,1342.4260524148729,1599.4731699029996,2020_03_SF_NYG,2020,3,NYG,SF,9.0,36.0,0
1476.5356148124274,1355.1175639184605,186.4180508939669,0.7451876288635213,1476.5356148124274,1355.1175639184605,2020_03_CIN_PHI,2020,3,PHI,CIN,23.0,23.0,0
1539.3233879858062,1497.1087707238737,107.21461726193252,0.6495762176480926,1553.2198732323825,1483.2122854772974,2020_03_HOU_PIT,2020,3,PIT,HOU,28.0,21.0,1
1487.003780016827,1413.5946649193693,138.40911509745774,0.6892781845524821,1506.8892455691541,1393.7091993670422,2020_03_NYJ_IND,2020,3,IND,NYJ,36.0,7.0,1
1468.6287223086067,1384.874827152347,148.75389515625966,0.7018862552312966,1441.6524862484243,1411.8510632125294,2020_03_CAR_LAC,2020,3,LAC,CAR,16.0,21.0,0
1482.8148472452892,1379.6064707548262,168.20837649046302,0.724777579948938,1461.0561084735407,1401.3652095265747,2020_03_DET_ARI,2020,3,ARI,DET,23.0,26.0,0
1469.8301945630142,1496.8319457080518,37.99824885496241,0.5544668838276919,1436.6044435665035,1530.0576967045624,2020_03_TB_DEN,2020,3,DEN,TB,10.0,28.0,0
1582.3649189981852,1522.2714607428538,125.09345825533137,0.6726281192535267,1595.24742493933,1509.3889548017091,2020_03_DAL_SEA,2020,3,SEA,DAL,38.0,31.0,1
1608.957131132798,1621.020793307927,52.93633782487086,0.5755974319824857,1584.4284996687518,1645.5494247719732,2020_03_GB_NO,2020,3,NO,GB,30.0,37.0,0
1699.2679383810319,1654.5769720857365,109.69096629529531,0.6528140837380823,1662.0554762911052,1691.7894341756632,2020_03_KC_BAL,2020,3,BAL,KC,20.0,34.0,0
1393.7091993670422,1436.6044435665035,22.10475580053867,0.5317684478241069,1368.9718055082685,1461.3418374252772,2020_04_DEN_NYJ,2020,4,NYJ,DEN,28.0,37.0,0
1411.8510632125294,1461.0561084735407,15.794954738988736,0.5227151204015267,1434.5774814586139,1438.3296902274562,2020_04_ARI_CAR,2020,4,CAR,ARI,31.0,21.0,1
1355.1175639184605,1401.626406616507,18.491157301953535,0.5265858172098326,1375.7481082717904,1380.995862263177,2020_04_JAX_CIN,2020,4,CIN,JAX,33.0,25.0,1
1509.3889548017091,1454.7947238159156,119.5942309857935,0.6656197479097969,1474.4072553911271,1489.7764232264976,2020_04_CLE_DAL,2020,4,DAL,CLE,38.0,49.0,0
1401.3652095265747,1584.4284996687518,-118.06329014217704,0.3363445730895008,1388.9419775423294,1596.8517316529972,2020_04_NO_DET,2020,4,DET,NO,29.0,35.0,0
1483.2122854772974,1499.5588263183881,48.6534591589093,0.5695638325732439,1457.617048442492,1525.1540633531936,2020_04_MIN_HOU,2020,4,HOU,MIN,23.0,31.0,0
1430.2347677673129,1595.24742493933,-100.01265717201704,0.3599182146265993,1415.1060986446137,1610.376094062029,2020_04_SEA_MIA,2020,4,MIA,SEA,23.0,31.0,0
1530.0576967045624,1441.6524862484243,153.4052104561381,0.7074582813159563,1541.4311013317565,1430.2790816212303,2020_04_LAC_TB,2020,4,TB,LAC,38.0,31.0,1
1362.7429339579844,1662.0554762911052,-234.31254233312075,0.20606475839595378,1352.6565203068049,1672.1418899422847,2020_04_BAL_WAS,2020,4,WAS,BAL,17.0,31.0,0
1572.3732418577704,1342.4260524148729,294.9471894428975,0.8452540514386954,1578.3695653574728,1336.4297289151705,2020_04_NYG_LA,2020,4,LA,NYG,17.0,9.0,1
1559.598780617819,1506.8892455691541,117.70953504866497,0.6632007215409104,1528.8072835704186,1537.6807426165547,2020_04_IND_CHI,2020,4,CHI,IND,11.0,19.0,0
1524.2980970527085,1552.0445681870638,37.25352886564474,0.5534076177503741,1500.8860756121837,1575.4565896275885,2020_04_BUF_LV,2020,4,LV,BUF,23.0,30.0,0
1599.4731699029996,1476.5356148124274,187.93755509057223,0.7468449648940643,1570.209998764195,1505.798785951232,2020_04_PHI_SF,2020,4,SF,PHI,20.0,25.0,0
1691.7894341756632,1599.3252758603503,157.46415831531294,0.7122704194002633,1707.0044135898006,1584.110296446213,2020_04_NE_KC,2020,4,KC,NE,26.0,10.0,1
1645.5494247719732,1476.2788939714637,234.2705308005095,0.7938956736224048,1655.6379492966894,1466.1903694467476,2020_04_ATL_GB,2020,4,GB,ATL,30.0,16.0,1
1528.8072835704186,1541.4311013317565,52.37618223866207,0.5748095399261762,1534.5646082663147,1535.6737766358603,2020_05_TB_CHI,2020,5,CHI,TB,20.0,19.0,1
1466.1903694467476,1434.5774814586139,96.6128879881337,0.6355609075019456,1438.5440475622422,1462.2238033431192,2020_05_CAR_ATL,2020,5,ATL,CAR,16.0,23.0,0
1672.1418899422847,1375.7481082717904,361.39378167049426,0.8889785652816174,1678.2807450655532,1369.609253148522,2020_05_CIN_BAL,2020,5,BAL,CIN,27.0,3.0,1
1457.617048442492,1380.995862263177,141.62118617931492,0.6932243701768802,1473.948928158881,1364.663982546788,2020_05_JAX_HOU,2020,5,HOU,JAX,30.0,14.0,1
1707.0044135898006,1500.8860756121837,271.1183379776169,0.8264512810600475,1665.5816759959673,1542.308813206017,2020_05_LV_KC,2020,5,KC,LV,32.0,40.0,0
1368.9718055082685,1438.3296902274562,-4.357884719187723,0.4937288286265027,1338.967869068422,1468.3336266673027,2020_05_ARI_NYJ,2020,5,NYJ,ARI,10.0,30.0,0
1553.2198732323825,1505.798785951232,112.42108728115045,0.6563674382327706,1568.2753930146412,1490.7432661689734,2020_05_PHI_PIT,2020,5,PIT,PHI,38.0,29.0,1
1352.6565203068049,1578.3695653574728,-160.71304505066792,0.2839120160587315,1336.5458938069594,1594.4801918573182,2020_05_LA_WAS,2020,5,WAS,LA,10.0,30.0,0
1570.209998764195,1415.1060986446137,220.10390011958134,0.7802321768594067,1513.0621561079972,1472.2539413008114,2020_05_MIA_SF,2020,5,SF,MIA,17.0,43.0,0
1489.7764232264976,1537.6807426165547,17.095680609942974,0.5245828255974964,1511.501373739676,1515.9557921033763,2020_05_IND_CLE,2020,5,CLE,IND,32.0,23.0,1
1474.4072553911271,1336.4297289151705,202.97752647595667,0.7628615779388356,1480.4267544343732,1330.4102298719245,2020_05_NYG_DAL,2020,5,DAL,NYG,37.0,34.0,1
1610.376094062029,1525.1540633531936,150.22203070883552,0.7036515923416226,1614.2217625410515,1521.3083948741712,2020_05_MIN_SEA,2020,5,SEA,MIN,27.0,26.0,1
1596.8517316529972,1430.2790816212303,231.5726500317669,0.7913429311707485,1602.085975914039,1425.0448373601885,2020_05_LAC_NO,2020,5,NO,LAC,30.0,27.0,1
1578.8473131140909,1575.4565896275885,68.39072348650234,0.5971703506715078,1604.5999645379059,1549.7039382037735,2020_05_BUF_TEN,2020,5,TEN,BUF,42.0,16.0,1
1462.2238033431192,1534.5646082663147,-7.340804923195492,0.4894373042434284,1441.9363717649278,1554.8520398445062,2020_06_CHI_CAR,2020,6,CAR,CHI,16.0,23.0,0
1515.9557921033763,1369.609253148522,211.3465389548544,0.771466153396736,1522.6672644556302,1362.897780796268,2020_06_CIN_IND,2020,6,IND,CIN,31.0,27.0,1
1364.663982546788,1388.9419775423294,40.72200500445865,0.55833678528755,1331.164128286157,1422.4418318029605,2020_06_DET_JAX,2020,6,JAX,DET,16.0,34.0,0
1521.3083948741712,1438.5440475622422,147.764347311929,0.7006929823130219,1477.8866849975507,1481.9657574388627,2020_06_ATL_MIN,2020,6,MIN,ATL,23.0,40.0,0
1584.110296446213,1461.3418374252772,187.76845902093578,0.7466608832149143,1552.3400263344956,1493.1121075369947,2020_06_DEN_NE,2020,6,NE,DEN,12.0,18.0,0
1330.4102298719245,1336.5458938069594,58.86433606496507,0.5839112338631993,1336.028129549319,1330.927994129565,2020_06_WAS_NYG,2020,6,NYG,WAS,20.0,19.0,1
1490.7432661689734,1678.2807450655532,-122.53747889657984,0.3306199558713541,1483.8620775609184,1685.1619336736082,2020_06_BAL_PHI,2020,6,PHI,BAL,28.0,30.0,0
1568.2753930146412,1511.501373739676,121.77401927496521,0.6684067002489384,1590.0541927425725,1489.7225740117447,2020_06_CLE_PIT,2020,6,PIT,CLE,38.0,7.0,1
1604.5999645379059,1473.948928158881,195.65103637902484,0.7551476467198985,1613.3509343450407,1465.1979583517461,2020_06_HOU_TEN,2020,6,TEN,HOU,42.0,36.0,1
1472.2539413008114,1338.967869068422,198.28607223238942,0.7579414287736622,1486.548685224118,1324.6731251451156,2020_06_NYJ_MIA,2020,6,MIA,NYJ,24.0,0.0,1
1535.6737766358603,1655.6379492966894,-54.964172660829036,0.42155353736537093,1575.6279885020147,1615.683737430535,2020_06_GB_TB,2020,6,TB,GB,38.0,10.0,1
1513.0621561079972,1594.4801918573182,-16.418035749321007,0.4763901184786192,1536.2449332401698,1571.2974147251457,2020_06_LA_SF,2020,6,SF,LA,24.0,16.0,1
1549.7039382037735,1665.5816759959673,-50.877737792193784,0.4272999694683944,1530.4708368094741,1684.8147773902667,2020_06_KC_BUF,2020,6,BUF,KC,17.0,26.0,0
1480.4267544343732,1468.3336266673027,77.09312776707043,0.6091602445157913,1437.9125008742358,1510.84788022744,2020_06_ARI_DAL,2020,6,DAL,ARI,10.0,38.0,0
1483.8620775609184,1336.028129549319,212.83394801159943,0.7729722145156049,1486.7317327479511,1333.1584743622861,2020_07_NYG_PHI,2020,7,PHI,NYG,22.0,21.0,1
1481.9657574388627,1422.4418318029605,124.52392563590229,0.671905788398573,1472.0923106775865,1432.3152785642367,2020_07_DET_ATL,2020,7,ATL,DET,22.0,23.0,0
1362.897780796268,1489.7225740117447,-61.824793215476575,0.4119543307682408,1351.7881853183944,1500.8321694896183,2020_07_CLE_CIN,2020,7,CIN,CLE,34.0,37.0,0
1465.1979583517461,1615.683737430535,-85.48577907878894,0.3793999983727335,1444.9464707604643,1635.935225021817,2020_07_GB_HOU,2020,7,HOU,GB,20.0,35.0,0
1602.085975914039,1441.9363717649278,225.14960414911116,0.7851720356605069,1607.4892924693838,1436.533055209583,2020_07_CAR_NO,2020,7,NO,CAR,27.0,24.0,1
1324.6731251451156,1530.4708368094741,-140.79771166435853,0.3077846449924668,1311.9612332725687,1543.182728682021,2020_07_BUF_NYJ,2020,7,NYJ,BUF,10.0,18.0,0
1613.3509343450407,1590.0541927425725,88.29674160246827,0.624402453388923,1595.3149502372114,1608.0901768504018,2020_07_PIT_TEN,2020,7,TEN,PIT,24.0,27.0,0
1330.927994129565,1437.9125008742358,-41.98450674467085,0.4398718287929226,1366.7369401012065,1402.1035549025942,2020_07_DAL_WAS,2020,7,WAS,DAL,25.0,3.0,1
1542.308813206017,1575.6279885020147,31.68082470400236,0.5454664288870904,1506.2458473070321,1611.6909544009995,2020_07_TB_LV,2020,7,LV,TB,20.0,45.0,0
1493.1121075369947,1684.8147773902667,-126.70266985327203,0.32533536294814625,1472.611123452354,1705.3157614749075,2020_07_KC_DEN,2020,7,DEN,KC,16.0,43.0,0
1425.0448373601885,1331.164128286157,158.88070907403153,0.7139386795567372,1437.839712385805,1318.3692532605405,2020_07_JAX_LAC,2020,7,LAC,JAX,39.0,29.0,1
1552.3400263344956,1536.2449332401698,81.09509309432588,0.6146310261220269,1509.8108142357582,1578.7741453389071,2020_07_SF_NE,2020,7,NE,SF,6.0,33.0,0
1510.84788022744,1614.2217625410515,-38.373882313611375,0.44499901411086973,1526.508945828837,1598.5606969396545,2020_07_SEA_ARI,2020,7,ARI,SEA,37.0,34.0,1
1571.2974147251457,1554.8520398445062,81.44537488063952,0.6151085157702417,1591.3993381815949,1534.750116388057,2020_07_CHI_LA,2020,7,LA,CHI,24.0,10.0,1
1436.533055209583,1472.0923106775865,29.440744531996415,0.5422675195941337,1412.3801670468476,1496.2451988403218,2020_08_ATL_CAR,2020,8,CAR,ATL,17.0,25.0,0
1685.1619336736082,1608.0901768504018,142.07175682320644,0.6937756796136677,1661.2884526867601,1631.96365783725,2020_08_PIT_BAL,2020,8,BAL,PIT,24.0,28.0,0
1543.182728682021,1509.8108142357582,98.37191444626274,0.6379030362638108,1552.7924924184483,1500.201050499331,2020_08_NE_BUF,2020,8,BUF,NE,24.0,21.0,1
1351.7881853183944,1595.3149502372114,-178.52676491881698,0.26353361370051515,1391.621613885084,1555.481521670522,2020_08_TEN_CIN,2020,8,CIN,TEN,31.0,20.0,1
1500.8321694896183,1506.2458473070321,59.58632218258617,0.5849206385346616,1471.9996817606452,1535.0783350360052,2020_08_LV_CLE,2020,8,CLE,LV,6.0,16.0,0
1432.3152785642367,1522.6672644556302,-25.351985891393497,0.46358017517695704,1404.4092523831403,1550.5732906367266,2020_08_IND_DET,2020,8,DET,IND,21.0,41.0,0
1635.935225021817,1477.8866849975507,223.04854002426623,0.783124903740602,1602.0187672448706,1511.803142774497,2020_08_MIN_GB,2020,8,GB,MIN,22.0,28.0,0
1705.3157614749075,1311.9612332725687,458.35452820233877,0.9332986939730642,1708.9544076101793,1308.322587137297,2020_08_NYJ_KC,2020,8,KC,NYJ,35.0,9.0,1
1486.548685224118,1591.3993381815949,-39.850652957476996,0.4429004805211371,1514.7462602239436,1563.2017631817691,2020_08_LA_MIA,2020,8,MIA,LA,28.0,17.0,1
1472.611123452354,1437.839712385805,99.77141106654904,0.639761792926801,1477.388431423004,1433.0624044151548,2020_08_LAC_DEN,2020,8,DEN,LAC,31.0,30.0,1
1534.750116388057,1607.4892924693838,-7.739176081326832,0.48886427204797306,1521.2434346180555,1620.9959742393853,2020_08_NO_CHI,2020,8,CHI,NO,23.0,26.0,0
1598.5606969396545,1578.7741453389071,84.78655160074732,0.6196518155744773,1616.1245017352257,1561.2103405433359,2020_08_SF_SEA,2020,8,SEA,SF,37.0,27.0,1
1486.7317327479511,1402.1035549025942,149.62817784535696,0.7029382518859028,1501.796311011626,1387.0389766389194,2020_08_DAL_PHI,2020,8,PHI,DAL,23.0,9.0,1
1333.1584743622861,1611.6909544009995,-213.5324800387134,0.22632291732407156,1328.625612190189,1616.2238165730967,2020_08_TB_NYG,2020,8,NYG,TB,23.0,25.0,0
1561.2103405433359,1602.0187672448706,24.1915732984653,0.5347583190353897,1529.9536295932567,1633.2754781949498,2020_09_GB_SF,2020,9,SF,GB,17.0,34.0,0
1496.2451988403218,1477.388431423004,83.85676741731777,0.6183895692838575,1511.533202064684,1462.1004281986418,2020_09_DEN_ATL,2020,9,ATL,DEN,34.0,27.0,1
1552.7924924184483,1616.1245017352257,1.6679906832225697,0.5024004131097511,1576.638247044845,1592.278747108829,2020_09_SEA_BUF,2020,9,BUF,SEA,44.0,34.0,1
1550.5732906367266,1661.2884526867601,-45.71516205003354,0.43458765266116134,1527.5147350357147,1684.347008287772,2020_09_BAL_IND,2020,9,IND,BAL,10.0,24.0,0
1318.3692532605405,1444.9464707604643,-61.57721749992379,0.4122996162308663,1309.556763222184,1453.758960798821,2020_09_HOU_JAX,2020,9,JAX,HOU,25.0,27.0,0
1708.9544076101793,1412.3801670468476,361.5742405633316,0.8890810494120753,1711.0475363160456,1410.2870383409813,2020_09_CAR_KC,2020,9,KC,CAR,33.0,31.0,1
1511.803142774497,1404.4092523831403,172.39389039135676,0.7295575642722327,1525.3861968359315,1390.8261983217058,2020_09_DET_MIN,2020,9,MIN,DET,34.0,20.0,1
1555.481521670522,1521.2434346180555,99.23808705246643,0.6390539433876375,1569.844937995557,1506.8800182930204,2020_09_CHI_TEN,2020,9,TEN,CHI,24.0,17.0,1
1366.7369401012065,1328.625612190189,103.1113279110175,0.6441807589822436,1347.9981947940978,1347.3643574972978,2020_09_NYG_WAS,2020,9,WAS,NYG,20.0,23.0,0
1433.0624044151548,1535.0783350360052,-37.01593062085044,0.44693043698717494,1417.3115818169567,1550.8291576342033,2020_09_LV_LAC,2020,9,LAC,LV,26.0,31.0,0
1526.508945828837,1514.7462602239436,76.76268560489348,0.6087072723732091,1509.0218340698868,1532.233371982894,2020_09_MIA_ARI,2020,9,ARI,MIA,31.0,34.0,0
1387.0389766389194,1631.96365783725,-179.92468119833052,0.2619747869410472,1378.3607963620427,1640.6418381141266,2020_09_PIT_DAL,2020,9,DAL,PIT,19.0,24.0,0
1616.2238165730967,1620.9959742393853,60.22784233371135,0.585816946833924,1573.0563283427384,1664.1634624697435,2020_09_NO_TB,2020,9,TB,NO,3.0,38.0,0
1308.322587137297,1500.201050499331,-126.87846336203393,0.3251132872896005,1299.8000450898217,1508.7235925468062,2020_09_NE_NYJ,2020,9,NYJ,NE,27.0,30.0,0
1569.844937995557,1527.5147350357147,107.33020295984238,0.6497276575257047,1530.3594936751635,1567.0001793561082,2020_10_IND_TEN,2020,10,TEN,IND,17.0,34.0,0
1410.2870383409813,1573.0563283427384,-97.7692900017571,0.3628986221726417,1388.2022712172086,1595.1410954665112,2020_10_TB_CAR,2020,10,CAR,TB,23.0,46.0,0
1471.9996817606452,1453.758960798821,83.24072096182431,0.6175523610911262,1482.216799919288,1443.5418426401782,2020_10_HOU_CLE,2020,10,CLE,HOU,10.0,7.0,1
1390.8261983217058,1347.9981947940978,107.82800352760796,0.6503795285731941,1400.0668276244655,1338.757565491338,2020_10_WAS_DET,2020,10,DET,WAS,30.0,27.0,1
1633.2754781949498,1309.556763222184,388.71871497276584,0.9035794593536639,1635.9130944030246,1306.919147014109,2020_10_JAX_GB,2020,10,GB,JAX,24.0,20.0,1
1347.3643574972978,1501.796311011626,-89.43195351432814,0.3740662281231683,1378.6548150342487,1470.505853474675,2020_10_PHI_NYG,2020,10,NYG,PHI,27.0,17.0,1
1509.0218340698868,1576.638247044845,-2.616412974958166,0.4962347502304301,1520.1038675754726,1565.5562135392593,2020_10_BUF_ARI,2020,10,ARI,BUF,32.0,30.0,1
1550.8291576342033,1462.1004281986418,153.7287294355615,0.7078435610981186,1568.6232433717332,1444.3063424611119,2020_10_DEN_LV,2020,10,LV,DEN,37.0,12.0,1
1532.233371982894,1417.3115818169567,179.92179016593718,0.7380219953921473,1542.8755193695324,1406.6694344303182,2020_10_LAC_MIA,2020,10,MIA,LAC,29.0,21.0,1
1563.2017631817691,1592.278747108829,35.92301607294007,0.5515139370326049,1581.5541053303016,1573.9264049602966,2020_10_SEA_LA,2020,10,LA,SEA,23.0,16.0,1
1664.1634624697435,1529.9536295932567,199.20983287648687,0.7589156889715922,1676.1366587916068,1517.9804332713934,2020_10_SF_NO,2020,10,NO,SF,27.0,13.0,1
1640.6418381141266,1391.621613885084,314.0202242290427,0.859077097197157,1648.770727185587,1383.4927248136235,2020_10_CIN_PIT,2020,10,PIT,CIN,36.0,10.0,1
1508.7235925468062,1684.347008287772,-110.62341574096581,0.34597035883008265,1535.5249115380511,1657.5456892965271,2020_10_BAL_NE,2020,10,NE,BAL,23.0,17.0,1
1506.8800182930204,1525.3861968359315,46.49382145708887,0.5665134247685916,1484.3563281880383,1547.9098869409136,2020_10_MIN_CHI,2020,10,CHI,MIN,13.0,19.0,0
1573.9264049602966,1520.1038675754726,118.82253738482405,0.664630315031325,1587.1593248211411,1506.870947714628,2020_11_ARI_SEA,2020,11,SEA,ARI,28.0,21.0,1
1657.5456892965271,1530.3594936751635,192.1861956213636,0.7514410407608233,1625.501673683351,1562.4035092883396,2020_11_TEN_BAL,2020,11,BAL,TEN,24.0,30.0,0
1388.2022712172086,1400.0668276244655,53.13544359274306,0.575877393741645,1413.4182585516294,1374.8508402900447,2020_11_DET_CAR,2020,11,CAR,DET,20.0,0.0,1
1482.216799919288,1470.505853474675,76.710946444613,0.6086363310314764,1495.7688499407345,1456.9538034532284,2020_11_PHI_CLE,2020,11,CLE,PHI,22.0,17.0,1
1443.5418426401782,1535.5249115380511,-26.983068897872954,0.46124612728950687,1466.2262107991612,1512.840543379068,2020_11_NE_HOU,2020,11,HOU,NE,27.0,20.0,1
1306.919147014109,1648.770727185587,-276.85158017147796,0.1688659619186953,1297.2631074920619,1658.4267667076342,2020_11_PIT_JAX,2020,11,JAX,PIT,3.0,27.0,0
1676.1366587916068,1511.533202064684,229.6034567269228,0.7894650251186057,1686.7079244014692,1500.9619364548216,2020_11_ATL_NO,2020,11,NO,ATL,24.0,9.0,1
1338.757565491338,1383.4927248136235,20.264840677714574,0.5291304233601314,1361.9453152194278,1360.3049750855337,2020_11_CIN_WAS,2020,11,WAS,CIN,20.0,9.0,1
1444.3063424611119,1542.8755193695324,-33.56917690842056,0.45183984258347204,1467.456930788118,1519.7249310425264,2020_11_MIA_DEN,2020,11,DEN,MIA,20.0,13.0,1
1406.6694344303182,1299.8000450898217,171.86938934049658,0.7289614393954799,1416.4534192831024,1290.0160602370374,2020_11_NYJ_LAC,2020,11,LAC,NYJ,34.0,28.0,1
1567.0001793561082,1635.9130944030246,-3.912915046916396,0.4943691006594842,1581.0442233524159,1621.869050406717,2020_11_GB_IND,2020,11,IND,GB,34.0,31.0,1
1547.9098869409136,1378.3607963620427,234.54909057887085,0.7941579263026923,1523.2635258484154,1403.007157454541,2020_11_DAL_MIN,2020,11,MIN,DAL,28.0,31.0,0
1568.6232433717332,1711.0475363160456,-77.42429294431236,0.3903859809195366,1556.4844038918288,1723.18637579595,2020_11_KC_LV,2020,11,LV,KC,31.0,35.0,0
1595.1410954665112,1581.5541053303016,78.58699013620958,0.6112056829467697,1577.5671089472387,1599.128091849574,2020_11_LA_TB,2020,11,TB,LA,24.0,27.0,0
1374.8508402900447,1466.2262107991612,-26.375370509116465,0.462115538743999,1348.9756150961475,1492.1014359930584,2020_12_HOU_DET,2020,12,DET,HOU,25.0,41.0,0
1403.007157454541,1361.9453152194278,106.06184223511309,0.6480642112319599,1358.6390593668168,1406.313413307152,2020_12_WAS_DAL,2020,12,DAL,WAS,16.0,41.0,0
1500.9619364548216,1556.4844038918288,9.477532562992792,0.5136358836796964,1536.1939854300965,1521.252354916554,2020_12_LV_ATL,2020,12,ATL,LV,43.0,6.0,1
1565.5562135392593,1416.4534192831024,214.1027942561568,0.7742514209272888,1575.4224644226283,1406.5871683997334,2020_12_LAC_BUF,2020,12,BUF,LAC,27.0,17.0,1
1360.3049750855337,1378.6548150342487,46.650160051284956,0.5667344194047278,1347.5827777979355,1391.377012321847,2020_12_NYG_CIN,2020,12,CIN,NYG,17.0,19.0,0
1581.0442233524159,1562.4035092883396,83.64071406407629,0.6180960321862115,1542.547635963139,1600.9000966776164,2020_12_TEN_IND,2020,12,IND,TEN,26.0,45.0,0
1297.2631074920619,1495.7688499407345,-133.50574244867266,0.3167991670518908,1290.7005626172831,1502.3313948155132,2020_12_CLE_JAX,2020,12,JAX,CLE,25.0,27.0,0
1523.2635258484154,1413.4182585516294,174.845267296786,0.7323327269819208,1526.7009893327631,1409.9807950672816,2020_12_CAR_MIN,2020,12,MIN,CAR,28.0,27.0,1
1512.840543379068,1506.870947714628,70.96959566444002,0.6007362673557378,1523.564540185423,1496.146950908273,2020_12_ARI_NE,2020,12,NE,ARI,20.0,17.0,1
1290.0160602370374,1519.7249310425264,-164.7088708054889,0.27925894089225284,1274.9972410928099,1534.743750186754,2020_12_MIA_NYJ,2020,12,NYJ,MIA,3.0,20.0,0
1467.456930788118,1686.7079244014692,-154.25099361335128,0.2915351021128487,1449.1096359596115,1705.0552192299756,2020_12_NO_DEN,2020,12,DEN,NO,3.0,31.0,0
1599.128091849574,1517.9804332713934,146.14765857818065,0.6987375826317521,1578.376423459668,1538.7321016612993,2020_12_SF_LA,2020,12,LA,SF,20.0,23.0,0
1577.5671089472387,1723.18637579595,-80.61926684871128,0.3860179540487966,1567.2427558586821,1733.5107288845065,2020_12_KC_TB,2020,12,TB,KC,24.0,27.0,0
1621.869050406717,1484.3563281880383,202.51272221867862,0.7623772062418291,1634.1988028411836,1472.0265757535717,2020_12_CHI_GB,2020,12,GB,CHI,41.0,25.0,1
1456.9538034532284,1587.1593248211411,-65.20552136791275,0.4072481469758592,1441.560672465338,1602.5524558090315,2020_12_SEA_PHI,2020,12,PHI,SEA,17.0,23.0,0
1658.4267667076342,1625.501673683351,97.92509302428311,0.6373087125364527,1670.8700113679806,1613.0584290230047,2020_12_BAL_PIT,2020,12,PIT,BAL,19.0,14.0,1
1536.1939854300965,1705.0552192299756,-103.86123379987907,0.3548303948285149,1524.0517994054487,1717.1974052546234,2020_13_NO_ATL,2020,13,ATL,NO,16.0,21.0,0
1472.0265757535717,1348.9756150961475,188.05096065742418,0.7469683711295686,1445.7352709220002,1375.266919927719,2020_13_DET_CHI,2020,13,CHI,DET,30.0,34.0,0
1492.1014359930584,1542.547635963139,14.55380002991933,0.5209323599291297,1471.6926732829365,1562.956398673261,2020_13_IND_HOU,2020,13,HOU,IND,20.0,26.0,0
1534.743750186754,1347.5827777979355,252.16097238881844,0.8102376715628637,1543.477334069107,1338.8491939155824,2020_13_CIN_MIA,2020,13,MIA,CIN,19.0,7.0,1
1526.7009893327631,1290.7005626172831,301.00042671548,0.8497571654478142,1530.3652649774192,1287.036286972627,2020_13_JAX_MIN,2020,13,MIN,JAX,27.0,24.0,1
1274.9972410928099,1521.252354916554,-181.25511382374407,0.26049674693627095,1268.3244963507861,1527.9250996585777,2020_13_LV_NYJ,2020,13,NYJ,LV,28.0,31.0,0
1600.9000966776164,1502.3313948155132,163.56870186210313,0.7194181215227882,1570.6527649281556,1532.578726564974,2020_13_CLE_TEN,2020,13,TEN,CLE,35.0,41.0,0
1496.146950908273,1578.376423459668,-17.22947255139502,0.475225101391794,1473.5332513868727,1600.9901229810685,2020_13_LA_ARI,2020,13,ARI,LA,28.0,38.0,0
1602.5524558090315,1391.377012321847,276.17544348718457,0.8305870688135626,1568.515392198846,1425.4140759320323,2020_13_NYG_SEA,2020,13,SEA,NYG,12.0,17.0,0
1634.1988028411836,1441.560672465338,257.63813037584555,0.8150379934618133,1643.1663563974582,1432.5931189090634,2020_13_PHI_GB,2020,13,GB,PHI,30.0,16.0,1
1406.5871683997334,1523.564540185423,-51.977371785689684,0.42575164256419856,1374.7386174836613,1555.4130911014952,2020_13_NE_LAC,2020,13,LAC,NE,0.0,45.0,0
1733.5107288845065,1449.1096359596115,349.401092924895,0.8819799054567743,1737.4743601929204,1445.1460046511977,2020_13_DEN_KC,2020,13,KC,DEN,22.0,16.0,1
1670.8700113679806,1406.313413307152,329.5565980608287,0.8695607133663245,1631.065637342751,1446.1177873323816,2020_13_WAS_PIT,2020,13,PIT,WAS,17.0,23.0,0
1538.7321016612993,1575.4224644226283,28.30963723867103,0.5406509186525791,1512.4656184695616,1601.688947614366,2020_13_BUF_SF,2020,13,SF,BUF,24.0,34.0,0
1613.0584290230047,1358.6390593668168,319.4193696561879,0.8627979281952903,1619.9841754560111,1351.7133129338104,2020_13_DAL_BAL,2020,13,BAL,DAL,34.0,17.0,1
1600.9901229810685,1555.4130911014952,110.57703187957327,0.6539692217181905,1621.3582888926699,1535.0449251898938,2020_14_NE_LA,2020,14,LA,NE,24.0,3.0,1
1409.9807950672816,1445.1460046511977,29.834790416083933,0.5428304905544532,1390.2609353243372,1464.8658643941421,2020_14_DEN_CAR,2020,14,CAR,DEN,27.0,32.0,0
1445.7352709220002,1471.6926732829365,39.042597639063615,0.5559514972250733,1475.4144966270896,1442.013447577847,2020_14_HOU_CHI,2020,14,CHI,HOU,36.0,7.0,1
1338.8491939155824,1351.7133129338104,52.13588098177206,0.5744714251940286,1301.4488536089968,1389.113653240396,2020_14_DAL_CIN,2020,14,CIN,DAL,7.0,30.0,0
1287.036286972627,1570.6527649281556,-218.61647795552858,0.2212395206688924,1274.5953426115948,1583.093709289188,2020_14_TEN_JAX,2020,14,JAX,TEN,10.0,31.0,0
1543.477334069107,1737.4743601929204,-128.99702612381338,0.32244315995417644,1531.6234767828773,1749.32821747915,2020_14_KC_MIA,2020,14,MIA,KC,27.0,33.0,0
1425.4140759320323,1473.5332513868727,16.880824545159612,0.5242743609495063,1393.7594744783537,1505.1878528405514,2020_14_ARI_NYG,2020,14,NYG,ARI,7.0,26.0,0
1567.2427558586821,1530.3652649774192,101.87749088126293,0.6425511109582267,1584.7679652948148,1512.8400555412866,2020_14_MIN_TB,2020,14,TB,MIN,26.0,14.0,1
1527.9250996585777,1562.956398673261,29.968700985316673,0.5430217829409062,1496.1008894059012,1594.7806089259375,2020_14_IND_LV,2020,14,LV,IND,27.0,44.0,0
1568.515392198846,1268.3244963507861,365.1908958480599,0.8911175784226308,1575.3090559288903,1261.5308326207419,2020_14_NYJ_SEA,2020,14,SEA,NYJ,40.0,3.0,1
1375.266919927719,1643.1663563974582,-202.89943646973916,0.2372197519418664,1366.234281122633,1652.1989952025442,2020_14_GB_DET,2020,14,DET,GB,24.0,31.0,0
1374.7386174836613,1524.0517994054487,-84.31318192178742,0.3809906155313778,1392.585155695654,1506.205261193456,2020_14_ATL_LAC,2020,14,LAC,ATL,20.0,17.0,1
1432.5931189090634,1717.1974052546234,-219.60428634556,0.2202613694681642,1456.6093695022307,1693.181154661456,2020_14_NO_PHI,2020,14,PHI,NO,24.0,21.0,1
1512.4656184695616,1446.1177873323816,131.34783113718004,0.6805061630921948,1480.662352981259,1477.9210528206843,2020_14_WAS_SF,2020,14,SF,WAS,15.0,23.0,0
1601.688947614366,1631.065637342751,35.62331027161508,0.5510871661492736,1623.6435788614851,1609.1110060956319,2020_14_PIT_BUF,2020,14,BUF,PIT,26.0,15.0,1
1532.578726564974,1619.9841754560111,-22.405448891037167,0.46780059075169556,1515.9840092964596,1636.5788927245255,2020_14_BAL_CLE,2020,14,CLE,BAL,42.0,47.0,0
1496.1008894059012,1392.585155695654,168.5157337102471,0.7251303688226765,1474.328265834806,1414.3577792667493,2020_15_LAC_LV,2020,15,LV,LAC,27.0,30.0,0
1464.8658643941421,1623.6435788614851,-93.777714467343,0.3682276137217098,1440.8416310689788,1647.6678121866485,2020_15_BUF_DEN,2020,15,DEN,BUF,19.0,48.0,0
1652.1989952025442,1390.2609353243372,326.938059878207,0.8678414567665583,1657.2552362604292,1385.2046942664522,2020_15_CAR_GB,2020,15,GB,CAR,24.0,16.0,1
1506.205261193456,1584.7679652948148,-13.562704101358804,0.4804916081434031,1490.8335972193288,1600.139629268942,2020_15_TB_ATL,2020,15,ATL,TB,27.0,31.0,0
1636.5788927245255,1274.5953426115948,426.98355011293074,0.9211383284154235,1640.9322770456904,1270.24195829043,2020_15_JAX_BAL,2020,15,BAL,JAX,40.0,14.0,1
1389.113653240396,1480.662352981259,-26.548699740862958,0.46186753934529956,1413.050470322042,1456.7255358996129,2020_15_SF_DAL,2020,15,DAL,SF,41.0,33.0,1
1594.7806089259375,1442.013447577847,217.76716134809044,0.7779169826977752,1603.1848841628398,1433.6091723409447,2020_15_HOU_IND,2020,15,IND,HOU,27.0,20.0,1
1531.6234767828773,1535.0449251898938,61.57855159298356,0.5877022446151395,1550.8580334905187,1515.8103684822524,2020_15_NE_MIA,2020,15,MIA,NE,22.0,12.0,1
1512.8400555412866,1475.4144966270896,102.42555891419693,0.6432754070872858,1486.582455703162,1501.6720964652143,2020_15_CHI_MIN,2020,15,MIN,CHI,27.0,33.0,0
1583.093709289188,1366.234281122633,281.85942816655484,0.835141452181342,1592.127955802194,1357.200034609627,2020_15_DET_TEN,2020,15,TEN,DET,46.0,25.0,1
1477.9210528206843,1575.3090559288903,-32.38800310820602,0.45352446298431476,1461.9047075448266,1591.325401204748,2020_15_SEA_WAS,2020,15,WAS,SEA,15.0,20.0,0
1505.1878528405514,1456.6093695022307,113.57848333832067,0.6578685921253048,1518.718173840834,1443.0790485019481,2020_15_PHI_ARI,2020,15,ARI,PHI,33.0,26.0,1
1621.3582888926699,1261.5308326207419,424.827456271928,0.9202320021380446,1589.7380684472234,1293.1510530661883,2020_15_NYJ_LA,2020,15,LA,NYJ,20.0,23.0,0
1693.181154661456,1749.32821747915,8.85293718230605,0.5127376441313769,1678.9076109356033,1763.6017612050027,2020_15_KC_NO,2020,15,NO,KC,29.0,32.0,0
1393.7594744783537,1515.9840092964596,-57.224534818105894,0.4183839666604698,1371.6738512834324,1538.0696324913808,2020_15_CLE_NYG,2020,15,NYG,CLE,6.0,20.0,0
1301.4488536089968,1609.1110060956319,-242.66215248663502,0.1983123687331972,1344.662635677117,1565.8972240275118,2020_15_PIT_CIN,2020,15,CIN,PIT,27.0,17.0,1
1678.9076109356033,1486.582455703162,257.3251552324414,0.8147662416947166,1688.8436476281472,1476.646419010618,2020_16_MIN_NO,2020,16,NO,MIN,52.0,33.0,1
1357.200034609627,1600.139629268942,-177.93959465931493,0.264190145149825,1339.0465363444323,1618.2931275341366,2020_16_TB_DET,2020,16,DET,TB,7.0,47.0,0
1518.718173840834,1456.7255358996129,126.99263794122112,0.6750309045830971,1487.237071105293,1488.206638635154,2020_16_SF_ARI,2020,16,ARI,SF,12.0,20.0,0
1474.328265834806,1550.8580334905187,-11.529767655712703,0.48341341884687744,1467.6616711808958,1557.5246281444288,2020_16_MIA_LV,2020,16,LV,MIA,25.0,26.0,0
1640.9322770456904,1371.6738512834324,334.25842576225796,0.8726000726344212,1646.9222887186459,1365.683839610477,2020_16_NYG_BAL,2020,16,BAL,NYG,27.0,13.0,1
1433.6091723409447,1344.662635677117,153.94653666382783,0.7081027805077414,1403.9775942215865,1374.294213796475,2020_16_CIN_HOU,2020,16,HOU,CIN,31.0,37.0,0
1270.24195829043,1501.6720964652143,-166.43013817478436,0.27726901002237786,1253.6474440667732,1518.266610688871,2020_16_CHI_JAX,2020,16,JAX,CHI,17.0,41.0,0
1763.6017612050027,1490.8335972193288,337.76816398567394,0.8748292422164026,1766.610323925121,1487.8250344992105,2020_16_ATL_KC,2020,16,KC,ATL,17.0,14.0,1
1293.1510530661883,1538.0696324913808,-179.91857942519255,0.2619815781341516,1326.578077625778,1504.6426079317912,2020_16_CLE_NYJ,2020,16,NYJ,CLE,23.0,16.0,1
1565.8972240275118,1603.1848841628398,27.712339864672003,0.5397969019231115,1580.5263146911748,1588.5557934991768,2020_16_IND_PIT,2020,16,PIT,IND,28.0,24.0,1
1414.3577792667493,1440.8416310689788,38.51614819777046,0.5552032364256285,1426.4779718372138,1428.7214384985143,2020_16_DEN_LAC,2020,16,LAC,DEN,19.0,16.0,1
1461.9047075448266,1385.2046942664522,141.7000132783744,0.6933208614053918,1431.0852501043682,1416.0241517069105,2020_16_CAR_WAS,2020,16,WAS,CAR,13.0,20.0,0
1413.050470322042,1443.0790485019481,34.97142182009384,0.5501586401696635,1440.0129148536068,1416.1166039703833,2020_16_PHI_DAL,2020,16,DAL,PHI,37.0,17.0,1
1591.325401204748,1589.7380684472234,66.58733275752456,0.594670583257074,1610.8777268232488,1570.1857428287226,2020_16_LA_SEA,2020,16,SEA,LA,20.0,9.0,1
1657.2552362604292,1592.127955802194,130.1272804582352,0.6789766421956043,1677.2343110347715,1572.1488810278518,2020_16_TEN_GB,2020,16,GB,TEN,40.0,14.0,1
1515.8103684822524,1647.6678121866485,-66.85744370439602,0.40495468675382484,1489.0761967942265,1674.4019838746744,2020_16_BUF_NE,2020,16,NE,BUF,9.0,38.0,0
1674.4019838746744,1557.5246281444288,181.87735573024565,0.7401926740037138,1690.88297579564,1541.0436362234632,2020_17_MIA_BUF,2020,17,BUF,MIA,56.0,26.0,1
1374.294213796475,1646.9222887186459,-207.62807492217075,0.23232962599645463,1359.0790169687907,1662.1374855463303,2020_17_BAL_CIN,2020,17,CIN,BAL,3.0,38.0,0
1504.6426079317912,1580.5263146911748,-10.883706759383585,0.48434220827926433,1516.0290982215797,1569.1398244013862,2020_17_PIT_CLE,2020,17,CLE,PIT,24.0,22.0,1
1339.0465363444323,1476.646419010618,-72.59988266618575,0.3970149373976021,1330.6018991415488,1485.0910562135016,2020_17_MIN_DET,2020,17,DET,MIN,35.0,37.0,0
1489.0761967942265,1326.578077625778,227.4981191684485,0.7874436101312688,1499.5095677906897,1316.1447066293147,2020_17_NYJ_NE,2020,17,NE,NYJ,28.0,14.0,1
1365.683839610477,1440.0129148536068,-9.329075243129864,0.48657760715242765,1382.2806474702709,1423.416106993813,2020_17_DAL_NYG,2020,17,NYG,DAL,23.0,19.0,1
1618.2931275341366,1487.8250344992105,195.46809303492614,0.7549528753422928,1631.3027772068008,1474.8153848265463,2020_17_ATL_TB,2020,17,TB,ATL,44.0,27.0,1
1416.0241517069105,1688.8436476281472,-207.8194959212367,0.2321331558673761,1402.0433642658552,1702.8244350692025,2020_17_NO_CAR,2020,17,CAR,NO,7.0,33.0,0
1518.266610688871,1677.2343110347715,-93.96770034590054,0.3679732287879745,1497.1227348648206,1698.378186858822,2020_17_GB_CHI,2020,17,CHI,GB,16.0,35.0,0
1428.7214384985143,1467.6616711808958,26.05976731761848,0.5374328482645356,1421.1817267124043,1475.2013829670059,2020_17_LV_DEN,2020,17,DEN,LV,31.0,32.0,0
1403.9775942215865,1572.1488810278518,-103.17128680626524,0.3557401322023526,1394.556209084782,1581.5702661646562,2020_17_TEN_HOU,2020,17,HOU,TEN,38.0,41.0,0
1588.5557934991768,1253.6474440667732,399.9083494324036,0.9090472977721422,1592.7241701571306,1249.4790674088194,2020_17_JAX_IND,2020,17,IND,JAX,28.0,14.0,1
1766.610323925121,1426.4779718372138,405.1323520879073,0.911503246372504,1702.025248407792,1491.0630473545427,2020_17_LAC_KC,2020,17,KC,LAC,21.0,38.0,0
1570.1857428287226,1487.237071105293,147.9486717234297,0.7009154621760387,1584.1130808906098,1473.3097330434057,2020_17_ARI_LA,2020,17,LA,ARI,18.0,7.0,1
1488.206638635154,1610.8777268232488,-57.67108818809493,0.41775857925979376,1476.9197864033295,1622.1645790550733,2020_17_SEA_SF,2020,17,SF,SEA,23.0,26.0,0
1416.1166039703833,1431.0852501043682,50.031353866015024,0.5715073169336466,1393.3569776045135,1453.844876470238,2020_17_WAS_PHI,2020,17,PHI,WAS,14.0,20.0,0
1587.578952396936,1448.9185433648731,203.66040903206294,0.763571973596385,1592.3336508166994,1444.1638449451098,2021_01_DAL_TB,2021,1,TB,DAL,31.0,29.0,1
1483.2018616793064,1428.8691040622107,119.3327576170957,0.6652846604516705,1436.8333385016767,1475.2376272398403,2021_01_PHI_ATL,2021,1,ATL,PHI,6.0,32.0,0
1627.318944855692,1546.1162628757247,146.20268197996734,0.6988042533068999,1596.1876381938878,1577.247569537529,2021_01_PIT_BUF,2021,1,BUF,PIT,16.0,23.0,0
1434.6629239653255,1377.368519321753,122.29440464357253,0.6690703026603719,1445.8973490139078,1366.1340942731706,2021_01_NYJ_CAR,2021,1,CAR,NYJ,19.0,14.0,1
1406.0057043181835,1490.0557344944057,-19.050030176222208,0.4726122432399008,1420.7557197111032,1475.305719101486,2021_01_MIN_CIN,2021,1,CIN,MIN,27.0,24.0,1
1387.011466727413,1484.6054975310208,-32.594030803607666,0.45323054324289525,1367.3852525105863,1504.2317117478476,2021_01_SF_DET,2021,1,DET,SF,33.0,41.0,0
1429.6689914595497,1332.9025379616826,161.76645349786713,0.7173191953328609,1444.5897645000146,1317.9817649212177,2021_01_JAX_HOU,2021,1,HOU,JAX,37.0,21.0,1
1561.847021494806,1581.4837742297339,45.36324726507223,0.5649145033287541,1532.2573507617876,1611.0734449627523,2021_01_SEA_IND,2021,1,IND,SEA,16.0,28.0,0
1554.4073675318257,1482.1975919399515,137.20977559187418,0.6877976099964881,1506.6079920253767,1529.9969674464005,2021_01_ARI_TEN,2021,1,TEN,ARI,13.0,38.0,0
1469.2145326056489,1494.03905258548,40.175480020168834,0.5575608374198218,1450.9335010473187,1512.3200841438102,2021_01_LAC_WAS,2021,1,WAS,LAC,16.0,20.0,0
1634.7508406879974,1510.6914085137937,189.05943217420372,0.7480640238833258,1642.2185970210273,1503.2236521807638,2021_01_CLE_KC,2021,1,KC,CLE,33.0,29.0,1
1499.67288171639,1527.37610536105,37.29677635534017,0.5534691449669431,1491.8678508553241,1535.1811362221158,2021_01_MIA_NE,2021,1,NE,MIA,16.0,17.0,0
1635.2838981911582,1632.3182506348342,67.96564755632403,0.5965815816733916,1663.3305892533156,1604.2715595726768,2021_01_GB_NO,2021,1,NO,GB,38.0,3.0,1
1421.4811918626706,1447.4282117171738,39.052980145496804,0.5559662517003178,1390.8253181836037,1478.0840853962407,2021_01_DEN_NYG,2021,1,NYG,DEN,13.0,27.0,0
1556.1034249540369,1498.0808641548354,123.02256079920153,0.6699977289830831,1575.1332745839352,1479.051014524937,2021_01_CHI_LA,2021,1,LA,CHI,34.0,14.0,1
1483.459322438993,1608.1457028594023,-59.68638042040925,0.41493952662889305,1506.8637920042397,1584.7412332941556,2021_01_BAL_LV,2021,1,LV,BAL,33.0,27.0,1
1450.9335010473187,1390.8253181836037,125.108182863715,0.6726467834581876,1455.2273976813256,1386.5314215495969,2021_02_NYG_WAS,2021,2,WAS,NYG,30.0,29.0,1
1445.8973490139078,1663.3305892533156,-152.43324023940772,0.29370103130719594,1491.365383025012,1617.8625552422113,2021_02_NO_CAR,2021,2,CAR,NO,26.0,7.0,1
1479.051014524937,1420.7557197111032,123.29529481383383,0.6703447607870444,1487.7059473745003,1412.10078686154,2021_02_CIN_CHI,2021,2,CHI,CIN,20.0,17.0,1
1503.2236521807638,1444.5897645000146,123.63388768074924,0.6707753343854002,1518.1724941804682,1429.6409225003101,2021_02_HOU_CLE,2021,2,CLE,HOU,31.0,21.0,1
1532.2573507617876,1575.1332745839352,22.12407617785243,0.5317961397401927,1517.3630479248718,1590.027577420851,2021_02_LA_IND,2021,2,IND,LA,24.0,27.0,0
1317.9817649212177,1478.0840853962407,-95.1023204750229,0.3664555425446694,1301.1355580074548,1494.9302923100036,2021_02_DEN_JAX,2021,2,JAX,DEN,13.0,23.0,0
1535.1811362221158,1596.1876381938878,3.993498028228032,0.5057468525597308,1498.868151450102,1632.5006229659016,2021_02_BUF_MIA,2021,2,MIA,BUF,0.0,35.0,0
1366.1340942731706,1491.8678508553241,-60.733756582153546,0.4134766086938822,1342.0263152981493,1515.9756298303455,2021_02_NE_NYJ,2021,2,NYJ,NE,6.0,25.0,0
1475.2376272398403,1504.2317117478476,36.00591549199271,0.5516319696243691,1453.4118952470944,1526.0574437405935,2021_02_SF_PHI,2021,2,PHI,SF,11.0,17.0,0
1577.247569537529,1506.8637920042397,135.38377753328928,0.6855360556399717,1543.6073105145776,1540.504051027191,2021_02_LV_PIT,2021,2,PIT,LV,17.0,26.0,0
1529.9969674464005,1475.305719101486,119.69124834491458,0.66574403664994,1534.3916460334137,1470.9110405144727,2021_02_MIN_ARI,2021,2,ARI,MIN,34.0,33.0,1
1592.3336508166994,1436.8333385016767,220.5003123150227,0.7806232093545517,1605.007235213749,1424.1597541046272,2021_02_ATL_TB,2021,2,TB,ATL,48.0,25.0,1
1512.3200841438102,1444.1638449451098,133.1562391987004,0.6827652214944238,1492.1702314277927,1464.3136976611272,2021_02_DAL_LAC,2021,2,LAC,DAL,17.0,20.0,0
1611.0734449627523,1506.6079920253767,169.46545293737563,0.7262186935662641,1589.2579448144618,1528.4234921736672,2021_02_TEN_SEA,2021,2,SEA,TEN,30.0,33.0,0
1584.7412332941556,1642.2185970210273,7.522636273128228,0.5108242524067974,1591.4995398797944,1635.4602904353885,2021_02_KC_BAL,2021,2,BAL,KC,36.0,35.0,1
1604.2715595726768,1367.3852525105863,301.8863070620905,0.8504070624164558,1612.017938817877,1359.638873265386,2021_02_DET_GB,2021,2,GB,DET,35.0,17.0,1
1429.6409225003101,1491.365383025012,3.2755394752980465,0.5047137405738001,1401.6119181305196,1519.3943873948026,2021_03_CAR_HOU,2021,3,HOU,CAR,9.0,24.0,0
1632.5006229659016,1455.2273976813256,242.27322528457603,0.8013314490309642,1643.7232248370028,1444.0047958102243,2021_03_WAS_BUF,2021,3,BUF,WAS,43.0,21.0,1
1518.1724941804682,1487.7059473745003,95.46654680596794,0.6340310928391687,1539.5297316623507,1466.3487098926178,2021_03_CHI_CLE,2021,3,CLE,CHI,26.0,6.0,1
1359.638873265386,1591.4995398797944,-166.86066661440827,0.2767726512915257,1353.9862816416946,1597.1521315034859,2021_03_BAL_DET,2021,3,DET,BAL,17.0,19.0,0
1301.1355580074548,1534.3916460334137,-168.2560880259589,0.2751676376784196,1288.0226152825765,1547.5045887582921,2021_03_ARI_JAX,2021,3,JAX,ARI,19.0,31.0,0
1635.4602904353885,1492.1702314277927,208.2900590075958,0.7683493264179274,1602.4303277148806,1525.2001941483006,2021_03_LAC_KC,2021,3,KC,LAC,24.0,30.0,0
1515.9756298303455,1617.8625552422113,-36.88692541186583,0.44711400615147767,1491.5912130657644,1642.2469720067925,2021_03_NO_NE,2021,3,NE,NO,13.0,28.0,0
1386.5314215495969,1424.1597541046272,27.371667444969717,0.5393097029607823,1371.3901995043923,1439.3009761498317,2021_03_ATL_NYG,2021,3,NYG,ATL,14.0,17.0,0
1543.6073105145776,1412.10078686154,196.50652365303768,0.7560570555852817,1498.6421627034413,1457.0659346726763,2021_03_CIN_PIT,2021,3,PIT,CIN,10.0,24.0,0
1528.4234921736672,1517.3630479248718,76.06044424879542,0.6077440142869485,1545.8838907564038,1499.9026493421352,2021_03_IND_TEN,2021,3,TEN,IND,25.0,16.0,1
1494.9302923100036,1342.0263152981493,217.9039770118543,0.7780530159404391,1508.2418409115753,1328.7147666965775,2021_03_NYJ_DEN,2021,3,DEN,NYJ,26.0,0.0,1
1540.504051027191,1498.868151450102,106.63589957708905,0.6488175314237958,1549.790761662375,1489.581440814918,2021_03_MIA_LV,2021,3,LV,MIA,31.0,28.0,1
1590.027577420851,1605.007235213749,50.020342207101976,0.571491793934926,1610.1210772109537,1584.9137354236464,2021_03_TB_LA,2021,3,LA,TB,34.0,24.0,1
1470.9110405144727,1589.2579448144618,-53.34690429998909,0.4238253255923418,1502.0779542696216,1558.0910310593129,2021_03_SEA_MIN,2021,3,MIN,SEA,30.0,17.0,1
1526.0574437405935,1612.017938817877,-20.96049507728344,0.4698719653431446,1515.8307363676734,1622.244646190797,2021_03_GB_SF,2021,3,SF,GB,28.0,30.0,0
1464.3136976611272,1453.4118952470944,75.90180241403277,0.6075262902417167,1487.4145979853688,1430.3109949228528,2021_03_PHI_DAL,2021,3,DAL,PHI,41.0,21.0,1
1457.0659346726763,1288.0226152825765,234.0433193900999,0.7936815802172325,1462.2362595494392,1282.8522904058136,2021_04_JAX_CIN,2021,4,CIN,JAX,24.0,21.0,1
1439.3009761498317,1444.0047958102243,60.29618033960742,0.5859123928023456,1419.9097207687048,1463.3960511913513,2021_04_WAS_ATL,2021,4,ATL,WAS,30.0,34.0,0
1643.7232248370028,1401.6119181305196,307.1113067064832,0.8541931815407066,1653.2259627392052,1392.1091802283172,2021_04_HOU_BUF,2021,4,BUF,HOU,40.0,0.0,1
1466.3487098926178,1353.9862816416946,177.36242825092313,0.7351634881931441,1478.1021595710938,1342.2328319632186,2021_04_DET_CHI,2021,4,CHI,DET,24.0,14.0,1
1487.4145979853688,1519.3943873948026,33.020210590566194,0.54737734244094,1507.0107482576225,1499.798237122549,2021_04_CAR_DAL,2021,4,DAL,CAR,36.0,28.0,1
1489.581440814918,1499.9026493421352,54.678791472782905,0.5780458240063266,1461.1530138237563,1528.331076333297,2021_04_IND_MIA,2021,4,MIA,IND,17.0,27.0,0
1502.0779542696216,1539.5297316623507,27.548222607270873,0.539562205662437,1479.3536409551311,1562.2540449768412,2021_04_CLE_MIN,2021,4,MIN,CLE,7.0,14.0,0
1642.2469720067925,1371.3901995043923,335.8567725024002,0.8736194189438641,1602.121656408197,1411.5155151029878,2021_04_NYG_NO,2021,4,NO,NYG,21.0,27.0,0
1328.7147666965775,1545.8838907564038,-152.16912405982634,0.2940165178961667,1349.7432808177643,1524.855376635217,2021_04_TEN_NYJ,2021,4,NYJ,TEN,27.0,24.0,1
1430.3109949228528,1602.4303277148806,-107.11933279202776,0.3505486463192824,1413.1631436853136,1619.5781789524199,2021_04_KC_PHI,2021,4,PHI,KC,30.0,42.0,0
1610.1210772109537,1547.5045887582921,127.61648845266154,0.6758181834381733,1568.6480128288442,1588.9776531404016,2021_04_ARI_LA,2021,4,LA,ARI,20.0,37.0,0
1515.8307363676734,1558.0910310593129,22.7397053083605,0.5326784181288728,1493.445888821691,1580.4758786052953,2021_04_SEA_SF,2021,4,SF,SEA,21.0,28.0,0
1508.2418409115753,1597.1521315034859,-23.910290591910552,0.46564454569085256,1482.1401158443127,1623.2538565707484,2021_04_BAL_DEN,2021,4,DEN,BAL,7.0,23.0,0
1622.244646190797,1498.6421627034413,188.6024834873558,0.7475679626235512,1633.3948673371556,1487.4919415570828,2021_04_PIT_GB,2021,4,GB,PIT,27.0,17.0,1
1491.5912130657644,1584.9137354236464,-28.322522357882008,0.4593306607960277,1481.6269653629417,1594.877983126469,2021_04_TB_NE,2021,4,NE,TB,17.0,19.0,0
1525.2001941483006,1549.790761662375,40.40943248592566,0.5578930341986528,1548.7132650060757,1526.2776908045998,2021_04_LV_LAC,2021,4,LAC,LV,28.0,14.0,1
1580.4758786052953,1568.6480128288442,76.82786577645106,0.6087966366087862,1551.4252587092076,1597.698632724932,2021_05_LA_SEA,2021,5,SEA,LA,17.0,26.0,0
1419.9097207687048,1349.7432808177643,135.16643995094046,0.6852662863847853,1432.2414737813874,1337.4115278050817,2021_05_NYJ_ATL,2021,5,ATL,NYJ,27.0,20.0,1
1499.798237122549,1413.1631436853136,151.63509343723535,0.705344979199588,1478.794218930412,1434.1671618774506,2021_05_PHI_CAR,2021,5,CAR,PHI,18.0,21.0,0
1462.2362595494392,1633.3948673371556,-106.15860778771639,0.35180875413964185,1452.931061902575,1642.7000649840197,2021_05_GB_CIN,2021,5,CIN,GB,22.0,25.0,0
1392.1091802283172,1481.6269653629417,-24.517785134624546,0.46477452370227607,1379.364921921606,1494.3712236696529,2021_05_NE_HOU,2021,5,HOU,NE,22.0,25.0,0
1282.8522904058136,1524.855376635217,-177.00308622940338,0.2652394483438706,1268.3957756028703,1539.3118914381603,2021_05_TEN_JAX,2021,5,JAX,TEN,19.0,37.0,0
1479.3536409551311,1342.2328319632186,202.12080899191255,0.7619682653087876,1484.1436589530676,1337.442813965282,2021_05_DET_MIN,2021,5,MIN,DET,19.0,17.0,1
1487.4919415570828,1482.1401158443127,70.35182571277005,0.5998830074442945,1504.5300335018846,1465.1020238995109,2021_05_DEN_PIT,2021,5,PIT,DEN,27.0,19.0,1
1594.877983126469,1461.1530138237563,198.72496930271268,0.7584046530673824,1609.8004993156844,1446.2304976345408,2021_05_MIA_TB,2021,5,TB,MIA,45.0,17.0,1
1463.3960511913513,1602.121656408197,-73.72560521684568,0.395464660730378,1444.3794725990108,1621.1382350005374,2021_05_NO_WAS,2021,5,WAS,NO,22.0,33.0,0
1548.7132650060757,1562.2540449768412,51.45922002923453,0.5735189593248112,1563.6469858553069,1547.32032412761,2021_05_CLE_LAC,2021,5,LAC,CLE,47.0,42.0,1
1526.2776908045998,1478.1021595710938,113.17553123350604,0.6573463160986744,1491.8370623341461,1512.5427880415475,2021_05_CHI_LV,2021,5,LV,CHI,9.0,20.0,0
1588.9776531404016,1493.445888821691,160.53176431871066,0.7158757790419953,1599.9904543860703,1482.4330875760222,2021_05_SF_ARI,2021,5,ARI,SF,17.0,10.0,1
1507.0107482576225,1411.5155151029878,160.49523315463466,0.7158330045510521,1524.0608669773114,1394.4653963832989,2021_05_NYG_DAL,2021,5,DAL,NYG,44.0,20.0,1
1619.5781789524199,1653.2259627392052,31.35221621321466,0.5449973934095278,1587.0199601625202,1685.784181529105,2021_05_BUF_KC,2021,5,KC,BUF,20.0,38.0,0
1623.2538565707484,1528.331076333297,159.92278023745143,0.715162210154399,1633.5880187867374,1517.9969141173078,2021_05_IND_BAL,2021,5,BAL,IND,31.0,25.0,1
1434.1671618774506,1609.8004993156844,-110.63333743823387,0.3459574355078957,1421.3477797385854,1622.6198814545496,2021_06_TB_PHI,2021,6,PHI,TB,22.0,28.0,0
1268.3957756028703,1446.2304976345408,-112.83472203167048,0.34309571272775835,1287.5936607102765,1427.0326125271347,2021_06_MIA_JAX,2021,6,JAX,MIA,23.0,20.0,1
1633.5880187867374,1563.6469858553069,134.94103293143053,0.6849863688411694,1653.5768489763227,1543.6581556657216,2021_06_LAC_BAL,2021,6,BAL,LAC,34.0,6.0,1
1478.794218930412,1484.1436589530676,59.6505599773443,0.5850104146405757,1455.3921435486627,1507.5457343348169,2021_06_MIN_CAR,2021,6,CAR,MIN,28.0,34.0,0
1512.5427880415475,1642.7000649840197,-65.15727694247221,0.4073151888362682,1493.570699995024,1661.6721530305433,2021_06_GB_CHI,2021,6,CHI,GB,14.0,24.0,0
1337.442813965282,1452.931061902575,-50.488247937292954,0.42784872957155157,1310.8583796839175,1479.5154961839396,2021_06_CIN_DET,2021,6,DET,CIN,11.0,34.0,0
1517.9969141173078,1379.364921921606,203.63199219570174,0.7635424411731081,1532.572270242222,1364.789565796692,2021_06_HOU_IND,2021,6,IND,HOU,31.0,3.0,1
1394.4653963832989,1597.698632724932,-138.23323634163307,0.31093869497436943,1374.9682403896918,1617.195788718539,2021_06_LA_NYG,2021,6,NYG,LA,11.0,38.0,0
1444.3794725990108,1587.0199601625202,-77.6404875635094,0.3900898454415696,1422.1906271192527,1609.2088056422783,2021_06_KC_WAS,2021,6,WAS,KC,13.0,31.0,0
1547.32032412761,1599.9904543860703,12.329869741539824,0.5177366636091665,1514.2269530466544,1633.083825467026,2021_06_ARI_CLE,2021,6,CLE,ARI,14.0,37.0,0
1465.1020238995109,1491.8370623341461,38.26496156536473,0.5548461277344575,1438.0217541812165,1518.9173320524405,2021_06_LV_DEN,2021,6,DEN,LV,24.0,34.0,0
1494.3712236696529,1524.0608669773114,35.31035669234143,0.550641450591779,1472.5916827629794,1545.8404078839849,2021_06_DAL_NE,2021,6,NE,DAL,29.0,35.0,0
1504.5300335018846,1551.4252587092076,18.104774792677063,0.5260313075950629,1517.5639739433811,1538.391318267711,2021_06_SEA_PIT,2021,6,PIT,SEA,23.0,20.0,1
1539.3118914381603,1685.784181529105,-81.47229009094463,0.3848548036855276,1557.0232396395597,1668.0728333277054,2021_06_BUF_TEN,2021,6,TEN,BUF,34.0,31.0,1
1514.2269530466544,1438.0217541812165,141.20519886543798,0.6927148853576848,1522.2328533253703,1430.0158539025006,2021_07_DEN_CLE,2021,7,CLE,DEN,17.0,14.0,1
1653.5768489763227,1479.5154961839396,239.0613527923831,0.7983716022851831,1595.9137505643819,1537.1785945958804,2021_07_CIN_BAL,2021,7,BAL,CIN,17.0,41.0,0
1661.6721530305433,1422.1906271192527,304.48152591129065,0.8522976294049405,1668.69929973984,1415.163480409956,2021_07_WAS_GB,2021,7,GB,WAS,24.0,10.0,1
1427.0326125271347,1432.2414737813874,59.791138745747276,0.585206862059747,1413.815080203407,1445.4590061051151,2021_07_ATL_MIA,2021,7,MIA,ATL,28.0,30.0,0
1472.5916827629794,1337.4115278050817,200.18015495789768,0.7599361709489683,1489.04056817324,1320.9626423948212,2021_07_NYJ_NE,2021,7,NE,NYJ,54.0,13.0,1
1374.9682403896918,1455.3921435486627,-15.423903158970916,0.47781778930212704,1407.9454250075964,1422.414958930758,2021_07_CAR_NYG,2021,7,NYG,CAR,25.0,3.0,1
1557.0232396395597,1609.2088056422783,12.814433997281412,0.5184330952144247,1587.8457875850343,1578.3862576968038,2021_07_KC_TEN,2021,7,TEN,KC,27.0,3.0,1
1617.195788718539,1310.8583796839175,371.3374090346215,0.8945033978528032,1621.3524799854786,1306.701688416978,2021_07_DET_LA,2021,7,LA,DET,28.0,19.0,1
1518.9173320524405,1421.3477797385854,162.56955231385518,0.7182556711756939,1531.9560032924876,1408.3091084985383,2021_07_PHI_LV,2021,7,LV,PHI,33.0,22.0,1
1633.083825467026,1364.789565796692,333.294259670334,0.8719817859261815,1640.4121468831313,1357.4612443805865,2021_07_HOU_ARI,2021,7,ARI,HOU,31.0,5.0,1
1622.6198814545496,1493.570699995024,194.0491814595257,0.7534386748050749,1638.8586939849924,1477.331887464581,2021_07_CHI_TB,2021,7,TB,CHI,38.0,3.0,1
1482.4330875760222,1532.572270242222,14.860817333800242,0.5213734025337555,1455.5052648930887,1559.5000929251555,2021_07_IND_SF,2021,7,SF,IND,18.0,30.0,0
1538.391318267711,1621.1382350005374,-17.74691673282632,0.47448232299932364,1525.3411477500858,1634.1884055181627,2021_07_NO_SEA,2021,7,SEA,NO,10.0,13.0,0
1640.4121468831313,1668.69929973984,36.712847143291356,0.552638264706423,1624.8297265835627,1684.2817200394086,2021_08_GB_ARI,2021,8,ARI,GB,21.0,24.0,0
1445.4590061051151,1422.414958930758,88.04404717435705,0.624061246939992,1420.15916358386,1447.7148014520133,2021_08_CAR_ATL,2021,8,ATL,CAR,13.0,19.0,0
1668.0728333277054,1413.815080203407,319.25775312429846,0.8626877595974054,1674.7221157294434,1407.165797801669,2021_08_MIA_BUF,2021,8,BUF,MIA,26.0,11.0,1
1477.331887464581,1455.5052648930887,86.82662257149241,0.6224156705187798,1445.128011708109,1487.7091406495608,2021_08_SF_CHI,2021,8,CHI,SF,22.0,33.0,0
1522.2328533253703,1517.5639739433811,69.6688793819892,0.5989390208212384,1500.0678458891773,1539.7289813795742,2021_08_PIT_CLE,2021,8,CLE,PIT,10.0,15.0,0
1306.701688416978,1408.3091084985383,-36.60742008156035,0.4475117802657694,1274.4486309046426,1440.5621660108736,2021_08_PHI_DET,2021,8,DET,PHI,6.0,44.0,0
1357.4612443805865,1621.3524799854786,-198.89123560489202,0.24142002265422832,1344.9155505782207,1633.8981737878444,2021_08_LA_HOU,2021,8,HOU,LA,22.0,38.0,0
1559.5000929251555,1587.8457875850343,36.654305340121255,0.5525549485399814,1543.9204434519015,1603.4254370582883,2021_08_TEN_IND,2021,8,IND,TEN,31.0,34.0,0
1320.9626423948212,1537.1785945958804,-151.21595220105928,0.29515672360197276,1341.9474267434296,1516.193810247272,2021_08_CIN_NYJ,2021,8,NYJ,CIN,34.0,31.0,1
1543.6581556657216,1489.04056817324,119.61758749248156,0.6656496719847148,1524.141262630549,1508.5574612084126,2021_08_NE_LAC,2021,8,LAC,NE,24.0,27.0,0
1525.3411477500858,1287.5936607102765,302.74748703980936,0.8510366163298884,1533.77098896525,1279.1638194951124,2021_08_JAX_SEA,2021,8,SEA,JAX,31.0,7.0,1
1430.0158539025006,1415.163480409956,79.85237349254453,0.6129352266331902,1445.5496040042146,1399.629730308242,2021_08_WAS_DEN,2021,8,DEN,WAS,17.0,10.0,1
1634.1884055181627,1638.8586939849924,60.32971153317021,0.5859592226153956,1652.7467694371305,1620.3003300660246,2021_08_TB_NO,2021,8,NO,TB,36.0,27.0,1
1507.5457343348169,1545.8404078839849,26.70532645083199,0.5383565458643598,1490.003767468505,1563.3823747502968,2021_08_DAL_MIN,2021,8,MIN,DAL,16.0,20.0,0
1578.3862576968038,1407.9454250075964,235.44083268920735,0.7949958023130725,1583.520700305948,1402.8109823984523,2021_08_NYG_KC,2021,8,KC,NYG,20.0,17.0,1
1543.9204434519015,1341.9474267434296,266.97301670847196,0.823002003427409,1552.6731441975637,1333.1947259977674,2021_09_NYJ_IND,2021,9,IND,NYJ,45.0,30.0,1
1595.9137505643819,1490.003767468505,170.9099830958769,0.727868886968847,1602.9149309244483,1483.0025871084385,2021_09_MIN_BAL,2021,9,BAL,MIN,34.0,31.0,1
1447.7148014520133,1508.5574612084126,4.157340243600629,0.5059826080173028,1417.86168974699,1538.410572913436,2021_09_NE_CAR,2021,9,CAR,NE,6.0,24.0,0
1516.193810247272,1500.0678458891773,81.12596435809473,0.6146731174360269,1474.6069909371918,1541.6546651992576,2021_09_CLE_CIN,2021,9,CIN,CLE,16.0,41.0,0
1563.3823747502968,1445.5496040042146,182.83277074608213,0.7412489307883399,1519.5967487362618,1489.3352300182496,2021_09_DEN_DAL,2021,9,DAL,DEN,16.0,30.0,0
1279.1638194951124,1674.7221157294434,-330.558296234331,0.1297866443350327,1307.557516972803,1646.328418251753,2021_09_BUF_JAX,2021,9,JAX,BUF,9.0,6.0,1
1407.165797801669,1344.9155505782207,127.25024722344824,0.6753561192576502,1420.6520495006416,1331.429298879248,2021_09_HOU_MIA,2021,9,MIA,HOU,17.0,9.0,1
1652.7467694371305,1420.15916358386,297.5876058532706,0.8472317189302239,1631.219216343113,1441.6867166778775,2021_09_ATL_NO,2021,9,NO,ATL,25.0,27.0,0
1402.8109823984523,1531.9560032924876,-64.14502089403527,0.40872264172420586,1428.1400311368618,1506.626954554078,2021_09_LV_NYG,2021,9,NYG,LV,23.0,16.0,1
1440.5621660108736,1524.141262630549,-18.579096619675283,0.47328798743868467,1427.54972726413,1537.1537013772925,2021_09_LAC_PHI,2021,9,PHI,LAC,24.0,27.0,0
1583.520700305948,1684.2817200394086,-35.76101973346067,0.4487167308736458,1605.330167559731,1662.4722527856254,2021_09_GB_KC,2021,9,KC,GB,13.0,7.0,1
1487.7091406495608,1624.8297265835627,-72.12058593400184,0.39767562583929256,1466.854294798264,1645.6845724348595,2021_09_ARI_SF,2021,9,SF,ARI,17.0,31.0,0
1633.8981737878444,1603.4254370582883,95.47273672955612,0.6340393607094936,1599.8970607176743,1637.4265501284583,2021_09_TEN_LA,2021,9,LA,TEN,16.0,28.0,0
1539.7289813795742,1445.128011708109,159.60096967146524,0.7147846977941149,1545.5719208247046,1439.2850722629785,2021_09_CHI_PIT,2021,9,PIT,CHI,29.0,27.0,1
1420.6520495006416,1602.9149309244483,-117.26288142380668,0.33737382436869984,1456.5579317186152,1567.0090487064747,2021_10_BAL_MIA,2021,10,MIA,BAL,22.0,10.0,1
1519.5967487362618,1441.6867166778775,142.91003205838433,0.6947999021769272,1540.8817455440817,1420.4017198700576,2021_10_ATL_DAL,2021,10,DAL,ATL,43.0,3.0,1
1552.6731441975637,1307.557516972803,310.11562722476083,0.8563339661653288,1557.573592755541,1302.6570684148255,2021_10_JAX_IND,2021,10,IND,JAX,23.0,17.0,1
1538.410572913436,1541.6546651992576,61.75590771417842,0.5879496056431052,1567.7776539053114,1512.2875842073822,2021_10_CLE_NE,2021,10,NE,CLE,45.0,7.0,1
1333.1947259977674,1646.328418251753,-248.1336922539856,0.19335241731335326,1321.4930404295847,1658.030103819936,2021_10_BUF_NYJ,2021,10,NYJ,BUF,17.0,45.0,0
1545.5719208247046,1274.4486309046426,336.123289920062,0.8737887103712639,1545.5719208247046,1274.4486309046426,2021_10_DET_PIT,2021,10,PIT,DET,16.0,16.0,0
1637.4265501284583,1631.219216343113,71.20733378534533,0.6010644671478597,1645.9172417440404,1622.7285247275308,2021_10_NO_TEN,2021,10,TEN,NO,23.0,21.0,1
1399.629730308242,1620.3003300660246,-155.6705997577826,0.2898501361595562,1436.2804090375623,1583.6496513367042,2021_10_TB_WAS,2021,10,WAS,TB,29.0,19.0,1
1645.6845724348595,1417.86168974699,292.82288268786965,0.8436478075564469,1583.0337098888347,1480.5125522930148,2021_10_CAR_ARI,2021,10,ARI,CAR,10.0,34.0,0
1537.1537013772925,1483.0025871084385,119.15111426885392,0.6650517798330813,1507.9112140708908,1512.2450744148402,2021_10_MIN_LAC,2021,10,LAC,MIN,20.0,27.0,0
1489.3352300182496,1427.54972726413,126.78550275411953,0.6747692876248993,1447.943130858199,1468.9418264241806,2021_10_PHI_DEN,2021,10,DEN,PHI,13.0,30.0,0
1662.4722527856254,1533.77098896525,193.70126382037552,0.753066432816094,1675.591730999517,1520.6515107513583,2021_10_SEA_GB,2021,10,GB,SEA,17.0,0.0,1
1506.626954554078,1605.330167559731,-33.70321300565297,0.4516487458331636,1476.9813941765083,1634.975727937301,2021_10_KC_LV,2021,10,LV,KC,14.0,41.0,0
1466.854294798264,1599.8970607176743,-68.04276591941039,0.40331158163365677,1504.9193764692345,1561.8319790467037,2021_10_LA_SF,2021,10,SF,LA,31.0,10.0,1
1420.4017198700576,1567.7776539053114,-82.37593403525375,0.3836240629873496,1396.3062562933433,1591.8731174820257,2021_11_NE_ATL,2021,11,ATL,NE,0.0,25.0,0
1658.030103819936,1557.573592755541,165.45651106439482,0.7216064686223754,1606.5959233964,1609.007773179077,2021_11_IND_BUF,2021,11,BUF,IND,15.0,41.0,0
1480.5125522930148,1436.2804090375623,109.23214325545246,0.6522152205755312,1453.8033710839893,1462.9895902465878,2021_11_WAS_CAR,2021,11,CAR,WAS,21.0,27.0,0
1439.2850722629785,1567.0090487064747,-62.72397644349621,0.41070100151429667,1428.2136780093938,1578.0804429600594,2021_11_BAL_CHI,2021,11,CHI,BAL,13.0,16.0,0
1512.2875842073822,1274.4486309046426,302.8389533027396,0.8511033529387843,1515.916360084185,1270.8198550278398,2021_11_DET_CLE,2021,11,CLE,DET,13.0,10.0,1
1302.6570684148255,1504.9193764692345,-137.262308054409,0.31213745846754404,1284.7670704979994,1522.8093743860607,2021_11_SF_JAX,2021,11,JAX,SF,10.0,30.0,0
1512.2450744148402,1675.591730999517,-98.3466565846768,0.36213054836370734,1530.7581619204464,1657.078643493911,2021_11_GB_MIN,2021,11,MIN,GB,34.0,31.0,1
1321.4930404295847,1456.5579317186152,-70.06489128903058,0.40051351106439315,1305.3502617853624,1472.7007103628375,2021_11_MIA_NYJ,2021,11,NYJ,MIA,17.0,24.0,0
1468.9418264241806,1622.7285247275308,-88.78669830335025,0.37493632337603056,1501.312736059302,1590.3576150924093,2021_11_NO_PHI,2021,11,PHI,NO,40.0,29.0,1
1645.9172417440404,1331.429298879248,379.48794286479233,0.8988496904805751,1595.8951464981624,1381.4513941251262,2021_11_HOU_TEN,2021,11,TEN,HOU,13.0,22.0,0
1476.9813941765083,1474.6069909371918,67.3744032393165,0.5957621917805188,1440.1588327144275,1511.4295523992726,2021_11_CIN_LV,2021,11,LV,CIN,13.0,32.0,0
1634.975727937301,1540.8817455440817,159.09398239321922,0.7141893471365227,1647.7582354657825,1528.0992380156001,2021_11_DAL_KC,2021,11,KC,DAL,19.0,9.0,1
1520.6515107513583,1583.0337098888347,2.617800862523609,0.5037672469870061,1496.4631067372281,1607.2221139029648,2021_11_ARI_SEA,2021,11,SEA,ARI,13.0,23.0,0
1507.9112140708908,1545.5719208247046,27.339293246186116,0.5392634003791598,1522.5597168590677,1530.9234180365277,2021_11_PIT_LAC,2021,11,LAC,PIT,41.0,37.0,1
1583.6496513367042,1428.1400311368618,220.5096201998424,0.780632384908774,1595.79017881488,1415.999503658686,2021_11_NYG_TB,2021,11,TB,NYG,30.0,10.0,1
1270.8198550278398,1428.2136780093938,-92.39382298155397,0.3700828044491984,1263.016042890705,1436.0174901465286,2021_12_CHI_DET,2021,12,DET,CHI,14.0,16.0,0
1528.0992380156001,1440.1588327144275,152.94040530117263,0.7069042221378044,1507.0353652589258,1461.2227054711018,2021_12_LV_DAL,2021,12,DAL,LV,33.0,36.0,0
1590.3576150924093,1606.5959233964,48.76169169600939,0.5697165701371515,1552.3923048723846,1644.5612336164247,2021_12_BUF_NO,2021,12,NO,BUF,6.0,31.0,0
1511.4295523992726,1530.9234180365277,45.50613436274489,0.5651166575577814,1540.96249144413,1501.3904789916703,2021_12_PIT_CIN,2021,12,CIN,PIT,41.0,10.0,1
1381.4513941251262,1305.3502617853624,141.1011323397638,0.6925873551920522,1350.6734975654626,1336.128158345026,2021_12_NYJ_HOU,2021,12,HOU,NYJ,14.0,21.0,0
1609.007773179077,1595.79017881488,78.21759436419711,0.6107002570907029,1582.6731777217965,1622.1247742721605,2021_12_TB_IND,2021,12,IND,TB,31.0,38.0,0
1284.7670704979994,1396.3062562933433,-46.53918579534388,0.4334224470993596,1267.1149536415833,1413.9583731497594,2021_12_ATL_JAX,2021,12,JAX,ATL,14.0,21.0,0
1472.7007103628375,1453.8033710839893,83.89733927884822,0.6184446818983914,1496.061894795442,1430.4421866513849,2021_12_CAR_MIA,2021,12,MIA,CAR,33.0,10.0,1
1591.8731174820257,1595.8951464981624,60.977970983863315,0.5868642782417747,1617.4242610636245,1570.3440029165636,2021_12_TEN_NE,2021,12,NE,TEN,36.0,13.0,1
1415.999503658686,1501.312736059302,-20.313232400616016,0.47080017230140414,1436.7869464049536,1480.5252933130346,2021_12_PHI_NYG,2021,12,NYG,PHI,13.0,7.0,1
1447.943130858199,1522.5597168590677,-9.616586000868665,0.48616415336495583,1476.5613355212438,1493.941512196023,2021_12_LAC_DEN,2021,12,DEN,LAC,28.0,13.0,1
1657.078643493911,1561.8319790467037,160.2466644472072,0.7155418513461649,1668.7303117597169,1550.1803107808978,2021_12_LA_GB,2021,12,GB,LA,36.0,28.0,1
1522.8093743860607,1530.7581619204464,57.0512124656143,0.5813732286861363,1540.7407129066892,1512.8268233998178,2021_12_MIN_SF,2021,12,SF,MIN,34.0,26.0,1
1578.0804429600594,1515.916360084185,127.16408287587433,0.6752473612787899,1590.0286060706394,1503.968196973605,2021_12_CLE_BAL,2021,12,BAL,CLE,16.0,10.0,1
1462.9895902465878,1496.4631067372281,31.52648350935965,0.5452461417890274,1472.84038966494,1486.612307318876,2021_12_SEA_WAS,2021,12,WAS,SEA,17.0,15.0,1
1552.3923048723846,1507.0353652589258,110.35693961345874,0.6536824626325348,1519.3874663246072,1540.0402038067032,2021_13_DAL_NO,2021,13,NO,DAL,17.0,27.0,0
1413.9583731497594,1622.1247742721605,-143.1664011224011,0.3048872444658298,1398.8493069133851,1637.2338405085347,2021_13_TB_ATL,2021,13,ATL,TB,17.0,30.0,0
1436.0174901465286,1607.2221139029648,-106.20462375643615,0.35174835134678006,1419.3412943026601,1623.8983097468333,2021_13_ARI_CHI,2021,13,CHI,ARI,22.0,33.0,0
1540.96249144413,1493.941512196023,112.02097924810687,0.655847764755959,1499.5594174576647,1535.3445861824882,2021_13_LAC_CIN,2021,13,CIN,LAC,22.0,41.0,0
1263.016042890705,1512.8268233998178,-184.81078050911287,0.2565731872611933,1280.848842048835,1494.9940242416878,2021_13_MIN_DET,2021,13,DET,MIN,29.0,27.0,1
1350.6734975654626,1582.6731777217965,-166.99968015633385,0.2766124989747862,1332.8529213383222,1600.493753948937,2021_13_IND_HOU,2021,13,HOU,IND,0.0,31.0,0
1496.061894795442,1436.7869464049536,124.27494839048836,0.6715897577179588,1511.5105950452514,1421.3382461551441,2021_13_NYG_MIA,2021,13,MIA,NYG,20.0,9.0,1
1336.128158345026,1480.5252933130346,-79.39713496800869,0.3876866743394167,1315.3790707375902,1501.2743809204703,2021_13_PHI_NYJ,2021,13,NYJ,PHI,18.0,33.0,0
1550.1803107808978,1267.1149536415833,348.06535713931453,0.8811771815472803,1557.2262782750465,1260.0689861474345,2021_13_JAX_LA,2021,13,LA,JAX,37.0,7.0,1
1461.2227054711018,1472.84038966494,53.38231580616184,0.5762244520612245,1448.2469064622796,1485.816188673762,2021_13_WAS_LV,2021,13,LV,WAS,15.0,17.0,0
1501.3904789916703,1590.0286060706394,-23.63812707896909,0.46603439220366694,1508.8732131119768,1582.5458719503329,2021_13_BAL_PIT,2021,13,PIT,BAL,20.0,19.0,1
1486.612307318876,1540.7407129066892,10.871594412186823,0.5156403777269736,1506.657203176849,1520.6958170487162,2021_13_SF_SEA,2021,13,SEA,SF,30.0,23.0,1
1647.7582354657825,1476.5613355212438,236.1968999445387,0.7957042141308931,1657.495759066303,1466.8238119207233,2021_13_DEN_KC,2021,13,KC,DEN,22.0,9.0,1
1644.5612336164247,1617.4242610636245,92.13697255280022,0.6295724475829262,1623.4102664458464,1638.5752282342028,2021_13_NE_BUF,2021,13,BUF,NE,10.0,14.0,0
1494.9940242416878,1508.8732131119768,51.120811129711,0.5730424108900994,1513.3303813842772,1490.5368559693875,2021_14_PIT_MIN,2021,14,MIN,PIT,36.0,28.0,1
1430.4421866513849,1398.8493069133851,96.59287973799974,0.6355342294742611,1401.2314350699814,1428.0600584947886,2021_14_ATL_CAR,2021,14,CAR,ATL,21.0,29.0,0
1503.968196973605,1582.5458719503329,-13.577674976727849,0.4804700961559337,1515.4543243000142,1571.0597446239237,2021_14_BAL_CLE,2021,14,CLE,BAL,24.0,22.0,1
1332.8529213383222,1506.657203176849,-108.80428183852678,0.34834366506569764,1312.6416955719617,1526.8684289432094,2021_14_SEA_HOU,2021,14,HOU,SEA,13.0,33.0,0
1657.495759066303,1448.2469064622796,274.24885260402334,0.829020795156309,1668.711992917337,1437.0306726112456,2021_14_LV_KC,2021,14,KC,LV,48.0,9.0,1
1315.3790707375902,1519.3874663246072,-139.00839558701705,0.30998345538037136,1297.3545228231847,1537.4120142390127,2021_14_NO_NYJ,2021,14,NYJ,NO,9.0,30.0,0
1570.3440029165636,1260.0689861474345,375.275016769129,0.896623339690649,1575.72138305312,1254.691606010878,2021_14_JAX_TEN,2021,14,TEN,JAX,20.0,0.0,1
1485.816188673762,1540.0402038067032,10.775984867058924,0.5155029179843044,1464.2714953465513,1561.584897133914,2021_14_DAL_WAS,2021,14,WAS,DAL,20.0,27.0,0
1466.8238119207233,1280.848842048835,250.97496987188833,0.8091857511519615,1478.3585005337163,1269.314153435842,2021_14_DET_DEN,2021,14,DEN,DET,38.0,10.0,1
1535.3445861824882,1421.3382461551441,179.0063400273441,0.737001834651732,1549.1258508876558,1407.5569814499765,2021_14_NYG_LAC,2021,14,LAC,NYG,37.0,21.0,1
1499.5594174576647,1520.6958170487162,43.863600408948514,0.5627915386342097,1483.6380831616189,1536.617151344762,2021_14_SF_CIN,2021,14,CIN,SF,23.0,26.0,0
1637.2338405085347,1623.4102664458464,78.8235740626883,0.6115292634817998,1651.8294778917218,1608.8146290626594,2021_14_BUF_TB,2021,14,TB,BUF,33.0,27.0,1
1668.7303117597169,1419.3412943026601,314.38901745705675,0.8593339127117972,1675.5551924756282,1412.5164135867487,2021_14_CHI_GB,2021,14,GB,CHI,45.0,30.0,1
1623.8983097468333,1557.2262782750465,131.6720314717868,0.6809117811695188,1593.777209184823,1587.3473788370568,2021_14_LA_ARI,2021,14,ARI,LA,23.0,30.0,0
1549.1258508876558,1668.711992917337,-54.58614202968124,0.4220842660600619,1533.0968006606768,1684.741043144316,2021_15_KC_LAC,2021,15,LAC,KC,28.0,34.0,0
1600.493753948937,1638.5752282342028,26.918525714734187,0.538661544277751,1622.351139718532,1616.7178424646077,2021_15_NE_IND,2021,15,IND,NE,27.0,17.0,1
1608.8146290626594,1401.2314350699814,272.58319399267793,0.8276574075930123,1617.679003443018,1392.3670606896228,2021_15_CAR_BUF,2021,15,BUF,CAR,31.0,14.0,1
1269.314153435842,1593.777209184823,-259.4630557489811,0.1833835876130296,1323.8335981299708,1539.2577644906942,2021_15_ARI_DET,2021,15,DET,ARI,30.0,12.0,1
1254.691606010878,1312.6416955719617,7.049910438916413,0.5101442444660093,1226.972856670747,1340.3604449120928,2021_15_HOU_JAX,2021,15,JAX,HOU,16.0,30.0,0
1511.5105950452514,1297.3545228231847,279.15607222206677,0.8329877156566021,1517.6743297857681,1291.190788082668,2021_15_NYJ_MIA,2021,15,MIA,NYJ,31.0,24.0,1
1407.5569814499765,1561.584897133914,-89.02791568393741,0.37461095855768817,1387.5920640631905,1581.5498145207,2021_15_DAL_NYG,2021,15,NYG,DAL,6.0,21.0,0
1490.5368559693875,1575.72138305312,-20.18452708373252,0.470984766423714,1511.3158207449358,1554.9424182775717,2021_15_TEN_PIT,2021,15,PIT,TEN,19.0,13.0,1
1478.3585005337163,1483.6380831616189,59.72041737209747,0.5851080380623147,1456.8059862948876,1505.1905974004476,2021_15_CIN_DEN,2021,15,DEN,CIN,10.0,15.0,0
1536.617151344762,1428.0600584947886,173.55709284997351,0.7308766613245278,1551.3066479839654,1413.3705618555853,2021_15_ATL_SF,2021,15,SF,ATL,31.0,13.0,1
1571.0597446239237,1675.5551924756282,-39.49544785170451,0.44340505396466845,1565.0212512726448,1681.5936858269072,2021_15_GB_BAL,2021,15,BAL,GB,30.0,31.0,0
1651.8294778917218,1537.4120142390127,179.4174636527091,0.7374602991304517,1614.8525850007316,1574.388907130003,2021_15_NO_TB,2021,15,TB,NO,0.0,9.0,0
1515.4543243000142,1437.0306726112456,143.4236516887686,0.6954265035636018,1499.1086240562354,1453.3763728550243,2021_15_LV_CLE,2021,15,CLE,LV,14.0,16.0,0
1412.5164135867487,1513.3303813842772,-35.81396779752845,0.4486413352623711,1393.116904312901,1532.729890658125,2021_15_MIN_CHI,2021,15,CHI,MIN,9.0,17.0,0
1587.3473788370568,1526.8684289432094,125.47894989384736,0.6731165697319015,1602.1781379880686,1512.0376697921977,2021_15_SEA_LA,2021,15,LA,SEA,20.0,10.0,1
1501.2743809204703,1464.2714953465513,102.002885573919,0.6427168831878263,1517.649690481476,1447.8961857855456,2021_15_WAS_PHI,2021,15,PHI,WAS,27.0,17.0,1
1554.9424182775717,1551.3066479839654,68.63577029360636,0.5975096357926116,1565.7642018811503,1540.4848643803869,2021_16_SF_TEN,2021,16,TEN,SF,20.0,17.0,1
1681.5936858269072,1499.1086240562354,247.4850617706718,0.8060645625869617,1685.4239987286849,1495.2783111544577,2021_16_CLE_GB,2021,16,GB,CLE,24.0,22.0,1
1539.2577644906942,1622.351139718532,-18.093375227837896,0.47398505325861345,1520.9615904967407,1640.6473137124856,2021_16_IND_ARI,2021,16,ARI,IND,16.0,22.0,0
1413.3705618555853,1323.8335981299708,154.53696372561444,0.7088047863509634,1422.1285756202449,1315.0755843653112,2021_16_DET_ATL,2021,16,ATL,DET,20.0,16.0,1
1392.3670606896228,1614.8525850007316,-157.48552431110875,0.2877043750067974,1374.6694020025564,1632.550243687798,2021_16_TB_CAR,2021,16,CAR,TB,6.0,32.0,0
1505.1905974004476,1565.0212512726448,5.169346127802783,0.5074387381827304,1535.1125659387503,1535.099282734342,2021_16_BAL_CIN,2021,16,CIN,BAL,41.0,21.0,1
1340.3604449120928,1533.0968006606768,-127.73635574858395,0.3240306616624227,1377.1744832672346,1496.282762305535,2021_16_LAC_HOU,2021,16,HOU,LAC,41.0,29.0,1
1532.729890658125,1602.1781379880686,-4.44824732994357,0.4935988072602598,1512.2431161995785,1622.664912446615,2021_16_LA_MIN,2021,16,MIN,LA,23.0,30.0,0
1616.7178424646077,1617.679003443018,64.03883902158964,0.5911296345543935,1585.484328214836,1648.9125176927896,2021_16_BUF_NE,2021,16,NE,BUF,21.0,33.0,0
1291.190788082668,1226.972856670747,129.21793141192097,0.6778345955069401,1302.095172717712,1216.0684720357028,2021_16_JAX_NYJ,2021,16,NYJ,JAX,26.0,21.0,1
1517.649690481476,1387.5920640631905,195.0576264182855,0.7545154897286915,1532.1662943652996,1373.075460179367,2021_16_NYG_PHI,2021,16,PHI,NYG,34.0,10.0,1
1512.0376697921977,1393.116904312901,183.92076547929673,0.7424483516747057,1500.80619495432,1404.3483791507786,2021_16_CHI_SEA,2021,16,SEA,CHI,24.0,25.0,0
1684.741043144316,1511.3158207449358,238.42522239938035,0.7977814923797566,1696.7672824877905,1499.2895814014614,2021_16_PIT_KC,2021,16,KC,PIT,36.0,10.0,1
1453.3763728550243,1456.8059862948876,61.57038656013674,0.5876908556636379,1466.286774755047,1443.895584394865,2021_16_DEN_LV,2021,16,LV,DEN,17.0,13.0,1
1581.5498145207,1447.8961857855456,198.65362873515437,0.7583293993609025,1598.2236456768742,1431.2223546293715,2021_16_WAS_DAL,2021,16,DAL,WAS,56.0,14.0,1
1574.388907130003,1517.6743297857681,121.71457734423484,0.6683308564342553,1533.4917892954447,1558.5714476203264,2021_16_MIA_NO,2021,16,NO,MIA,3.0,20.0,0
1535.099282734342,1622.664912446615,-22.565629712272994,0.4675710348606488,1528.6831824543458,1629.0810127266113,2021_17_LA_BAL,2021,17,BAL,LA,19.0,20.0,0
1648.9125176927896,1422.1285756202449,291.78394207254473,0.8428573040966025,1656.4268985708986,1414.6141947421359,2021_17_ATL_BUF,2021,17,BUF,ATL,29.0,15.0,1
1404.3483791507786,1373.075460179367,96.27291897141163,0.6351074962823844,1427.3924828640572,1350.0313564660883,2021_17_NYG_CHI,2021,17,CHI,NYG,29.0,3.0,1
1535.1125659387503,1696.7672824877905,-96.65471654904013,0.364383323020529,1553.5454310374025,1678.3344173891383,2021_17_KC_CIN,2021,17,CIN,KC,34.0,31.0,1
1640.6473137124856,1466.286774755047,239.36053895743862,0.7986486986080408,1615.8007586913382,1491.1333297761944,2021_17_LV_IND,2021,17,IND,LV,20.0,23.0,0
1585.484328214836,1216.0684720357028,434.41585617913324,0.924190785986127,1590.1863235629196,1211.3664766876193,2021_17_JAX_NE,2021,17,NE,JAX,50.0,10.0,1
1302.095172717712,1632.550243687798,-265.4550709700859,0.17827445271746786,1296.974595457305,1637.6708209482051,2021_17_TB_NYJ,2021,17,NYJ,TB,24.0,28.0,0
1565.7642018811503,1558.5714476203264,72.1927542608239,0.602423878788129,1592.44650193295,1531.8891475685266,2021_17_MIA_TEN,2021,17,TEN,MIA,34.0,3.0,1
1431.2223546293715,1532.1662943652996,-35.9439397359281,0.44845627120731296,1417.019158147824,1546.369490846847,2021_17_PHI_WAS,2021,17,WAS,PHI,16.0,20.0,0
1496.282762305535,1443.895584394865,117.38717791067006,0.6627861108000606,1516.073614745665,1424.104731954735,2021_17_DEN_LAC,2021,17,LAC,DEN,34.0,13.0,1
1540.4848643803869,1377.1744832672346,228.3103811131523,0.7882251683516734,1551.3566806356857,1366.3026670119357,2021_17_HOU_SF,2021,17,SF,HOU,23.0,7.0,1
1598.2236456768742,1520.9615904967407,142.26205518013353,0.6940083586547279,1577.6513494959224,1541.5338866776924,2021_17_ARI_DAL,2021,17,DAL,ARI,22.0,25.0,0
1533.4917892954447,1374.6694020025564,223.82238729288838,0.7838805239425789,1542.1120467799253,1366.0491445180758,2021_17_CAR_NO,2021,17,NO,CAR,18.0,10.0,1
1500.80619495432,1315.0755843653112,250.73061058900885,0.8089684648150189,1511.5601488674754,1304.321630452156,2021_17_DET_SEA,2021,17,SEA,DET,51.0,29.0,1
1685.4239987286849,1512.2431161995785,238.18088252910638,0.7975544866806971,1697.5978098371097,1500.0693050911536,2021_17_MIN_GB,2021,17,GB,MIN,37.0,10.0,1
1499.2895814014614,1495.2783111544577,69.01127024700372,0.5980293616079543,1519.2830962614353,1475.2847962944838,2021_17_CLE_PIT,2021,17,PIT,CLE,26.0,14.0,1
1424.104731954735,1678.3344173891383,-189.22968543440334,0.25175131541314805,1416.6429809912122,1685.796168352661,2021_18_KC_DEN,2021,18,DEN,KC,24.0,28.0,0
1546.369490846847,1577.6513494959224,33.7181413509245,0.5483725367928461,1510.0802938120066,1613.9405465307627,2021_18_DAL_PHI,2021,18,PHI,DAL,26.0,51.0,0
1528.6831824543458,1519.2830962614353,74.40008619291052,0.6054631897537304,1511.3086008991609,1536.6576778166202,2021_18_PIT_BAL,2021,18,BAL,PIT,13.0,16.0,0
1475.2847962944838,1553.5454310374025,-13.260634742918683,0.4809256737422965,1493.9987224164602,1534.8315049154262,2021_18_CIN_CLE,2021,18,CLE,CIN,21.0,16.0,1
1304.321630452156,1697.5978098371097,-328.2761793849538,0.1312775850510261,1346.7873661281317,1655.132074161134,2021_18_GB_DET,2021,18,DET,GB,37.0,30.0,1
1366.3026670119357,1592.44650193295,-161.14383492101433,0.28340812290405426,1358.9812021430296,1599.7679668018561,2021_18_TEN_HOU,2021,18,HOU,TEN,25.0,28.0,0
1211.3664766876193,1615.8007586913382,-339.43428200371886,0.12412429005624792,1268.7960509549127,1558.3711844240447,2021_18_IND_JAX,2021,18,JAX,IND,26.0,11.0,1
1500.0693050911536,1427.3924828640572,137.6768222270964,0.6883746332949533,1515.953226116425,1411.508561838786,2021_18_CHI_MIN,2021,18,MIN,CHI,31.0,17.0,1
1350.0313564660883,1417.019158147824,-1.9878016817358457,0.4971393546381535,1322.488982912548,1444.5615317013644,2021_18_WAS_NYG,2021,18,NYG,WAS,7.0,22.0,0
1541.5338866776924,1511.5601488674754,94.97373781021702,0.6333725956296461,1512.4448810990334,1540.6491544461344,2021_18_SEA_ARI,2021,18,ARI,SEA,30.0,38.0,0
1414.6141947421359,1542.1120467799253,-62.49785203778947,0.41101607729719974,1395.4472221202943,1561.2790194017668,2021_18_NO_ATL,2021,18,ATL,NO,20.0,30.0,0
1656.4268985708986,1296.974595457305,424.45230311359364,0.9200733359212191,1660.300004582546,1293.1014894456575,2021_18_NYJ_BUF,2021,18,BUF,NYJ,27.0,10.0,1
1629.0810127266113,1551.3566806356857,142.7243320909256,0.6945731756444639,1608.487347405412,1571.950345956885,2021_18_SF_LA,2021,18,LA,SF,24.0,27.0,0
1531.8891475685266,1590.1863235629196,6.702824005606999,0.5096449425871975,1554.402240976651,1567.6732301547952,2021_18_NE_MIA,2021,18,MIA,NE,33.0,24.0,1
1637.6708209482051,1366.0491445180758,336.62167643012936,0.8741047640381806,1644.7000953377747,1359.0198701285062,2021_18_CAR_TB,2021,18,TB,CAR,41.0,17.0,1
1491.1333297761944,1516.073614745665,40.05971503052933,0.5573964398470993,1503.1854495851078,1504.0214949367517,2021_18_LAC_LV,2021,18,LV,LAC,35.0,32.0,1
1572.3610607194098,1606.9201030565582,30.440957662851588,0.5436963039751586,1538.2776888087399,1641.0034749672282,2022_01_BUF_LA,2022,1,LA,BUF,10.0,31.0,0
1430.2632971542364,1540.8731059409786,-45.60980878674218,0.43473667918683456,1424.3589739274,1546.777429167815,2022_01_NO_ATL,2022,1,ATL,NO,26.0,27.0,0
1405.9662533757137,1495.9971478517791,-25.03089447606544,0.46403984202163395,1395.8849576677494,1506.0784435597434,2022_01_CLE_CAR,2022,1,CAR,CLE,24.0,26.0,0
1440.9762107464703,1547.9908807532424,-42.01467000677212,0.4398290485708556,1467.2752849949945,1521.6918065047182,2022_01_SF_CHI,2022,1,CHI,SF,19.0,10.0,1
1523.2326137785894,1524.4506711036856,63.7819426749038,0.5907721638599861,1506.3638764636298,1541.3194084186453,2022_01_PIT_CIN,2022,1,CIN,PIT,20.0,23.0,0
1397.8071732074638,1506.7235559726084,-43.91638276514459,0.43713370084824127,1385.9244562200495,1518.6062729600228,2022_01_PHI_DET,2022,1,DET,PHI,35.0,38.0,0
1405.9404618294006,1538.9335800108379,-67.99311818143724,0.40338036057131177,1405.9404618294006,1538.9335800108379,2022_01_IND_HOU,2022,1,HOU,IND,20.0,20.0,0
1536.2862947314263,1545.1380445132484,56.148250218177964,0.5801076473228655,1557.8971439291652,1523.5271953155095,2022_01_NE_MIA,2022,1,MIA,NE,20.0,7.0,1
1361.9986934602537,1507.5428367997404,-80.54414333948671,0.3861204522257518,1341.343824124209,1528.197706135785,2022_01_BAL_NYJ,2022,1,NYJ,BAL,9.0,24.0,0
1463.0225416448102,1345.7869659869268,182.23557565788337,0.7405890308914278,1472.346044106027,1336.46346352571,2022_01_JAX_WAS,2022,1,WAS,JAX,28.0,22.0,1
1508.3007356930552,1623.926044291225,-50.625308598169795,0.4276556017295606,1481.7299196669576,1650.4968603173227,2022_01_KC_ARI,2022,1,ARI,KC,21.0,44.0,0
1502.6823371228134,1502.124694873267,65.55764224954646,0.5932410657260178,1516.8368317946035,1487.9702002014767,2022_01_LV_LAC,2022,1,LAC,LV,24.0,19.0,1
1510.6408018196555,1603.4730934654765,-27.832291645820987,0.460031571913828,1541.6297595310311,1572.4841357541009,2022_01_GB_MIN,2022,1,MIN,GB,23.0,7.0,1
1566.5452338568382,1381.6001516026695,249.9450822541687,0.8082686862224907,1553.90407033922,1394.2413151202877,2022_01_NYG_TEN,2022,1,TEN,NYG,20.0,21.0,0
1575.9983445360187,1596.5149635902958,44.483380945722956,0.5636692101558055,1543.3992984400068,1629.1140096863078,2022_01_TB_DAL,2022,1,DAL,TB,3.0,19.0,0
1527.1129860155718,1444.4008683211387,147.71211769443312,0.7006299238453695,1531.002019512197,1440.5118348245135,2022_01_DEN_SEA,2022,1,SEA,DEN,17.0,16.0,1
1650.4968603173227,1516.8368317946035,198.66002852271913,0.7583361508385968,1656.6422740088801,1510.691418103046,2022_02_LAC_KC,2022,2,KC,LAC,27.0,24.0,1
1528.197706135785,1557.8971439291652,35.300562206619816,0.5506274997477191,1510.1846585214012,1575.910191543549,2022_02_MIA_BAL,2022,2,BAL,MIA,38.0,42.0,0
1506.0784435597434,1341.343824124209,229.73461943553434,0.7895904917661007,1493.856076534067,1353.5661911498855,2022_02_NYJ_CLE,2022,2,CLE,NYJ,30.0,31.0,0
1385.9244562200495,1472.346044106027,-21.421587885977488,0.46921086197683987,1410.6085504887383,1447.6619498373382,2022_02_WAS_DET,2022,2,DET,WAS,36.0,27.0,1
1336.46346352571,1538.9335800108379,-137.47011648512785,0.3118806739880564,1383.7154863722303,1491.6815571643176,2022_02_IND_JAX,2022,2,JAX,IND,24.0,0.0,1
1546.777429167815,1629.1140096863078,-17.336580518492838,0.4750713414338246,1524.1721383470638,1651.719300507059,2022_02_TB_NO,2022,2,NO,TB,10.0,20.0,0
1394.2413151202877,1395.8849576677494,63.356357452538305,0.590179751924537,1405.28587992017,1384.8403928678672,2022_02_CAR_NYG,2022,2,NYG,CAR,19.0,16.0,1
1541.3194084186453,1523.5271953155095,82.79221310313574,0.6169423986250079,1523.5452409324491,1541.3013628017056,2022_02_NE_PIT,2022,2,PIT,NE,14.0,17.0,0
1538.2776888087399,1424.3589739274,178.91871488133984,0.7369040529362962,1546.1094864751267,1416.5271762610132,2022_02_ATL_LA,2022,2,LA,ATL,31.0,27.0,1
1521.6918065047182,1531.002019512197,55.68978699252125,0.579464666037694,1546.6662013747127,1506.0276246422025,2022_02_SEA_SF,2022,2,SF,SEA,27.0,7.0,1
1543.3992984400068,1506.3638764636298,102.03542197637694,0.642759890848611,1552.8650770908491,1496.8980978127875,2022_02_CIN_DAL,2022,2,DAL,CIN,20.0,17.0,1
1440.5118348245135,1405.9404618294006,99.57137299511282,0.6394963652042926,1454.8555663079824,1391.5967303459317,2022_02_HOU_DEN,2022,2,DEN,HOU,16.0,9.0,1
1487.9702002014767,1481.7299196669576,71.24028053451912,0.601109943300592,1463.793182541138,1505.9069373272962,2022_02_ARI_LV,2022,2,LV,ARI,23.0,29.0,0
1572.4841357541009,1467.2752849949945,170.20885075910633,0.7270687099801075,1587.1285867102893,1452.6308340388061,2022_02_CHI_GB,2022,2,GB,CHI,27.0,10.0,1
1641.0034749672282,1553.90407033922,152.0994046280082,0.7059001693088188,1660.5637025147946,1534.3438427916535,2022_02_TEN_BUF,2022,2,BUF,TEN,41.0,7.0,1
1518.6062729600228,1541.6297595310311,41.976513428991666,0.5601168342258296,1543.5586925534171,1516.6773399376368,2022_02_MIN_PHI,2022,2,PHI,MIN,24.0,7.0,1
1493.856076534067,1523.5452409324491,35.31083560161778,0.550642132727505,1516.5435376250473,1500.8577798414688,2022_03_PIT_CLE,2022,3,CLE,PIT,29.0,17.0,1
1384.8403928678672,1524.1721383470638,-74.33174547919657,0.39463078874311874,1412.3732934916238,1496.6392377233071,2022_03_NO_CAR,2022,3,CAR,NO,22.0,14.0,1
1452.6308340388061,1391.5967303459317,126.0341036928744,0.6738193371735073,1461.184460215676,1383.043104169062,2022_03_HOU_CHI,2022,3,CHI,HOU,23.0,20.0,1
1491.6815571643176,1656.6422740088801,-99.96071684456251,0.35998709854794264,1510.2711314030091,1638.0526997701886,2022_03_KC_IND,2022,3,IND,KC,20.0,17.0,1
1575.910191543549,1660.5637025147946,-19.653510971245623,0.4717464535535905,1587.6217323401452,1648.8521617181984,2022_03_BUF_MIA,2022,3,MIA,BUF,21.0,19.0,1
1516.6773399376368,1410.6085504887383,171.06878944889854,0.7280499227561118,1524.7995073451573,1402.4863830812178,2022_03_DET_MIN,2022,3,MIN,DET,28.0,24.0,1
1541.3013628017056,1510.1846585214012,96.11670428030448,0.6348990747952503,1508.3065397575956,1543.1794815655112,2022_03_BAL_NE,2022,3,NE,BAL,26.0,37.0,0
1353.5661911498855,1496.8980978127875,-78.33190666290193,0.38914330960292204,1332.7294064264079,1517.734882536265,2022_03_CIN_NYJ,2022,3,NYJ,CIN,12.0,27.0,0
1534.3438427916535,1463.793182541138,135.55066025051542,0.6857431130537892,1540.8480241316845,1457.289001201107,2022_03_LV_TEN,2022,3,TEN,LV,24.0,22.0,1
1447.6619498373382,1543.5586925534171,-30.89674271607896,0.4556528532213802,1422.2002977363877,1569.0203446543676,2022_03_PHI_WAS,2022,3,WAS,PHI,8.0,24.0,0
1510.691418103046,1383.7154863722303,191.97593173081577,0.7512149010328196,1455.2634154608854,1439.143489014391,2022_03_JAX_LAC,2022,3,LAC,JAX,10.0,38.0,0
1505.9069373272962,1546.1094864751267,24.797450852169504,0.5356259272215413,1482.1007957390232,1569.9156280633997,2022_03_LA_ARI,2022,3,ARI,LA,12.0,20.0,0
1506.0276246422025,1416.5271762610132,154.50044838118924,0.7087613992099988,1481.4902794750285,1441.0645214281872,2022_03_ATL_SEA,2022,3,SEA,ATL,23.0,27.0,0
1651.719300507059,1587.1285867102893,129.5907137967697,0.6783030288964679,1635.8826009182872,1602.965286299061,2022_03_GB_TB,2022,3,TB,GB,12.0,14.0,0
1454.8555663079824,1546.6662013747127,-26.810635066730356,0.4614927982264839,1462.4129606171562,1539.108807065539,2022_03_SF_DEN,2022,3,DEN,SF,11.0,10.0,1
1405.28587992017,1552.8650770908491,-82.57919717067921,0.3833474282899104,1389.9196937199752,1568.231263291044,2022_03_DAL_NYG,2022,3,NYG,DAL,16.0,23.0,0
1517.734882536265,1587.6217323401452,-4.886849803880068,0.4929677215503472,1543.803029927684,1561.5535849487262,2022_04_MIA_CIN,2022,4,CIN,MIA,27.0,15.0,1
1496.6392377233071,1524.7995073451573,36.83973037814985,0.5528188336303709,1481.0508117190093,1540.3879333494551,2022_04_MIN_NO,2022,4,NO,MIN,25.0,28.0,0
1441.0645214281872,1516.5435376250473,-10.47901619686013,0.4849240546386491,1455.4138073637605,1502.194251689474,2022_04_CLE_ATL,2022,4,ATL,CLE,23.0,20.0,1
1543.1794815655112,1648.8521617181984,-40.672680152687235,0.4417332337517764,1531.15435132417,1660.8772919595397,2022_04_BUF_BAL,2022,4,BAL,BUF,20.0,23.0,0
1568.231263291044,1422.2002977363877,211.03096555465618,0.7711457201315357,1579.8108852023536,1410.620675825078,2022_04_WAS_DAL,2022,4,DAL,WAS,25.0,10.0,1
1402.4863830812178,1481.4902794750285,-14.003896393810692,0.4798576797001332,1389.2660559399499,1494.7106066162964,2022_04_SEA_DET,2022,4,DET,SEA,45.0,48.0,0
1383.043104169062,1455.2634154608854,-7.220311291823464,0.4896106323937506,1359.639214373107,1478.6673052568403,2022_04_LAC_HOU,2022,4,HOU,LAC,24.0,34.0,0
1510.2711314030091,1540.8480241316845,34.423107271324625,0.5493773700950125,1487.0599872095663,1564.0591683251273,2022_04_TEN_IND,2022,4,IND,TEN,17.0,24.0,0
1389.9196937199752,1461.184460215676,-6.264766495700769,0.4909852532612749,1412.351966569452,1438.752187366199,2022_04_CHI_NYG,2022,4,NYG,CHI,20.0,12.0,1
1569.0203446543676,1439.143489014391,194.8768556399766,0.7543226967658414,1578.937999138144,1429.2258345306145,2022_04_JAX_PHI,2022,4,PHI,JAX,29.0,21.0,1
1500.8577798414688,1332.7294064264079,233.12837341506088,0.7928177930971496,1472.3131591091799,1361.2740271586968,2022_04_NYJ_PIT,2022,4,PIT,NYJ,20.0,24.0,0
1412.3732934916238,1482.1007957390232,-4.727502247399343,0.49319699721871774,1388.7713159831662,1505.7027732474808,2022_04_ARI_CAR,2022,4,CAR,ARI,16.0,26.0,0
1602.965286299061,1508.3065397575956,159.65874654146546,0.7148524973345395,1610.33632184686,1500.9355042097966,2022_04_NE_GB,2022,4,GB,NE,27.0,24.0,1
1457.289001201107,1462.4129606171562,59.87604058395095,0.5853254923709925,1475.8795018271667,1443.8224599910966,2022_04_DEN_LV,2022,4,LV,DEN,32.0,23.0,1
1635.8826009182872,1638.0526997701886,62.82990114809854,0.5894465660005862,1606.782919083261,1667.1523816052147,2022_04_KC_TB,2022,4,TB,KC,31.0,41.0,0
1539.108807065539,1569.9156280633997,34.19317900213923,0.5490496823860247,1563.732098450072,1545.2923366788666,2022_04_LA_SF,2022,4,SF,LA,24.0,9.0,1
1443.8224599910966,1487.0599872095663,21.762472781530278,0.5312778209456108,1428.9451441432514,1501.9373030574116,2022_05_IND_DEN,2022,5,DEN,IND,9.0,12.0,0
1610.33632184686,1412.351966569452,262.984355277408,0.8196325011089007,1576.9769067266957,1445.7113816896165,2022_05_NYG_GB,2022,5,GB,NYG,22.0,27.0,0
1660.8772919595397,1472.3131591091799,253.56413285035978,0.81147645728482,1672.9924911390751,1460.1979599296444,2022_05_PIT_BUF,2022,5,BUF,PIT,38.0,3.0,1
1502.194251689474,1478.6673052568403,88.52694643263362,0.6247131852770637,1487.892400397804,1492.9691565485102,2022_05_LAC_CLE,2022,5,CLE,LAC,28.0,30.0,0
1429.2258345306145,1359.639214373107,134.58662015750747,0.6845459761284398,1398.9012382201988,1389.9638106835228,2022_05_HOU_JAX,2022,5,JAX,HOU,6.0,13.0,0
1540.3879333494551,1438.752187366199,166.63574598325613,0.7229681048456404,1551.098137407603,1428.0419833080512,2022_05_CHI_MIN,2022,5,MIN,CHI,29.0,22.0,1
1500.9355042097966,1389.2660559399499,176.66944826984673,0.7343860870073114,1517.660520482759,1372.5410396669874,2022_05_DET_NE,2022,5,NE,DET,29.0,0.0,1
1481.0508117190093,1494.7106066162964,51.340205102712844,0.573351377661371,1498.3899940190213,1477.3714243162844,2022_05_SEA_NO,2022,5,NO,SEA,39.0,32.0,1
1361.2740271586968,1561.5535849487262,-135.27955779002946,0.3145932910103151,1407.693587105927,1515.134025001496,2022_05_MIA_NYJ,2022,5,NYJ,MIA,40.0,17.0,1
1606.782919083261,1455.4138073637605,216.36911171950055,0.776523514759105,1614.7014390553297,1447.4952873916918,2022_05_ATL_TB,2022,5,TB,ATL,21.0,15.0,1
1410.620675825078,1564.0591683251273,-88.43849250004928,0.3754061982462464,1399.0038066454968,1575.6760375047086,2022_05_TEN_WAS,2022,5,WAS,TEN,17.0,21.0,0
1388.7713159831662,1563.732098450072,-109.96078246690581,0.3468339734223814,1368.0567563527393,1584.446658080499,2022_05_SF_CAR,2022,5,CAR,SF,15.0,37.0,0
1505.7027732474808,1578.937999138144,-8.235225890663287,0.4881507762539943,1492.218834097897,1592.421938287728,2022_05_PHI_ARI,2022,5,ARI,PHI,17.0,20.0,0
1545.2923366788666,1579.8108852023536,30.48145147651303,0.5437541335925742,1517.0063928103161,1608.096829070904,2022_05_DAL_LA,2022,5,LA,DAL,10.0,22.0,0
1531.15435132417,1543.803029927684,52.3513213964859,0.5747745628371915,1540.2803464548915,1534.6770347969625,2022_05_CIN_BAL,2022,5,BAL,CIN,19.0,17.0,1
1667.1523816052147,1475.8795018271667,256.27287977804804,0.813850304249082,1669.4637217110721,1473.5681617213093,2022_05_LV_KC,2022,5,KC,LV,30.0,29.0,1
1428.0419833080512,1399.0038066454968,94.0381766625544,0.6321211180449731,1404.3783084010233,1422.6674815525246,2022_06_WAS_CHI,2022,6,CHI,WAS,7.0,12.0,0
1447.4952873916918,1584.446658080499,-71.95137068880717,0.39790897049094265,1481.2077126096956,1550.7342328624952,2022_06_SF_ATL,2022,6,ATL,SF,28.0,14.0,1
1487.892400397804,1517.660520482759,35.231879915045056,0.5505296694104,1452.3306383930426,1553.2222824875205,2022_06_NE_CLE,2022,6,CLE,NE,15.0,38.0,0
1576.9769067266957,1407.693587105927,234.28331962076868,0.7939077191916322,1525.6133034136687,1459.057190418954,2022_06_NYJ_GB,2022,6,GB,NYJ,10.0,27.0,0
1501.9373030574116,1398.9012382201988,168.03606483721273,0.7245796754298918,1512.5789063694917,1388.2596349081186,2022_06_JAX_IND,2022,6,IND,JAX,34.0,27.0,1
1515.134025001496,1551.098137407603,29.035887593892994,0.5416889905155218,1491.011404234533,1575.2207581745658,2022_06_MIN_MIA,2022,6,MIA,MIN,16.0,24.0,0
1498.3899940190213,1534.6770347969625,28.71295922205877,0.541227454356172,1480.738174342949,1552.3288544730349,2022_06_CIN_NO,2022,6,NO,CIN,26.0,30.0,0
1445.7113816896165,1540.2803464548915,-29.56896476527504,0.45754928101953385,1463.4100749434358,1522.5816532010722,2022_06_BAL_NYG,2022,6,NYG,BAL,24.0,20.0,1
1460.1979599296444,1614.7014390553297,-89.50347912568532,0.37396982932122974,1474.5365930420032,1600.362805942971,2022_06_TB_PIT,2022,6,PIT,TB,20.0,18.0,1
1517.0063928103161,1368.0567563527393,213.94963645757684,0.7740972839481692,1528.1571057337983,1356.9060434292571,2022_06_CAR_LA,2022,6,LA,CAR,24.0,10.0,1
1477.3714243162844,1492.218834097897,50.15259021838756,0.5716782130028877,1497.4550021503542,1472.1352562638272,2022_06_ARI_SEA,2022,6,SEA,ARI,19.0,9.0,1
1669.4637217110721,1672.9924911390751,61.47123057199701,0.5875525409854087,1650.0074995946304,1692.4487132555169,2022_06_BUF_KC,2022,6,KC,BUF,20.0,24.0,0
1592.421938287728,1608.096829070904,49.325109216823876,0.5705114490029786,1611.766893344578,1588.751874014054,2022_06_DAL_PHI,2022,6,PHI,DAL,26.0,17.0,1
1492.9691565485102,1428.9451441432514,129.02401240525887,0.6775907780005185,1501.4130281866783,1420.5012725050833,2022_06_DEN_LAC,2022,6,LAC,DEN,19.0,16.0,1
1472.1352562638272,1480.738174342949,56.397081920878236,0.5804565128521203,1490.1110708129524,1462.7623597938236,2022_07_NO_ARI,2022,7,ARI,NO,42.0,34.0,1
1522.5816532010722,1452.3306383930426,135.2510148080296,0.6853712794036353,1530.7997817069615,1444.1125098871532,2022_07_CLE_BAL,2022,7,BAL,CLE,23.0,20.0,1
1356.9060434292571,1600.362805942971,-178.45676251371378,0.26361183030975416,1404.0991974408832,1553.1696519313448,2022_07_TB_CAR,2022,7,CAR,TB,21.0,3.0,1
1552.3288544730349,1481.2077126096956,136.1211418633393,0.6864503719036332,1569.7175164453686,1463.819050637362,2022_07_ATL_CIN,2022,7,CIN,ATL,35.0,17.0,1
1588.751874014054,1372.5410396669874,281.21083434706657,0.834626765090626,1597.386763584279,1363.9061500967625,2022_07_DET_DAL,2022,7,DAL,DET,24.0,6.0,1
1388.2596349081186,1463.4100749434358,-10.15044003531716,0.4853964971832868,1369.4556340874915,1482.214075764063,2022_07_NYG_JAX,2022,7,JAX,NYG,17.0,23.0,0
1575.6760375047086,1512.5789063694917,128.09713113521684,0.6764240612755061,1589.757361437354,1498.4975824368464,2022_07_IND_TEN,2022,7,TEN,IND,19.0,10.0,1
1422.6674815525246,1525.6133034136687,-37.94582186114417,0.445607670591582,1435.0625168886195,1513.2182680775738,2022_07_GB_WAS,2022,7,WAS,GB,23.0,21.0,1
1420.5012725050833,1459.057190418954,26.444082086129356,0.5379827760040411,1397.8549886657381,1481.7034742582991,2022_07_NYJ_DEN,2022,7,DEN,NYJ,9.0,16.0,0
1473.5681617213093,1389.9638106835228,148.6043510377865,0.7017060990244656,1490.022853339011,1373.509119065821,2022_07_HOU_LV,2022,7,LV,HOU,38.0,20.0,1
1501.4130281866783,1497.4550021503542,68.9580260363241,0.5979556801900231,1467.979178985207,1530.8888513518255,2022_07_SEA_LAC,2022,7,LAC,SEA,23.0,37.0,0
1550.7342328624952,1650.0074995946304,-34.2732667321352,0.45083617384856284,1523.2906940440741,1677.4510384130515,2022_07_KC_SF,2022,7,SF,KC,23.0,44.0,0
1491.011404234533,1474.5365930420032,81.47481119252984,0.6151486320511074,1505.4542514140019,1460.0937458625344,2022_07_PIT_MIA,2022,7,MIA,PIT,16.0,10.0,1
1553.2222824875205,1404.3783084010233,213.84397408649716,0.7739909026115399,1501.8559961383592,1455.7445947501847,2022_07_CHI_NE,2022,7,NE,CHI,14.0,33.0,0
1553.1696519313448,1530.7997817069615,87.36987022438325,0.6231503221701823,1529.915433935666,1554.0539997026403,2022_08_BAL_TB,2022,8,TB,BAL,22.0,27.0,0
1369.4556340874915,1397.8549886657381,36.60064542175337,0.5524785776355355,1351.3711696828989,1415.9394530703307,2022_08_DEN_JAX,2022,8,JAX,DEN,17.0,21.0,0
1463.819050637362,1404.0991974408832,124.71985319647865,0.6721543728375731,1472.4211985132185,1395.4970495650266,2022_08_CAR_ATL,2022,8,ATL,CAR,37.0,34.0,1
1597.386763584279,1455.7445947501847,206.64216883409426,0.7666566267316361,1610.3751680806424,1442.7561902538212,2022_08_CHI_DAL,2022,8,DAL,CHI,49.0,29.0,1
1363.9061500967625,1505.4542514140019,-76.54810131723934,0.39158698147338555,1351.725279822198,1517.6351216885664,2022_08_MIA_DET,2022,8,DET,MIA,27.0,31.0,0
1575.2207581745658,1490.1110708129524,150.1096873616134,0.7035167207398206,1587.4173698750208,1477.9144591124975,2022_08_ARI_MIN,2022,8,MIN,ARI,34.0,26.0,1
1462.7623597938236,1490.022853339011,37.73950645481273,0.5540989124353545,1490.984237266059,1461.8009758667756,2022_08_LV_NO,2022,8,NO,LV,24.0,0.0,1
1481.7034742582991,1501.8559961383592,44.84747811993998,0.5641846228005395,1461.0650935769122,1522.494376819746,2022_08_NE_NYJ,2022,8,NYJ,NE,17.0,22.0,0
1611.766893344578,1460.0937458625344,216.67314748204353,0.7768270831647655,1624.50726958751,1447.3533696196023,2022_08_PIT_PHI,2022,8,PHI,PIT,35.0,13.0,1
1373.509119065821,1589.757361437354,-151.2482423715328,0.29511805533215596,1362.025026383675,1601.2414541195,2022_08_TEN_HOU,2022,8,HOU,TEN,10.0,17.0,0
1498.4975824368464,1435.0625168886195,128.43506554822693,0.6768496932284167,1488.5327081798273,1445.0273911456386,2022_08_WAS_IND,2022,8,IND,WAS,16.0,17.0,0
1528.1571057337983,1523.2906940440741,69.86641168972415,0.5992121310397974,1492.3820648996302,1559.0657348782422,2022_08_SF_LA,2022,8,LA,SF,14.0,31.0,0
1530.8888513518255,1482.214075764063,113.6747755877625,0.6579933422859873,1548.5021880017352,1464.6007391141532,2022_08_NYG_SEA,2022,8,SEA,NYG,27.0,13.0,1
1692.4487132555169,1513.2182680775738,244.230445177943,0.8031190069370707,1700.9472573081189,1504.7197240249718,2022_08_GB_BUF,2022,8,BUF,GB,27.0,17.0,1
1444.1125098871532,1569.7175164453686,-60.60500655821534,0.4136563579613375,1480.2382638494887,1533.591762483033,2022_08_CIN_CLE,2022,8,CLE,CIN,32.0,13.0,1
1362.025026383675,1624.50726958751,-197.4822432038352,0.24290852123074444,1350.59048311745,1635.941812853735,2022_09_PHI_HOU,2022,9,HOU,PHI,17.0,29.0,0
1472.4211985132185,1467.979178985207,69.44201952801154,0.5986252862201196,1455.2828159308383,1485.1175615675872,2022_09_LAC_ATL,2022,9,ATL,LAC,17.0,20.0,0
1442.7561902538212,1517.6351216885664,-9.878931434745255,0.4857869049859066,1429.3475278830608,1531.0437840593268,2022_09_MIA_CHI,2022,9,CHI,MIA,32.0,35.0,0
1533.591762483033,1395.4970495650266,203.0947129180065,0.7629835902670873,1547.0059747278951,1382.0828373201646,2022_09_CAR_CIN,2022,9,CIN,CAR,42.0,21.0,1
1351.725279822198,1504.7197240249718,-87.99444420277382,0.3760057450818329,1377.0218123107793,1479.4231915363905,2022_09_GB_DET,2022,9,DET,GB,15.0,9.0,1
1351.3711696828989,1461.8009758667756,-45.429806183876735,0.4349913275580805,1375.364683731927,1437.8074618177475,2022_09_LV_JAX,2022,9,JAX,LV,27.0,20.0,1
1522.494376819746,1488.5327081798273,98.9616686399188,0.638686831457544,1544.4712542317634,1466.55583076781,2022_09_IND_NE,2022,9,NE,IND,26.0,3.0,1
1461.0650935769122,1700.9472573081189,-174.88216373120667,0.2676256414871441,1483.1243548757288,1678.8879960093022,2022_09_BUF_NYJ,2022,9,NYJ,BUF,20.0,17.0,1
1445.0273911456386,1587.4173698750208,-77.38997872938216,0.3904329907111144,1434.57014729508,1597.8746137255794,2022_09_MIN_WAS,2022,9,WAS,MIN,17.0,20.0,0
1477.9144591124975,1548.5021880017352,-5.587728889237724,0.4919593049677194,1454.3808936328983,1572.0357534813347,2022_09_SEA_ARI,2022,9,ARI,SEA,21.0,31.0,0
1529.915433935666,1492.3820648996302,102.53336903603577,0.6434178059776103,1539.361736528215,1482.9357623070812,2022_09_LA_TB,2022,9,TB,LA,16.0,13.0,1
1677.4510384130515,1601.2414541195,141.20958429355142,0.6927202589117624,1685.4567836950844,1593.2357088374672,2022_09_TEN_KC,2022,9,KC,TEN,20.0,17.0,1
1490.984237266059,1554.0539997026403,1.9302375634185864,0.5027778065702869,1463.7293735705334,1581.3088633981658,2022_09_BAL_NO,2022,9,NO,BAL,13.0,27.0,0
1382.0828373201646,1455.2828159308383,-8.199978610673725,0.4882014728011816,1406.7194498344584,1430.6462034165445,2022_10_ATL_CAR,2022,10,CAR,ATL,25.0,15.0,1
1539.361736528215,1572.0357534813347,32.32598304688031,0.5463870526517232,1555.3816517187918,1556.015838290758,2022_10_SEA_TB,2022,10,TB,SEA,21.0,16.0,1
1678.8879960093022,1597.8746137255794,146.01338228372288,0.6985748476937979,1658.1425169451722,1618.6200927897094,2022_10_MIN_BUF,2022,10,BUF,MIN,30.0,33.0,0
1429.3475278830608,1377.0218123107793,117.32571557228152,0.6627070304398424,1419.6429117664964,1386.7264284273438,2022_10_DET_CHI,2022,10,CHI,DET,30.0,31.0,0
1685.4567836950844,1375.364683731927,375.09209996315735,0.8965257007150108,1689.6963615560342,1371.1251058709772,2022_10_JAX_KC,2022,10,KC,JAX,27.0,17.0,1
1531.0437840593268,1480.2382638494887,115.80552020983805,0.6607481857709802,1551.2543639404628,1460.0276839683527,2022_10_CLE_MIA,2022,10,MIA,CLE,39.0,17.0,1
1464.6007391141532,1350.59048311745,179.0102559967031,0.7370062039727103,1475.2882437005278,1339.9029785310754,2022_10_HOU_NYG,2022,10,NYG,HOU,24.0,16.0,1
1447.3533696196023,1463.7293735705334,48.623996049068865,0.569522251991165,1467.5517596517261,1443.5309835384096,2022_10_NO_PIT,2022,10,PIT,NO,20.0,10.0,1
1593.2357088374672,1415.9394530703307,242.29625576713647,0.801352553901724,1600.6776123436275,1408.4975495641704,2022_10_DEN_TEN,2022,10,TEN,DEN,17.0,10.0,1
1437.8074618177475,1466.55583076781,36.25163104993749,0.5519817863989944,1417.6956878703563,1486.6676047152012,2022_10_IND_LV,2022,10,LV,IND,20.0,25.0,0
1479.4231915363905,1610.3751680806424,-65.95197654425192,0.4062112926417509,1496.3953031369883,1593.4030564800446,2022_10_DAL_GB,2022,10,GB,DAL,31.0,28.0,1
1482.9357623070812,1454.3808936328983,93.5548686741829,0.6314739095404439,1451.3065665958702,1486.0100893441092,2022_10_ARI_LA,2022,10,LA,ARI,17.0,27.0,0
1559.0657348782422,1485.1175615675872,138.94817331065497,0.6899423897819484,1570.4157713286395,1473.76752511719,2022_10_LAC_SF,2022,10,SF,LAC,22.0,16.0,1
1635.941812853735,1434.57014729508,266.37166555865497,0.8224971811430544,1589.4341868266426,1481.0777733221723,2022_10_WAS_PHI,2022,10,PHI,WAS,21.0,32.0,0
1496.3953031369883,1600.6776123436275,-39.282309206639184,0.44370787629588676,1475.4892920249674,1621.5836234556484,2022_11_TEN_GB,2022,11,GB,TEN,17.0,27.0,0
1430.6462034165445,1419.6429117664964,76.00329165004814,0.6076655815553257,1441.160776806738,1409.1283383763027,2022_11_CHI_ATL,2022,11,ATL,CHI,27.0,24.0,1
1581.3088633981658,1406.7194498344584,239.58941356370747,0.7988604823535972,1590.0077476520694,1398.0205655805548,2022_11_CAR_BAL,2022,11,BAL,CAR,13.0,3.0,1
1658.1425169451722,1460.0276839683527,263.11483297681957,0.8197435118934926,1665.217629784383,1452.952571129142,2022_11_CLE_BUF,2022,11,BUF,CLE,31.0,23.0,1
1339.9029785310754,1481.0777733221723,-76.17479479109693,0.39209907471689837,1319.900136334975,1501.0806155182727,2022_11_WAS_HOU,2022,11,HOU,WAS,10.0,23.0,0
1486.6676047152012,1589.4341868266426,-37.766582111441494,0.44586257904162696,1480.590952552184,1595.5108389896598,2022_11_PHI_IND,2022,11,IND,PHI,16.0,17.0,0
1544.4712542317634,1483.1243548757288,126.34689935603456,0.6742149606733738,1557.2844084364647,1470.3112006710276,2022_11_NYJ_NE,2022,11,NE,NYJ,10.0,3.0,1
1443.5309835384096,1451.3065665958702,57.22441694253939,0.5816158682228617,1460.489968585949,1434.3475815483307,2022_11_LA_NO,2022,11,NO,LA,27.0,20.0,1
1475.2882437005278,1386.7264284273438,153.56181527318404,0.707644819701144,1435.1352248925748,1426.8794472352968,2022_11_DET_NYG,2022,11,NYG,DET,18.0,31.0,0
1408.4975495641704,1417.6956878703563,55.80186169381409,0.5796218725232265,1385.3526494613616,1440.8405879731652,2022_11_LV_DEN,2022,11,DEN,LV,16.0,22.0,0
1618.6200927897094,1593.4030564800446,90.21703630966476,0.6269913201556286,1571.0548505540803,1640.9682987156737,2022_11_DAL_MIN,2022,11,MIN,DAL,3.0,40.0,0
1467.5517596517261,1547.0059747278951,-14.454215076169021,0.4792107048719845,1447.7520328538772,1566.805701525744,2022_11_CIN_PIT,2022,11,PIT,CIN,30.0,37.0,0
1473.76752511719,1689.6963615560342,-150.9288364388442,0.29550068122185436,1466.1004955770525,1697.3633910961717,2022_11_KC_LAC,2022,11,LAC,KC,27.0,30.0,0
1486.0100893441092,1570.4157713286395,-19.405681984530247,0.4721019835887011,1454.4939450190282,1601.9319156537206,2022_11_SF_ARI,2022,11,ARI,SF,10.0,38.0,0
1426.8794472352968,1665.217629784383,-173.33818254908624,0.26937127700182995,1419.9563601908767,1672.140716828803,2022_12_BUF_DET,2022,12,DET,BUF,25.0,28.0,0
1640.9682987156737,1435.1352248925748,270.83307382309886,0.8262156273146939,1647.7680720998517,1428.3354515083968,2022_12_NYG_DAL,2022,12,DAL,NYG,28.0,20.0,1
1571.0548505540803,1557.2844084364647,78.77044211761563,0.6114566024138349,1586.6553444595359,1541.6839145310091,2022_12_NE_MIN,2022,12,MIN,NE,33.0,26.0,1
1398.0205655805548,1385.3526494613616,77.66791611919325,0.6099477194040653,1417.9059466763754,1365.467268365541,2022_12_DEN_CAR,2022,12,CAR,DEN,23.0,10.0,1
1452.952571129142,1555.3816517187918,-37.42908058964986,0.4463426389966869,1474.87285526921,1533.4613675787236,2022_12_TB_CLE,2022,12,CLE,TB,23.0,17.0,1
1371.1251058709772,1590.0077476520694,-153.88264178109216,0.29197324884106224,1381.6786240998522,1579.4542294231944,2022_12_BAL_JAX,2022,12,JAX,BAL,28.0,27.0,1
1551.2543639404628,1319.900136334975,296.3542276054877,0.8463105112627092,1558.76498903263,1312.3895112428079,2022_12_HOU_MIA,2022,12,MIA,HOU,30.0,15.0,1
1470.3112006710276,1409.1283383763027,126.18286229472483,0.6740075177530799,1489.3711340971993,1390.068404950131,2022_12_CHI_NYJ,2022,12,NYJ,CHI,31.0,10.0,1
1621.5836234556484,1566.805701525744,119.77792192990432,0.6658550545440713,1598.9164742451246,1589.472850736268,2022_12_CIN_TEN,2022,12,TEN,CIN,16.0,20.0,0
1501.0806155182727,1441.160776806738,124.91983871153457,0.6724080063006903,1513.144877384716,1429.0965149402948,2022_12_ATL_WAS,2022,12,WAS,ATL,19.0,13.0,1
1454.4939450190282,1466.1004955770525,53.39344944197569,0.5762401021989757,1446.3068625326348,1474.2875780634458,2022_12_LAC_ARI,2022,12,ARI,LAC,24.0,25.0,0
1556.015838290758,1440.8405879731652,180.17525031759283,0.7383039950942346,1524.7192505822522,1472.137175681671,2022_12_LV_SEA,2022,12,SEA,LV,34.0,40.0,0
1697.3633910961717,1434.3475815483307,328.01580954784095,0.8685513905902703,1703.8453782437803,1427.865594400722,2022_12_LA_KC,2022,12,KC,LA,26.0,10.0,1
1601.9319156537206,1460.489968585949,206.44194706777148,0.7664503753815513,1613.2014322007064,1449.2204520389632,2022_12_NO_SF,2022,12,SF,NO,13.0,0.0,1
1595.5108389896598,1475.4892920249674,185.02154696469233,0.7436581674668806,1605.3447567038188,1465.6553743108084,2022_12_GB_PHI,2022,12,PHI,GB,40.0,33.0,1
1480.590952552184,1447.7520328538772,97.83891969830688,0.6371940437795085,1452.8574252810674,1475.4855601249938,2022_12_PIT_IND,2022,12,IND,PIT,17.0,24.0,0
1541.6839145310091,1672.140716828803,-65.45680229779396,0.40689901556263164,1520.2826102856923,1693.54202107412,2022_13_BUF_NE,2022,13,NE,BUF,10.0,24.0,0
1429.0965149402948,1475.4855601249938,18.610954815301056,0.5267577291112642,1414.3670855747123,1490.2149894905763,2022_13_PIT_ATL,2022,13,ATL,PIT,16.0,19.0,0
1579.4542294231944,1365.467268365541,278.9869610576534,0.8328522417175404,1581.51061453746,1363.4108832512754,2022_13_DEN_BAL,2022,13,BAL,DEN,10.0,9.0,1
1390.068404950131,1465.6553743108084,-10.586969360677358,0.4847688402475011,1367.8508912738027,1487.8728879871367,2022_13_GB_CHI,2022,13,CHI,GB,19.0,28.0,0
1419.9563601908767,1381.6786240998522,103.27773609102451,0.6444002958859139,1442.3452967154544,1359.2896875752745,2022_13_JAX_DET,2022,13,DET,JAX,40.0,14.0,1
1312.3895112428079,1474.87285526921,-97.48334402640216,0.3632792771134781,1294.0287892710553,1493.2335772409626,2022_13_CLE_HOU,2022,13,HOU,CLE,14.0,27.0,0
1586.6553444595359,1489.3711340971993,162.28421036233658,0.7179231562110492,1596.0692031148315,1479.9572754419037,2022_13_NYJ_MIN,2022,13,MIN,NYJ,27.0,22.0,1
1428.3354515083968,1513.144877384716,-19.80942587631921,0.4715227961105844,1428.3354515083968,1513.144877384716,2022_13_WAS_NYG,2022,13,NYG,WAS,20.0,20.0,0
1605.3447567038188,1598.9164742451246,71.42828245869418,0.601369407565344,1630.5034581166663,1573.7577728322772,2022_13_TEN_PHI,2022,13,PHI,TEN,35.0,10.0,1
1427.865594400722,1524.7192505822522,-31.85365618153014,0.4542869144500251,1413.4513654151453,1539.133479567829,2022_13_SEA_LA,2022,13,LA,SEA,23.0,27.0,0
1613.2014322007064,1558.76498903263,119.4364431680765,0.6654175571551281,1631.1840380876133,1540.782383145723,2022_13_MIA_SF,2022,13,SF,MIA,33.0,17.0,1
1589.472850736268,1703.8453782437803,-49.37252750751236,0.4294216690071003,1605.6558203345783,1687.66240864547,2022_13_KC_CIN,2022,13,CIN,KC,27.0,24.0,1
1472.137175681671,1474.2875780634458,62.84959761822506,0.5894740040873551,1488.7362689985691,1457.6884847465476,2022_13_LAC_LV,2022,13,LV,LAC,27.0,20.0,1
1647.7680720998517,1452.8574252810674,259.91064681878424,0.8170019451554823,1659.4978427838792,1441.12765459704,2022_13_IND_DAL,2022,13,DAL,IND,54.0,19.0,1
1533.4613675787236,1449.2204520389632,149.2409155397604,0.7024725358695895,1537.3239489545317,1445.3578706631552,2022_13_NO_TB,2022,13,TB,NO,17.0,16.0,1
1413.4513654151453,1488.7362689985691,-10.284903583423784,0.4852031558498601,1420.621485031794,1481.5661493819205,2022_14_LV_LA,2022,14,LA,LV,17.0,16.0,1
1693.54202107412,1479.9572754419037,278.58474563221625,0.8325296764773835,1700.074247218309,1473.4250492977146,2022_14_NYJ_BUF,2022,14,BUF,NYJ,20.0,12.0,1
1605.6558203345783,1493.2335772409626,177.42224309361563,0.7352305215985143,1618.5877430189907,1480.3016545565501,2022_14_CLE_CIN,2022,14,CIN,CLE,23.0,10.0,1
1659.4978427838792,1294.0287892710553,430.46905351282385,0.9225835795284011,1661.5819823282557,1291.9446497266788,2022_14_HOU_DAL,2022,14,DAL,HOU,27.0,23.0,1
1442.3452967154544,1596.0692031148315,-88.72390639937703,0.3750210384620173,1474.7108564910168,1563.703643339269,2022_14_MIN_DET,2022,14,DET,MIN,34.0,23.0,1
1428.3354515083968,1630.5034581166663,-137.16800660826948,0.312254022853693,1408.960684287787,1649.878225337276,2022_14_PHI_NYG,2022,14,NYG,PHI,22.0,48.0,0
1490.2149894905763,1581.51061453746,-26.295625046883742,0.46222964482577084,1480.178725150709,1591.5468788773273,2022_14_BAL_PIT,2022,14,PIT,BAL,14.0,16.0,0
1573.7577728322772,1359.2896875752745,279.4680852570027,0.8332374370030653,1522.0618094239649,1410.9856509835868,2022_14_JAX_TEN,2022,14,TEN,JAX,22.0,36.0,0
1363.4108832512754,1687.66240864547,-259.25152539419446,0.18356600842213328,1357.0199427454525,1694.0533491512929,2022_14_KC_DEN,2022,14,DEN,KC,28.0,34.0,0
1539.133479567829,1417.9059466763754,186.22753289145362,0.7449793262992697,1507.4590150269569,1449.5804112172475,2022_14_CAR_SEA,2022,14,SEA,CAR,24.0,30.0,0
1631.1840380876133,1537.3239489545317,158.8600891330816,0.7139144372359686,1649.1531953029626,1519.3547917391825,2022_14_TB_SF,2022,14,SF,TB,35.0,7.0,1
1457.6884847465476,1540.782383145723,-18.093898399175487,0.47398430239278944,1478.329835209133,1520.1410326831376,2022_14_MIA_LAC,2022,14,LAC,MIA,23.0,17.0,1
1446.3068625326348,1520.2826102856923,-8.975747753057476,0.48708573354968127,1420.0330044870957,1546.5564683312314,2022_14_NE_ARI,2022,14,ARI,NE,13.0,27.0,0
1507.4590150269569,1649.1531953029626,-76.69418027600568,0.3913866586238225,1490.8391135518793,1665.77309677804,2022_15_SF_SEA,2022,15,SEA,SF,13.0,21.0,0
1563.703643339269,1441.12765459704,187.57598874222913,0.7464512482677266,1570.1812177008485,1434.6500802354606,2022_15_IND_MIN,2022,15,MIN,IND,39.0,36.0,1
1480.3016545565501,1591.5468788773273,-46.2452243207772,0.4338380376897818,1508.0366004144817,1563.8119330193958,2022_15_BAL_CLE,2022,15,CLE,BAL,13.0,3.0,1
1700.074247218309,1520.1410326831376,244.93321453517137,0.8037578870761832,1704.9701562965206,1515.245123604926,2022_15_MIA_BUF,2022,15,BUF,MIA,32.0,29.0,1
1449.5804112172475,1480.178725150709,34.40168606653856,0.5493468429634694,1425.0561545297014,1504.702981838255,2022_15_PIT_CAR,2022,15,CAR,PIT,16.0,24.0,0
1367.8508912738027,1649.878225337276,-217.0273340634733,0.22281964546186897,1360.5830689456761,1657.1460476654026,2022_15_PHI_CHI,2022,15,CHI,PHI,20.0,25.0,0
1291.9446497266788,1694.0533491512929,-337.1086994246141,0.12558704321903907,1287.7064519348426,1698.291546943129,2022_15_KC_HOU,2022,15,HOU,KC,24.0,30.0,0
1410.9856509835868,1661.5819823282557,-185.5963313446689,0.25571159667473137,1442.6208235843947,1629.9468097274478,2022_15_DAL_JAX,2022,15,JAX,DAL,40.0,34.0,1
1445.3578706631552,1414.3670855747123,95.99078508844286,0.6347310367186577,1455.061870141123,1404.6630860967443,2022_15_ATL_NO,2022,15,NO,ATL,21.0,18.0,1
1473.4250492977146,1474.7108564910168,63.71419280669784,0.5906778740604225,1456.5595391937743,1491.576366594957,2022_15_DET_NYJ,2022,15,NYJ,DET,17.0,20.0,0
1357.0199427454525,1420.0330044870957,1.9869382583567585,0.5028594028363761,1379.8934550100105,1397.1594922225377,2022_15_ARI_DEN,2022,15,DEN,ARI,24.0,15.0,1
1481.5661493819205,1546.5564683312314,0.009681050689096082,0.5000139321518722,1501.024623031582,1527.0979946815698,2022_15_NE_LV,2022,15,LV,NE,30.0,24.0,1
1478.329835209133,1522.0618094239649,21.26802578516822,0.5305689764000096,1491.2206080602573,1509.1710365728406,2022_15_TEN_LAC,2022,15,LAC,TEN,17.0,14.0,1
1519.3547917391825,1618.5877430189907,-34.232951279808276,0.45089363216079476,1497.289564517683,1640.6529702404903,2022_15_CIN_TB,2022,15,TB,CIN,23.0,34.0,0
1513.144877384716,1408.960684287787,169.184193096929,0.7258966655633965,1478.5882467412698,1443.5173149312332,2022_15_NYG_WAS,2022,15,WAS,NYG,12.0,20.0,0
1487.8728879871367,1420.621485031794,132.25140295534266,0.6816359704132482,1503.2785406247883,1405.2158323941424,2022_15_LA_GB,2022,15,GB,LA,24.0,12.0,1
1456.5595391937743,1442.6208235843947,78.93871560937964,0.6116867093219406,1420.608803475099,1478.57155930307,2022_16_JAX_NYJ,2022,16,NYJ,JAX,3.0,19.0,0
1563.8119330193958,1404.6630860967443,224.1488469226515,0.7841987217674414,1572.4183395154423,1396.0566796006979,2022_16_ATL_BAL,2022,16,BAL,ATL,17.0,9.0,1
1425.0561545297014,1491.576366594957,-1.5202120652556914,0.497812252936816,1452.2739547674441,1464.3585663572144,2022_16_DET_CAR,2022,16,CAR,DET,37.0,23.0,1
1360.5830689456761,1704.9701562965206,-279.38708735084447,0.16682736139977672,1351.3002126730755,1714.2530125691212,2022_16_BUF_CHI,2022,16,CHI,BUF,13.0,35.0,0
1508.0366004144817,1455.061870141123,117.97473027335855,0.6635416233205522,1478.8770000993068,1484.221470456298,2022_16_NO_CLE,2022,16,CLE,NO,10.0,17.0,0
1698.291546943129,1490.8391135518793,272.45243339124977,0.8275500128708067,1706.602380957488,1482.5282795375203,2022_16_SEA_KC,2022,16,KC,SEA,24.0,10.0,1
1570.1812177008485,1443.5173149312332,191.66390276961533,0.7508790589965404,1576.5347935671741,1437.1637390649075,2022_16_NYG_MIN,2022,16,MIN,NYG,27.0,24.0,1
1527.0979946815698,1640.6529702404903,-48.55497555892043,0.4305751588136145,1513.5375989339466,1654.2133659881135,2022_16_CIN_NE,2022,16,NE,CIN,18.0,22.0,0
1509.1710365728406,1287.7064519348426,286.4645846379981,0.8387589225505547,1474.6142752441315,1322.2632132635517,2022_16_HOU_TEN,2022,16,TEN,HOU,14.0,19.0,0
1665.77309677804,1478.5882467412698,252.18485003677029,0.8102588040763448,1675.6135434050364,1468.7478001142736,2022_16_WAS_SF,2022,16,SF,WAS,37.0,20.0,1
1629.9468097274478,1657.1460476654026,37.80076206204512,0.5541860326801529,1647.0040086011995,1640.088848791651,2022_16_PHI_DAL,2022,16,DAL,PHI,40.0,34.0,1
1504.702981838255,1501.024623031582,68.67835880667303,0.597568593174787,1515.5229771300349,1490.2046277398022,2022_16_LV_PIT,2022,16,PIT,LV,13.0,10.0,1
1515.245123604926,1503.2785406247883,76.96658298013767,0.6089867983283977,1490.6852284999584,1527.838435729756,2022_16_GB_MIA,2022,16,MIA,GB,20.0,26.0,0
1405.2158323941424,1379.8934550100105,90.32237738413187,0.6271331280642736,1431.2727565159823,1353.8365308881705,2022_16_DEN_LA,2022,16,LA,DEN,51.0,14.0,1
1397.1594922225377,1497.289564517683,-35.13007229514528,0.4496153514872016,1384.889438544998,1509.5596181952226,2022_16_TB_ARI,2022,16,ARI,TB,16.0,19.0,0
1434.6500802354606,1491.2206080602573,8.429472175203273,0.5121286058938354,1404.9313694916907,1520.9393188040272,2022_16_LAC_IND,2022,16,IND,LAC,3.0,20.0,0
1474.6142752441315,1647.0040086011995,-107.38973335706805,0.3501943577768295,1456.5301470880283,1665.0881367573027,2022_17_DAL_TEN,2022,17,TEN,DAL,13.0,27.0,0
1396.0566796006979,1384.889438544998,76.16724105569983,0.6078905607886237,1401.3105731124535,1379.6355450332424,2022_17_ARI_ATL,2022,17,ATL,ARI,20.0,19.0,1
1464.3585663572144,1351.3002126730755,178.05835368413886,0.7359427271680656,1481.2911709987172,1334.3676080315727,2022_17_CHI_DET,2022,17,DET,CHI,41.0,10.0,1
1322.2632132635517,1478.57155930307,-91.30834603951826,0.37154064475938525,1298.2385813535886,1502.596191213033,2022_17_JAX_HOU,2022,17,HOU,JAX,3.0,31.0,0
1706.602380957488,1353.8365308881705,417.7658500693176,0.9171966627425533,1708.5317938493363,1351.9071179963223,2022_17_DEN_KC,2022,17,KC,DEN,27.0,24.0,1
1513.5375989339466,1490.6852284999584,87.8523704339882,0.6238023488581178,1521.4860995389497,1482.7367278949553,2022_17_MIA_NE,2022,17,NE,MIA,23.0,21.0,1
1437.1637390649075,1404.9313694916907,97.23236957321683,0.636386481257002,1460.615153589059,1381.4799549675392,2022_17_IND_NYG,2022,17,NYG,IND,38.0,10.0,1
1640.088848791651,1484.221470456298,220.8673783353529,0.780984847651695,1598.4546128805755,1525.8557063673734,2022_17_NO_PHI,2022,17,PHI,NO,10.0,20.0,0
1509.5596181952226,1452.2739547674441,122.28566342777845,0.669059161286975,1521.761032717531,1440.0725402451358,2022_17_CAR_TB,2022,17,TB,CAR,30.0,24.0,1
1468.7478001142736,1478.8770000993068,54.87080001496679,0.578315390741523,1436.624460947012,1511.0003392665683,2022_17_CLE_WAS,2022,17,WAS,CLE,10.0,24.0,0
1490.2046277398022,1675.6135434050364,-120.40891566523419,0.33333727665034696,1481.4421386416623,1684.3760325031762,2022_17_SF_LV,2022,17,LV,SF,34.0,37.0,0
1482.5282795375203,1420.608803475099,126.91947606242138,0.6749385117522818,1500.2943158849555,1402.8427671276638,2022_17_NYJ_SEA,2022,17,SEA,NYJ,23.0,6.0,1
1527.838435729756,1576.5347935671741,16.30364216258181,0.5234456204354997,1558.2921384927995,1546.0810908041306,2022_17_MIN_GB,2022,17,GB,MIN,41.0,17.0,1
1520.9393188040272,1431.2727565159823,154.66656228804482,0.7089587432263885,1537.7499022514094,1414.4621730686001,2022_17_LA_LAC,2022,17,LAC,LA,31.0,10.0,1
1572.4183395154423,1515.5229771300349,121.89536238540745,0.6685614985748632,1552.794585819188,1535.1467308262893,2022_17_PIT_BAL,2022,17,BAL,PIT,13.0,16.0,0
1481.4421386416623,1708.5317938493363,-162.089655207674,0.28230369954277323,1465.9584144473592,1724.0155180436393,2022_18_KC_LV,2022,18,LV,KC,13.0,31.0,0
1502.596191213033,1456.5301470880283,111.06604412500474,0.6546059571139344,1513.179693067325,1445.9466452337365,2022_18_TEN_JAX,2022,18,JAX,TEN,20.0,16.0,1
1401.3105731124535,1521.761032717531,-55.45045960507741,0.4208710909248144,1432.668017645184,1490.4035881848006,2022_18_TB_ATL,2022,18,ATL,TB,30.0,17.0,1
1714.2530125691212,1521.4860995389497,257.7669130301715,0.8151497240319955,1722.7411202649773,1512.9979918430936,2022_18_NE_BUF,2022,18,BUF,NE,35.0,23.0,1
1334.3676080315727,1546.0810908041306,-146.71348277255788,0.30057722131667103,1318.400437933204,1562.0482609024991,2022_18_MIN_CHI,2022,18,CHI,MIN,13.0,29.0,0
1654.2133659881135,1552.794585819188,166.41878016892565,0.7227178878411392,1667.0246602046645,1539.9832916026369,2022_18_BAL_CIN,2022,18,CIN,BAL,27.0,16.0,1
1381.4799549675392,1298.2385813535886,148.2413736139506,0.7012685589324577,1371.055910930252,1308.662625390876,2022_18_HOU_IND,2022,18,IND,HOU,31.0,32.0,0
1482.7367278949553,1402.8427671276638,144.89396076729145,0.6972162328510948,1492.9165869434912,1392.6629080791279,2022_18_NYJ_MIA,2022,18,MIA,NYJ,11.0,6.0,1
1525.8557063673734,1440.0725402451358,150.78316612223762,0.7043247203699076,1504.8907892475322,1461.037457364977,2022_18_CAR_NO,2022,18,NO,CAR,7.0,10.0,0
1535.1467308262893,1511.0003392665683,89.146391559721,0.6255488055490498,1554.6375925692018,1491.5094775236557,2022_18_CLE_PIT,2022,18,PIT,CLE,28.0,14.0,1
1351.9071179963223,1537.7499022514094,-120.84278425508705,0.3327824938347417,1371.4815079534874,1518.1755122942443,2022_18_LAC_DEN,2022,18,DEN,LAC,31.0,28.0,1
1598.4546128805755,1460.615153589059,202.8394592915165,0.7627177694404519,1606.9096578272686,1452.160108642366,2022_18_NYG_PHI,2022,18,PHI,NYG,22.0,16.0,1
1500.2943158849555,1414.4621730686001,150.83214281635537,0.7043834298307915,1507.96466774882,1406.7918212047357,2022_18_LA_SEA,2022,18,SEA,LA,19.0,16.0,1
1684.3760325031762,1379.6355450332424,369.7404874699339,0.8936327660636022,1690.3098641903928,1373.7017133460258,2022_18_ARI_SF,2022,18,SF,ARI,38.0,13.0,1
1436.624460947012,1665.0881367573027,-163.46367581029062,0.28070393228437596,1483.938212057983,1617.7743856463317,2022_18_DAL_WAS,2022,18,WAS,DAL,26.0,6.0,1
1558.2921384927995,1481.2911709987172,142.00096749408226,0.6936890998226198,1534.4224578764563,1505.1608516150604,2022_18_DET_GB,2022,18,GB,DET,16.0,20.0,0
1649.4183505351075,1503.4422880272455,210.97606250786203,0.771089939317306,1637.5949292468385,1515.2657093155144,2023_01_DET_KC,2023,1,KC,DET,20.0,21.0,0
1455.0895677693377,1474.0119840624398,46.07758370689794,0.5659249172275899,1478.1172109121144,1450.984340919663,2023_01_CAR_ATL,2023,1,ATL,CAR,24.0,10.0,1
1526.668855498959,1372.3779711357142,219.2908843632447,0.7794286289309079,1538.0344722828806,1361.0123543517925,2023_01_HOU_BAL,2023,1,BAL,HOU,25.0,9.0,1
1494.3368215082783,1611.4054483565112,-52.06862684823295,0.42562321690318433,1530.706052802433,1575.0362170623564,2023_01_CIN_CLE,2023,1,CLE,CIN,24.0,3.0,1
1413.994292590478,1508.7908552759059,-29.796562685427944,0.4572241204038971,1392.3597967301732,1530.4253511362106,2023_01_JAX_IND,2023,1,IND,JAX,21.0,31.0,0
1541.386190021967,1493.5991933192622,112.78699670270476,0.6568423658769387,1522.1905534832238,1512.7948298580054,2023_01_TB_MIN,2023,1,MIN,TB,17.0,20.0,0
1503.262156428104,1463.9464123709022,104.31574405720175,0.6457683322917047,1507.950544303894,1459.258024495112,2023_01_TEN_NO,2023,1,NO,TEN,16.0,15.0,1
1536.4432742436577,1626.936679414992,-25.493405171334416,0.46337774227809964,1507.3278727627053,1656.0520808959445,2023_01_SF_PIT,2023,1,PIT,SF,7.0,30.0,0
1489.2867874426747,1415.7590428017993,138.52774464087543,0.6894244220299789,1498.691633241186,1406.354197003288,2023_01_ARI_WAS,2023,1,WAS,ARI,20.0,16.0,1
1378.8730921014471,1522.9597794035963,-79.08668730214913,0.3881109867578491,1356.8108153759254,1545.022056129118,2023_01_GB_CHI,2023,1,CHI,GB,20.0,38.0,0
1414.2781658049762,1477.2942624363886,1.983903368587562,0.5028550354215344,1407.3008228160202,1484.2716054253447,2023_01_LV_DEN,2023,1,DEN,LV,16.0,17.0,0
1512.123066700261,1495.2753634913088,81.84770320895223,0.6156566796244627,1498.0729949590213,1509.3254352325484,2023_01_MIA_LAC,2023,1,LAC,MIA,34.0,36.0,0
1508.6696605593434,1571.3087417707882,2.360918788555182,0.5033975829600877,1490.6109332070093,1589.3674691231222,2023_01_PHI_NE,2023,1,NE,PHI,20.0,25.0,0
1505.312433388463,1437.8301447435588,132.4822886449042,0.6819243233059618,1463.3661656741115,1479.7764124579103,2023_01_LA_SEA,2023,1,SEA,LA,13.0,30.0,0
1468.090792464458,1578.5555152261034,-45.46472276164536,0.4349419286436805,1436.4410943235848,1610.2052133669765,2023_01_DAL_NYG,2023,1,NYG,DAL,0.0,40.0,0
1428.4061596887782,1648.56832721674,-155.16216752796186,0.2904529443944529,1458.1158271115992,1618.858659793919,2023_01_BUF_NYJ,2023,1,NYJ,BUF,22.0,16.0,1
1589.3674691231222,1522.1905534832238,132.17691563989843,0.6815429135666121,1601.058825119504,1510.499197486842,2023_02_MIN_PHI,2023,2,PHI,MIN,34.0,28.0,1
1478.1172109121144,1545.022056129118,-1.9048452170036398,0.497258734840563,1485.0927243918097,1538.0465426494227,2023_02_GB_ATL,2023,2,ATL,GB,25.0,24.0,1
1618.858659793919,1484.2716054253447,199.5870543685744,0.7593127619490855,1633.7197442409074,1469.4105209783563,2023_02_LV_BUF,2023,2,BUF,LV,38.0,10.0,1
1575.0362170623564,1538.0344722828806,102.00174477947576,0.6427153752074009,1556.3499866413008,1556.7207027039362,2023_02_BAL_CIN,2023,2,CIN,BAL,24.0,27.0,0
1515.2657093155144,1463.3661656741115,116.89954364140294,0.662158447148129,1488.0495292696476,1490.5823457199783,2023_02_SEA_DET,2023,2,DET,SEA,31.0,37.0,0
1361.0123543517925,1392.3597967301732,33.65255762161928,0.5482790358970417,1333.340626075029,1420.0315250069368,2023_02_IND_HOU,2023,2,HOU,IND,20.0,31.0,0
1530.4253511362106,1637.5949292468385,-42.16957811062798,0.43960935821220426,1511.470272175318,1656.550008207731,2023_02_KC_JAX,2023,2,JAX,KC,9.0,17.0,0
1512.7948298580054,1356.8108153759254,220.98401448208006,0.7810996692769759,1522.3345884293356,1347.2710568045952,2023_02_CHI_TB,2023,2,TB,CHI,27.0,17.0,1
1459.258024495112,1498.0729949590213,26.185029536090724,0.5376120998690244,1471.9273453845574,1485.403674069576,2023_02_LAC_TEN,2023,2,TEN,LAC,27.0,24.0,1
1406.354197003288,1436.4410943235848,34.913102679703115,0.5500755553959136,1390.856928866162,1451.9383624607108,2023_02_NYG_ARI,2023,2,ARI,NYG,28.0,31.0,0
1479.7764124579103,1656.0520808959445,-111.27566843803424,0.34512126379508995,1466.1142525880528,1669.714240765802,2023_02_SF_LA,2023,2,LA,SF,23.0,30.0,0
1610.2052133669765,1458.1158271115992,217.08938625537735,0.7772422053088318,1622.5508091694105,1445.7702313091652,2023_02_NYJ_DAL,2023,2,DAL,NYJ,30.0,10.0,1
1407.3008228160202,1498.691633241186,-26.39081042516591,0.46209344655552165,1397.2679446676927,1508.7245113895135,2023_02_WAS_DEN,2023,2,DEN,WAS,33.0,35.0,0
1490.6109332070093,1509.3254352325484,46.285497974460895,0.5662189050527393,1466.5564724524725,1533.3798959870853,2023_02_MIA_NE,2023,2,NE,MIA,17.0,24.0,0
1450.984340919663,1507.950544303894,8.033796615769006,0.511559502570709,1436.7489159762351,1522.185969247322,2023_02_NO_CAR,2023,2,CAR,NO,17.0,20.0,0
1507.3278727627053,1530.706052802433,41.621819960272205,0.5596137067714207,1521.2401541143572,1516.7937714507812,2023_02_CLE_PIT,2023,2,PIT,CLE,26.0,22.0,1
1669.714240765802,1451.9383624607108,282.7758783050913,0.8358665020369754,1678.2789957362927,1443.3736074902201,2023_03_NYG_SF,2023,3,SF,NYG,30.0,12.0,1
1556.7207027039362,1420.0315250069368,201.68917769699942,0.7615173209888677,1533.4759527517367,1443.2762749591363,2023_03_IND_BAL,2023,3,BAL,IND,19.0,22.0,0
1516.7937714507812,1471.9273453845574,109.86642606622377,0.6530429689881925,1538.0676034865724,1450.6535133487662,2023_03_TEN_CLE,2023,3,CLE,TEN,27.0,3.0,1
1488.0495292696476,1485.0927243918097,67.95680487783784,0.5965693307949518,1509.2450221075003,1463.897231553957,2023_03_ATL_DET,2023,3,DET,ATL,20.0,6.0,1
1538.0465426494227,1522.185969247322,80.86057340210073,0.6143112151302538,1543.2037715763627,1517.028740320382,2023_03_NO_GB,2023,3,GB,NO,18.0,17.0,1
1511.470272175318,1333.340626075029,243.12964610028916,0.8021151288398544,1456.5608960324148,1388.2500022179322,2023_03_HOU_JAX,2023,3,JAX,HOU,17.0,37.0,0
1533.3798959870853,1397.2679446676927,201.11195131939257,0.7609133506027067,1550.6061101605394,1380.0417304942387,2023_03_DEN_MIA,2023,3,MIA,DEN,70.0,20.0,1
1510.499197486842,1485.403674069576,90.0955234172659,0.6268277149627418,1489.4608172142835,1506.4420543421345,2023_03_LAC_MIN,2023,3,MIN,LAC,24.0,28.0,0
1445.7702313091652,1466.5564724524725,44.21375885669272,0.5632874468603227,1425.1707273824416,1487.155976379196,2023_03_NE_NYJ,2023,3,NYJ,NE,10.0,15.0,0
1508.7245113895135,1633.7197442409074,-59.995232851393894,0.41450798122109245,1480.0325541907962,1662.4117014396247,2023_03_BUF_WAS,2023,3,WAS,BUF,3.0,37.0,0
1490.5823457199783,1436.7489159762351,118.83342974374318,0.6646442908451623,1505.841098596504,1421.4901630997094,2023_03_CAR_SEA,2023,3,SEA,CAR,37.0,27.0,1
1390.856928866162,1622.5508091694105,-166.69388030324853,0.2769648750967116,1430.9886789688242,1582.4190590667483,2023_03_DAL_ARI,2023,3,ARI,DAL,28.0,16.0,1
1656.550008207731,1347.2710568045952,374.2789514031358,0.8960906630361732,1662.7052782340954,1341.1157867782308,2023_03_CHI_KC,2023,3,KC,CHI,41.0,10.0,1
1469.4105209783563,1521.2401541143572,13.170366863999106,0.5189446081093326,1450.7020437994283,1539.9486312932852,2023_03_PIT_LV,2023,3,LV,PIT,18.0,23.0,0
1522.3345884293356,1601.058825119504,-13.724236690168482,0.48025950217089813,1496.4845118594073,1626.9089016894322,2023_03_PHI_TB,2023,3,TB,PHI,11.0,25.0,0
1556.3499866413008,1466.1142525880528,155.23573405324805,0.7096343234769277,1563.8700072256922,1458.5942320036613,2023_03_LA_CIN,2023,3,CIN,LA,19.0,16.0,1
1543.2037715763627,1509.2450221075003,98.95874946886238,0.6386829536343309,1506.9827968448662,1545.4659968389967,2023_04_DET_GB,2023,4,GB,DET,20.0,34.0,0
1456.5608960324148,1463.897231553957,57.663664478457804,0.5822310261666663,1479.6288403860797,1440.8292872002921,2023_04_ATL_JAX,2023,4,JAX,ATL,23.0,7.0,1
1662.4117014396247,1550.6061101605394,176.80559127908532,0.7345389303452321,1678.9595344095114,1534.0582771906527,2023_04_MIA_BUF,2023,4,BUF,MIA,48.0,20.0,1
1421.4901630997094,1489.4608172142835,-2.9706541145740175,0.49572498925100555,1399.735156227649,1511.215824086344,2023_04_MIN_CAR,2023,4,CAR,MIN,13.0,21.0,0
1341.1157867782308,1380.0417304942387,26.07405628399215,0.537453296421509,1326.035690347477,1395.1218269249925,2023_04_DEN_CHI,2023,4,CHI,DEN,28.0,31.0,0
1538.0676034865724,1533.4759527517367,69.59165073483564,0.5988322269725299,1497.7718822113407,1573.7716740269684,2023_04_BAL_CLE,2023,4,CLE,BAL,3.0,28.0,0
1388.2500022179322,1539.9486312932852,-86.69862907535298,0.3777575013057603,1429.9518342460585,1498.2467992651589,2023_04_PIT_HOU,2023,4,HOU,PIT,30.0,6.0,1
1443.2762749591363,1458.5942320036613,49.682042955475026,0.5710148292688338,1420.5399553802633,1481.3305515825343,2023_04_LA_IND,2023,4,IND,LA,23.0,29.0,0
1517.028740320382,1496.4845118594073,85.54422846097464,0.6206792202145347,1479.6972797286692,1533.8159724511202,2023_04_TB_NO,2023,4,NO,TB,9.0,26.0,0
1626.9089016894322,1480.0325541907962,211.87634749863605,0.7720034106793695,1632.674992063067,1474.2664638171614,2023_04_WAS_PHI,2023,4,PHI,WAS,34.0,31.0,1
1450.6535133487662,1563.8700072256922,-48.21649387692605,0.4310529463997646,1488.1016469993444,1526.421873575114,2023_04_CIN_TEN,2023,4,TEN,CIN,27.0,3.0,1
1506.4420543421345,1450.7020437994283,120.74001054270616,0.6670861324143942,1519.567219853227,1437.5768782883358,2023_04_LV_LAC,2023,4,LAC,LV,24.0,17.0,1
1582.4190590667483,1487.155976379196,160.26308268755224,0.7155610878825612,1601.4206942568503,1468.154341189094,2023_04_NE_DAL,2023,4,DAL,NE,38.0,3.0,1
1678.2789957362927,1430.9886789688242,312.29031676746854,0.8578672113475663,1685.73627019506,1423.531404510057,2023_04_ARI_SF,2023,4,SF,ARI,35.0,16.0,1
1425.1707273824416,1662.7052782340954,-172.53455085165388,0.2702827076023839,1418.221862799539,1669.654142816998,2023_04_KC_NYJ,2023,4,NYJ,KC,20.0,23.0,0
1443.3736074902201,1505.841098596504,2.5325088937161127,0.503644508720557,1412.2019934286257,1537.0127126580985,2023_04_SEA_NYG,2023,4,NYG,SEA,3.0,24.0,0
1474.2664638171614,1326.035690347477,213.23077346968444,0.7733728295183739,1422.121383435844,1378.1807707287942,2023_05_CHI_WAS,2023,5,WAS,CHI,20.0,40.0,0
1678.9595344095114,1479.6288403860797,264.33069402343176,0.8207754079282149,1645.5303672434754,1513.0580075521157,2023_05_JAX_BUF,2023,5,BUF,JAX,20.0,25.0,0
1440.8292872002921,1429.9518342460585,75.8774529542336,0.6074928686430532,1449.166018566434,1421.6151028799165,2023_05_HOU_ATL,2023,5,ATL,HOU,21.0,19.0,1
1545.4659968389967,1399.735156227649,210.73084061134773,0.7708406802221394,1557.7812696093786,1387.4198834572671,2023_05_CAR_DET,2023,5,DET,CAR,42.0,24.0,1
1420.5399553802633,1488.1016469993444,-2.5616916190811025,0.4963134962188119,1441.512108264766,1467.1294941148417,2023_05_TEN_IND,2023,5,IND,TEN,23.0,16.0,1
1534.0582771906527,1412.2019934286257,186.85628376202703,0.7456663449480623,1547.0574492200426,1399.2028213992357,2023_05_NYG_MIA,2023,5,MIA,NYG,31.0,16.0,1
1468.154341189094,1479.6972797286692,53.45706146042494,0.576329516313167,1426.1527172570432,1521.6989036607201,2023_05_NO_NE,2023,5,NE,NO,0.0,34.0,0
1498.2467992651589,1573.7716740269684,-10.524874761809542,0.4848581191205911,1519.773934350149,1552.2445389419784,2023_05_BAL_PIT,2023,5,PIT,BAL,17.0,10.0,1
1423.531404510057,1526.421873575114,-37.890469065057005,0.4456863883385148,1399.801284680195,1550.1519934049759,2023_05_CIN_ARI,2023,5,ARI,CIN,20.0,34.0,0
1481.3305515825343,1632.674992063067,-86.34444048053274,0.37823687162633496,1464.5699126606246,1649.4356309849768,2023_05_PHI_LA,2023,5,LA,PHI,14.0,23.0,0
1395.1218269249925,1418.221862799539,41.89996412545361,0.5600082605837308,1367.743572862523,1445.6001168620085,2023_05_NYJ_DEN,2023,5,DEN,NYJ,21.0,31.0,0
1511.215824086344,1669.654142816998,-93.43831873065415,0.368682236044856,1496.5074542792336,1684.3625126241084,2023_05_KC_MIN,2023,5,MIN,KC,20.0,27.0,0
1685.73627019506,1601.4206942568503,149.31557593820958,0.7025623541247931,1705.2141519640486,1581.9428124878616,2023_05_DAL_SF,2023,5,SF,DAL,42.0,10.0,1
1437.5768782883358,1506.9827968448662,-4.405918556530423,0.49365971337242426,1453.9080496438526,1490.6516254893495,2023_05_GB_LV,2023,5,LV,GB,17.0,13.0,1
1684.3625126241084,1367.743572862523,381.61893976158535,0.8999595491967524,1688.5993935267393,1363.5066919598921,2023_06_DEN_KC,2023,6,KC,DEN,19.0,8.0,1
1467.1294941148417,1552.2445389419784,-20.11504482713667,0.4710844238541472,1446.6154922993994,1572.7585407574206,2023_06_BAL_TEN,2023,6,TEN,BAL,16.0,24.0,0
1449.166018566434,1422.121383435844,92.04463513059,0.6294484787990628,1420.297406641971,1450.9899953603071,2023_06_WAS_ATL,2023,6,ATL,WAS,16.0,24.0,0
1378.1807707287942,1496.5074542792336,-53.326683550439384,0.42385375042176665,1362.0755259322884,1512.6126990757393,2023_06_MIN_CHI,2023,6,CHI,MIN,13.0,19.0,0
1550.1519934049759,1537.0127126580985,78.13928074687738,0.6105930738538657,1562.2565895227058,1524.9081165403686,2023_06_SEA_CIN,2023,6,CIN,SEA,17.0,13.0,1
1497.7718822113407,1705.2141519640486,-142.44226975270794,0.3057713829707522,1514.0816437594438,1688.9043904159455,2023_06_SF_CLE,2023,6,CLE,SF,19.0,17.0,1
1421.6151028799165,1521.6989036607201,-35.083800780803585,0.44968126624785343,1444.8731153645706,1498.440891176066,2023_06_NO_HOU,2023,6,HOU,NO,20.0,13.0,1
1513.0580075521157,1441.512108264766,136.54589928734958,0.6869764060649767,1530.095635810392,1424.4744800064898,2023_06_IND_JAX,2023,6,JAX,IND,37.0,20.0,1
1547.0574492200426,1387.4198834572671,224.63756576277547,0.7846744375291542,1559.1357657605088,1375.341566916801,2023_06_CAR_MIA,2023,6,MIA,CAR,42.0,21.0,1
1453.9080496438526,1426.1527172570432,92.75533238680941,0.6304021937341756,1465.3236452757021,1414.7371216251936,2023_06_NE_LV,2023,6,LV,NE,21.0,17.0,1
1464.5699126606246,1399.801284680195,129.76862798042953,0.6785264672181421,1482.1183646364102,1382.2528327044095,2023_06_ARI_LA,2023,6,LA,ARI,26.0,9.0,1
1445.6001168620085,1649.4356309849768,-138.83551412296833,0.3101963595886827,1474.2543170546066,1620.7814307923786,2023_06_PHI_NYJ,2023,6,NYJ,PHI,20.0,14.0,1
1533.8159724511202,1557.7812696093786,41.03470284174159,0.558780621084282,1502.976633387724,1588.6206086727748,2023_06_DET_TB,2023,6,TB,DET,6.0,20.0,0
1645.5303672434754,1399.2028213992357,311.3275458442397,0.8571901093255014,1650.013558960506,1394.719629682205,2023_06_NYG_BUF,2023,6,BUF,NYG,14.0,9.0,1
1519.567219853227,1581.9428124878616,2.624407365365414,0.5037767539677646,1505.5828802948436,1595.927152046245,2023_06_DAL_LAC,2023,6,LAC,DAL,17.0,20.0,0
1498.440891176066,1530.095635810392,33.34525536567412,0.5478408783348349,1475.306178240244,1553.230348746214,2023_07_JAX_NO,2023,7,NO,JAX,24.0,31.0,0
1572.7585407574206,1588.6206086727748,49.137932084645854,0.5702474164978106,1602.154629809561,1559.2245196206345,2023_07_DET_BAL,2023,7,BAL,DET,38.0,6.0,1
1362.0755259322884,1465.3236452757021,-38.24811934341369,0.44517781865864836,1395.3264106254308,1432.0727605825598,2023_07_LV_CHI,2023,7,CHI,LV,30.0,12.0,1
1424.4744800064898,1514.0816437594438,-24.607163752953966,0.4646465382682917,1418.1043614970142,1520.4517622689193,2023_07_CLE_IND,2023,7,IND,CLE,38.0,39.0,0
1414.7371216251936,1650.013558960506,-170.2764373353125,0.2728540919297983,1440.1066021836477,1624.644078402052,2023_07_BUF_NE,2023,7,NE,BUF,29.0,25.0,1
1394.719629682205,1450.9899953603071,8.729634321897947,0.5125603106167931,1414.9115545924888,1430.7980704500235,2023_07_WAS_NYG,2023,7,NYG,WAS,14.0,7.0,1
1502.976633387724,1420.297406641971,147.67922674575289,0.7005902096595371,1482.1544169634662,1441.1196230662288,2023_07_ATL_TB,2023,7,TB,ATL,13.0,16.0,0
1482.1183646364102,1519.773934350149,27.344430286261286,0.5392707475782028,1459.4084567910159,1542.4838421955433,2023_07_PIT_LA,2023,7,LA,PIT,17.0,24.0,0
1524.9081165403686,1382.2528327044095,207.65528383595915,0.7676983076780209,1535.0879566027531,1372.072992642025,2023_07_ARI_SEA,2023,7,SEA,ARI,20.0,10.0,1
1363.5066919598921,1490.6516254893495,-62.144933529457376,0.41150797041968734,1376.8130576566518,1477.3452597925898,2023_07_GB_DEN,2023,7,DEN,GB,19.0,17.0,1
1688.5993935267393,1505.5828802948436,248.01651323189571,0.8065423552880844,1698.0157077046651,1496.1665661169177,2023_07_LAC_KC,2023,7,KC,LAC,31.0,17.0,1
1620.7814307923786,1559.1357657605088,126.64566503186984,0.6745926073869064,1637.4464782480402,1542.4707183048472,2023_07_MIA_PHI,2023,7,PHI,MIA,31.0,17.0,1
1512.6126990757393,1688.9043904159455,-111.29169134020617,0.3451004177687833,1537.331608370836,1664.1854811208489,2023_07_SF_MIN,2023,7,MIN,SF,22.0,17.0,1
1624.644078402052,1482.1544169634662,207.4896614385857,0.7675282373519633,1632.9117123031472,1473.886783062371,2023_08_TB_BUF,2023,8,BUF,TB,24.0,18.0,1
1375.341566916801,1444.8731153645706,-4.531548447769637,0.4934789473338332,1386.4939435822582,1433.7207386991133,2023_08_HOU_CAR,2023,8,CAR,HOU,15.0,13.0,1
1595.927152046245,1459.4084567910159,201.5186952552292,0.7613390488718651,1609.823776486844,1445.5118323504169,2023_08_LA_DAL,2023,8,DAL,LA,43.0,20.0,1
1477.3452597925898,1537.331608370836,5.013651421753821,0.5072147236048525,1449.8112529653529,1564.8656151980729,2023_08_MIN_GB,2023,8,GB,MIN,10.0,24.0,0
1418.1043614970142,1475.306178240244,7.798183256770244,0.5112206036608553,1392.6072742374845,1500.8032654997737,2023_08_NO_IND,2023,8,IND,NO,27.0,38.0,0
1542.4707183048472,1440.1066021836477,167.36411612119946,0.7238070822920415,1556.3720646904512,1426.2052557980437,2023_08_NE_MIA,2023,8,MIA,NE,31.0,17.0,1
1414.9115545924888,1474.2543170546066,5.657237537882111,0.508140699826456,1400.7865808871413,1488.379290759954,2023_08_NYJ_NYG,2023,8,NYG,NYJ,10.0,13.0,0
1542.4838421955433,1553.230348746214,54.2534934493292,0.577448569559502,1514.090417154811,1581.6237737869465,2023_08_JAX_PIT,2023,8,PIT,JAX,10.0,20.0,0
1446.6154922993994,1441.1196230662288,70.49586923317065,0.6000820138189094,1460.501666384997,1427.2334489806312,2023_08_ATL_TEN,2023,8,TEN,ATL,28.0,23.0,1
1430.7980704500235,1637.4464782480402,-141.6484077980167,0.3067423062799833,1418.8127021708292,1649.4318465272345,2023_08_PHI_WAS,2023,8,WAS,PHI,31.0,38.0,0
1535.0879566027531,1520.4517622689193,79.63619433383383,0.6126399502357239,1547.1210195369672,1508.4186993347053,2023_08_CLE_SEA,2023,8,SEA,CLE,24.0,20.0,1
1372.072992642025,1602.154629809561,-165.08163716753597,0.2788272499534616,1361.286295842502,1612.9413266090837,2023_08_BAL_ARI,2023,8,ARI,BAL,24.0,31.0,0
1376.8130576566518,1698.0157077046651,-256.2026500480133,0.18621095034396123,1427.8869533084949,1646.9418120528221,2023_08_KC_DEN,2023,8,DEN,KC,24.0,9.0,1
1664.1854811208489,1562.2565895227058,166.92889159814308,0.7233059553198091,1621.7939737577415,1604.6480968858132,2023_08_CIN_SF,2023,8,SF,CIN,17.0,31.0,0
1496.1665661169177,1395.3264106254308,165.84015549148694,0.7220499051647823,1511.1078462805274,1380.385130461821,2023_08_CHI_LAC,2023,8,LAC,CHI,30.0,13.0,1
1559.2245196206345,1432.0727605825598,192.15175903807472,0.7514040134875488,1570.952867954888,1420.3444122483063,2023_08_LV_DET,2023,8,DET,LV,26.0,14.0,1
1514.090417154811,1460.501666384997,118.58875076981394,0.6643302775883877,1524.3425765313061,1450.2495070085017,2023_09_TEN_PIT,2023,9,PIT,TEN,20.0,16.0,1
1646.9418120528221,1556.3720646904512,155.5697473623709,0.710030349943248,1658.204860926879,1545.1090158163943,2023_09_MIA_KC,2023,9,KC,MIA,21.0,14.0,1
1427.2334489806312,1564.8656151980729,-72.63216621744164,0.39697044947902893,1416.5788486593492,1575.520215519355,2023_09_MIN_ATL,2023,9,ATL,MIN,28.0,31.0,0
1612.9413266090837,1547.1210195369672,130.82030707211652,0.6798455756609078,1634.4288080652445,1525.6335380808064,2023_09_SEA_BAL,2023,9,BAL,SEA,37.0,3.0,1
1508.4186993347053,1361.286295842502,212.13240349220314,0.7722627474202243,1522.261286234012,1347.4437089431954,2023_09_ARI_CLE,2023,9,CLE,ARI,27.0,0.0,1
1449.8112529653529,1445.5118323504169,69.29942061493603,0.5984280384438062,1472.316198244782,1423.0068870709877,2023_09_LA_GB,2023,9,GB,LA,20.0,3.0,1
1433.7207386991133,1473.886783062371,24.833955636742303,0.5356781947289387,1443.809052999827,1463.7984687616574,2023_09_TB_HOU,2023,9,HOU,TB,39.0,37.0,1
1426.2052557980437,1418.8127021708292,72.39255362721451,0.6026993150204296,1408.926306532908,1436.0916514359649,2023_09_WAS_NE,2023,9,NE,WAS,17.0,20.0,0
1500.8032654997737,1380.385130461821,185.41813503795265,0.7440931246248774,1510.6188649974752,1370.5695309641196,2023_09_CHI_NO,2023,9,NO,CHI,24.0,17.0,1
1386.4939435822582,1392.6072742374845,58.886669344773736,0.5839424684913613,1353.9972037553973,1425.1040140643454,2023_09_IND_CAR,2023,9,CAR,IND,13.0,27.0,0
1420.3444122483063,1400.7865808871413,84.55783136116497,0.6193414613021205,1443.9432339724322,1377.1877591630155,2023_09_NYG_LV,2023,9,LV,NYG,30.0,6.0,1
1649.4318465272345,1609.823776486844,104.60807004039043,0.6461531726630392,1661.5364512616752,1597.7191717524033,2023_09_DAL_PHI,2023,9,PHI,DAL,28.0,23.0,1
1604.6480968858132,1632.9117123031472,36.736384582666005,0.5526717621450619,1621.7713774011377,1615.7884317878227,2023_09_BUF_CIN,2023,9,CIN,BUF,24.0,18.0,1
1488.379290759954,1511.1078462805274,42.27144447942669,0.5605350955755779,1453.0476629729974,1546.439474067484,2023_09_LAC_NYJ,2023,9,NYJ,LAC,6.0,27.0,0
1370.5695309641196,1353.9972037553973,81.5723272087223,0.6152815172659093,1380.854830493044,1343.711904226473,2023_10_CAR_CHI,2023,10,CHI,CAR,16.0,13.0,1
1408.926306532908,1425.1040140643454,48.82229246856264,0.5698020840471636,1390.1688197705148,1443.8615008267386,2023_10_IND_NE,2023,10,NE,IND,6.0,10.0,0
1634.4288080652445,1522.261286234012,177.16752183123253,0.7349449847993715,1616.8660773782392,1539.8240169210173,2023_10_CLE_BAL,2023,10,BAL,CLE,31.0,33.0,0
1621.7713774011377,1443.809052999827,242.96232440131075,0.8019622020316968,1596.775818825915,1468.8046115750496,2023_10_HOU_CIN,2023,10,CIN,HOU,27.0,30.0,0
1581.6237737869465,1621.7939737577415,24.82980002920499,0.5356722447744888,1544.0699605918132,1659.3477869528747,2023_10_SF_JAX,2023,10,JAX,SF,3.0,34.0,0
1575.520215519355,1510.6188649974752,129.90135052187975,0.6786930972007416,1588.8526558116307,1497.2864247051994,2023_10_NO_MIN,2023,10,MIN,NO,27.0,19.0,1
1524.3425765313061,1472.316198244782,117.02637828652405,0.6623217587915866,1534.6630352980721,1461.995739478016,2023_10_GB_PIT,2023,10,PIT,GB,23.0,19.0,1
1463.7984687616574,1450.2495070085017,78.54896175315571,0.6111536616205331,1484.1327598350392,1429.91521593512,2023_10_TEN_TB,2023,10,TB,TEN,20.0,6.0,1
1347.4437089431954,1416.5788486593492,-4.135139716153844,0.49404933656025807,1358.5815159914328,1405.4410416111118,2023_10_ATL_ARI,2023,10,ARI,ATL,25.0,23.0,1
1546.439474067484,1570.952867954888,40.486606112596064,0.5580026042151904,1530.6783039354784,1586.7140380868937,2023_10_DET_LAC,2023,10,LAC,DET,38.0,41.0,0
1597.7191717524033,1377.1877591630155,285.53141258938786,0.838031108830033,1607.7445207753547,1367.1624101400641,2023_10_NYG_DAL,2023,10,DAL,NYG,49.0,17.0,1
1525.6335380808064,1436.0916514359649,154.5418866448415,0.7088106354195162,1533.1771132292163,1428.548076287555,2023_10_WAS_SEA,2023,10,SEA,WAS,29.0,26.0,1
1443.9432339724322,1453.0476629729974,55.89557099943477,0.5797533055867099,1457.1352818382052,1439.8556151072244,2023_10_NYJ_LV,2023,10,LV,NYJ,16.0,12.0,1
1615.7884317878227,1427.8869533084949,252.9014784793278,0.8108922054782813,1595.657108281282,1448.0182768150355,2023_10_DEN_BUF,2023,10,BUF,DEN,22.0,24.0,0
1616.8660773782392,1596.775818825915,85.09025855232426,0.6200637694142515,1636.6775490690798,1576.9643471350744,2023_11_CIN_BAL,2023,11,BAL,CIN,34.0,20.0,1
1343.711904226473,1607.7445207753547,-199.0326165488816,0.24127100770948365,1329.6487444443992,1621.8076805574285,2023_11_DAL_CAR,2023,11,CAR,DAL,10.0,33.0,0
1539.8240169210173,1534.6630352980721,70.1609816229452,0.5996192919892267,1550.5818455426984,1523.9052066763911,2023_11_PIT_CLE,2023,11,CLE,PIT,13.0,10.0,1
1586.7140380868937,1380.854830493044,270.85920759384976,0.8262372266599595,1592.258266635925,1375.3106019440124,2023_11_CHI_DET,2023,11,DET,CHI,31.0,26.0,1
1461.995739478016,1530.6783039354784,-3.6825644574623766,0.49470056218804304,1476.0291050558294,1516.644938357665,2023_11_LAC_GB,2023,11,GB,LAC,23.0,20.0,1
1468.8046115750496,1358.5815159914328,175.2230955836169,0.7327588493315739,1477.6747686476153,1349.711358918867,2023_11_ARI_HOU,2023,11,HOU,ARI,21.0,16.0,1
1544.0699605918132,1429.91521593512,179.1547446566933,0.7371673874347704,1558.868825893521,1415.1163506334121,2023_11_TEN_JAX,2023,11,JAX,TEN,34.0,14.0,1
1545.1090158163943,1457.1352818382052,152.9737339781891,0.7069439711801025,1556.504505000564,1445.7397926540355,2023_11_LV_MIA,2023,11,MIA,LV,20.0,13.0,1
1428.548076287555,1367.1624101400641,126.38566614749084,0.6742639755813371,1391.85083292919,1403.8596534984292,2023_11_NYG_WAS,2023,11,WAS,NYG,19.0,31.0,0
1659.3477869528747,1484.1327598350392,240.21502711783546,0.7994385285445719,1668.8915777572256,1474.5889690306883,2023_11_TB_SF,2023,11,SF,TB,27.0,14.0,1
1595.657108281282,1439.8556151072244,220.80149317405767,0.7809199683211437,1608.780980713671,1426.7317426748355,2023_11_NYJ_BUF,2023,11,BUF,NYJ,32.0,6.0,1
1423.0068870709877,1533.1771132292163,-45.170226158228616,0.4353586139090226,1430.9985632303255,1525.1854370698784,2023_11_SEA_LA,2023,11,LA,SEA,17.0,16.0,1
1448.0182768150355,1588.8526558116307,-75.8343789965952,0.39256625630648906,1456.7397264217975,1580.1312062048687,2023_11_MIN_DEN,2023,11,DEN,MIN,21.0,20.0,1
1658.204860926879,1661.5364512616752,61.66840966520385,0.5878275764515838,1638.737736352359,1681.0035758361953,2023_11_PHI_KC,2023,11,KC,PHI,17.0,21.0,0
1592.258266635925,1476.0291050558294,181.2291615800957,0.7394744732128833,1558.7435496550584,1509.5438220366962,2023_12_GB_DET,2023,12,DET,GB,22.0,29.0,0
1621.8076805574285,1391.85083292919,294.9568476282386,0.845261323364596,1631.5867655406082,1382.0717479460102,2023_12_WAS_DAL,2023,12,DAL,WAS,45.0,10.0,1
1525.1854370698784,1668.8915777572256,-78.70614068734722,0.3886313402092473,1503.0898913419524,1690.9871234851516,2023_12_SF_SEA,2023,12,SEA,SF,13.0,31.0,0
1426.7317426748355,1556.504505000564,-64.77276232572854,0.40784964474430224,1402.239243538333,1580.9970041370664,2023_12_MIA_NYJ,2023,12,NYJ,MIA,13.0,34.0,0
1405.4410416111118,1497.2864247051994,-26.845383094087538,0.4614430887774681,1430.5488809972123,1472.1785853190988,2023_12_NO_ATL,2023,12,ATL,NO,24.0,15.0,1
1576.9643471350744,1523.9052066763911,118.05914045868326,0.6636500947962869,1549.6716640818747,1551.1978897295908,2023_12_PIT_CIN,2023,12,CIN,PIT,10.0,16.0,0
1477.6747686476153,1558.868825893521,-16.194057245905697,0.4767117404981184,1464.5540931340495,1571.989501407087,2023_12_JAX_HOU,2023,12,HOU,JAX,21.0,24.0,0
1443.8615008267386,1474.5889690306883,34.272531796050316,0.5491627787189575,1462.3236820770278,1456.1267877803991,2023_12_TB_IND,2023,12,IND,TB,27.0,20.0,1
1403.8596534984292,1390.1688197705148,78.69083372791442,0.6113477239752517,1414.2632606185557,1379.7652126503883,2023_12_NE_NYG,2023,12,NYG,NE,10.0,7.0,1
1415.1163506334121,1329.6487444443992,150.46760618901294,0.7039462894592983,1426.6406791697489,1318.1244159080625,2023_12_CAR_TEN,2023,12,TEN,CAR,17.0,10.0,1
1349.711358918867,1430.9985632303255,-16.28720431145848,0.47657798357172426,1319.6421597370368,1461.0677624121558,2023_12_LA_ARI,2023,12,ARI,LA,14.0,37.0,0
1456.7397264217975,1550.5818455426984,-28.84211912090086,0.4585879390112042,1488.45313351527,1518.8684384492258,2023_12_CLE_DEN,2023,12,DEN,CLE,29.0,12.0,1
1445.7397926540355,1638.737736352359,-127.99794369832352,0.3237009218469852,1429.1717680341628,1655.3057609722316,2023_12_KC_LV,2023,12,LV,KC,17.0,31.0,0
1681.0035758361953,1608.780980713671,137.22259512252435,0.6878134559613784,1689.151035837199,1600.6335207126672,2023_12_BUF_PHI,2023,12,PHI,BUF,37.0,34.0,1
1516.644938357665,1636.6775490690798,-55.03261071141469,0.42145747443995846,1496.9259867304613,1656.3965006962835,2023_12_BAL_LAC,2023,12,LAC,BAL,10.0,20.0,0
1580.1312062048687,1375.3106019440124,269.82060426085627,0.8253771968277811,1559.460661559217,1395.9811465896641,2023_12_CHI_MIN,2023,12,MIN,CHI,10.0,12.0,0
1631.5867655406082,1503.0898913419524,193.49687419865586,0.7528475774312066,1640.4278892351836,1494.248767647377,2023_13_SEA_DAL,2023,13,DAL,SEA,41.0,35.0,1
1464.5540931340495,1488.45313351527,41.10095961877937,0.558874652327293,1480.0719941363834,1472.9352325129362,2023_13_DEN_HOU,2023,13,HOU,DEN,22.0,17.0,1
1379.7652126503883,1496.9259867304613,-52.160774080073,0.4254935458513813,1363.5892905646353,1513.1019088162143,2023_13_LAC_NE,2023,13,NE,LAC,0.0,6.0,0
1472.1785853190988,1558.7435496550584,-21.56496433595953,0.4690053143135629,1455.534837345339,1575.3872976288183,2023_13_DET_NO,2023,13,NO,DET,28.0,33.0,0
1402.239243538333,1430.5488809972123,36.69036254112075,0.552606265172707,1382.1006329509905,1450.687491584555,2023_13_ATL_NYJ,2023,13,NYJ,ATL,8.0,13.0,0
1551.1978897295908,1319.6421597370368,296.555729992554,0.846461323062833,1498.210034576884,1372.6300148897435,2023_13_ARI_PIT,2023,13,PIT,ARI,10.0,24.0,0
1426.6406791697489,1462.3236820770278,29.316997092721067,0.5420907000367459,1411.407740824777,1477.5566204219997,2023_13_IND_TEN,2023,13,TEN,IND,28.0,31.0,0
1382.0717479460102,1580.9970041370664,-133.92525619105618,0.3162767203391695,1361.596383902123,1601.4723681809535,2023_13_MIA_WAS,2023,13,WAS,MIA,15.0,45.0,0
1456.1267877803991,1318.1244159080625,203.00237187233665,0.7628874501154413,1462.1455678560853,1312.1056358323763,2023_13_CAR_TB,2023,13,TB,CAR,21.0,18.0,1
1461.0677624121558,1518.8684384492258,7.199323962930066,0.5103591774146404,1489.2803191798887,1490.655881681493,2023_13_CLE_LA,2023,13,LA,CLE,36.0,19.0,1
1689.151035837199,1690.9871234851516,63.16391235204742,0.5899117835031065,1650.5472598084568,1729.5908995138939,2023_13_SF_PHI,2023,13,PHI,SF,19.0,42.0,0
1509.5438220366962,1655.3057609722316,-80.76193893553545,0.38582332072036735,1537.5620523859254,1627.2875306230023,2023_13_KC_GB,2023,13,GB,KC,27.0,19.0,1
1571.989501407087,1549.6716640818747,87.31783732521217,0.6230799808182679,1554.0000563856813,1567.6611091032803,2023_13_CIN_JAX,2023,13,JAX,CIN,31.0,34.0,0
1498.210034576884,1363.5892905646353,199.62074401224868,0.7593482027914972,1475.055462435508,1386.7438627060114,2023_14_NE_PIT,2023,14,PIT,NE,18.0,21.0,0
1450.687491584555,1462.1455678560853,53.541923728469555,0.5764487923500817,1431.6694747620454,1481.1635846785948,2023_14_TB_ATL,2023,14,ATL,TB,25.0,29.0,0
1656.3965006962835,1489.2803191798887,232.11618151639482,0.7918590885899122,1663.7238786649361,1481.952941211236,2023_14_LA_BAL,2023,14,BAL,LA,37.0,31.0,1
1395.9811465896641,1575.3872976288183,-114.40615103915411,0.3410598479889301,1434.5249318718822,1536.8435123466002,2023_14_DET_CHI,2023,14,CHI,DET,28.0,13.0,1
1567.6611091032803,1477.5566204219997,155.1044886812806,0.7094786235691408,1584.1860444303757,1461.0316850949043,2023_14_IND_CIN,2023,14,CIN,IND,34.0,14.0,1
1490.655881681493,1554.0000563856813,1.65582529581161,0.5023829061105103,1506.6615114141196,1537.9944266530547,2023_14_JAX_CLE,2023,14,CLE,JAX,31.0,27.0,1
1455.534837345339,1312.1056358323763,208.42920151296266,0.7684918590937274,1468.7962889159433,1298.844184261772,2023_14_CAR_NO,2023,14,NO,CAR,28.0,6.0,1
1382.1006329509905,1480.0719941363834,-32.97136118539288,0.4526923272473075,1417.8710320225491,1444.3015950648248,2023_14_HOU_NYJ,2023,14,NYJ,HOU,30.0,6.0,1
1429.1717680341628,1559.460661559217,-65.28889352505416,0.4071322987378468,1418.209003280552,1570.4234263128278,2023_14_MIN_LV,2023,14,LV,MIN,0.0,3.0,0
1729.5908995138939,1494.248767647377,300.34213186651687,0.8492727251884818,1736.3942662040395,1487.4454009572314,2023_14_SEA_SF,2023,14,SF,SEA,28.0,16.0,1
1627.2875306230023,1600.6335207126672,91.65400991033516,0.6289238513426313,1609.0920171339035,1618.829034201766,2023_14_BUF_KC,2023,14,KC,BUF,17.0,20.0,0
1513.1019088162143,1472.9352325129362,105.16667630327811,0.6468880381542725,1473.8296367106188,1512.2075046185316,2023_14_DEN_LAC,2023,14,LAC,DEN,7.0,24.0,0
1640.4278892351836,1650.5472598084568,54.88062942672673,0.5783291893026482,1665.4787030214593,1625.496446022181,2023_14_PHI_DAL,2023,14,DAL,PHI,33.0,13.0,1
1601.4723681809535,1411.407740824777,255.06462735617652,0.8127942954419897,1588.7269640836546,1424.1531449220759,2023_14_TEN_MIA,2023,14,MIA,TEN,27.0,28.0,0
1414.2632606185557,1537.5620523859254,-58.29879176736972,0.4168799427071379,1427.4244829977201,1524.400830006761,2023_14_GB_NYG,2023,14,NYG,GB,24.0,22.0,1
1418.209003280552,1473.8296367106188,9.379366569933154,0.5134947154466357,1454.6505150690382,1437.3881249221326,2023_15_LAC_LV,2023,15,LV,LAC,63.0,21.0,1
1584.1860444303757,1570.4234263128278,78.76261811754785,0.6114459022138352,1594.5866958280285,1560.022774915175,2023_15_MIN_CIN,2023,15,CIN,MIN,27.0,24.0,1
1461.0316850949043,1475.055462435508,50.9762226593964,0.5728387595643181,1485.1655742101073,1450.921573320305,2023_15_PIT_IND,2023,15,IND,PIT,30.0,13.0,1
1536.8435123466002,1512.2075046185316,89.63600772806853,0.6262087599520039,1560.2469307962729,1488.804086168859,2023_15_DEN_DET,2023,15,DET,DEN,42.0,17.0,1
1298.844184261772,1431.6694747620454,-67.82529050027347,0.4036128868778561,1312.3649905858713,1418.148668437946,2023_15_ATL_CAR,2023,15,CAR,ATL,9.0,7.0,1
1506.6615114141196,1434.5249318718822,137.1365795422373,0.687707125414137,1514.8120463949242,1426.3743968910776,2023_15_CHI_CLE,2023,15,CLE,CHI,20.0,17.0,1
1524.400830006761,1481.1635846785948,108.23724532816618,0.6509150111857784,1487.3224075077333,1518.2420071776226,2023_15_TB_GB,2023,15,GB,TB,20.0,34.0,0
1588.7269640836546,1417.8710320225491,235.85593206110548,0.7953849631537107,1601.4191754749738,1405.1788206312299,2023_15_NYJ_MIA,2023,15,MIA,NYJ,30.0,0.0,1
1386.7438627060114,1609.0920171339035,-157.34815442789204,0.2878664540485604,1373.859877472518,1621.9760023673969,2023_15_KC_NE,2023,15,NE,KC,17.0,27.0,0
1468.7962889159433,1427.4244829977201,106.37180591822312,0.6484710601311967,1488.5426465711773,1407.678125342486,2023_15_NYG_NO,2023,15,NO,NYG,24.0,6.0,1
1424.1531449220759,1444.3015950648248,44.85154985725103,0.5641903859328513,1408.184920633462,1460.2698193534386,2023_15_HOU_TEN,2023,15,TEN,HOU,16.0,19.0,0
1372.6300148897435,1736.3942662040395,-298.76425131429596,0.15189367025919442,1365.0521589066889,1743.972122187094,2023_15_SF_ARI,2023,15,ARI,SF,29.0,45.0,0
1481.952941211236,1361.596383902123,185.356557309113,0.7440256211415639,1492.327516268202,1351.221808845157,2023_15_WAS_LA,2023,15,LA,WAS,28.0,20.0,1
1618.829034201766,1665.4787030214593,18.35033118030674,0.5263837207643657,1647.866194034569,1636.4415431886564,2023_15_DAL_BUF,2023,15,BUF,DAL,31.0,10.0,1
1537.9944266530547,1663.7238786649361,-60.72945201188145,0.4134826179776577,1515.1941235611164,1686.5241817568744,2023_15_BAL_JAX,2023,15,JAX,BAL,7.0,23.0,0
1487.4454009572314,1625.496446022181,-73.05104506494968,0.396393373746214,1504.7557196915961,1608.1861272878164,2023_15_PHI_SEA,2023,15,SEA,PHI,20.0,17.0,1
1492.327516268202,1488.5426465711773,68.78486969702476,0.597716029110392,1509.469715401919,1471.4004474374603,2023_16_NO_LA,2023,16,LA,NO,30.0,22.0,1
1450.921573320305,1594.5866958280285,-78.66512250772348,0.3886874430033015,1491.2181367211724,1554.290132427161,2023_16_CIN_PIT,2023,16,PIT,CIN,34.0,11.0,1
1437.3881249221326,1647.866194034569,-145.4780691124363,0.3020744166412979,1431.1625466463322,1654.0917723103694,2023_16_BUF_LAC,2023,16,LAC,BUF,22.0,24.0,0
1418.148668437946,1485.1655742101073,-2.0169057721611807,0.49709747187635117,1448.3075440307412,1455.0066986173122,2023_16_IND_ATL,2023,16,ATL,IND,29.0,10.0,1
1312.3649905858713,1487.3224075077333,-109.95741692186198,0.3468383623418521,1303.2063443068794,1496.4810537867252,2023_16_GB_CAR,2023,16,CAR,GB,30.0,33.0,0
1460.2698193534386,1514.8120463949242,10.457772958514397,0.515045401621262,1432.2412083527906,1542.8406573955722,2023_16_CLE_HOU,2023,16,HOU,CLE,22.0,36.0,0
1560.022774915175,1560.2469307962729,64.77584411890211,0.5921546396611049,1536.2780511221572,1583.9916545892906,2023_16_DET_MIN,2023,16,MIN,DET,24.0,30.0,0
1405.1788206312299,1351.221808845157,118.95701178607283,0.6648028367998059,1412.166046230005,1344.234583246382,2023_16_WAS_NYJ,2023,16,NYJ,WAS,30.0,28.0,1
1408.184920633462,1504.7557196915961,-31.57079905813407,0.4546906059859188,1395.756571495028,1517.1840688300301,2023_16_SEA_TEN,2023,16,TEN,SEA,17.0,20.0,0
1518.2420071776226,1515.1941235611164,68.04788361650617,0.5966955078946293,1541.2795457263746,1492.1565850123643,2023_16_JAX_TB,2023,16,TB,JAX,30.0,12.0,1
1426.3743968910776,1365.0521589066889,126.32223798438872,0.6741837780113391,1441.6875838907067,1349.7389719070597,2023_16_ARI_CHI,2023,16,CHI,ARI,27.0,16.0,1
1601.4191754749738,1636.4415431886564,29.97763228631743,0.5430345409296029,1611.324757445293,1626.5359612183372,2023_16_DAL_MIA,2023,16,MIA,DAL,22.0,20.0,1
1488.804086168859,1373.859877472518,179.94420869634087,0.7380469461437168,1466.5182590843992,1396.1457045569778,2023_16_NE_DEN,2023,16,DEN,NE,23.0,26.0,0
1621.9760023673969,1454.6505150690382,232.32548729835867,0.7920576018563457,1587.5109481573948,1489.1155692790403,2023_16_LV_KC,2023,16,KC,LV,14.0,20.0,0
1608.1861272878164,1407.678125342486,265.5080019453303,0.8217701785191343,1615.1749026355226,1400.6893499947798,2023_16_NYG_PHI,2023,16,PHI,NYG,33.0,25.0,1
1743.972122187094,1686.5241817568744,122.44794043021966,0.6692659652928912,1705.5875935124125,1724.908710431556,2023_16_BAL_SF,2023,16,SF,BAL,19.0,33.0,0
1542.8406573955722,1412.166046230005,195.67461116556728,0.7551727381020045,1555.8375139813604,1399.1691896442167,2023_17_NYJ_CLE,2023,17,CLE,NYJ,37.0,20.0,1
1626.5359612183372,1583.9916545892906,107.54430662904656,0.6500080954976126,1631.1617530827098,1579.365862724918,2023_17_DET_DAL,2023,17,DAL,DET,20.0,19.0,1
1724.908710431556,1611.324757445293,178.58395298626306,0.7365302738525619,1742.637463893486,1593.596003983363,2023_17_MIA_BAL,2023,17,BAL,MIA,56.0,19.0,1
1654.0917723103694,1396.1457045569778,322.9460677533916,0.8651834970853021,1658.6669772281186,1391.5704996392285,2023_17_NE_BUF,2023,17,BUF,NE,27.0,21.0,1
1441.6875838907067,1448.3075440307412,58.380039859965564,0.5832337469510929,1466.4086601476363,1423.5864677738116,2023_17_ATL_CHI,2023,17,CHI,ATL,37.0,17.0,1
1432.2412083527906,1395.756571495028,101.48463685776255,0.6420315358041312,1453.9907752822169,1374.0070045656018,2023_17_TEN_HOU,2023,17,HOU,TEN,26.0,3.0,1
1455.0066986173122,1489.1155692790403,30.891129338271867,0.5443391320164807,1467.465363084036,1476.6569048123165,2023_17_LV_IND,2023,17,IND,LV,23.0,20.0,1
1492.1565850123643,1303.2063443068794,253.95024070548493,0.8118162430008903,1503.277352646101,1292.0855766731427,2023_17_CAR_JAX,2023,17,JAX,CAR,26.0,0.0,1
1400.6893499947798,1509.469715401919,-43.78036540713924,0.4373263605680076,1394.74501261962,1515.4140527770787,2023_17_LA_NYG,2023,17,NYG,LA,25.0,26.0,0
1615.1749026355226,1349.7389719070597,330.43593072846284,0.8701337793716662,1582.2160124199743,1382.697862122608,2023_17_ARI_PHI,2023,17,PHI,ARI,31.0,35.0,0
1541.2795457263746,1471.4004474374603,134.8790982889143,0.6849094329041385,1506.2874017002391,1506.3925914635959,2023_17_NO_TB,2023,17,TB,NO,13.0,23.0,0
1344.234583246382,1705.5875935124125,-296.3530102660304,0.1536904002072322,1336.4048471564763,1713.4173296023182,2023_17_SF_WAS,2023,17,WAS,SF,10.0,27.0,0
1517.1840688300301,1491.2181367211724,90.96593210885771,0.6279989921602459,1489.9398259125026,1518.4623796387,2023_17_PIT_SEA,2023,17,SEA,PIT,23.0,30.0,0
1466.5182590843992,1431.1625466463322,100.35571243806703,0.640536604603132,1480.8157248957234,1416.865080835008,2023_17_LAC_DEN,2023,17,DEN,LAC,16.0,9.0,1
1587.5109481573948,1554.290132427161,98.22081573023365,0.6377021047334808,1602.7515171711816,1539.0495634133742,2023_17_CIN_KC,2023,17,KC,CIN,25.0,17.0,1
1536.2780511221572,1496.4810537867252,104.79699733543202,0.6464017904079952,1493.1370351600556,1539.6220697488268,2023_17_GB_MIN,2023,17,MIN,GB,10.0,33.0,0
1742.637463893486,1518.4623796387,289.17508425478604,0.8408579574454051,1702.3749270539906,1558.7249164781954,2023_18_PIT_BAL,2023,18,BAL,PIT,10.0,17.0,0
1467.465363084036,1453.9907752822169,78.4745878018191,0.6110519136757379,1447.068810268809,1474.3873280974437,2023_18_HOU_IND,2023,18,IND,HOU,19.0,23.0,0
1292.0855766731427,1506.2874017002391,-149.20182502709645,0.2975744971930296,1279.2521171824944,1519.1208611908874,2023_18_TB_CAR,2023,18,CAR,TB,0.0,9.0,0
1539.0495634133742,1555.8375139813604,48.21204943201383,0.5689407791386937,1563.4336251943848,1531.4534522003498,2023_18_CLE_CIN,2023,18,CIN,CLE,31.0,14.0,1
1579.365862724918,1493.1370351600556,151.2288275648625,0.7048586953144702,1592.6098264619661,1479.8930714230075,2023_18_MIN_DET,2023,18,DET,MIN,30.0,20.0,1
1391.5704996392285,1399.1691896442167,57.40130999501184,0.581863634272039,1359.2118963586324,1431.5277929248127,2023_18_NYJ_NE,2023,18,NE,NYJ,3.0,17.0,0
1506.3925914635959,1423.5864677738116,147.80612368978427,0.7007434147768044,1525.8296090128993,1404.1494502245082,2023_18_ATL_NO,2023,18,NO,ATL,48.0,17.0,1
1374.0070045656018,1503.277352646101,-64.27034808049916,0.40854830362109545,1400.7801951267807,1476.5041620849222,2023_18_JAX_TEN,2023,18,TEN,JAX,28.0,20.0,1
1382.697862122608,1489.9398259125026,-42.2419637898945,0.4395067090947074,1376.719789723956,1495.9178983111547,2023_18_SEA_ARI,2023,18,ARI,SEA,20.0,21.0,0
1539.6220697488268,1466.4086601476363,138.2134096011905,0.6890368510754478,1552.4794326862393,1453.5512972102238,2023_18_CHI_GB,2023,18,GB,CHI,17.0,9.0,1
1416.865080835008,1602.7515171711816,-120.88643633617357,0.33272670204352367,1412.492761207671,1607.1238367985186,2023_18_KC_LAC,2023,18,LAC,KC,12.0,13.0,0
1476.6569048123165,1480.8157248957234,60.84117991659309,0.5866733485186534,1497.8856759916023,1459.5869537164376,2023_18_DEN_LV,2023,18,LV,DEN,27.0,14.0,1
1394.74501261962,1582.2160124199743,-122.47099980035432,0.3307046534070589,1435.7160624394285,1541.2449626001658,2023_18_PHI_NYG,2023,18,NYG,PHI,27.0,10.0,1
1713.4173296023182,1515.4140527770787,263.0032768252395,0.8196486029186755,1700.5117666242875,1528.3196157551095,2023_18_LA_SF,2023,18,SF,LA,20.0,21.0,0
1336.4048471564763,1631.1617530827098,-229.75690592623346,0.21038819504069028,1323.5758564188088,1643.9907438203772,2023_18_DAL_WAS,2023,18,WAS,DAL,10.0,38.0,0
1593.596003983363,1658.6669772281186,-0.07097324475557798,0.49989786129181096,1572.806507076954,1679.4564741345278,2023_18_BUF_MIA,2023,18,MIA,BUF,14.0,21.0,0
1571.451599144612,1634.9840763450118,1.4675227996001468,0.5021119225165986,1592.1443789339846,1614.291296555639,2024_01_BAL_KC,2024,1,KC,BAL,27.0,20.0,1
1527.5103900543106,1535.0037816017216,57.506608452589035,0.5820111014262361,1542.1075411000231,1520.406630556009,2024_01_GB_PHI,2024,1,PHI,GB,34.0,29.0,1
1436.067683299747,1539.1695192909565,-38.101835991209555,0.4453858160833002,1416.8286315223206,1558.4085710683828,2024_01_PIT_ATL,2024,1,ATL,PIT,10.0,18.0,0
1619.69746824773,1417.7720997458787,266.9253685018514,0.8229620448539855,1625.8419581280286,1411.62760986558,2024_01_ARI_BUF,2024,1,BUF,ARI,34.0,28.0,1
1469.0187152392193,1433.8203901495626,100.19832508965669,0.6403279733281676,1483.325458097554,1419.513647291228,2024_01_TEN_CHI,2024,1,CHI,TEN,24.0,17.0,1
1542.3102280046548,1406.094334871208,201.2158931334468,0.7610221856354282,1509.7110319522837,1438.6935309235791,2024_01_NE_CIN,2024,1,CIN,NE,10.0,16.0,0
1464.6948964492958,1482.916347840995,46.77854860830075,0.5669158850238238,1451.967866755655,1495.6433775346359,2024_01_HOU_IND,2024,1,IND,HOU,27.0,29.0,0
1548.5619402203283,1484.3282761106432,129.23366410968515,0.6778543722392493,1556.9981489445286,1475.892067386443,2024_01_JAX_MIA,2024,1,MIA,JAX,20.0,17.0,1
1517.228349211604,1352.7611621607239,229.46718705088006,0.7893346151859881,1531.1070274903489,1338.882483881979,2024_01_CAR_NO,2024,1,NO,CAR,47.0,10.0,1
1457.122613647099,1486.588678639146,35.53393500795278,0.5509598842176646,1422.0047670072106,1521.7065252790344,2024_01_MIN_NYG,2024,1,NYG,MIN,6.0,28.0,0
1441.6326717255165,1498.5897458863988,8.042925839117743,0.5115726335491121,1466.597233593273,1473.6251840186424,2024_01_LV_LAC,2024,1,LAC,LV,22.0,10.0,1
1497.2772381735404,1473.0444981288638,89.23274004467658,0.6256652288016482,1511.2778070007266,1459.0439293016775,2024_01_DEN_SEA,2024,1,SEA,DEN,26.0,20.0,1
1520.9794526176333,1596.0418261281916,-10.062373510558245,0.485523127921319,1493.592901296758,1623.4283774490668,2024_01_DAL_CLE,2024,1,CLE,DAL,17.0,33.0,0
1512.7536144143219,1382.3250962313455,195.4285181829764,0.7549107280505092,1525.7657166727995,1369.3129939728678,2024_01_WAS_TB,2024,1,TB,WAS,37.0,20.0,1
1561.7707542501314,1518.889183708658,107.88157054147337,0.6504496412761017,1574.7387151587302,1505.9212228000592,2024_01_LA_DET,2024,1,DET,LA,26.0,20.0,1
1633.7413483383998,1454.3290378808501,244.41231045754967,0.8032844891624744,1643.0860543743527,1444.9843318448973,2024_01_NYJ_SF,2024,1,SF,NYJ,32.0,19.0,1
1556.9981489445286,1625.8419581280286,-3.8438091835000705,0.4944685395995299,1526.4829996309236,1656.3571074416336,2024_02_BUF_MIA,2024,2,MIA,BUF,10.0,31.0,0
1614.291296555639,1473.6251840186424,205.6661125369967,0.7656499803096675,1590.8737959522755,1497.042684622006,2024_02_LV_BAL,2024,2,BAL,LV,23.0,26.0,0
1338.882483881979,1466.597233593273,-62.71474971129396,0.41071385636798124,1313.5006222216673,1491.9790952535845,2024_02_LAC_CAR,2024,2,CAR,LAC,3.0,26.0,0
1623.4283774490668,1531.1070274903489,157.32134995871797,0.7121019137348596,1573.4526956100808,1581.0827093293349,2024_02_NO_DAL,2024,2,DAL,NO,19.0,44.0,0
1574.7387151587302,1525.7657166727995,113.9729984859307,0.6583795623751666,1552.3884170953168,1548.116014736213,2024_02_TB_DET,2024,2,DET,TB,16.0,20.0,0
1520.406630556009,1451.967866755655,133.43876380035408,0.6831173774090804,1532.0338929983307,1440.3406043133334,2024_02_IND_GB,2024,2,GB,IND,16.0,10.0,1
1475.892067386443,1493.592901296758,47.29916608968483,0.5676515463313861,1455.1032142569525,1514.3817544262486,2024_02_CLE_JAX,2024,2,JAX,CLE,13.0,18.0,0
1521.7065252790344,1643.0860543743527,-56.379529095318276,0.419568093823067,1544.8900167157885,1619.9025629375985,2024_02_SF_MIN,2024,2,MIN,SF,23.0,17.0,1
1438.6935309235791,1511.2778070007266,-7.584276077147479,0.48908708269913737,1425.1797450281306,1524.7915928961752,2024_02_SEA_NE,2024,2,NE,SEA,20.0,23.0,0
1419.513647291228,1444.9843318448973,39.529315446330656,0.5566430604442144,1395.9399439634071,1468.558035172718,2024_02_NYJ_TEN,2024,2,TEN,NYJ,17.0,24.0,0
1369.3129939728678,1422.0047670072106,12.30822696565724,0.5177055562756308,1382.6106396723867,1408.7071213076918,2024_02_NYG_WAS,2024,2,WAS,NYG,21.0,18.0,1
1411.62760986558,1505.9212228000592,-29.293612934479142,0.45794271418260823,1449.7071981291638,1467.8416345364756,2024_02_LA_ARI,2024,2,ARI,LA,41.0,10.0,1
1459.0439293016775,1558.4085710683828,-34.36464176670529,0.4507059493516094,1440.5878846201751,1576.8646157498852,2024_02_PIT_DEN,2024,2,DEN,PIT,6.0,13.0,0
1592.1443789339846,1509.7110319522837,147.43334698170088,0.7002932265201083,1596.0382487357297,1505.8171621505387,2024_02_CIN_KC,2024,2,KC,CIN,26.0,25.0,1
1495.6433775346359,1483.325458097554,77.31791943708185,0.6094682828699753,1510.3261513001376,1468.6426843320523,2024_02_CHI_HOU,2024,2,HOU,CHI,19.0,13.0,1
1542.1075411000231,1416.8286315223206,190.2789095777025,0.7493847142759429,1530.7352706936747,1428.200901928669,2024_02_ATL_PHI,2024,2,PHI,ATL,21.0,22.0,0
1468.558035172718,1425.1797450281306,108.37829014458748,0.6510994766432909,1489.1146825424985,1404.6230976583502,2024_03_NE_NYJ,2024,3,NYJ,NE,24.0,3.0,1
1514.3817544262486,1408.7071213076918,170.6746331185568,0.7276004543809084,1483.683283990349,1439.4055917435912,2024_03_NYG_CLE,2024,3,CLE,NYG,15.0,21.0,0
1440.3406043133334,1468.6426843320523,36.697919981281075,0.5526170207846075,1456.109617204016,1452.8736714413697,2024_03_CHI_IND,2024,3,IND,CHI,21.0,16.0,1
1544.8900167157885,1510.3261513001376,99.56386541565098,0.639486401840654,1567.8758630567654,1487.3403049591607,2024_03_HOU_MIN,2024,3,MIN,HOU,34.0,7.0,1
1581.0827093293349,1530.7352706936747,115.34743863566018,0.6601568412797875,1561.766514471154,1550.0514655518555,2024_03_PHI_NO,2024,3,NO,PHI,12.0,15.0,0
1576.8646157498852,1491.9790952535845,149.88552049630061,0.7032474955110959,1590.1884915497617,1478.655219453708,2024_03_LAC_PIT,2024,3,PIT,LAC,20.0,10.0,1
1548.116014736213,1440.5878846201751,172.5281301160378,0.7297100025731462,1500.6753094664423,1488.0285898899458,2024_03_DEN_TB,2024,3,TB,DEN,7.0,26.0,0
1395.9399439634071,1532.0338929983307,-71.09394903492353,0.3990920502987425,1374.033598518156,1553.9402384435818,2024_03_GB_TEN,2024,3,TEN,GB,14.0,30.0,0
1497.042684622006,1313.5006222216673,248.54206240033864,0.8070139611817571,1447.7671618338582,1362.776145009815,2024_03_CAR_LV,2024,3,LV,CAR,22.0,36.0,0
1524.7915928961752,1526.4829996309236,63.3085932652516,0.5901132481074313,1549.4223496640864,1501.8522428630124,2024_03_MIA_SEA,2024,3,SEA,MIA,24.0,3.0,1
1449.7071981291638,1552.3884170953168,-37.68121896615298,0.445983989515384,1431.4715819109438,1570.6240333135368,2024_03_DET_ARI,2024,3,ARI,DET,13.0,20.0,0
1573.4526956100808,1590.8737959522755,47.57889965780532,0.5680467023629997,1557.3549546199981,1606.9715369423582,2024_03_BAL_DAL,2024,3,DAL,BAL,25.0,28.0,0
1467.8416345364756,1619.9025629375985,-87.06092840112296,0.3772674008280261,1485.8188639332668,1601.9253335408073,2024_03_SF_LA,2024,3,LA,SF,27.0,24.0,1
1428.200901928669,1596.0382487357297,-102.83734680706061,0.35618082748196683,1416.007085315238,1608.2320653491606,2024_03_KC_ATL,2024,3,ATL,KC,17.0,22.0,0
1656.3571074416336,1455.1032142569525,266.25389318468115,0.822398181473238,1667.883027148125,1443.5772945504611,2024_03_JAX_BUF,2024,3,BUF,JAX,47.0,10.0,1
1505.8171621505387,1382.6106396723867,188.206522478152,0.7471375864472225,1476.5386115175936,1411.8891903053318,2024_03_WAS_CIN,2024,3,CIN,WAS,33.0,38.0,0
1439.4055917435912,1557.3549546199981,-52.949362876406894,0.4243842520638303,1424.5551212229152,1572.2054251406742,2024_04_DAL_NYG,2024,4,NYG,DAL,15.0,20.0,0
1416.007085315238,1561.766514471154,-80.759429155916,0.385826744247693,1430.016105809957,1547.7574939764352,2024_04_NO_ATL,2024,4,ATL,NO,26.0,24.0,1
1362.776145009815,1476.5386115175936,-48.76246650777853,0.4302823364976558,1342.58816703303,1496.7265894943787,2024_04_CIN_CAR,2024,4,CAR,CIN,24.0,34.0,0
1452.8736714413697,1485.8188639332668,32.05480750810284,0.5460001306630792,1470.2887858997583,1468.4037494748782,2024_04_LA_CHI,2024,4,CHI,LA,24.0,18.0,1
1553.9402384435818,1567.8758630567654,51.06437538681644,0.5729629246877019,1541.0518017108327,1580.7642997895146,2024_04_MIN_GB,2024,4,GB,MIN,29.0,31.0,0
1487.3403049591607,1443.5772945504611,108.76301040869953,0.6516024028261485,1498.0264902256615,1432.8911092839603,2024_04_JAX_HOU,2024,4,HOU,JAX,24.0,20.0,1
1456.109617204016,1590.1884915497617,-69.07887434574559,0.4018770915803224,1473.230698706996,1573.0674100467818,2024_04_PIT_IND,2024,4,IND,PIT,27.0,24.0,1
1489.1146825424985,1488.0285898899458,66.08609265255268,0.5939749113984254,1480.6254321164954,1496.517840315949,2024_04_DEN_NYJ,2024,4,NYJ,DEN,9.0,10.0,0
1500.6753094664423,1550.0514655518555,15.623843914586814,0.5224693748855543,1528.0854700813404,1522.6413049369573,2024_04_PHI_TB,2024,4,TB,PHI,33.0,16.0,1
1431.4715819109438,1411.8891903053318,84.58239160561197,0.6193747921824719,1388.091400876192,1455.2693713400836,2024_04_WAS_ARI,2024,4,ARI,WAS,14.0,42.0,0
1601.9253335408073,1404.6230976583502,262.3022358824571,0.8190512839833041,1611.2712205868183,1395.277210612339,2024_04_NE_SF,2024,4,SF,NE,30.0,13.0,1
1478.655219453708,1608.2320653491606,-64.5768458954526,0.40812204262833474,1462.1659133096437,1624.721371493225,2024_04_KC_LAC,2024,4,LAC,KC,10.0,17.0,0
1447.7671618338582,1483.683283990349,29.08387784350907,0.5417575731242533,1462.3249632060424,1469.1254826181648,2024_04_CLE_LV,2024,4,LV,CLE,20.0,16.0,1
1606.9715369423582,1667.883027148125,4.088509794233232,0.5058835669860121,1639.109392312349,1635.7451717781341,2024_04_BUF_BAL,2024,4,BAL,BUF,35.0,10.0,1
1501.8522428630124,1374.033598518156,192.81864434485647,0.7521204125267505,1452.460262895429,1423.4255784857394,2024_04_TEN_MIA,2024,4,MIA,TEN,12.0,31.0,0
1570.6240333135368,1549.4223496640864,86.20168364945039,0.6215698492903233,1589.8448878362562,1530.2014951413669,2024_04_SEA_DET,2024,4,DET,SEA,42.0,29.0,1
1430.016105809957,1528.0854700813404,-33.06936427138339,0.4525525557824466,1451.6469207928474,1506.45465509845,2024_05_TB_ATL,2024,5,ATL,TB,36.0,30.0,1
1580.7642997895146,1480.6254321164954,165.13886767301915,0.7212389909360106,1590.8556863465403,1470.5340455594696,2024_05_NYJ_MIN,2024,5,MIN,NYJ,23.0,17.0,1
1470.2887858997583,1342.58816703303,192.7006188667283,0.7519937249621862,1485.3199526008043,1327.557000331984,2024_05_CAR_CHI,2024,5,CHI,CAR,36.0,10.0,1
1496.7265894943787,1639.109392312349,-77.38280281797029,0.39044282182423445,1486.2690493790951,1649.5669324276325,2024_05_BAL_CIN,2024,5,CIN,BAL,38.0,41.0,0
1498.0264902256615,1635.7451717781341,-72.71868155247262,0.3968512365736547,1515.3209758142634,1618.4506861895322,2024_05_BUF_HOU,2024,5,HOU,BUF,23.0,20.0,1
1432.8911092839603,1473.230698706996,24.660410576964296,0.5354297061434032,1445.6289508569166,1460.4928571340397,2024_05_IND_JAX,2024,5,JAX,IND,37.0,34.0,1
1395.277210612339,1452.460262895429,7.816947716910136,0.5112475942574488,1376.8912279473511,1470.846245560417,2024_05_MIA_NE,2024,5,NE,MIA,10.0,15.0,0
1455.2693713400836,1469.1254826181648,51.143888721918756,0.5730749131441293,1481.062621286214,1443.3322326720345,2024_05_CLE_WAS,2024,5,WAS,CLE,34.0,13.0,1
1496.517840315949,1462.3249632060424,99.19287710990648,0.6389939110593197,1516.0914568928017,1442.7513466291896,2024_05_LV_DEN,2024,5,DEN,LV,34.0,18.0,1
1611.2712205868183,1388.091400876192,288.17981971062636,0.8400898012368897,1597.8696157400275,1401.4930057229828,2024_05_ARI_SF,2024,5,SF,ARI,23.0,24.0,0
1468.4037494748782,1541.0518017108327,-7.6480522359545375,0.4889953455189291,1450.9412151938354,1558.5143359918754,2024_05_GB_LA,2024,5,LA,GB,19.0,24.0,0
1530.2014951413669,1424.5551212229152,170.64637391845167,0.7275682117121701,1493.8782744550733,1460.8783419092088,2024_05_NYG_SEA,2024,5,SEA,NYG,20.0,29.0,0
1573.0674100467818,1572.2054251406742,65.86198490610764,0.5936637497014646,1556.0995856029847,1589.1732495844713,2024_05_DAL_PIT,2024,5,PIT,DAL,17.0,20.0,0
1624.721371493225,1547.7574939764352,141.9638775167898,0.6936437309962002,1639.911032468694,1532.5678330009662,2024_05_NO_KC,2024,5,KC,NO,26.0,13.0,1
1493.8782744550733,1597.8696157400275,-38.99134128495416,0.4441213441087202,1471.4920577918476,1620.2558324032532,2024_06_SF_SEA,2024,6,SEA,SF,24.0,36.0,0
1485.3199526008043,1445.6289508569166,104.69100174388768,0.6462623158828653,1505.5512762006815,1425.3976272570394,2024_06_JAX_CHI,2024,6,CHI,JAX,35.0,16.0,1
1649.5669324276325,1481.062621286214,233.5043111414186,0.7931730333461303,1657.343257998517,1473.2862957153295,2024_06_WAS_BAL,2024,6,BAL,WAS,30.0,23.0,1
1558.5143359918754,1401.4930057229828,222.0213302688926,0.782118940836745,1570.7492003964705,1389.2581413183877,2024_06_ARI_GB,2024,6,GB,ARI,34.0,13.0,1
1376.8912279473511,1515.3209758142634,-73.4297478669123,0.3958718953161775,1353.5649746373724,1538.6472291242421,2024_06_HOU_NE,2024,6,NE,HOU,21.0,41.0,0
1532.5678330009662,1506.45465509845,91.1131779025161,0.6281969872938432,1490.3788092579389,1548.6436788414774,2024_06_TB_NO,2024,6,NO,TB,27.0,51.0,0
1522.6413049369573,1443.3322326720345,144.30907226492286,0.6965049916305617,1531.809072384201,1434.1644652247908,2024_06_CLE_PHI,2024,6,PHI,CLE,20.0,16.0,1
1423.4255784857394,1460.4928571340397,27.932721351699684,0.5401120311966195,1408.25791406504,1475.660521554739,2024_06_IND_TEN,2024,6,TEN,IND,17.0,20.0,0
1516.0914568928017,1462.1659133096437,118.92554358315806,0.6647624691187421,1486.8648589052068,1491.3925112972386,2024_06_LAC_DEN,2024,6,DEN,LAC,16.0,23.0,0
1442.7513466291896,1556.0995856029847,-48.348238973795105,0.430866964833702,1417.4912333644459,1581.3596988677284,2024_06_PIT_LV,2024,6,LV,PIT,13.0,32.0,0
1327.557000331984,1451.6469207928474,-59.08992046086337,0.41577330185557404,1303.713044127645,1475.4908769971864,2024_06_ATL_CAR,2024,6,CAR,ATL,20.0,38.0,0
1589.1732495844713,1589.8448878362562,64.328361748215,0.5915323893016863,1544.525432596475,1634.4927048242525,2024_06_DET_DAL,2024,6,DAL,DET,9.0,47.0,0
1460.8783419092088,1486.2690493790951,39.609292530113635,0.5567566766386576,1433.6879153213863,1513.4594759669176,2024_06_CIN_NYG,2024,6,NYG,CIN,7.0,17.0,0
1470.5340455594696,1618.4506861895322,-82.9166406300626,0.38288834521832077,1460.3037018155999,1628.681029933402,2024_06_BUF_NYJ,2024,6,NYJ,BUF,20.0,23.0,0
1490.3788092579389,1486.8648589052068,68.51395035273208,0.5973409788735827,1451.1907514262332,1526.0529167369125,2024_07_DEN_NO,2024,7,NO,DEN,10.0,33.0,0
1425.3976272570394,1353.5649746373724,136.832652619667,0.687331259446182,1442.0773492168396,1336.8852526775722,2024_07_NE_JAX,2024,7,JAX,NE,32.0,16.0,1
1475.4908769971864,1471.4920577918476,68.9988192053388,0.5980121317667935,1437.8986408865057,1509.0842939025283,2024_07_SEA_ATL,2024,7,ATL,SEA,14.0,34.0,0
1628.681029933402,1408.25791406504,285.42311586836195,0.8379464729977939,1637.9155654099382,1399.0233785885039,2024_07_TEN_BUF,2024,7,BUF,TEN,34.0,10.0,1
1434.1644652247908,1513.4594759669176,-14.295010742126806,0.47943942658105515,1414.3538639983637,1533.2700771933446,2024_07_CIN_CLE,2024,7,CLE,CIN,14.0,21.0,0
1570.7492003964705,1538.6472291242421,97.10197127222841,0.6362127679691134,1578.4045372761507,1530.991892244562,2024_07_HOU_GB,2024,7,GB,HOU,24.0,22.0,1
1475.660521554739,1470.846245560417,69.81427599432209,0.5991400536648787,1490.7814270982506,1455.7253400169054,2024_07_MIA_IND,2024,7,IND,MIA,16.0,10.0,1
1590.8556863465403,1634.4927048242525,21.362981522287782,0.5307051156266576,1579.0805613961115,1646.2678297746816,2024_07_DET_MIN,2024,7,MIN,DET,29.0,31.0,0
1433.6879153213863,1531.809072384201,-33.121157062814746,0.4524786922074716,1404.6408359626732,1560.856151742914,2024_07_PHI_NYG,2024,7,NYG,PHI,3.0,28.0,0
1450.9412151938354,1417.4912333644459,98.44998182938957,0.6380068316265036,1463.3576725732407,1405.0747759850406,2024_07_LV_LA,2024,7,LA,LV,20.0,15.0,1
1473.2862957153295,1303.713044127645,234.57325158768458,0.7941806612533601,1486.403543429671,1290.5957964133036,2024_07_CAR_WAS,2024,7,WAS,CAR,40.0,7.0,1
1620.2558324032532,1639.911032468694,45.344799934559205,0.5648884027852512,1592.5948395219448,1667.5720253500026,2024_07_KC_SF,2024,7,SF,KC,18.0,28.0,0
1581.3596988677284,1460.3037018155999,186.05599705212853,0.7447916820698743,1596.115842500352,1445.5475581829762,2024_07_NYJ_PIT,2024,7,PIT,NYJ,37.0,15.0,1
1548.6436788414774,1657.343257998517,-43.69957915703958,0.4374407979787154,1528.0735284616117,1677.9134083783827,2024_07_BAL_TB,2024,7,TB,BAL,31.0,41.0,0
1389.2581413183877,1491.3925112972386,-37.13436997885083,0.4467619153372616,1401.6227295743881,1479.0279230412382,2024_07_LAC_ARI,2024,7,ARI,LAC,17.0,15.0,1
1463.3576725732407,1579.0805613961115,-50.7228888228708,0.42751811795298317,1491.4606426508137,1550.9775913185385,2024_08_MIN_LA,2024,8,LA,MIN,30.0,20.0,1
1533.2700771933446,1560.856151742914,37.4139254504305,0.5536358020776254,1498.9757236737744,1595.1505052624843,2024_08_PHI_CIN,2024,8,CIN,PHI,17.0,37.0,0
1414.3538639983637,1677.9134083783827,-198.5595443800189,0.24176987008098647,1444.2208053296188,1648.0464670471276,2024_08_BAL_CLE,2024,8,CLE,BAL,29.0,24.0,1
1646.2678297746816,1399.0233785885039,312.2444511861777,0.8578350156396166,1655.389763785002,1389.9014445781834,2024_08_TEN_DET,2024,8,DET,TEN,52.0,14.0,1
1530.991892244562,1490.7814270982506,105.21046514631144,0.6469456145714109,1540.3338771469766,1481.439442195836,2024_08_IND_HOU,2024,8,HOU,IND,23.0,20.0,1
1442.0773492168396,1578.4045372761507,-71.32718805931108,0.398770107259515,1431.36829718098,1589.1135893120102,2024_08_GB_JAX,2024,8,JAX,GB,27.0,30.0,0
1455.7253400169054,1401.6227295743881,119.10261044251729,0.6649895806266375,1445.978983070161,1411.3690865211327,2024_08_ARI_MIA,2024,8,MIA,ARI,27.0,28.0,0
1336.8852526775722,1445.5475581829762,-43.66230550540399,0.43749360005319227,1352.7970349102743,1429.6357759502741,2024_08_NYJ_NE,2024,8,NE,NYJ,25.0,22.0,1
1528.0735284616117,1437.8986408865057,155.1748875751059,0.7095621457966638,1500.716642934082,1465.2555264140353,2024_08_ATL_TB,2024,8,TB,ATL,26.0,31.0,0
1479.0279230412382,1451.1907514262332,92.83717161500499,0.6305119521008747,1499.9056116349623,1430.313062832509,2024_08_NO_LAC,2024,8,LAC,NO,26.0,8.0,1
1509.0842939025283,1637.9155654099382,-63.83127150740984,0.4091591877227945,1484.5029343482947,1662.4969249641717,2024_08_BUF_SEA,2024,8,SEA,BUF,10.0,31.0,0
1526.0529167369125,1290.5957964133036,300.45712032360893,0.8493574378950699,1533.2314822722417,1283.4172308779744,2024_08_CAR_DEN,2024,8,DEN,CAR,28.0,14.0,1
1405.0747759850406,1667.5720253500026,-197.49724936496204,0.24289263551577597,1395.805290645648,1676.8415106893951,2024_08_KC_LV,2024,8,LV,KC,20.0,27.0,0
1486.403543429671,1505.5512762006815,45.852267228989376,0.5656062705463699,1498.2016005873568,1493.7532190429956,2024_08_CHI_WAS,2024,8,WAS,CHI,18.0,15.0,1
1592.5948395219448,1544.525432596475,113.06940692546982,0.6572087023131312,1605.283523562251,1531.8367485561687,2024_08_DAL_SF,2024,8,SF,DAL,30.0,24.0,1
1596.115842500352,1404.6408359626732,256.47500653767884,0.8140265131158223,1603.4350794806599,1397.3215989823655,2024_08_NYG_PIT,2024,8,PIT,NYG,26.0,18.0,1
1429.6357759502741,1540.3338771469766,-45.69810119670251,0.4346117851385461,1455.0085126188333,1514.9611404784175,2024_09_HOU_NYJ,2024,9,NYJ,HOU,21.0,13.0,1
1465.2555264140353,1531.8367485561687,-1.581222142133356,0.49772445412765204,1484.8172478002841,1512.27502716992,2024_09_DAL_ATL,2024,9,ATL,DAL,27.0,21.0,1
1648.0464670471276,1533.2314822722417,179.81498477488594,0.7379031050564843,1664.840957158205,1516.4369921611644,2024_09_DEN_BAL,2024,9,BAL,DEN,41.0,10.0,1
1662.4969249641717,1445.978983070161,281.51794189401085,0.8348706285682921,1666.5558874865376,1441.920020547795,2024_09_MIA_BUF,2024,9,BUF,MIA,30.0,27.0,1
1283.4172308779744,1430.313062832509,-81.89583195453474,0.38427776561206783,1292.282984525675,1421.4473091848085,2024_09_NO_CAR,2024,9,CAR,NO,23.0,22.0,1
1498.9757236737744,1395.805290645648,168.17043302812635,0.7247340084464781,1513.7581589323054,1381.022855387117,2024_09_LV_CIN,2024,9,CIN,LV,41.0,24.0,1
1444.2208053296188,1499.9056116349623,9.3151936946565,0.5134024300684443,1414.416129311647,1529.710287652934,2024_09_LAC_CLE,2024,9,CLE,LAC,10.0,27.0,0
1397.3215989823655,1498.2016005873568,-35.88000160499132,0.4485473094614794,1381.5057631163584,1514.0174364533639,2024_09_WAS_NYG,2024,9,NYG,WAS,22.0,27.0,0
1389.9014445781834,1352.7970349102743,102.10440966790907,0.642851073384281,1399.364523577814,1343.3339559106437,2024_09_NE_TEN,2024,9,TEN,NE,20.0,17.0,1
1411.3690865211327,1493.7532190429956,-17.384132521862966,0.4750030791733005,1443.5909982539258,1461.5313073102025,2024_09_CHI_ARI,2024,9,ARI,CHI,29.0,9.0,1
1595.1505052624843,1431.36829718098,228.78220808150422,0.7886781942039348,1602.009936789322,1424.5088656541425,2024_09_JAX_PHI,2024,9,PHI,JAX,28.0,23.0,1
1589.1135893120102,1655.389763785002,-1.2761744729918973,0.49816344556101666,1565.2365644561814,1679.2667886408308,2024_09_DET_GB,2024,9,GB,DET,14.0,24.0,0
1484.5029343482947,1491.4606426508137,58.042291697481005,0.5827610813121772,1461.208342339784,1514.7552346593245,2024_09_LA_SEA,2024,9,SEA,LA,20.0,26.0,0
1550.9775913185385,1481.439442195836,134.53814912270263,0.6844857203026086,1564.0436669896237,1468.3733665247507,2024_09_IND_MIN,2024,9,MIN,IND,21.0,13.0,1
1676.8415106893951,1500.716642934082,241.12486775531306,0.8002769686599083,1683.846598986191,1493.711554637286,2024_09_TB_KC,2024,9,KC,TB,30.0,24.0,1
1664.840957158205,1513.7581589323054,216.08279822589952,0.7762373726095348,1667.6655371410548,1510.9335789494555,2024_10_CIN_BAL,2024,10,BAL,CIN,35.0,34.0,1
1292.282984525675,1381.5057631163584,-24.222778590683447,0.46519699023919947,1307.2759503199804,1366.5127973220528,2024_10_NYG_CAR,2024,10,CAR,NYG,20.0,17.0,1
1461.5313073102025,1343.3339559106437,183.19735139955878,0.7416512544349145,1415.6888079387322,1389.176455282114,2024_10_NE_CHI,2024,10,CHI,NE,3.0,19.0,0
1468.3733665247507,1666.5558874865376,-133.18252096178685,0.3172020104728737,1454.0293721897742,1680.899881821514,2024_10_BUF_IND,2024,10,IND,BUF,20.0,30.0,0
1424.5088656541425,1564.0436669896237,-74.53480133548123,0.39435158002435855,1410.8402861269583,1577.712246516808,2024_10_MIN_JAX,2024,10,JAX,MIN,7.0,12.0,0
1683.846598986191,1516.4369921611644,232.40960682502669,0.7921373445513187,1687.9774248748802,1512.3061662724754,2024_10_DEN_KC,2024,10,KC,DEN,16.0,14.0,1
1421.4473091848085,1484.8172478002841,1.6300613845244243,0.5023458296908175,1435.2349967787711,1471.0295602063215,2024_10_ATL_NO,2024,10,NO,ATL,20.0,17.0,1
1493.711554637286,1605.283523562251,-46.57196892496495,0.4333761054577103,1481.944906686446,1617.050171513091,2024_10_SF_TB,2024,10,TB,SF,20.0,23.0,0
1514.0174364533639,1603.4350794806599,-24.41764302729598,0.4649179273908724,1507.643054255305,1609.8094616787187,2024_10_PIT_WAS,2024,10,WAS,PIT,27.0,28.0,0
1529.710287652934,1399.364523577814,195.3457640751201,0.7548225789490726,1540.5095762821998,1388.5652349485483,2024_10_TEN_LAC,2024,10,LAC,TEN,27.0,17.0,1
1443.5909982539258,1455.0085126188333,53.58248563509255,0.5765057999769156,1470.5305666138813,1428.0689442588778,2024_10_NYJ_ARI,2024,10,ARI,NYJ,31.0,6.0,1
1512.27502716992,1602.009936789322,-24.73490961940206,0.46446362105988154,1481.3430712164404,1632.9418927428014,2024_10_PHI_DAL,2024,10,DAL,PHI,6.0,34.0,0
1514.9611404784175,1679.2667886408308,-99.30564816241326,0.3608563532334179,1505.3881906469285,1688.8397384723198,2024_10_DET_HOU,2024,10,HOU,DET,23.0,26.0,0
1514.7552346593245,1441.920020547795,137.83521411152947,0.6885701895301014,1482.4738633661914,1474.2013918409282,2024_10_MIA_LA,2024,10,LA,MIA,15.0,23.0,0
1632.9418927428014,1507.643054255305,190.29883848749637,0.7494062589138806,1643.0773919493927,1497.5075550487138,2024_11_WAS_PHI,2024,11,PHI,WAS,26.0,18.0,1
1415.6888079387322,1565.2365644561814,-84.54775651744922,0.38067221166443826,1410.6068733382763,1570.3184990566374,2024_11_GB_CHI,2024,11,CHI,GB,19.0,20.0,0
1688.8397384723198,1410.8402861269583,342.99945234536153,0.8780897364679724,1696.9610105262586,1402.7190140730195,2024_11_JAX_DET,2024,11,DET,JAX,52.0,6.0,1
1474.2013918409282,1381.022855387117,158.17853645381115,0.7131124613433655,1489.0427324116777,1366.1815148163676,2024_11_LV_MIA,2024,11,MIA,LV,34.0,19.0,1
1389.176455282114,1482.4738633661914,-28.29740808407746,0.4593665642353077,1371.525765354223,1500.1245532940823,2024_11_LA_NE,2024,11,NE,LA,22.0,28.0,0
1435.2349967787711,1414.416129311647,85.81886746712416,0.621051362324899,1457.782381922956,1391.8687441674622,2024_11_CLE_NO,2024,11,NO,CLE,35.0,14.0,1
1428.0689442588778,1454.0293721897742,39.03957206910354,0.5559471975995294,1420.2226449868856,1461.8756714617664,2024_11_IND_NYJ,2024,11,NYJ,IND,27.0,28.0,0
1609.8094616787187,1667.6655371410548,7.1439245376639064,0.5102794851927905,1620.534893157086,1656.9401056626875,2024_11_BAL_PIT,2024,11,PIT,BAL,18.0,16.0,1
1388.5652349485483,1577.712246516808,-124.14701156825959,0.32857269496170927,1373.6492903218539,1592.6281911435024,2024_11_MIN_TEN,2024,11,TEN,MIN,13.0,23.0,0
1512.3061662724754,1471.0295602063215,106.27660606615382,0.6483461266098166,1535.764175888547,1447.57155059025,2024_11_ATL_DEN,2024,11,DEN,ATL,38.0,6.0,1
1617.050171513091,1461.208342339784,220.84182917330713,0.7809596901752235,1592.981271234553,1485.277242618322,2024_11_SEA_SF,2024,11,SF,SEA,17.0,20.0,0
1680.899881821514,1687.9774248748802,57.92245694663393,0.5825933405531266,1699.6290597643983,1669.248246931996,2024_11_KC_BUF,2024,11,BUF,KC,30.0,21.0,1
1540.5095762821998,1510.9335789494555,94.57599733274424,0.6328407664883354,1555.1499242995985,1496.2932309320568,2024_11_CIN_LAC,2024,11,LAC,CIN,34.0,27.0,1
1481.3430712164404,1505.3881906469285,40.95488056951194,0.5586673321683042,1444.6952248361301,1542.0360370272388,2024_11_HOU_DAL,2024,11,DAL,HOU,10.0,34.0,0
1391.8687441674622,1620.534893157086,-163.6661489896237,0.2804686613141091,1419.7256655213514,1592.6779718031967,2024_12_PIT_CLE,2024,12,CLE,PIT,24.0,19.0,1
1307.2759503199804,1669.248246931996,-296.9722966120155,0.1532272872627664,1303.532858143118,1672.9913391088585,2024_12_KC_CAR,2024,12,CAR,KC,27.0,30.0,0
1410.6068733382763,1592.6281911435024,-117.02131780522609,0.33768475631724937,1401.7171230901706,1601.517941391608,2024_12_MIN_CHI,2024,12,CHI,MIN,27.0,30.0,0
1542.0360370272388,1373.6492903218539,233.3867467053849,0.7930619899018438,1510.2438387293366,1405.441488619756,2024_12_TEN_HOU,2024,12,HOU,TEN,27.0,32.0,0
1461.8756714617664,1696.9610105262586,-170.08533906449225,0.2730724016022841,1446.9487907933649,1711.8878911946601,2024_12_DET_IND,2024,12,IND,DET,6.0,24.0,0
1489.0427324116777,1371.525765354223,182.51696705745462,0.7409001042492861,1503.3773763795127,1357.191121386388,2024_12_NE_MIA,2024,12,MIA,NE,34.0,15.0,1
1366.5127973220528,1481.944906686446,-50.43210936439323,0.4279278390099543,1339.922784276275,1508.534919732224,2024_12_TB_NYG,2024,12,NYG,TB,7.0,30.0,0
1497.5075550487138,1444.6952248361301,117.81233021258367,0.6633328823144686,1466.7084015153923,1475.4943783694516,2024_12_DAL_WAS,2024,12,WAS,DAL,26.0,34.0,0
1366.1815148163676,1535.764175888547,-104.58266107217946,0.3538802701497475,1349.980323591796,1551.9653671131186,2024_12_DEN_LV,2024,12,LV,DEN,19.0,29.0,0
1570.3184990566374,1592.981271234553,42.33722782208429,0.5606283756065935,1599.349701719734,1563.9500685714565,2024_12_SF_GB,2024,12,GB,SF,38.0,10.0,1
1485.277242618322,1470.5305666138813,79.74667600444059,0.6127908661178157,1503.1974029175797,1452.6104063146236,2024_12_ARI_SEA,2024,12,SEA,ARI,16.0,6.0,1
1500.1245532940823,1643.0773919493927,-77.95283865531042,0.38966214145319517,1478.370015225827,1664.831930017648,2024_12_PHI_LA,2024,12,LA,PHI,20.0,37.0,0
1555.1499242995985,1656.9401056626875,-36.790181363089005,0.44725167846132563,1536.855189276523,1675.234840685763,2024_12_BAL_LAC,2024,12,LAC,BAL,23.0,30.0,0
1711.8878911946601,1401.7171230901706,375.1707681044895,0.8965677028957637,1714.3378471076453,1399.2671671771855,2024_13_CHI_DET,2024,13,DET,CHI,23.0,20.0,1
1475.4943783694516,1339.922784276275,200.5715940931766,0.760347007716681,1484.628516719915,1330.7886459258116,2024_13_NYG_DAL,2024,13,DAL,NYG,27.0,20.0,1
1599.349701719734,1503.3773763795127,160.97232534022123,0.7163913278188059,1613.298285372866,1489.4287927263806,2024_13_MIA_GB,2024,13,GB,MIA,30.0,17.0,1
1672.9913391088585,1349.980323591796,388.01101551706256,0.9032239471695773,1674.798924876862,1348.1727378237924,2024_13_LV_KC,2024,13,KC,LV,19.0,17.0,1
1447.57155059025,1536.855189276523,-24.283638686273207,0.46510983093255126,1432.7636920858397,1551.6630477809333,2024_13_LAC_ATL,2024,13,ATL,LAC,13.0,17.0,0
1496.2932309320568,1592.6779718031967,-31.38474087113991,0.4549561793271525,1478.8361924650685,1610.135010270185,2024_13_PIT_CIN,2024,13,CIN,PIT,38.0,44.0,0
1402.7190140730195,1510.2438387293366,-42.52482465631715,0.4391056377627131,1390.775286553737,1522.187566248619,2024_13_HOU_JAX,2024,13,JAX,HOU,20.0,23.0,0
1601.517941391608,1452.6104063146236,213.90753507698446,0.7740549003445293,1604.3726411207886,1449.755706585443,2024_13_ARI_MIN,2024,13,MIN,ARI,23.0,22.0,1
1357.191121386388,1446.9487907933649,-24.757669406976902,0.46443103269573427,1350.8243881131907,1453.3155240665621,2024_13_IND_NE,2024,13,NE,IND,24.0,25.0,0
1420.2226449868856,1503.1974029175797,-17.974757930694068,0.4741552981742324,1403.3689009740538,1520.0511469304115,2024_13_SEA_NYJ,2024,13,NYJ,SEA,21.0,26.0,0
1466.7084015153923,1405.441488619756,126.26691289563632,0.6741138175108911,1486.2977651821882,1385.8521249529601,2024_13_TEN_WAS,2024,13,WAS,TEN,42.0,19.0,1
1303.532858143118,1508.534919732224,-140.002061589106,0.3087613147338384,1295.4843613621795,1516.5834165131623,2024_13_TB_CAR,2024,13,CAR,TB,23.0,26.0,0
1457.782381922956,1478.370015225827,44.412366697128846,0.5635686669649532,1433.8613148778932,1502.2910822708898,2024_13_LA_NO,2024,13,NO,LA,14.0,21.0,0
1675.234840685763,1664.831930017648,75.40291066811506,0.6068413203299021,1652.7167819681345,1687.3499887352764,2024_13_PHI_BAL,2024,13,BAL,PHI,19.0,24.0,0
1699.6290597643983,1563.9500685714565,200.6789911929418,0.7604596426324087,1713.9331824415374,1549.6459458943175,2024_13_SF_BUF,2024,13,BUF,SF,35.0,10.0,1
1551.9653671131186,1419.7256655213514,197.23970159176724,0.7568346232446097,1562.2421845445203,1409.4488480899497,2024_13_CLE_DEN,2024,13,DEN,CLE,41.0,32.0,1
1714.3378471076453,1613.298285372866,166.03956173477923,0.7222802177986599,1721.4975161459831,1606.1386163345283,2024_14_GB_DET,2024,14,DET,GB,34.0,31.0,1
1489.4287927263806,1403.3689009740538,151.05989175232685,0.7046563486866493,1500.1845107176136,1392.6131829828207,2024_14_NYJ_MIA,2024,14,MIA,NYJ,32.0,26.0,1
1604.3726411207886,1432.7636920858397,236.60894903494886,0.7960895247827916,1615.754451557191,1421.3818816494372,2024_14_ATL_MIN,2024,14,MIN,ATL,42.0,21.0,1
1330.7886459258116,1433.8613148778932,-38.072668952081585,0.4454272904131535,1318.6488671865345,1446.0010936171702,2024_14_NO_NYG,2024,14,NYG,NO,11.0,14.0,0
1687.3499887352764,1295.4843613621795,456.8656273730969,0.9327631567705736,1689.5167605841928,1293.317589513263,2024_14_CAR_PHI,2024,14,PHI,CAR,22.0,16.0,1
1610.135010270185,1409.4488480899497,265.6861621802352,0.8219203383920424,1618.5214576254634,1401.0624007346714,2024_14_CLE_PIT,2024,14,PIT,CLE,27.0,14.0,1
1516.5834165131623,1348.1727378237924,233.4106786893699,0.7930845980125277,1526.956683081531,1337.7994712554237,2024_14_LV_TB,2024,14,TB,LV,28.0,13.0,1
1385.8521249529601,1390.775286553737,60.07683839922311,0.5856060206053393,1366.472995775863,1410.1544157308342,2024_14_JAX_TEN,2024,14,TEN,JAX,6.0,10.0,0
1449.755706585443,1520.0511469304115,-5.295440344968483,0.49237983880449876,1424.5577714540275,1545.249082061827,2024_14_SEA_ARI,2024,14,ARI,SEA,18.0,30.0,0
1502.2910822708898,1713.9331824415374,-146.6421001706476,0.30066361450314905,1518.7544470217065,1697.4698176907207,2024_14_BUF_LA,2024,14,LA,BUF,44.0,42.0,1
1549.6459458943175,1399.2671671771855,215.37877871713204,0.7755326659738302,1562.9684090270905,1385.9447040444124,2024_14_CHI_SF,2024,14,SF,CHI,38.0,13.0,1
1674.798924876862,1551.6630477809333,188.13587709592866,0.7470607498745636,1679.9187405163882,1546.543232141407,2024_14_LAC_KC,2024,14,KC,LAC,19.0,17.0,1
1484.628516719915,1478.8361924650685,70.79232425484656,0.6004914835297669,1458.8244461156003,1504.6402630693833,2024_14_CIN_DAL,2024,14,DAL,CIN,20.0,27.0,0
1562.9684090270905,1518.7544470217065,109.21396200538402,0.6521914801851022,1536.2604322739924,1545.4624237748046,2024_15_LA_SF,2024,15,SF,LA,6.0,12.0,0
1293.317589513263,1458.8244461156003,-100.50685660233717,0.3592630900330277,1273.8496035680628,1478.2924320608006,2024_15_DAL_CAR,2024,15,CAR,DAL,14.0,30.0,0
1401.0624007346714,1679.9187405163882,-213.85633978171677,0.22599664572018546,1389.9066202189022,1691.0745210321575,2024_15_KC_CLE,2024,15,CLE,KC,7.0,21.0,0
1522.187566248619,1500.1845107176136,87.00305553100543,0.6226543284476117,1538.139001028722,1484.2330759375106,2024_15_MIA_HOU,2024,15,HOU,MIA,20.0,12.0,1
1410.1544157308342,1392.6131829828207,82.5412327480135,0.6166009090613807,1383.5110804036642,1419.2565183099907,2024_15_NYJ_JAX,2024,15,JAX,NYJ,25.0,32.0,0
1446.0010936171702,1486.2977651821882,24.70332843498204,0.535491159248416,1438.4933065404061,1493.8055522589523,2024_15_WAS_NO,2024,15,NO,WAS,19.0,20.0,0
1318.6488671865345,1652.7167819681345,-269.06791478159994,0.1752481730898786,1308.9955159179617,1662.3701332367073,2024_15_BAL_NYG,2024,15,NYG,BAL,14.0,35.0,0
1366.472995775863,1504.6402630693833,-73.16726729352035,0.3962333091946246,1348.0821172517021,1523.0311415935441,2024_15_CIN_TEN,2024,15,TEN,CIN,27.0,37.0,0
1424.5577714540275,1350.8243881131907,138.73338334083678,0.6896778281448579,1439.965321691451,1335.4168378757672,2024_15_NE_ARI,2024,15,ARI,NE,30.0,17.0,1
1562.2421845445203,1453.3155240665621,173.9266604779582,0.7312949071867353,1576.9065688928165,1438.651139718266,2024_15_IND_DEN,2024,15,DEN,IND,31.0,13.0,1
1721.4975161459831,1697.4698176907207,89.02769845526245,0.6253887484854578,1696.1320417988009,1722.835292037903,2024_15_BUF_DET,2024,15,DET,BUF,42.0,48.0,0
1546.543232141407,1526.956683081531,84.586549059876,0.61938043418154,1505.6005635304978,1567.8993516924404,2024_15_TB_LAC,2024,15,LAC,TB,17.0,40.0,0
1689.5167605841928,1618.5214576254634,135.99530295872933,0.6862944365092571,1705.518221795081,1602.5199964145752,2024_15_PIT_PHI,2024,15,PHI,PIT,27.0,13.0,1
1545.249082061827,1606.1386163345283,4.110465727298788,0.5059151597149791,1515.9486795893024,1635.439018807053,2024_15_GB_SEA,2024,15,SEA,GB,13.0,30.0,0
1615.754451557191,1385.9447040444124,294.8097475127786,0.845150537194418,1623.7957745335266,1377.903381068077,2024_15_CHI_MIN,2024,15,MIN,CHI,30.0,12.0,1
1337.7994712554237,1421.3818816494372,-18.58241039401355,0.47328323214754425,1319.5344150727228,1439.646937832138,2024_15_ATL_LV,2024,15,LV,ATL,9.0,15.0,0
1505.6005635304978,1576.9065688928165,-6.306005362318729,0.49092592518046685,1526.8332196751664,1555.6739127481478,2024_16_DEN_LAC,2024,16,LAC,DEN,34.0,27.0,1
1691.0745210321575,1538.139001028722,217.93552000343539,0.7780843700945519,1699.9475173432397,1529.2660047176398,2024_16_HOU_KC,2024,16,KC,HOU,27.0,19.0,1
1662.3701332367073,1602.5199964145752,124.85013682213207,0.6723196176628234,1680.2952445115438,1584.5948851397386,2024_16_PIT_BAL,2024,16,BAL,PIT,34.0,17.0,1
1439.646937832138,1308.9955159179617,195.65142191417635,0.7551480570709859,1454.6321967925828,1294.010256957517,2024_16_NYG_ATL,2024,16,ATL,NYG,34.0,7.0,1
1273.8496035680628,1439.965321691451,-101.1157181233882,0.3584566873681122,1300.0201594062733,1413.7947658532405,2024_16_ARI_CAR,2024,16,CAR,ARI,36.0,30.0,1
1377.903381068077,1696.1320417988009,-253.22866073072396,0.18881914978714526,1368.1149206396815,1705.9205022271963,2024_16_DET_CHI,2024,16,CHI,DET,17.0,34.0,0
1523.0311415935441,1389.9066202189022,198.12452137464197,0.7577707713303484,1536.1172360656938,1376.8205257467525,2024_16_CLE_CIN,2024,16,CIN,CLE,24.0,6.0,1
1438.651139718266,1348.0821172517021,155.56902246656387,0.7100294908088197,1450.5521853809134,1336.1810715890547,2024_16_TEN_IND,2024,16,IND,TEN,38.0,30.0,1
1419.2565183099907,1545.4624237748046,-61.205905464813895,0.412817634266881,1399.9945343132495,1564.7244077715459,2024_16_LA_NYJ,2024,16,NYJ,LA,9.0,19.0,0
1493.8055522589523,1705.518221795081,-146.71266953612871,0.300578205483595,1514.5832568293056,1684.7405172247277,2024_16_PHI_WAS,2024,16,WAS,PHI,36.0,33.0,1
1515.9486795893024,1623.7957745335266,-42.84709494422418,0.4386487843542054,1504.019092924275,1635.725361198554,2024_16_MIN_SEA,2024,16,SEA,MIN,24.0,27.0,0
1722.835292037903,1335.4168378757672,452.41845416213573,0.9311397298608801,1724.4188531001355,1333.8332768135347,2024_16_NE_BUF,2024,16,BUF,NE,24.0,21.0,1
1319.5344150727228,1383.5110804036642,1.0233346690586131,0.5014726927126204,1337.3909295471367,1365.6545659292503,2024_16_JAX_LV,2024,16,LV,JAX,19.0,14.0,1
1484.2330759375106,1536.2604322739924,12.972643663518284,0.5186604639473865,1508.7805585461097,1511.7129496653934,2024_16_SF_MIA,2024,16,MIA,SF,29.0,17.0,1
1478.2924320608006,1567.8993516924404,-24.606919631639812,0.46464688783071323,1490.1883981632016,1556.0033855900394,2024_16_TB_DAL,2024,16,DAL,TB,26.0,24.0,1
1635.439018807053,1438.4933065404061,261.94571226664675,0.8187469188396197,1646.9560813691542,1426.9762439783049,2024_16_NO_GB,2024,16,GB,NO,34.0,0.0,1
1584.5948851397386,1699.9475173432397,-50.352632203501116,0.4280398430555163,1559.5228670169952,1725.0195354659832,2024_17_KC_PIT,2024,17,PIT,KC,10.0,29.0,0
1529.2660047176398,1680.2952445115438,-86.02923979390403,0.3786636746820826,1504.477154879955,1705.0840943492287,2024_17_BAL_HOU,2024,17,HOU,BAL,2.0,31.0,0
1368.1149206396815,1504.019092924275,-70.90417228459341,0.3993540661488892,1357.3881885049811,1514.7458250589752,2024_17_SEA_CHI,2024,17,CHI,SEA,3.0,6.0,0
1333.8332768135347,1526.8332196751664,-127.99994286163178,0.32369840251256493,1312.258963649105,1548.4075328395961,2024_17_LAC_NE,2024,17,NE,LAC,7.0,40.0,0
1536.1172360656938,1555.6739127481478,45.443323317545946,0.5650277962255454,1552.7029765972202,1539.0881722166214,2024_17_DEN_CIN,2024,17,CIN,DEN,30.0,24.0,1
1564.7244077715459,1413.7947658532405,215.92964191830538,0.7760842009422997,1571.2877848987262,1407.2313887260602,2024_17_ARI_LA,2024,17,LA,ARI,13.0,9.0,1
1724.4188531001355,1399.9945343132495,389.42431878688603,0.9039327568809848,1729.7989548487578,1394.6144325646271,2024_17_NYJ_BUF,2024,17,BUF,NYJ,40.0,14.0,1
1365.6545659292503,1336.1810715890547,94.47349434019566,0.6327036545802432,1380.3010355219083,1321.5346019963968,2024_17_TEN_JAX,2024,17,JAX,TEN,20.0,13.0,1
1426.9762439783049,1337.3909295471367,154.58531443116817,0.7088622302810969,1384.6978388591438,1379.6693346662978,2024_17_LV_NO,2024,17,NO,LV,10.0,25.0,0
1294.010256957517,1450.5521853809134,-91.54192842339648,0.37122673542056156,1327.6661074197018,1416.8963349187284,2024_17_IND_NYG,2024,17,NYG,IND,45.0,33.0,1
1684.7405172247277,1490.1883981632016,259.5521190615261,0.8166931772729339,1696.3994124677859,1478.5295029201434,2024_17_DAL_PHI,2024,17,PHI,DAL,41.0,7.0,1
1556.0033855900394,1300.0201594062733,320.9832261837662,0.8638601209766632,1564.4513136039154,1291.5722313923973,2024_17_CAR_TB,2024,17,TB,CAR,48.0,14.0,1
1376.8205257467525,1508.7805585461097,-66.96003279935712,0.40481239197139385,1354.1105685021826,1531.4905157906796,2024_17_MIA_CLE,2024,17,CLE,MIA,3.0,20.0,0
1635.725361198554,1646.9560813691542,53.76927982939992,0.5767683030859989,1644.8028528846712,1637.878589683037,2024_17_GB_MIN,2024,17,MIN,GB,27.0,25.0,1
1514.5832568293056,1454.6321967925828,124.95106003672277,0.6724475939511647,1526.6458988084385,1442.56955481345,2024_17_ATL_WAS,2024,17,WAS,ATL,30.0,24.0,1
1511.7129496653934,1705.9205022271963,-129.2075525618029,0.3221784515387948,1499.869894292103,1717.7635576004866,2024_17_DET_SF,2024,17,SF,DET,34.0,40.0,0
1705.0840943492287,1354.1105685021826,415.9735258470462,0.9164097037128597,1709.6648712948647,1349.5297915565466,2024_18_CLE_BAL,2024,18,BAL,CLE,35.0,10.0,1
1559.5228670169952,1552.7029765972202,71.81989041977499,0.6019096886343872,1545.8512437293248,1566.3745998848906,2024_18_CIN_PIT,2024,18,PIT,CIN,17.0,19.0,0
1442.56955481345,1291.5722313923973,215.99732342105267,0.776151898430125,1409.0745588315935,1325.0672273742537,2024_18_CAR_ATL,2024,18,ATL,CAR,38.0,44.0,0
1478.5295029201434,1526.6458988084385,16.883604111704926,0.5242783516375726,1461.5231206104966,1543.6522811180853,2024_18_WAS_DAL,2024,18,DAL,WAS,19.0,23.0,0
1637.878589683037,1357.3881885049811,345.4904011780559,0.879616402799748,1614.95084362989,1380.3159345581282,2024_18_CHI_GB,2024,18,GB,CHI,22.0,24.0,0
1416.8963349187284,1380.3010355219083,101.59529939682011,0.6421779280758115,1426.3793468590989,1370.8180235815378,2024_18_JAX_IND,2024,18,IND,JAX,26.0,23.0,1
1312.258963649105,1729.7989548487578,-352.53999119965283,0.11615221588734935,1356.0315112345625,1686.0264072633004,2024_18_BUF_NE,2024,18,NE,BUF,23.0,16.0,1
1696.3994124677859,1327.6661074197018,433.73330504808405,0.9239150468629158,1699.042590243477,1325.0229296440107,2024_18_NYG_PHI,2024,18,PHI,NYG,20.0,13.0,1
1564.4513136039154,1384.6978388591438,244.75347474477167,0.8035946368230934,1572.2181721457862,1376.930980317273,2024_18_NO_TB,2024,18,TB,NO,27.0,19.0,1
1321.5346019963968,1504.477154879955,-117.94255288355816,0.3364997308371884,1306.8267104765803,1519.1850463997714,2024_18_HOU_TEN,2024,18,TEN,HOU,14.0,23.0,0
1407.2313887260602,1499.869894292103,-27.638505566042795,0.46030868280751536,1441.9711844446658,1465.1300985734974,2024_18_SF_ARI,2024,18,ARI,SF,47.0,24.0,1
1539.0881722166214,1725.0195354659832,-120.93136324936177,0.33266928578488286,1590.828415580095,1673.2792921025095,2024_18_KC_DEN,2024,18,DEN,KC,38.0,0.0,1
1571.2877848987262,1514.7458250589752,121.54195983975092,0.6681105588546342,1545.9458682103448,1540.0877417473566,2024_18_SEA_LA,2024,18,LA,SEA,25.0,30.0,0
1379.6693346662978,1548.4075328395961,-103.73819817329831,0.35499254818131487,1361.3083697531854,1566.7684977527085,2024_18_LAC_LV,2024,18,LV,LAC,20.0,34.0,0
1394.6144325646271,1531.4905157906796,-71.87608322605251,0.3980128054161794,1426.538764063469,1499.5661842918378,2024_18_MIA_NYJ,2024,18,NYJ,MIA,32.0,20.0,1
1717.7635576004866,1644.8028528846712,137.96070471581538,0.6887250769451717,1736.131715640387,1626.4346948447708,2024_18_MIN_DET,2024,18,DET,MIN,31.0,9.0,1
