game_id,season,week,home_team,away_team,y_true,y_pred
2010_01_MIN_NO,2010,1,NO,MIN,5.0,4.09543533045866
2010_01_MIA_BUF,2010,1,BUF,MIA,-5.0,1.3363610094544827
2010_01_DET_CHI,2010,1,CHI,DET,5.0,8.582357206653578
2010_01_IND_HOU,2010,1,HOU,IND,10.0,0.5113852770054335
2010_01_DEN_JAX,2010,1,JAX,DEN,7.0,1.7492177193360776
2010_01_CIN_NE,2010,1,NE,CIN,14.0,7.283940707837575
2010_01_CAR_NYG,2010,1,NYG,CAR,13.0,0.7209200414480718
2010_01_ATL_PIT,2010,1,PIT,ATL,6.0,2.8213365869243208
2010_01_CLE_TB,2010,1,TB,CLE,3.0,2.7520732509814896
2010_01_OAK_TEN,2010,1,TEN,OAK,25.0,8.023132459625607
2010_01_GB_PHI,2010,1,PHI,GB,-7.0,6.2396340583819985
2010_01_SF_SEA,2010,1,SEA,SF,25.0,-0.7331665601908236
2010_01_ARI_STL,2010,1,STL,ARI,-4.0,-5.3652020513250385
2010_01_DAL_WAS,2010,1,WAS,DAL,6.0,-3.776078996904028
2010_01_BAL_NYJ,2010,1,NYJ,BAL,-1.0,2.211109148976667
2010_01_SD_KC,2010,1,KC,SD,7.0,-6.408098751028874
2010_02_ARI_ATL,2010,2,ATL,ARI,34.0,2.033467817723911
2010_02_TB_CAR,2010,2,CAR,TB,-13.0,4.716164245242854
2010_02_BAL_CIN,2010,2,CIN,BAL,5.0,0.3529202139439049
2010_02_KC_CLE,2010,2,CLE,KC,-2.0,4.591137020217479
2010_02_CHI_DAL,2010,2,DAL,CHI,-7.0,6.025785278640519
2010_02_PHI_DET,2010,2,DET,PHI,-3.0,-1.7342006104001142
2010_02_BUF_GB,2010,2,GB,BUF,27.0,10.164157271070657
2010_02_MIA_MIN,2010,2,MIN,MIA,-4.0,1.3406458184516323
2010_02_PIT_TEN,2010,2,TEN,PIT,-8.0,5.048077262259467
2010_02_SEA_DEN,2010,2,DEN,SEA,17.0,4.015239038960849
2010_02_STL_OAK,2010,2,OAK,STL,2.0,4.610941177515675
2010_02_NE_NYJ,2010,2,NYJ,NE,14.0,-6.314452711363455
2010_02_JAX_SD,2010,2,SD,JAX,25.0,9.548648781487929
2010_02_HOU_WAS,2010,2,WAS,HOU,-3.0,-4.917672301238995
2010_02_NYG_IND,2010,2,IND,NYG,24.0,3.6775824194870674
2010_02_NO_SF,2010,2,SF,NO,-3.0,-7.558117363950873
2010_03_CLE_BAL,2010,3,BAL,CLE,7.0,7.382301379618524
2010_03_CIN_CAR,2010,3,CAR,CIN,-13.0,3.3033270478196926
2010_03_DAL_HOU,2010,3,HOU,DAL,-14.0,2.7835088368648577
2010_03_SF_KC,2010,3,KC,SF,21.0,0.5798728225183835
2010_03_DET_MIN,2010,3,MIN,DET,14.0,10.040402282939532
2010_03_BUF_NE,2010,3,NE,BUF,8.0,9.04324880356519
2010_03_ATL_NO,2010,3,NO,ATL,-3.0,3.053701079749542
2010_03_TEN_NYG,2010,3,NYG,TEN,-19.0,2.1323135531656616
2010_03_PIT_TB,2010,3,TB,PIT,-25.0,3.6109893521208454
2010_03_PHI_JAX,2010,3,JAX,PHI,-25.0,-0.2959040002171737
2010_03_WAS_STL,2010,3,STL,WAS,14.0,-0.10185328441324064
2010_03_OAK_ARI,2010,3,ARI,OAK,1.0,4.368271202270591
2010_03_IND_DEN,2010,3,DEN,IND,-14.0,-2.5622156277592527
2010_03_SD_SEA,2010,3,SEA,SD,7.0,0.2170090313452804
2010_03_NYJ_MIA,2010,3,MIA,NYJ,-8.0,-0.30204238699198094
2010_03_GB_CHI,2010,3,CHI,GB,3.0,-3.6847198868665347
2010_04_SF_ATL,2010,4,ATL,SF,2.0,9.09978113208139
2010_04_NYJ_BUF,2010,4,BUF,NYJ,-24.0,-7.337803021650171
2010_04_CIN_CLE,2010,4,CLE,CIN,3.0,-2.535481762345342
2010_04_DET_GB,2010,4,GB,DET,2.0,11.195111169195325
2010_04_CAR_NO,2010,4,NO,CAR,2.0,8.832669206734282
2010_04_BAL_PIT,2010,4,PIT,BAL,-3.0,2.361539264688692
2010_04_SEA_STL,2010,4,STL,SEA,17.0,-1.8083645616533623
2010_04_DEN_TEN,2010,4,TEN,DEN,-6.0,10.177922414168625
2010_04_IND_JAX,2010,4,JAX,IND,3.0,-6.92741630952091
2010_04_HOU_OAK,2010,4,OAK,HOU,-7.0,-3.246396752133489
2010_04_WAS_PHI,2010,4,PHI,WAS,-5.0,15.404827268873465
2010_04_ARI_SD,2010,4,SD,ARI,31.0,3.9556549610569
2010_04_CHI_NYG,2010,4,NYG,CHI,14.0,1.8054111623790063
2010_04_NE_MIA,2010,4,MIA,NE,-27.0,-4.158161344613966
2010_05_DEN_BAL,2010,5,BAL,DEN,14.0,7.972994518863319
2010_05_JAX_BUF,2010,5,BUF,JAX,-10.0,2.0665687751020747
2010_05_CHI_CAR,2010,5,CAR,CHI,-17.0,4.116376757679528
2010_05_TB_CIN,2010,5,CIN,TB,-3.0,5.349415300579385
2010_05_ATL_CLE,2010,5,CLE,ATL,-10.0,-3.0089051436073944
2010_05_STL_DET,2010,5,DET,STL,38.0,2.541994870501235
2010_05_NYG_HOU,2010,5,HOU,NYG,-24.0,5.305216660499777
2010_05_KC_IND,2010,5,IND,KC,10.0,10.390945241395476
2010_05_GB_WAS,2010,5,WAS,GB,3.0,-7.836126526763479
2010_05_NO_ARI,2010,5,ARI,NO,10.0,-4.002639140648923
2010_05_TEN_DAL,2010,5,DAL,TEN,-7.0,3.6836695528098002
2010_05_SD_OAK,2010,5,OAK,SD,8.0,-4.612310760161607
2010_05_PHI_SF,2010,5,SF,PHI,-3.0,-5.011603852764388
2010_05_MIN_NYJ,2010,5,NYJ,MIN,9.0,8.762069128340354
2010_06_SEA_CHI,2010,6,CHI,SEA,-3.0,9.510973523576618
2010_06_MIA_GB,2010,6,GB,MIA,-3.0,6.559303647217617
2010_06_KC_HOU,2010,6,HOU,KC,4.0,2.1569085219305784
2010_06_BAL_NE,2010,6,NE,BAL,3.0,5.960493804994642
2010_06_DET_NYG,2010,6,NYG,DET,8.0,9.565970634294077
2010_06_ATL_PHI,2010,6,PHI,ATL,14.0,6.21760473155243
2010_06_CLE_PIT,2010,6,PIT,CLE,18.0,10.314933978028446
2010_06_SD_STL,2010,6,STL,SD,3.0,-3.3391899731382546
2010_06_NO_TB,2010,6,TB,NO,-25.0,-1.9608145759845417
2010_06_NYJ_DEN,2010,6,DEN,NYJ,-4.0,-1.000079752128647
2010_06_OAK_SF,2010,6,SF,OAK,8.0,3.9010876265261314
2010_06_DAL_MIN,2010,6,MIN,DAL,3.0,1.2586357744536931
2010_06_IND_WAS,2010,6,WAS,IND,-3.0,-8.027109253474553
2010_06_TEN_JAX,2010,6,JAX,TEN,-27.0,-1.4256608395001102
2010_07_CIN_ATL,2010,7,ATL,CIN,7.0,3.648617161543174
2010_07_BUF_BAL,2010,7,BAL,BUF,3.0,13.322289178933293
2010_07_SF_CAR,2010,7,CAR,SF,3.0,2.1426750838482693
2010_07_WAS_CHI,2010,7,CHI,WAS,-3.0,3.151205266213705
2010_07_JAX_KC,2010,7,KC,JAX,22.0,2.577211969678461
2010_07_PIT_MIA,2010,7,MIA,PIT,-1.0,-2.4952255741866307
2010_07_CLE_NO,2010,7,NO,CLE,-13.0,12.319914449479167
2010_07_STL_TB,2010,7,TB,STL,1.0,7.383169899882505
2010_07_PHI_TEN,2010,7,TEN,PHI,18.0,4.681849691778238
2010_07_ARI_SEA,2010,7,SEA,ARI,12.0,0.661016723258072
2010_07_OAK_DEN,2010,7,DEN,OAK,-45.0,4.502797779885065
2010_07_NE_SD,2010,7,SD,NE,-3.0,-1.032121028097855
2010_07_MIN_GB,2010,7,GB,MIN,4.0,2.638346218035838
2010_07_NYG_DAL,2010,7,DAL,NYG,-6.0,1.3561304492575377
2010_08_MIA_CIN,2010,8,CIN,MIA,-8.0,0.7911213046603048
2010_08_JAX_DAL,2010,8,DAL,JAX,-18.0,3.812845466610192
2010_08_WAS_DET,2010,8,DET,WAS,12.0,1.9322774276759405
2010_08_BUF_KC,2010,8,KC,BUF,3.0,10.30473060440451
2010_08_GB_NYJ,2010,8,NYJ,GB,-9.0,8.181084427381647
2010_08_DEN_SF,2010,8,SF,DEN,8.0,4.2421424705621265
2010_08_CAR_STL,2010,8,STL,CAR,10.0,1.5583415159982223
2010_08_TEN_SD,2010,8,SD,TEN,8.0,-0.24554095176777704
2010_08_TB_ARI,2010,8,ARI,TB,-3.0,2.3051644878092414
2010_08_MIN_NE,2010,8,NE,MIN,10.0,11.410945948561137
2010_08_SEA_OAK,2010,8,OAK,SEA,30.0,5.001468679407238
2010_08_PIT_NO,2010,8,NO,PIT,10.0,1.3736827454616054
2010_08_HOU_IND,2010,8,IND,HOU,13.0,4.56687507427118
2010_09_TB_ATL,2010,9,ATL,TB,6.0,7.554943029192539
2010_09_MIA_BAL,2010,9,BAL,MIA,16.0,5.416792315882571
2010_09_CHI_BUF,2010,9,BUF,CHI,-3.0,-1.3446998149306932
2010_09_NO_CAR,2010,9,CAR,NO,-31.0,-5.983038125603919
2010_09_NE_CLE,2010,9,CLE,NE,20.0,-4.659848453835599
2010_09_NYJ_DET,2010,9,DET,NYJ,-3.0,-3.054803198435493
2010_09_SD_HOU,2010,9,HOU,SD,-6.0,0.25505613802589633
2010_09_ARI_MIN,2010,9,MIN,ARI,3.0,4.262428417666345
2010_09_NYG_SEA,2010,9,SEA,NYG,-34.0,-3.453998369681316
2010_09_KC_OAK,2010,9,OAK,KC,3.0,4.978257369106673
2010_09_IND_PHI,2010,9,PHI,IND,2.0,1.2047880646243865
2010_09_DAL_GB,2010,9,GB,DAL,38.0,7.729891404308402
2010_09_PIT_CIN,2010,9,CIN,PIT,-6.0,-0.25315706390288734
2010_10_BAL_ATL,2010,10,ATL,BAL,5.0,2.518037656658176
2010_10_DET_BUF,2010,10,BUF,DET,2.0,3.3232379559302028
2010_10_MIN_CHI,2010,10,CHI,MIN,14.0,-0.6721111649601581
2010_10_NYJ_CLE,2010,10,CLE,NYJ,-6.0,-3.0024584689115956
2010_10_CIN_IND,2010,10,IND,CIN,6.0,6.964605889244121
2010_10_HOU_JAX,2010,10,JAX,HOU,7.0,-0.35228421783693786
2010_10_TEN_MIA,2010,10,MIA,TEN,12.0,0.20734057969375158
2010_10_CAR_TB,2010,10,TB,CAR,15.0,5.409933039172268
2010_10_KC_DEN,2010,10,DEN,KC,20.0,-4.264998456084758
2010_10_SEA_ARI,2010,10,ARI,SEA,-18.0,1.802288354828771
2010_10_DAL_NYG,2010,10,NYG,DAL,-13.0,10.689158533094535
2010_10_STL_SF,2010,10,SF,STL,3.0,4.832855075429988
2010_10_NE_PIT,2010,10,PIT,NE,-13.0,1.8731443480438683
2010_10_PHI_WAS,2010,10,WAS,PHI,-31.0,-4.597148334581252
2010_11_CHI_MIA,2010,11,MIA,CHI,-16.0,4.391017993880416
2010_11_BAL_CAR,2010,11,CAR,BAL,-24.0,-7.169173006188474
2010_11_BUF_CIN,2010,11,CIN,BUF,-18.0,2.331632905820592
2010_11_DET_DAL,2010,11,DAL,DET,16.0,5.339187168546382
2010_11_CLE_JAX,2010,11,JAX,CLE,4.0,3.776027798159671
2010_11_ARI_KC,2010,11,KC,ARI,18.0,5.28165611800278
2010_11_GB_MIN,2010,11,MIN,GB,-28.0,-5.745674731408823
2010_11_HOU_NYJ,2010,11,NYJ,HOU,3.0,5.401981887499098
2010_11_OAK_PIT,2010,11,PIT,OAK,32.0,5.389426930634013
2010_11_WAS_TEN,2010,11,TEN,WAS,-3.0,11.31168627213098
2010_11_SEA_NO,2010,11,NO,SEA,15.0,8.871566454128471
2010_11_TB_SF,2010,11,SF,TB,-21.0,0.5244223352933756
2010_11_ATL_STL,2010,11,STL,ATL,-17.0,-7.147892202787182
2010_11_IND_NE,2010,11,NE,IND,3.0,7.2085812936177165
2010_11_NYG_PHI,2010,11,PHI,NYG,10.0,2.755892297492594
2010_11_DEN_SD,2010,11,SD,DEN,21.0,10.759412431133676
2010_12_NE_DET,2010,12,DET,NE,-21.0,-4.148671338138572
2010_12_NO_DAL,2010,12,DAL,NO,-3.0,-1.2636838350719881
2010_12_CIN_NYJ,2010,12,NYJ,CIN,16.0,10.621700004162426
2010_12_GB_ATL,2010,12,ATL,GB,3.0,3.2583045129440427
2010_12_PIT_BUF,2010,12,BUF,PIT,-3.0,-2.514590746211531
2010_12_CAR_CLE,2010,12,CLE,CAR,1.0,10.189910536287062
2010_12_TEN_HOU,2010,12,HOU,TEN,20.0,-1.1912723800516487
2010_12_JAX_NYG,2010,12,NYG,JAX,4.0,4.272409763467841
2010_12_MIN_WAS,2010,12,WAS,MIN,-4.0,-3.03019383931922
2010_12_MIA_OAK,2010,12,OAK,MIA,-16.0,1.9861565314051974
2010_12_KC_SEA,2010,12,SEA,KC,-18.0,-1.222992665775766
2010_12_TB_BAL,2010,12,BAL,TB,7.0,10.796945255563536
2010_12_PHI_CHI,2010,12,CHI,PHI,5.0,-2.49084583390076
2010_12_STL_DEN,2010,12,DEN,STL,-3.0,6.002280083179967
2010_12_SD_IND,2010,12,IND,SD,-22.0,4.119698804198221
2010_12_SF_ARI,2010,12,ARI,SF,-21.0,0.6259416540076661
2010_13_HOU_PHI,2010,13,PHI,HOU,10.0,9.301423532771066
2010_13_NO_CIN,2010,13,CIN,NO,-4.0,-5.598298588783725
2010_13_CHI_DET,2010,13,DET,CHI,-4.0,-2.2763659221222845
2010_13_SF_GB,2010,13,GB,SF,18.0,13.307726491431126
2010_13_DEN_KC,2010,13,KC,DEN,4.0,6.547127449790595
2010_13_CLE_MIA,2010,13,MIA,CLE,-3.0,2.5104986868610486
2010_13_BUF_MIN,2010,13,MIN,BUF,24.0,3.968170850555991
2010_13_WAS_NYG,2010,13,NYG,WAS,24.0,11.227152894540795
2010_13_JAX_TEN,2010,13,TEN,JAX,-11.0,0.04187235749103127
2010_13_OAK_SD,2010,13,SD,OAK,-15.0,12.707673829900422
2010_13_STL_ARI,2010,13,ARI,STL,-13.0,1.7440913886372058
2010_13_DAL_IND,2010,13,IND,DAL,-3.0,2.6290345563521607
2010_13_CAR_SEA,2010,13,SEA,CAR,17.0,5.734575892737186
2010_13_ATL_TB,2010,13,TB,ATL,-4.0,-2.754525758539712
2010_13_PIT_BAL,2010,13,BAL,PIT,-3.0,3.7702127489289357
2010_13_NYJ_NE,2010,13,NE,NYJ,42.0,6.768072058116347
2010_14_IND_TEN,2010,14,TEN,IND,-2.0,-3.671683061567333
2010_14_CLE_BUF,2010,14,BUF,CLE,7.0,-1.316332480872371
2010_14_ATL_CAR,2010,14,CAR,ATL,-21.0,-6.993935806487345
2010_14_GB_DET,2010,14,DET,GB,4.0,-5.289527355964843
2010_14_OAK_JAX,2010,14,JAX,OAK,7.0,4.807422147654308
2010_14_CIN_PIT,2010,14,PIT,CIN,16.0,10.018650979851195
2010_14_TB_WAS,2010,14,WAS,TB,-1.0,-2.5982232064311908
2010_14_STL_NO,2010,14,NO,STL,18.0,11.222369765203021
2010_14_SEA_SF,2010,14,SF,SEA,19.0,3.4596844860460387
2010_14_DEN_ARI,2010,14,ARI,DEN,30.0,-1.354958981115901
2010_14_NE_CHI,2010,14,CHI,NE,-29.0,-5.872691822540798
2010_14_MIA_NYJ,2010,14,NYJ,MIA,-4.0,5.012465326167096
2010_14_KC_SD,2010,14,SD,KC,31.0,7.1131218970931736
2010_14_PHI_DAL,2010,14,DAL,PHI,-3.0,2.0532327302035025
2010_14_NYG_MIN,2010,14,MIN,NYG,-18.0,1.8509931932200314
2010_14_BAL_HOU,2010,14,HOU,BAL,-6.0,-1.930755915775957
2010_15_SF_SD,2010,15,SD,SF,27.0,11.993697473975127
2010_15_NO_BAL,2010,15,BAL,NO,6.0,0.35038362239091353
2010_15_ARI_CAR,2010,15,CAR,ARI,7.0,2.6219265196860215
2010_15_CLE_CIN,2010,15,CIN,CLE,2.0,-3.4082440980774265
2010_15_WAS_DAL,2010,15,DAL,WAS,3.0,6.8103725864725595
2010_15_JAX_IND,2010,15,IND,JAX,10.0,2.958519466795185
2010_15_BUF_MIA,2010,15,MIA,BUF,-3.0,10.672224735340476
2010_15_PHI_NYG,2010,15,NYG,PHI,-7.0,3.896521851761696
2010_15_KC_STL,2010,15,STL,KC,-14.0,-3.028601109319073
2010_15_DET_TB,2010,15,TB,DET,-3.0,11.093778590093086
2010_15_HOU_TEN,2010,15,TEN,HOU,14.0,1.8266006913205128
2010_15_ATL_SEA,2010,15,SEA,ATL,-16.0,-0.8321381528139012
2010_15_DEN_OAK,2010,15,OAK,DEN,16.0,5.353646933752599
2010_15_NYJ_PIT,2010,15,PIT,NYJ,-5.0,3.161473979425856
2010_15_GB_NE,2010,15,NE,GB,4.0,6.868730173021251
2010_15_CHI_MIN,2010,15,MIN,CHI,-26.0,-2.8447516110613633
2010_16_CAR_PIT,2010,16,PIT,CAR,24.0,11.337878500790241
2010_16_DAL_ARI,2010,16,ARI,DAL,1.0,-3.4718589893273215
2010_16_NE_BUF,2010,16,BUF,NE,-31.0,-8.419932533303962
2010_16_NYJ_CHI,2010,16,CHI,NYJ,4.0,1.1139031861216375
2010_16_BAL_CLE,2010,16,CLE,BAL,-10.0,-6.879265626536538
2010_16_WAS_JAX,2010,16,JAX,WAS,-3.0,9.00992136378712
2010_16_TEN_KC,2010,16,KC,TEN,20.0,2.0747779431773306
2010_16_DET_MIA,2010,16,MIA,DET,-7.0,7.147413138269644
2010_16_SF_STL,2010,16,STL,SF,8.0,-0.6208797399945966
2010_16_SD_CIN,2010,16,CIN,SD,14.0,-4.460773313825823
2010_16_HOU_DEN,2010,16,DEN,HOU,1.0,-2.5628122610079527
2010_16_IND_OAK,2010,16,OAK,IND,-5.0,-2.8940370344577464
2010_16_NYG_GB,2010,16,GB,NYG,28.0,4.417525682187243
2010_16_SEA_TB,2010,16,TB,SEA,23.0,6.675364949269608
2010_16_NO_ATL,2010,16,ATL,NO,-3.0,2.3132879839253286
2010_16_MIN_PHI,2010,16,PHI,MIN,-10.0,7.609830894684601
2010_17_CAR_ATL,2010,17,ATL,CAR,21.0,11.268303152072663
2010_17_CIN_BAL,2010,17,BAL,CIN,6.0,9.478328804864391
2010_17_PIT_CLE,2010,17,CLE,PIT,-32.0,-6.203467554451759
2010_17_MIN_DET,2010,17,DET,MIN,7.0,-0.5212942408481853
2010_17_OAK_KC,2010,17,KC,OAK,-21.0,3.2207718418599933
2010_17_MIA_NE,2010,17,NE,MIA,31.0,12.726208794110983
2010_17_TB_NO,2010,17,NO,TB,-10.0,2.723260179541178
2010_17_BUF_NYJ,2010,17,NYJ,BUF,31.0,8.304294598581745
2010_17_SD_DEN,2010,17,DEN,SD,-5.0,-5.478073272727313
2010_17_CHI_GB,2010,17,GB,CHI,7.0,4.136509152425323
2010_17_JAX_HOU,2010,17,HOU,JAX,17.0,1.4927996336846054
2010_17_TEN_IND,2010,17,IND,TEN,3.0,4.794023744705643
2010_17_DAL_PHI,2010,17,PHI,DAL,-1.0,4.315478677337383
2010_17_ARI_SF,2010,17,SF,ARI,31.0,3.96707753867859
2010_17_NYG_WAS,2010,17,WAS,NYG,-3.0,-5.055165504597802
2010_17_STL_SEA,2010,17,SEA,STL,10.0,4.017345325932789
2011_01_NO_GB,2011,1,GB,NO,8.0,3.1339758912051847
2011_01_PIT_BAL,2011,1,BAL,PIT,28.0,3.5215095857620016
2011_01_ATL_CHI,2011,1,CHI,ATL,18.0,-0.22890566449609812
2011_01_CIN_CLE,2011,1,CLE,CIN,-10.0,2.4289513925154287
2011_01_IND_HOU,2011,1,HOU,IND,27.0,0.6767308687800131
2011_01_TEN_JAX,2011,1,JAX,TEN,2.0,2.872190800354975
2011_01_BUF_KC,2011,1,KC,BUF,-34.0,3.7619824908397645
2011_01_PHI_STL,2011,1,STL,PHI,-18.0,-4.372290634559287
2011_01_DET_TB,2011,1,TB,DET,-7.0,4.65538209429983
2011_01_CAR_ARI,2011,1,ARI,CAR,7.0,2.8425571355435406
2011_01_MIN_SD,2011,1,SD,MIN,7.0,6.940307296969399
2011_01_SEA_SF,2011,1,SF,SEA,16.0,2.4549410602361275
2011_01_NYG_WAS,2011,1,WAS,NYG,14.0,-4.678149055102922
2011_01_DAL_NYJ,2011,1,NYJ,DAL,3.0,4.535226651055588
2011_01_NE_MIA,2011,1,MIA,NE,-14.0,-3.608392680422544
2011_01_OAK_DEN,2011,1,DEN,OAK,-3.0,-1.787272408205826
2011_02_OAK_BUF,2011,2,BUF,OAK,3.0,6.029791919360035
2011_02_GB_CAR,2011,2,CAR,GB,-7.0,-11.025741427911425
2011_02_KC_DET,2011,2,DET,KC,45.0,4.813678323530348
2011_02_CLE_IND,2011,2,IND,CLE,-8.0,3.94905122206605
2011_02_TB_MIN,2011,2,MIN,TB,-4.0,1.8421126724928758
2011_02_CHI_NO,2011,2,NO,CHI,17.0,3.653131021531944
2011_02_JAX_NYJ,2011,2,NYJ,JAX,29.0,6.015573394863924
2011_02_SEA_PIT,2011,2,PIT,SEA,24.0,7.445950214719764
2011_02_BAL_TEN,2011,2,TEN,BAL,13.0,-3.849926368967729
2011_02_ARI_WAS,2011,2,WAS,ARI,1.0,7.667915246155479
2011_02_DAL_SF,2011,2,SF,DAL,-3.0,4.011789109980732
2011_02_CIN_DEN,2011,2,DEN,CIN,2.0,-0.5267698989077675
2011_02_HOU_MIA,2011,2,MIA,HOU,-10.0,-5.596255349771724
2011_02_SD_NE,2011,2,NE,SD,14.0,10.087169377909442
2011_02_PHI_ATL,2011,2,ATL,PHI,4.0,0.652213388136101
2011_02_STL_NYG,2011,2,NYG,STL,12.0,6.72967790187706
2011_03_NE_BUF,2011,3,BUF,NE,3.0,-0.5953654063343288
2011_03_JAX_CAR,2011,3,CAR,JAX,6.0,0.33047661536457446
2011_03_SF_CIN,2011,3,CIN,SF,-5.0,4.115111582155616
2011_03_MIA_CLE,2011,3,CLE,MIA,1.0,3.2164325275814893
2011_03_DET_MIN,2011,3,MIN,DET,-3.0,0.31401161252770604
2011_03_HOU_NO,2011,3,NO,HOU,7.0,3.67462079695117
2011_03_NYG_PHI,2011,3,PHI,NYG,-13.0,4.21455797129312
2011_03_DEN_TEN,2011,3,TEN,DEN,3.0,10.505688510841491
2011_03_NYJ_OAK,2011,3,OAK,NYJ,10.0,-3.962050727882542
2011_03_KC_SD,2011,3,SD,KC,3.0,8.942112484500761
2011_03_BAL_STL,2011,3,STL,BAL,-30.0,-7.127002500773638
2011_03_GB_CHI,2011,3,CHI,GB,-10.0,-6.487370089922023
2011_03_ARI_SEA,2011,3,SEA,ARI,3.0,0.5256524187727164
2011_03_ATL_TB,2011,3,TB,ATL,3.0,-0.7655435519518109
2011_03_PIT_IND,2011,3,IND,PIT,-3.0,-4.575973959230159
2011_03_WAS_DAL,2011,3,DAL,WAS,2.0,7.403051740074949
2011_04_CAR_CHI,2011,4,CHI,CAR,5.0,8.35668811221687
2011_04_BUF_CIN,2011,4,CIN,BUF,3.0,-3.996200644669203
2011_04_TEN_CLE,2011,4,CLE,TEN,-18.0,-2.282089094644687
2011_04_DET_DAL,2011,4,DAL,DET,-4.0,5.074901245951936
2011_04_PIT_HOU,2011,4,HOU,PIT,7.0,-0.6259876293652288
2011_04_NO_JAX,2011,4,JAX,NO,-13.0,-4.390713820069142
2011_04_MIN_KC,2011,4,KC,MIN,5.0,-1.6273073653942987
2011_04_SF_PHI,2011,4,PHI,SF,-1.0,7.469369571821677
2011_04_WAS_STL,2011,4,STL,WAS,-7.0,-3.6686947263389915
2011_04_NYG_ARI,2011,4,ARI,NYG,-4.0,-2.8353987363893176
2011_04_ATL_SEA,2011,4,SEA,ATL,-2.0,-4.644459650702799
2011_04_DEN_GB,2011,4,GB,DEN,26.0,11.269770429927581
2011_04_NE_OAK,2011,4,OAK,NE,-12.0,-5.461290453741921
2011_04_MIA_SD,2011,4,SD,MIA,10.0,9.858295734042535
2011_04_NYJ_BAL,2011,4,BAL,NYJ,17.0,8.138232669591822
2011_04_IND_TB,2011,4,TB,IND,7.0,2.7612173569349627
2011_05_PHI_BUF,2011,5,BUF,PHI,7.0,0.6732022435150189
2011_05_NO_CAR,2011,5,CAR,NO,-3.0,-4.105693804113117
2011_05_OAK_HOU,2011,5,HOU,OAK,-5.0,4.416732294256599
2011_05_KC_IND,2011,5,IND,KC,-4.0,3.437668557435604
2011_05_CIN_JAX,2011,5,JAX,CIN,-10.0,0.7276974758332423
2011_05_ARI_MIN,2011,5,MIN,ARI,24.0,3.6978722948738274
2011_05_SEA_NYG,2011,5,NYG,SEA,-11.0,11.046171259878026
2011_05_TEN_PIT,2011,5,PIT,TEN,21.0,3.722687773433501
2011_05_TB_SF,2011,5,SF,TB,45.0,0.9337472011776076
2011_05_SD_DEN,2011,5,DEN,SD,-5.0,-2.5917105428416845
2011_05_NYJ_NE,2011,5,NE,NYJ,9.0,9.594444349516053
2011_05_GB_ATL,2011,5,ATL,GB,-11.0,-0.7084094536211405
2011_05_CHI_DET,2011,5,DET,CHI,11.0,6.996608194895911
2011_06_CAR_ATL,2011,6,ATL,CAR,14.0,8.16194111951908
2011_06_IND_CIN,2011,6,CIN,IND,10.0,3.618494964585376
2011_06_SF_DET,2011,6,DET,SF,-6.0,5.388478511146189
2011_06_STL_GB,2011,6,GB,STL,21.0,10.19432262554581
2011_06_BUF_NYG,2011,6,NYG,BUF,3.0,5.4823475478043555
2011_06_JAX_PIT,2011,6,PIT,JAX,4.0,11.864900372444104
2011_06_PHI_WAS,2011,6,WAS,PHI,-7.0,-0.2140711566466566
2011_06_HOU_BAL,2011,6,BAL,HOU,15.0,10.180548835825652
2011_06_CLE_OAK,2011,6,OAK,CLE,7.0,9.2911945299372
2011_06_DAL_NE,2011,6,NE,DAL,4.0,10.27920788556514
2011_06_NO_TB,2011,6,TB,NO,6.0,-2.6128832863738394
2011_06_MIN_CHI,2011,6,CHI,MIN,29.0,5.932478932983681
2011_06_MIA_NYJ,2011,6,NYJ,MIA,18.0,8.62960223426513
2011_07_WAS_CAR,2011,7,CAR,WAS,13.0,0.7337763858769665
2011_07_SEA_CLE,2011,7,CLE,SEA,3.0,2.596269555400599
2011_07_ATL_DET,2011,7,DET,ATL,-7.0,2.0829714079939916
2011_07_DEN_MIA,2011,7,MIA,DEN,-3.0,2.118700604753978
2011_07_SD_NYJ,2011,7,NYJ,SD,6.0,1.5118610137220023
2011_07_CHI_TB,2011,7,TB,CHI,-6.0,0.18573708662308958
2011_07_HOU_TEN,2011,7,TEN,HOU,-34.0,3.991059701014018
2011_07_PIT_ARI,2011,7,ARI,PIT,-12.0,-6.288761456402054
2011_07_KC_OAK,2011,7,OAK,KC,-28.0,10.448445885971745
2011_07_STL_DAL,2011,7,DAL,STL,27.0,7.69347439952513
2011_07_GB_MIN,2011,7,MIN,GB,-6.0,-5.476261718620662
2011_07_IND_NO,2011,7,NO,IND,55.0,11.091503302877996
2011_07_BAL_JAX,2011,7,JAX,BAL,5.0,-8.219204337795952
2011_08_ARI_BAL,2011,8,BAL,ARI,3.0,11.220613548139562
2011_08_MIN_CAR,2011,8,CAR,MIN,-3.0,3.0540492989111643
2011_08_JAX_HOU,2011,8,HOU,JAX,10.0,8.899621613579804
2011_08_MIA_NYG,2011,8,NYG,MIA,3.0,9.174194895766682
2011_08_NO_STL,2011,8,STL,NO,10.0,-9.311624821149262
2011_08_IND_TEN,2011,8,TEN,IND,17.0,2.5772889182324903
2011_08_WAS_BUF,2011,8,BUF,WAS,23.0,7.577548209101407
2011_08_DET_DEN,2011,8,DEN,DET,-35.0,-4.339202502593616
2011_08_NE_PIT,2011,8,PIT,NE,8.0,-3.7234411817244033
2011_08_CIN_SEA,2011,8,SEA,CIN,-22.0,-2.5810395607287653
2011_08_CLE_SF,2011,8,SF,CLE,10.0,10.839556502574888
2011_08_DAL_PHI,2011,8,PHI,DAL,27.0,3.873987369697867
2011_08_SD_KC,2011,8,KC,SD,3.0,0.3514359807632378
2011_09_NYJ_BUF,2011,9,BUF,NYJ,-16.0,3.4832297174605955
2011_09_SEA_DAL,2011,9,DAL,SEA,10.0,8.772351009434821
2011_09_CLE_HOU,2011,9,HOU,CLE,18.0,10.36848476135759
2011_09_ATL_IND,2011,9,IND,ATL,-24.0,-6.790159296084966
2011_09_MIA_KC,2011,9,KC,MIA,-28.0,9.541509780114358
2011_09_TB_NO,2011,9,NO,TB,11.0,5.674107921483458
2011_09_SF_WAS,2011,9,WAS,SF,-8.0,-6.132733769918739
2011_09_DEN_OAK,2011,9,OAK,DEN,-14.0,8.761788953079677
2011_09_CIN_TEN,2011,9,TEN,CIN,-7.0,0.743786297435106
2011_09_STL_ARI,2011,9,ARI,STL,6.0,3.130161515648405
2011_09_NYG_NE,2011,9,NE,NYG,-4.0,8.461698355245007
2011_09_GB_SD,2011,9,SD,GB,-7.0,-7.519364040729253
2011_09_BAL_PIT,2011,9,PIT,BAL,-3.0,5.767320924014768
2011_09_CHI_PHI,2011,9,PHI,CHI,-6.0,4.342276506422866
2011_10_OAK_SD,2011,10,SD,OAK,-7.0,7.874661816051839
2011_10_NO_ATL,2011,10,ATL,NO,-3.0,0.4501454612085741
2011_10_TEN_CAR,2011,10,CAR,TEN,-27.0,0.5219079099486796
2011_10_PIT_CIN,2011,10,CIN,PIT,-7.0,1.5112301295045767
2011_10_STL_CLE,2011,10,CLE,STL,-1.0,3.8679024358323923
2011_10_BUF_DAL,2011,10,DAL,BUF,37.0,3.327009103124826
2011_10_JAX_IND,2011,10,IND,JAX,-14.0,2.5634250170294903
2011_10_DEN_KC,2011,10,KC,DEN,-7.0,3.800171721086603
2011_10_WAS_MIA,2011,10,MIA,WAS,11.0,4.336401358218404
2011_10_ARI_PHI,2011,10,PHI,ARI,-4.0,11.242980694889377
2011_10_HOU_TB,2011,10,TB,HOU,-28.0,-1.8264341125310535
2011_10_BAL_SEA,2011,10,SEA,BAL,5.0,-6.8897032249840695
2011_10_DET_CHI,2011,10,CHI,DET,24.0,7.22764792298749
2011_10_NYG_SF,2011,10,SF,NYG,7.0,7.072589823424212
2011_10_NE_NYJ,2011,10,NYJ,NE,-21.0,2.8871738297875393
2011_10_MIN_GB,2011,10,GB,MIN,38.0,13.999877338475946
2011_11_NYJ_DEN,2011,11,DEN,NYJ,4.0,-2.705008183743705
2011_11_CIN_BAL,2011,11,BAL,CIN,7.0,6.604915961507924
2011_11_JAX_CLE,2011,11,CLE,JAX,4.0,2.593916684551181
2011_11_CAR_DET,2011,11,DET,CAR,14.0,7.216711570875974
2011_11_TB_GB,2011,11,GB,TB,9.0,13.82465465447422
2011_11_BUF_MIA,2011,11,MIA,BUF,27.0,0.9740112352483048
2011_11_OAK_MIN,2011,11,MIN,OAK,-6.0,-0.30837838208621293
2011_11_DAL_WAS,2011,11,WAS,DAL,-3.0,-2.7403838728275915
2011_11_ARI_SF,2011,11,SF,ARI,16.0,11.969991125856959
2011_11_SEA_STL,2011,11,STL,SEA,-17.0,-1.263924117474342
2011_11_TEN_ATL,2011,11,ATL,TEN,6.0,9.432461947928635
2011_11_SD_CHI,2011,11,CHI,SD,11.0,9.631771897430792
2011_11_PHI_NYG,2011,11,NYG,PHI,-7.0,3.058338262931104
2011_11_KC_NE,2011,11,NE,KC,31.0,13.038694322975457
2011_12_GB_DET,2011,12,DET,GB,-12.0,-3.883245903266472
2011_12_MIA_DAL,2011,12,DAL,MIA,1.0,2.799993198818868
2011_12_SF_BAL,2011,12,BAL,SF,10.0,5.351327005340362
2011_12_MIN_ATL,2011,12,ATL,MIN,10.0,14.044514032102397
2011_12_CLE_CIN,2011,12,CIN,CLE,3.0,9.290473315134713
2011_12_CAR_IND,2011,12,IND,CAR,-8.0,2.3204303564206166
2011_12_HOU_JAX,2011,12,JAX,HOU,-7.0,-6.774973234431857
2011_12_BUF_NYJ,2011,12,NYJ,BUF,4.0,9.119770370535498
2011_12_ARI_STL,2011,12,STL,ARI,-3.0,0.19197229636767238
2011_12_TB_TEN,2011,12,TEN,TB,6.0,3.440510796847012
2011_12_CHI_OAK,2011,12,OAK,CHI,5.0,-4.690481010697313
2011_12_WAS_SEA,2011,12,SEA,WAS,-6.0,6.512781590433791
2011_12_NE_PHI,2011,12,PHI,NE,-18.0,0.7833168790000122
2011_12_DEN_SD,2011,12,SD,DEN,-3.0,2.7666117210931795
2011_12_PIT_KC,2011,12,KC,PIT,-4.0,-6.199567034931269
2011_12_NYG_NO,2011,12,NO,NYG,25.0,10.312067044898377
2011_13_PHI_SEA,2011,13,SEA,PHI,17.0,-3.893335042251847
2011_13_TEN_BUF,2011,13,BUF,TEN,-6.0,-0.527939041602259
2011_13_KC_CHI,2011,13,CHI,KC,-7.0,12.69777834980235
2011_13_ATL_HOU,2011,13,HOU,ATL,7.0,3.1387598523683846
2011_13_OAK_MIA,2011,13,MIA,OAK,20.0,2.1064571335685742
2011_13_DEN_MIN,2011,13,MIN,DEN,-3.0,-0.8833720144359675
2011_13_IND_NE,2011,13,NE,IND,7.0,10.135839479830713
2011_13_CIN_PIT,2011,13,PIT,CIN,28.0,6.1598311996571695
2011_13_CAR_TB,2011,13,TB,CAR,-19.0,5.765545009897667
2011_13_NYJ_WAS,2011,13,WAS,NYJ,-15.0,-3.5625625113077324
2011_13_BAL_CLE,2011,13,CLE,BAL,-14.0,-8.026575573569188
2011_13_DAL_ARI,2011,13,ARI,DAL,6.0,-5.939421494076617
2011_13_GB_NYG,2011,13,NYG,GB,-3.0,-6.6575281095733905
2011_13_STL_SF,2011,13,SF,STL,26.0,11.48138624021432
2011_13_DET_NO,2011,13,NO,DET,14.0,4.74471482728278
2011_13_SD_JAX,2011,13,JAX,SD,-24.0,-0.006173692150372074
2011_14_CLE_PIT,2011,14,PIT,CLE,11.0,11.07469778995535
2011_14_IND_BAL,2011,14,BAL,IND,14.0,11.261116025056193
2011_14_ATL_CAR,2011,14,CAR,ATL,-8.0,-2.131949468927804
2011_14_HOU_CIN,2011,14,CIN,HOU,-1.0,-5.548269923249046
2011_14_MIN_DET,2011,14,DET,MIN,6.0,9.751064364307979
2011_14_TB_JAX,2011,14,JAX,TB,27.0,1.162295332485216
2011_14_PHI_MIA,2011,14,MIA,PHI,-16.0,1.9052060154431263
2011_14_KC_NYJ,2011,14,NYJ,KC,27.0,8.183488549111496
2011_14_NO_TEN,2011,14,TEN,NO,-5.0,-1.6864700293218216
2011_14_NE_WAS,2011,14,WAS,NE,-7.0,-6.451554777518763
2011_14_SF_ARI,2011,14,ARI,SF,2.0,-7.808921261974533
2011_14_CHI_DEN,2011,14,DEN,CHI,3.0,-0.30382619962651436
2011_14_OAK_GB,2011,14,GB,OAK,30.0,11.970311917136874
2011_14_BUF_SD,2011,14,SD,BUF,27.0,8.361555393174974
2011_14_NYG_DAL,2011,14,DAL,NYG,-3.0,3.3612524665943457
2011_14_STL_SEA,2011,14,SEA,STL,17.0,7.392213172625967
2011_15_JAX_ATL,2011,15,ATL,JAX,27.0,12.774620037833287
2011_15_DAL_TB,2011,15,TB,DAL,-16.0,-3.7732546066037527
2011_15_MIA_BUF,2011,15,BUF,MIA,-7.0,-1.6365229514004873
2011_15_SEA_CHI,2011,15,CHI,SEA,-24.0,7.597001374078784
2011_15_CAR_HOU,2011,15,HOU,CAR,-15.0,8.124005797828756
2011_15_TEN_IND,2011,15,IND,TEN,14.0,-3.7864712532156872
2011_15_GB_KC,2011,15,KC,GB,5.0,-4.2600189500892975
2011_15_NO_MIN,2011,15,MIN,NO,-22.0,-3.0900170114855
2011_15_WAS_NYG,2011,15,NYG,WAS,-13.0,7.7603247075991435
2011_15_CIN_STL,2011,15,STL,CIN,-7.0,-4.8848198506439635
2011_15_DET_OAK,2011,15,OAK,DET,-1.0,1.1762017216875662
2011_15_CLE_ARI,2011,15,ARI,CLE,3.0,2.8084343842720867
2011_15_NE_DEN,2011,15,DEN,NE,-18.0,-7.615515333375757
2011_15_NYJ_PHI,2011,15,PHI,NYJ,26.0,-0.5648987189822982
2011_15_BAL_SD,2011,15,SD,BAL,20.0,-4.798373139029887
2011_15_PIT_SF,2011,15,SF,PIT,17.0,-3.603055259588159
2011_16_HOU_IND,2011,16,IND,HOU,3.0,-9.100857402779107
2011_16_CLE_BAL,2011,16,BAL,CLE,6.0,11.450847620161392
2011_16_DEN_BUF,2011,16,BUF,DEN,26.0,-0.2012569301052957
2011_16_TB_CAR,2011,16,CAR,TB,32.0,9.916473291981156
2011_16_ARI_CIN,2011,16,CIN,ARI,7.0,6.751316172354392
2011_16_OAK_KC,2011,16,KC,OAK,-3.0,3.091530534644158
2011_16_MIA_NE,2011,16,NE,MIA,3.0,12.261224925167774
2011_16_NYG_NYJ,2011,16,NYJ,NYG,-15.0,8.079211397670159
2011_16_STL_PIT,2011,16,PIT,STL,27.0,10.890347303430705
2011_16_JAX_TEN,2011,16,TEN,JAX,6.0,5.48130785413642
2011_16_MIN_WAS,2011,16,WAS,MIN,-7.0,2.768825665966859
2011_16_SD_DET,2011,16,DET,SD,28.0,0.15240650217307367
2011_16_PHI_DAL,2011,16,DAL,PHI,-13.0,0.911093762321994
2011_16_SF_SEA,2011,16,SEA,SF,-2.0,-2.05568718383824
2011_16_CHI_GB,2011,16,GB,CHI,14.0,9.112673215702491
2011_16_ATL_NO,2011,16,NO,ATL,29.0,3.406873845528654
2011_17_DET_GB,2011,17,GB,DET,4.0,9.32262982159545
2011_17_TEN_HOU,2011,17,HOU,TEN,-1.0,5.653622433030736
2011_17_IND_JAX,2011,17,JAX,IND,6.0,0.08243809201677385
2011_17_NYJ_MIA,2011,17,MIA,NYJ,2.0,1.12832264905607
2011_17_CHI_MIN,2011,17,MIN,CHI,-4.0,-1.7667297968411668
2011_17_BUF_NE,2011,17,NE,BUF,28.0,13.216541152915104
2011_17_CAR_NO,2011,17,NO,CAR,28.0,7.5618669178622895
2011_17_WAS_PHI,2011,17,PHI,WAS,24.0,8.79740895529745
2011_17_SF_STL,2011,17,STL,SF,-7.0,-6.717773394488973
2011_17_SEA_ARI,2011,17,ARI,SEA,3.0,-2.222856835182919
2011_17_TB_ATL,2011,17,ATL,TB,21.0,8.222073762987899
2011_17_BAL_CIN,2011,17,CIN,BAL,-8.0,-3.099101894417484
2011_17_PIT_CLE,2011,17,CLE,PIT,-4.0,-5.949835225439967
2011_17_KC_DEN,2011,17,DEN,KC,-4.0,2.566700144547855
2011_17_SD_OAK,2011,17,OAK,SD,-12.0,0.13121640487376615
2011_17_DAL_NYG,2011,17,NYG,DAL,17.0,2.8438043735399496
2012_01_DAL_NYG,2012,1,NYG,DAL,-7.0,2.8080801133097237
2012_01_IND_CHI,2012,1,CHI,IND,20.0,8.686380037829535
2012_01_PHI_CLE,2012,1,CLE,PHI,-1.0,-3.1370176831453036
2012_01_STL_DET,2012,1,DET,STL,4.0,8.504683940307197
2012_01_MIA_HOU,2012,1,HOU,MIA,20.0,3.5109367389085113
2012_01_ATL_KC,2012,1,KC,ATL,-16.0,-1.9281391943192754
2012_01_JAX_MIN,2012,1,MIN,JAX,3.0,3.353033419715314
2012_01_WAS_NO,2012,1,NO,WAS,-8.0,12.342960505758318
2012_01_BUF_NYJ,2012,1,NYJ,BUF,20.0,4.237765366410546
2012_01_NE_TEN,2012,1,TEN,NE,-21.0,-4.237983859134883
2012_01_SEA_ARI,2012,1,ARI,SEA,4.0,1.754904441596501
2012_01_SF_GB,2012,1,GB,SF,-8.0,5.77487941342411
2012_01_CAR_TB,2012,1,TB,CAR,6.0,0.5010406962987887
2012_01_PIT_DEN,2012,1,DEN,PIT,12.0,-4.053164619522579
2012_01_CIN_BAL,2012,1,BAL,CIN,31.0,5.947212074993296
2012_01_SD_OAK,2012,1,OAK,SD,-8.0,-2.3423082067196304
2012_02_CHI_GB,2012,2,GB,CHI,13.0,5.194197083360096
2012_02_KC_BUF,2012,2,BUF,KC,18.0,3.014915142381581
2012_02_NO_CAR,2012,2,CAR,NO,8.0,-3.5563169679737023
2012_02_CLE_CIN,2012,2,CIN,CLE,7.0,6.806559940296372
2012_02_MIN_IND,2012,2,IND,MIN,3.0,0.8069270237545458
2012_02_HOU_JAX,2012,2,JAX,HOU,-20.0,0.8151823640497646
2012_02_OAK_MIA,2012,2,MIA,OAK,22.0,2.7603158379234958
2012_02_ARI_NE,2012,2,NE,ARI,-2.0,9.865936553005502
2012_02_TB_NYG,2012,2,NYG,TB,7.0,8.558501845131213
2012_02_BAL_PHI,2012,2,PHI,BAL,1.0,0.891730135141839
2012_02_DAL_SEA,2012,2,SEA,DAL,20.0,-0.5453355953620882
2012_02_WAS_STL,2012,2,STL,WAS,3.0,-3.2469074814159375
2012_02_NYJ_PIT,2012,2,PIT,NYJ,17.0,3.308372335043379
2012_02_TEN_SD,2012,2,SD,TEN,28.0,6.137576323065681
2012_02_DET_SF,2012,2,SF,DET,8.0,6.57094164259278
2012_02_DEN_ATL,2012,2,ATL,DEN,6.0,5.536126300285319
2012_03_NYG_CAR,2012,3,CAR,NYG,-29.0,2.1789936680314357
2012_03_STL_CHI,2012,3,CHI,STL,17.0,8.799914917345774
2012_03_BUF_CLE,2012,3,CLE,BUF,-10.0,-0.41726764407379613
2012_03_TB_DAL,2012,3,DAL,TB,6.0,9.338533010567717
2012_03_JAX_IND,2012,3,IND,JAX,-5.0,3.289683695173156
2012_03_NYJ_MIA,2012,3,MIA,NYJ,-3.0,2.2568078188187566
2012_03_SF_MIN,2012,3,MIN,SF,11.0,-5.1163270458410715
2012_03_KC_NO,2012,3,NO,KC,-3.0,8.78367969476282
2012_03_DET_TEN,2012,3,TEN,DET,3.0,-2.7101319848976395
2012_03_CIN_WAS,2012,3,WAS,CIN,-7.0,-1.1669229514454749
2012_03_PHI_ARI,2012,3,ARI,PHI,21.0,-2.1614495176292463
2012_03_ATL_SD,2012,3,SD,ATL,-24.0,3.6227151581951857
2012_03_HOU_DEN,2012,3,DEN,HOU,-6.0,1.0508849851458328
2012_03_PIT_OAK,2012,3,OAK,PIT,3.0,-5.539512938193409
2012_03_NE_BAL,2012,3,BAL,NE,1.0,-0.25260484386260057
2012_03_GB_SEA,2012,3,SEA,GB,2.0,-3.7356921231849456
2012_04_CLE_BAL,2012,4,BAL,CLE,7.0,9.421549750197975
2012_04_CAR_ATL,2012,4,ATL,CAR,2.0,8.279902873905376
2012_04_NE_BUF,2012,4,BUF,NE,-24.0,-0.5151312504952512
2012_04_MIN_DET,2012,4,DET,MIN,-7.0,2.965790906223848
2012_04_TEN_HOU,2012,4,HOU,TEN,24.0,9.482152240989803
2012_04_SD_KC,2012,4,KC,SD,-17.0,1.117797366377415
2012_04_SF_NYJ,2012,4,NYJ,SF,-34.0,-0.49189505949757556
2012_04_SEA_STL,2012,4,STL,SEA,6.0,-5.7820426066268595
2012_04_MIA_ARI,2012,4,ARI,MIA,3.0,1.8396638710776727
2012_04_OAK_DEN,2012,4,DEN,OAK,31.0,4.571577784698665
2012_04_CIN_JAX,2012,4,JAX,CIN,-17.0,-3.199900685229759
2012_04_NO_GB,2012,4,GB,NO,1.0,5.255730470160113
2012_04_WAS_TB,2012,4,TB,WAS,-2.0,-0.689030803960562
2012_04_NYG_PHI,2012,4,PHI,NYG,2.0,3.971667925082317
2012_04_CHI_DAL,2012,4,DAL,CHI,-16.0,3.265657815815106
2012_05_ARI_STL,2012,5,STL,ARI,14.0,-4.685182268077805
2012_05_MIA_CIN,2012,5,CIN,MIA,-4.0,3.0677640068947962
2012_05_GB_IND,2012,5,IND,GB,3.0,-3.3901997636545995
2012_05_BAL_KC,2012,5,KC,BAL,-3.0,-0.8498943476637607
2012_05_CLE_NYG,2012,5,NYG,CLE,14.0,8.364837122762093
2012_05_PHI_PIT,2012,5,PIT,PHI,2.0,3.8124701954974523
2012_05_ATL_WAS,2012,5,WAS,ATL,-7.0,-4.0471755919928425
2012_05_SEA_CAR,2012,5,CAR,SEA,-4.0,-0.021840047848697704
2012_05_CHI_JAX,2012,5,JAX,CHI,-38.0,-6.15885927381834
2012_05_TEN_MIN,2012,5,MIN,TEN,23.0,3.3640890827745107
2012_05_DEN_NE,2012,5,NE,DEN,10.0,7.246027776298574
2012_05_BUF_SF,2012,5,SF,BUF,42.0,7.63962660713738
2012_05_SD_NO,2012,5,NO,SD,7.0,4.875830368929519
2012_05_HOU_NYJ,2012,5,NYJ,HOU,-6.0,-2.5218025133338933
2012_06_PIT_TEN,2012,6,TEN,PIT,3.0,-4.001401369868476
2012_06_OAK_ATL,2012,6,ATL,OAK,3.0,10.991721074041777
2012_06_DAL_BAL,2012,6,BAL,DAL,2.0,6.671117880611682
2012_06_CIN_CLE,2012,6,CLE,CIN,10.0,-4.087396631060417
2012_06_STL_MIA,2012,6,MIA,STL,3.0,6.1947569072821835
2012_06_IND_NYJ,2012,6,NYJ,IND,26.0,2.1550384958616573
2012_06_DET_PHI,2012,6,PHI,DET,-3.0,3.1614651620232816
2012_06_KC_TB,2012,6,TB,KC,28.0,-0.41131100512615304
2012_06_BUF_ARI,2012,6,ARI,BUF,-3.0,3.9222206131018735
2012_06_NE_SEA,2012,6,SEA,NE,1.0,-5.490699354969336
2012_06_NYG_SF,2012,6,SF,NYG,-23.0,4.818910110933159
2012_06_MIN_WAS,2012,6,WAS,MIN,12.0,-2.0839740622527105
2012_06_GB_HOU,2012,6,HOU,GB,-18.0,5.984010728272348
2012_06_DEN_SD,2012,6,SD,DEN,-11.0,5.6923478998584605
2012_07_SEA_SF,2012,7,SF,SEA,7.0,6.326103218203274
2012_07_TEN_BUF,2012,7,BUF,TEN,-1.0,4.3677338975628475
2012_07_DAL_CAR,2012,7,CAR,DAL,-5.0,0.2294660387019269
2012_07_BAL_HOU,2012,7,HOU,BAL,30.0,2.7588672974560433
2012_07_CLE_IND,2012,7,IND,CLE,4.0,3.004797445757759
2012_07_ARI_MIN,2012,7,MIN,ARI,7.0,3.7307334965506014
2012_07_WAS_NYG,2012,7,NYG,WAS,4.0,6.11305650013542
2012_07_GB_STL,2012,7,STL,GB,-10.0,-3.573444092336785
2012_07_NO_TB,2012,7,TB,NO,-7.0,-4.791872050016007
2012_07_NYJ_NE,2012,7,NE,NYJ,3.0,11.392165055404806
2012_07_JAX_OAK,2012,7,OAK,JAX,3.0,2.0252550415758024
2012_07_PIT_CIN,2012,7,CIN,PIT,-7.0,-2.5437959328465825
2012_07_DET_CHI,2012,7,CHI,DET,6.0,5.19229602231698
2012_08_TB_MIN,2012,8,MIN,TB,-19.0,8.392401915986463
2012_08_CAR_CHI,2012,8,CHI,CAR,1.0,10.992322472467881
2012_08_SD_CLE,2012,8,CLE,SD,1.0,-4.208813004593911
2012_08_SEA_DET,2012,8,DET,SEA,4.0,1.8689182917645126
2012_08_JAX_GB,2012,8,GB,JAX,9.0,11.079182016095055
2012_08_MIA_NYJ,2012,8,NYJ,MIA,-21.0,2.266339690057534
2012_08_ATL_PHI,2012,8,PHI,ATL,-13.0,-1.8609124393465297
2012_08_WAS_PIT,2012,8,PIT,WAS,15.0,7.225717526459885
2012_08_NE_STL,2012,8,STL,NE,-38.0,-5.513134713252973
2012_08_IND_TEN,2012,8,TEN,IND,-6.0,3.0129713113943337
2012_08_OAK_KC,2012,8,KC,OAK,-10.0,1.9279298585160058
2012_08_NYG_DAL,2012,8,DAL,NYG,-5.0,0.19439374751504934
2012_08_NO_DEN,2012,8,DEN,NO,20.0,0.9697267064613655
2012_08_SF_ARI,2012,8,ARI,SF,-21.0,-5.515247893266469
2012_09_KC_SD,2012,9,SD,KC,18.0,8.99509589429557
2012_09_DEN_CIN,2012,9,CIN,DEN,-8.0,-2.790870285566319
2012_09_BAL_CLE,2012,9,CLE,BAL,-10.0,-5.422487096339985
2012_09_ARI_GB,2012,9,GB,ARI,14.0,12.300680253392708
2012_09_BUF_HOU,2012,9,HOU,BUF,12.0,10.114823898706629
2012_09_MIA_IND,2012,9,IND,MIA,3.0,0.127113830409258
2012_09_DET_JAX,2012,9,JAX,DET,-17.0,-5.833706827841573
2012_09_CHI_TEN,2012,9,TEN,CHI,-31.0,-3.3860952207421207
2012_09_CAR_WAS,2012,9,WAS,CAR,-8.0,2.50402124072294
2012_09_TB_OAK,2012,9,OAK,TB,-10.0,3.4232447876086933
2012_09_MIN_SEA,2012,9,SEA,MIN,10.0,3.4029652513160835
2012_09_PIT_NYG,2012,9,NYG,PIT,-4.0,3.554089630169394
2012_09_DAL_ATL,2012,9,ATL,DAL,6.0,7.920703580393653
2012_09_PHI_NO,2012,9,NO,PHI,15.0,2.4183197666750402
2012_10_IND_JAX,2012,10,JAX,IND,-17.0,-3.5611337826973855
2012_10_OAK_BAL,2012,10,BAL,OAK,35.0,9.090294291821136
2012_10_DEN_CAR,2012,10,CAR,DEN,-22.0,-1.5043688447583177
2012_10_NYG_CIN,2012,10,CIN,NYG,18.0,-4.335760527814781
2012_10_TEN_MIA,2012,10,MIA,TEN,-34.0,9.803646833607225
2012_10_DET_MIN,2012,10,MIN,DET,10.0,-1.4268222723654642
2012_10_BUF_NE,2012,10,NE,BUF,6.0,11.927153075253516
2012_10_ATL_NO,2012,10,NO,ATL,4.0,-0.1685973218277985
2012_10_SD_TB,2012,10,TB,SD,10.0,0.16369382780581557
2012_10_NYJ_SEA,2012,10,SEA,NYJ,21.0,2.5533843092128765
2012_10_DAL_PHI,2012,10,PHI,DAL,-15.0,2.358276177975407
2012_10_STL_SF,2012,10,SF,STL,0.0,11.399039687744084
2012_10_HOU_CHI,2012,10,CHI,HOU,-7.0,4.351105686930608
2012_10_KC_PIT,2012,10,PIT,KC,3.0,12.70132783420848
2012_11_MIA_BUF,2012,11,BUF,MIA,5.0,3.843408235650317
2012_11_ARI_ATL,2012,11,ATL,ARI,4.0,11.776989063554847
2012_11_TB_CAR,2012,11,CAR,TB,-6.0,-1.2614745604890336
2012_11_CLE_DAL,2012,11,DAL,CLE,3.0,8.784252727321237
2012_11_GB_DET,2012,11,DET,GB,-4.0,-1.3144501018193544
2012_11_JAX_HOU,2012,11,HOU,JAX,6.0,11.04606156336727
2012_11_CIN_KC,2012,11,KC,CIN,-22.0,-2.396316503080622
2012_11_NYJ_STL,2012,11,STL,NYJ,-14.0,-2.0885082380532265
2012_11_PHI_WAS,2012,11,WAS,PHI,25.0,0.025287181750176937
2012_11_NO_OAK,2012,11,OAK,NO,-21.0,-3.5998132631857636
2012_11_SD_DEN,2012,11,DEN,SD,7.0,6.995326322159487
2012_11_IND_NE,2012,11,NE,IND,35.0,9.657890390917593
2012_11_BAL_PIT,2012,11,PIT,BAL,-3.0,2.896183499853964
2012_11_CHI_SF,2012,11,SF,CHI,25.0,4.238822266384828
2012_12_HOU_DET,2012,12,DET,HOU,-3.0,-0.0411041809464939
2012_12_WAS_DAL,2012,12,DAL,WAS,-7.0,3.492593727452357
2012_12_NE_NYJ,2012,12,NYJ,NE,-30.0,-5.8603557344111366
2012_12_MIN_CHI,2012,12,CHI,MIN,18.0,6.87746747883408
2012_12_OAK_CIN,2012,12,CIN,OAK,24.0,9.432931992529118
2012_12_PIT_CLE,2012,12,CLE,PIT,6.0,-3.8860720074782464
2012_12_BUF_IND,2012,12,IND,BUF,7.0,2.1141471260832576
2012_12_TEN_JAX,2012,12,JAX,TEN,5.0,-5.593301691239546
2012_12_DEN_KC,2012,12,KC,DEN,-8.0,-3.7123634245628105
2012_12_SEA_MIA,2012,12,MIA,SEA,3.0,-4.047708338905729
2012_12_ATL_TB,2012,12,TB,ATL,-1.0,-0.677690557092522
2012_12_BAL_SD,2012,12,SD,BAL,-3.0,-4.167980162535729
2012_12_STL_ARI,2012,12,ARI,STL,-14.0,4.354717200687123
2012_12_SF_NO,2012,12,NO,SF,-10.0,0.4580614896656271
2012_12_GB_NYG,2012,12,NYG,GB,28.0,0.19204233948216273
2012_12_CAR_PHI,2012,12,PHI,CAR,-8.0,3.8416792817721372
2012_13_NO_ATL,2012,13,ATL,NO,10.0,6.204211445578533
2012_13_JAX_BUF,2012,13,BUF,JAX,16.0,6.720424964947032
2012_13_SEA_CHI,2012,13,CHI,SEA,-6.0,3.2874108710372596
2012_13_IND_DET,2012,13,DET,IND,-2.0,3.1787231203528474
2012_13_MIN_GB,2012,13,GB,MIN,9.0,10.977650556726188
2012_13_CAR_KC,2012,13,KC,CAR,6.0,-0.09339591989493212
2012_13_NE_MIA,2012,13,MIA,NE,-7.0,-7.228846380493524
2012_13_ARI_NYJ,2012,13,NYJ,ARI,1.0,3.7050614506904913
2012_13_SF_STL,2012,13,STL,SF,3.0,-6.147971310418126
2012_13_HOU_TEN,2012,13,TEN,HOU,-14.0,-1.9799700917376355
2012_13_TB_DEN,2012,13,DEN,TB,8.0,4.570577658614607
2012_13_PIT_BAL,2012,13,BAL,PIT,-3.0,7.141714454267997
2012_13_CLE_OAK,2012,13,OAK,CLE,-3.0,3.050481975421426
2012_13_CIN_SD,2012,13,SD,CIN,-7.0,-2.737378321350036
2012_13_PHI_DAL,2012,13,DAL,PHI,5.0,7.046659021111284
2012_13_NYG_WAS,2012,13,WAS,NYG,1.0,-1.9097950866473687
2012_14_DEN_OAK,2012,14,OAK,DEN,-13.0,-6.0965347785181985
2012_14_STL_BUF,2012,14,BUF,STL,-3.0,4.4806961505149046
2012_14_ATL_CAR,2012,14,CAR,ATL,10.0,-2.274021893398582
2012_14_DAL_CIN,2012,14,CIN,DAL,-1.0,3.8639220448131506
2012_14_KC_CLE,2012,14,CLE,KC,23.0,4.231948862533014
2012_14_TEN_IND,2012,14,IND,TEN,4.0,3.5076037306214274
2012_14_NYJ_JAX,2012,14,JAX,NYJ,-7.0,-4.1009574436605
2012_14_CHI_MIN,2012,14,MIN,CHI,7.0,-0.7338322327266346
2012_14_SD_PIT,2012,14,PIT,SD,-10.0,6.931612249345351
2012_14_PHI_TB,2012,14,TB,PHI,-2.0,8.646739487889661
2012_14_BAL_WAS,2012,14,WAS,BAL,3.0,-0.9162374771770803
2012_14_MIA_SF,2012,14,SF,MIA,14.0,10.963573935028885
2012_14_NO_NYG,2012,14,NYG,NO,25.0,3.9923333122397837
2012_14_ARI_SEA,2012,14,SEA,ARI,58.0,8.364910430809427
2012_14_DET_GB,2012,14,GB,DET,7.0,11.369410774134037
2012_14_HOU_NE,2012,14,NE,HOU,28.0,5.2578159813039775
2012_15_CIN_PHI,2012,15,PHI,CIN,-21.0,-2.1102780725329833
2012_15_NYG_ATL,2012,15,ATL,NYG,34.0,3.1611244411827832
2012_15_DEN_BAL,2012,15,BAL,DEN,-17.0,2.0561646367148287
2012_15_GB_CHI,2012,15,CHI,GB,-8.0,-1.4405760104327774
2012_15_WAS_CLE,2012,15,CLE,WAS,-17.0,-0.909526129977077
2012_15_IND_HOU,2012,15,HOU,IND,12.0,8.381421221452536
2012_15_JAX_MIA,2012,15,MIA,JAX,21.0,7.483602791165876
2012_15_TB_NO,2012,15,NO,TB,41.0,3.778082556623474
2012_15_MIN_STL,2012,15,STL,MIN,-14.0,1.3092696496268574
2012_15_DET_ARI,2012,15,ARI,DET,28.0,-3.3766435602498133
2012_15_SEA_BUF,2012,15,BUF,SEA,-33.0,-1.6270656386890425
2012_15_CAR_SD,2012,15,SD,CAR,-24.0,3.9003537015894385
2012_15_PIT_DAL,2012,15,DAL,PIT,3.0,1.1205756258959148
2012_15_KC_OAK,2012,15,OAK,KC,15.0,1.5985070717907952
2012_15_SF_NE,2012,15,NE,SF,-7.0,5.381721234215862
2012_15_NYJ_TEN,2012,15,TEN,NYJ,4.0,0.5590867094933941
2012_16_ATL_DET,2012,16,DET,ATL,-13.0,-2.389742561421839
2012_16_OAK_CAR,2012,16,CAR,OAK,11.0,8.269630596605921
2012_16_NO_DAL,2012,16,DAL,NO,-3.0,1.4456154417757854
2012_16_TEN_GB,2012,16,GB,TEN,48.0,12.915611491337755
2012_16_MIN_HOU,2012,16,HOU,MIN,-17.0,8.905928282656841
2012_16_NE_JAX,2012,16,JAX,NE,-7.0,-6.762918262509125
2012_16_IND_KC,2012,16,KC,IND,-7.0,-3.3511043764704156
2012_16_BUF_MIA,2012,16,MIA,BUF,14.0,3.107435127273335
2012_16_SD_NYJ,2012,16,NYJ,SD,-10.0,3.723522961410861
2012_16_WAS_PHI,2012,16,PHI,WAS,-7.0,-4.069621095126683
2012_16_CIN_PIT,2012,16,PIT,CIN,-3.0,2.364621176992693
2012_16_STL_TB,2012,16,TB,STL,-15.0,4.91775760575552
2012_16_CLE_DEN,2012,16,DEN,CLE,22.0,11.408452333920211
2012_16_CHI_ARI,2012,16,ARI,CHI,-15.0,-2.9189020509075863
2012_16_NYG_BAL,2012,16,BAL,NYG,19.0,2.467535739727057
2012_16_SF_SEA,2012,16,SEA,SF,29.0,2.214992262778136
2012_17_TB_ATL,2012,17,ATL,TB,-5.0,10.548848397926893
2012_17_NYJ_BUF,2012,17,BUF,NYJ,19.0,2.6914793925727563
2012_17_BAL_CIN,2012,17,CIN,BAL,6.0,2.959323851401492
2012_17_CHI_DET,2012,17,DET,CHI,-2.0,-0.700989349956252
2012_17_HOU_IND,2012,17,IND,HOU,12.0,-0.9844000247760492
2012_17_CAR_NO,2012,17,NO,CAR,-6.0,5.01263096974183
2012_17_PHI_NYG,2012,17,NYG,PHI,35.0,8.501967128944168
2012_17_CLE_PIT,2012,17,PIT,CLE,14.0,7.423878264056689
2012_17_JAX_TEN,2012,17,TEN,JAX,18.0,6.350011116858667
2012_17_KC_DEN,2012,17,DEN,KC,35.0,11.002277164027316
2012_17_GB_MIN,2012,17,MIN,GB,3.0,-0.8687850419403882
2012_17_MIA_NE,2012,17,NE,MIA,28.0,11.365487658771686
2012_17_OAK_SD,2012,17,SD,OAK,3.0,7.481219098539964
2012_17_STL_SEA,2012,17,SEA,STL,7.0,10.453448988195545
2012_17_ARI_SF,2012,17,SF,ARI,14.0,8.61794708406783
2012_17_DAL_WAS,2012,17,WAS,DAL,10.0,3.7020653079206447
2013_01_BAL_DEN,2013,1,DEN,BAL,22.0,4.549985410047427
2013_01_NE_BUF,2013,1,BUF,NE,-2.0,-4.211498045658626
2013_01_SEA_CAR,2013,1,CAR,SEA,-5.0,1.079868334762443
2013_01_CIN_CHI,2013,1,CHI,CIN,3.0,1.6510007117180296
2013_01_MIA_CLE,2013,1,CLE,MIA,-13.0,-0.7505327091355186
2013_01_MIN_DET,2013,1,DET,MIN,10.0,0.5775060214617297
2013_01_OAK_IND,2013,1,IND,OAK,4.0,7.774880668919716
2013_01_KC_JAX,2013,1,JAX,KC,-26.0,1.9831829129918608
2013_01_ATL_NO,2013,1,NO,ATL,6.0,3.200446600984354
2013_01_TB_NYJ,2013,1,NYJ,TB,1.0,2.001590110331669
2013_01_TEN_PIT,2013,1,PIT,TEN,-7.0,4.1137841936971
2013_01_GB_SF,2013,1,SF,GB,6.0,4.037815952552732
2013_01_ARI_STL,2013,1,STL,ARI,3.0,3.5724702564706785
2013_01_NYG_DAL,2013,1,DAL,NYG,5.0,2.309958459368785
2013_01_PHI_WAS,2013,1,WAS,PHI,-6.0,8.574814617387148
2013_01_HOU_SD,2013,1,SD,HOU,-3.0,-2.3216217484800645
2013_02_NYJ_NE,2013,2,NE,NYJ,3.0,8.21863049969988
2013_02_STL_ATL,2013,2,ATL,STL,7.0,7.5856049609675145
2013_02_CLE_BAL,2013,2,BAL,CLE,8.0,7.000701091107328
2013_02_CAR_BUF,2013,2,BUF,CAR,1.0,0.07033018901872745
2013_02_MIN_CHI,2013,2,CHI,MIN,1.0,4.439893178282705
2013_02_WAS_GB,2013,2,GB,WAS,18.0,4.035780962607182
2013_02_TEN_HOU,2013,2,HOU,TEN,6.0,6.900314365547774
2013_02_MIA_IND,2013,2,IND,MIA,-4.0,4.361053655975347
2013_02_DAL_KC,2013,2,KC,DAL,1.0,0.013953083808184184
2013_02_SD_PHI,2013,2,PHI,SD,-3.0,1.9674316700959742
2013_02_DET_ARI,2013,2,ARI,DET,4.0,1.5741036648225073
2013_02_NO_TB,2013,2,TB,NO,-2.0,-0.822869704164155
2013_02_DEN_NYG,2013,2,NYG,DEN,-18.0,-2.39256916463236
2013_02_JAX_OAK,2013,2,OAK,JAX,10.0,4.934465332546802
2013_02_SF_SEA,2013,2,SEA,SF,26.0,2.4435728794826637
2013_02_PIT_CIN,2013,2,CIN,PIT,10.0,3.4737220319348188
2013_03_KC_PHI,2013,3,PHI,KC,-10.0,5.581117345177434
2013_03_HOU_BAL,2013,3,BAL,HOU,21.0,1.884797262663982
2013_03_NYG_CAR,2013,3,CAR,NYG,38.0,1.9252161525583085
2013_03_GB_CIN,2013,3,CIN,GB,4.0,-1.0201118917424672
2013_03_STL_DAL,2013,3,DAL,STL,24.0,3.1934731905663916
2013_03_CLE_MIN,2013,3,MIN,CLE,-4.0,5.794871810642106
2013_03_TB_NE,2013,3,NE,TB,20.0,9.848568765422284
2013_03_ARI_NO,2013,3,NO,ARI,24.0,7.318783174621548
2013_03_SD_TEN,2013,3,TEN,SD,3.0,1.9516633307493496
2013_03_DET_WAS,2013,3,WAS,DET,-7.0,3.626138628886506
2013_03_ATL_MIA,2013,3,MIA,ATL,4.0,0.09640558836721247
2013_03_BUF_NYJ,2013,3,NYJ,BUF,7.0,3.8426369727532386
2013_03_JAX_SEA,2013,3,SEA,JAX,28.0,11.829012148035792
2013_03_IND_SF,2013,3,SF,IND,-20.0,2.1964835653293147
2013_03_CHI_PIT,2013,3,PIT,CHI,-17.0,-3.303478517473887
2013_03_OAK_DEN,2013,3,DEN,OAK,16.0,10.223309431383951
2013_04_SF_STL,2013,4,STL,SF,-24.0,-2.2005791224094318
2013_04_BAL_BUF,2013,4,BUF,BAL,3.0,-3.9156028992848078
2013_04_CIN_CLE,2013,4,CLE,CIN,11.0,-5.445334357871582
2013_04_CHI_DET,2013,4,DET,CHI,8.0,-0.031626639671345075
2013_04_SEA_HOU,2013,4,HOU,SEA,-3.0,0.18269843879518158
2013_04_IND_JAX,2013,4,JAX,IND,-34.0,-5.139331201468438
2013_04_NYG_KC,2013,4,KC,NYG,24.0,2.1281979842735645
2013_04_PIT_MIN,2013,4,MIN,PIT,7.0,3.8912061369641053
2013_04_ARI_TB,2013,4,TB,ARI,-3.0,2.656918625687735
2013_04_NYJ_TEN,2013,4,TEN,NYJ,25.0,2.3030263747006865
2013_04_PHI_DEN,2013,4,DEN,PHI,32.0,6.896476027693775
2013_04_WAS_OAK,2013,4,OAK,WAS,-10.0,-1.8250945976730706
2013_04_DAL_SD,2013,4,SD,DAL,9.0,2.406788579733135
2013_04_NE_ATL,2013,4,ATL,NE,-7.0,1.6429709663028902
2013_04_MIA_NO,2013,4,NO,MIA,21.0,3.2938233418156297
2013_05_BUF_CLE,2013,5,CLE,BUF,13.0,4.242254729496239
2013_05_NO_CHI,2013,5,CHI,NO,-8.0,2.2969259222609497
2013_05_NE_CIN,2013,5,CIN,NE,7.0,-1.930414245890156
2013_05_DET_GB,2013,5,GB,DET,13.0,2.1436556871247547
2013_05_SEA_IND,2013,5,IND,SEA,6.0,4.043643751207744
2013_05_BAL_MIA,2013,5,MIA,BAL,-3.0,1.6871667214157509
2013_05_PHI_NYG,2013,5,NYG,PHI,-15.0,1.2120745466538785
2013_05_JAX_STL,2013,5,STL,JAX,14.0,6.972447919864441
2013_05_KC_TEN,2013,5,TEN,KC,-9.0,4.703341728415454
2013_05_CAR_ARI,2013,5,ARI,CAR,16.0,-3.8237188062794307
2013_05_DEN_DAL,2013,5,DAL,DEN,-3.0,-6.03737797139385
2013_05_HOU_SF,2013,5,SF,HOU,31.0,1.6880991646468153
2013_05_SD_OAK,2013,5,OAK,SD,10.0,-3.26905859536796
2013_05_NYJ_ATL,2013,5,ATL,NYJ,-2.0,8.223169479825598
2013_06_NYG_CHI,2013,6,CHI,NYG,6.0,6.800074778294386
2013_06_GB_BAL,2013,6,BAL,GB,-2.0,1.5295783320477412
2013_06_CIN_BUF,2013,6,BUF,CIN,-3.0,-2.779973105519109
2013_06_DET_CLE,2013,6,CLE,DET,-14.0,2.7931546671239724
2013_06_STL_HOU,2013,6,HOU,STL,-25.0,6.933596611960688
2013_06_OAK_KC,2013,6,KC,OAK,17.0,6.338108922392781
2013_06_CAR_MIN,2013,6,MIN,CAR,-25.0,3.8448678735434525
2013_06_PIT_NYJ,2013,6,NYJ,PIT,-13.0,3.9961042271490905
2013_06_PHI_TB,2013,6,TB,PHI,-11.0,2.856578209779501
2013_06_JAX_DEN,2013,6,DEN,JAX,16.0,10.295213774159658
2013_06_TEN_SEA,2013,6,SEA,TEN,7.0,9.470210208791702
2013_06_NO_NE,2013,6,NE,NO,3.0,2.963922201573747
2013_06_ARI_SF,2013,6,SF,ARI,12.0,6.981461297102027
2013_06_WAS_DAL,2013,6,DAL,WAS,15.0,3.928783600417923
2013_06_IND_SD,2013,6,SD,IND,10.0,-3.5172163180064455
2013_07_SEA_ARI,2013,7,ARI,SEA,-12.0,-4.798267885672233
2013_07_TB_ATL,2013,7,ATL,TB,8.0,9.341154987004137
2013_07_STL_CAR,2013,7,CAR,STL,15.0,4.769368971677829
2013_07_CIN_DET,2013,7,DET,CIN,-3.0,1.489541325823101
2013_07_SD_JAX,2013,7,JAX,SD,-18.0,-2.585502997145795
2013_07_BUF_MIA,2013,7,MIA,BUF,-2.0,4.5805434816349875
2013_07_NE_NYJ,2013,7,NYJ,NE,3.0,-3.3291268703808368
2013_07_DAL_PHI,2013,7,PHI,DAL,-14.0,0.8651862669090818
2013_07_CHI_WAS,2013,7,WAS,CHI,4.0,-1.716338624922566
2013_07_SF_TEN,2013,7,TEN,SF,-14.0,-2.030462502826534
2013_07_CLE_GB,2013,7,GB,CLE,18.0,6.984255306172082
2013_07_HOU_KC,2013,7,KC,HOU,1.0,3.8265266509838742
2013_07_BAL_PIT,2013,7,PIT,BAL,3.0,-0.8083462267032083
2013_07_DEN_IND,2013,7,IND,DEN,6.0,-3.3889218360501907
2013_07_MIN_NYG,2013,7,NYG,MIN,16.0,-0.889635139926226
2013_08_CAR_TB,2013,8,TB,CAR,-18.0,-4.397041196453338
2013_08_DAL_DET,2013,8,DET,DAL,1.0,2.6977381408846757
2013_08_SF_JAX,2013,8,JAX,SF,-32.0,-5.29013465164656
2013_08_CLE_KC,2013,8,KC,CLE,6.0,5.6125390223596305
2013_08_MIA_NE,2013,8,NE,MIA,10.0,9.001129945373119
2013_08_BUF_NO,2013,8,NO,BUF,18.0,8.699599317369213
2013_08_NYG_PHI,2013,8,PHI,NYG,-8.0,3.753380402675779
2013_08_NYJ_CIN,2013,8,CIN,NYJ,40.0,7.748254021575475
2013_08_PIT_OAK,2013,8,OAK,PIT,3.0,-2.2732899882922286
2013_08_ATL_ARI,2013,8,ARI,ATL,14.0,-1.451885934137123
2013_08_WAS_DEN,2013,8,DEN,WAS,24.0,5.541932636921781
2013_08_GB_MIN,2013,8,MIN,GB,-13.0,-3.044275421799906
2013_08_SEA_STL,2013,8,STL,SEA,-5.0,-7.45674701172257
2013_09_CIN_MIA,2013,9,MIA,CIN,2.0,-4.430771242802164
2013_09_KC_BUF,2013,9,BUF,KC,-10.0,-0.5066651517324644
2013_09_ATL_CAR,2013,9,CAR,ATL,24.0,4.907000018897509
2013_09_MIN_DAL,2013,9,DAL,MIN,4.0,8.095163883293994
2013_09_NO_NYJ,2013,9,NYJ,NO,6.0,-3.7843570581158468
2013_09_TEN_STL,2013,9,STL,TEN,-7.0,2.520348004208647
2013_09_SD_WAS,2013,9,WAS,SD,6.0,1.788868784821177
2013_09_PHI_OAK,2013,9,OAK,PHI,-29.0,3.831511763390526
2013_09_TB_SEA,2013,9,SEA,TB,3.0,9.814230219903582
2013_09_BAL_CLE,2013,9,CLE,BAL,6.0,-5.201527756820191
2013_09_PIT_NE,2013,9,NE,PIT,24.0,7.481384200458959
2013_09_IND_HOU,2013,9,HOU,IND,-3.0,-3.2913746593082496
2013_09_CHI_GB,2013,9,GB,CHI,-7.0,5.634451727894995
2013_10_WAS_MIN,2013,10,MIN,WAS,7.0,-0.48267518175864654
2013_10_SEA_ATL,2013,10,ATL,SEA,-23.0,-0.9527810434815801
2013_10_CIN_BAL,2013,10,BAL,CIN,3.0,-2.777974602663517
2013_10_DET_CHI,2013,10,CHI,DET,-2.0,3.791367793535532
2013_10_PHI_GB,2013,10,GB,PHI,-14.0,5.944336469736695
2013_10_STL_IND,2013,10,IND,STL,-30.0,9.621703067422136
2013_10_OAK_NYG,2013,10,NYG,OAK,4.0,5.295436860440685
2013_10_BUF_PIT,2013,10,PIT,BUF,13.0,3.5665067707495397
2013_10_JAX_TEN,2013,10,TEN,JAX,-2.0,7.836398515735967
2013_10_CAR_SF,2013,10,SF,CAR,-1.0,4.8112279375554
2013_10_HOU_ARI,2013,10,ARI,HOU,3.0,1.5000806754353968
2013_10_DEN_SD,2013,10,SD,DEN,-8.0,-9.3881802819406
2013_10_DAL_NO,2013,10,NO,DAL,32.0,4.8058590063097535
2013_10_MIA_TB,2013,10,TB,MIA,3.0,-4.437398863485282
2013_11_IND_TEN,2013,11,TEN,IND,-3.0,-0.35617637375475875
2013_11_NYJ_BUF,2013,11,BUF,NYJ,23.0,-1.4000800913156535
2013_11_BAL_CHI,2013,11,CHI,BAL,3.0,4.710648093178457
2013_11_CLE_CIN,2013,11,CIN,CLE,21.0,8.288119645766947
2013_11_OAK_HOU,2013,11,HOU,OAK,-5.0,4.797148212591879
2013_11_ARI_JAX,2013,11,JAX,ARI,-13.0,-4.47729174403133
2013_11_WAS_PHI,2013,11,PHI,WAS,8.0,3.742890933535146
2013_11_DET_PIT,2013,11,PIT,DET,10.0,1.4162667169126215
2013_11_ATL_TB,2013,11,TB,ATL,13.0,-1.6148866841776366
2013_11_SD_MIA,2013,11,MIA,SD,4.0,2.3088061424625614
2013_11_SF_NO,2013,11,NO,SF,3.0,4.7320245063101325
2013_11_GB_NYG,2013,11,NYG,GB,14.0,-1.0082015180511497
2013_11_MIN_SEA,2013,11,SEA,MIN,21.0,10.275885544230583
2013_11_KC_DEN,2013,11,DEN,KC,10.0,7.528532608002385
2013_11_NE_CAR,2013,11,CAR,NE,4.0,-0.5946310174028289
2013_12_NO_ATL,2013,12,ATL,NO,-4.0,-2.8941685973837625
2013_12_NYJ_BAL,2013,12,BAL,NYJ,16.0,7.929471888036271
2013_12_PIT_CLE,2013,12,CLE,PIT,-16.0,-1.809927600127874
2013_12_TB_DET,2013,12,DET,TB,-3.0,6.400023950654932
2013_12_MIN_GB,2013,12,GB,MIN,0.0,8.181273872027816
2013_12_JAX_HOU,2013,12,HOU,JAX,-7.0,6.639382661992405
2013_12_SD_KC,2013,12,KC,SD,-3.0,4.311421474518022
2013_12_CAR_MIA,2013,12,MIA,CAR,-4.0,-3.8885386140572185
2013_12_CHI_STL,2013,12,STL,CHI,21.0,-1.7050396643698131
2013_12_IND_ARI,2013,12,ARI,IND,29.0,-2.0960897149019284
2013_12_TEN_OAK,2013,12,OAK,TEN,-4.0,-3.4073905091493675
2013_12_DAL_NYG,2013,12,NYG,DAL,-3.0,1.8804295755441827
2013_12_DEN_NE,2013,12,NE,DEN,3.0,0.8770945664075692
2013_12_SF_WAS,2013,12,WAS,SF,-21.0,-0.713175163135714
2013_13_GB_DET,2013,13,DET,GB,30.0,1.1265299531662736
2013_13_OAK_DAL,2013,13,DAL,OAK,7.0,8.717644835613198
2013_13_PIT_BAL,2013,13,BAL,PIT,2.0,2.4696104521940794
2013_13_TB_CAR,2013,13,CAR,TB,21.0,9.734805813419253
2013_13_JAX_CLE,2013,13,CLE,JAX,-4.0,6.065243208015632
2013_13_NE_HOU,2013,13,HOU,NE,-3.0,-4.959577518052103
2013_13_TEN_IND,2013,13,IND,TEN,8.0,2.8911105742968117
2013_13_CHI_MIN,2013,13,MIN,CHI,3.0,0.23655688037057246
2013_13_MIA_NYJ,2013,13,NYJ,MIA,-20.0,-2.0309744488549533
2013_13_ARI_PHI,2013,13,PHI,ARI,3.0,4.181783971966615
2013_13_ATL_BUF,2013,13,BUF,ATL,-3.0,2.603144929130912
2013_13_STL_SF,2013,13,SF,STL,10.0,6.8519301740489444
2013_13_DEN_KC,2013,13,KC,DEN,-7.0,-3.2575229846120903
2013_13_CIN_SD,2013,13,SD,CIN,-7.0,-4.29529418636762
2013_13_NYG_WAS,2013,13,WAS,NYG,-7.0,2.2397807911021412
2013_13_NO_SEA,2013,13,SEA,NO,27.0,3.9022707480182603
2013_14_HOU_JAX,2013,14,JAX,HOU,7.0,-1.481862219411282
2013_14_MIN_BAL,2013,14,BAL,MIN,3.0,7.4814292157105395
2013_14_IND_CIN,2013,14,CIN,IND,14.0,5.010403666048326
2013_14_ATL_GB,2013,14,GB,ATL,1.0,3.646182828687822
2013_14_CLE_NE,2013,14,NE,CLE,1.0,7.3332321743127356
2013_14_OAK_NYJ,2013,14,NYJ,OAK,10.0,3.8494660976417197
2013_14_DET_PHI,2013,14,PHI,DET,14.0,2.6355692932843415
2013_14_MIA_PIT,2013,14,PIT,MIA,-6.0,4.012268789678647
2013_14_BUF_TB,2013,14,TB,BUF,21.0,3.311222095656194
2013_14_KC_WAS,2013,14,WAS,KC,-35.0,0.4164989297874495
2013_14_TEN_DEN,2013,14,DEN,TEN,23.0,3.080348133395259
2013_14_STL_ARI,2013,14,ARI,STL,20.0,3.0312167345500893
2013_14_NYG_SD,2013,14,SD,NYG,23.0,1.500899805913356
2013_14_SEA_SF,2013,14,SF,SEA,2.0,-0.263982077086905
2013_14_CAR_NO,2013,14,NO,CAR,18.0,4.907293320013332
2013_14_DAL_CHI,2013,14,CHI,DAL,17.0,2.7975576355904916
2013_15_SD_DEN,2013,15,DEN,SD,-7.0,7.99330280138613
2013_15_WAS_ATL,2013,15,ATL,WAS,1.0,4.086780896049898
2013_15_CHI_CLE,2013,15,CLE,CHI,-7.0,-3.2315124170624476
2013_15_HOU_IND,2013,15,IND,HOU,22.0,7.557042103067339
2013_15_BUF_JAX,2013,15,JAX,BUF,-7.0,1.8260412895015758
2013_15_NE_MIA,2013,15,MIA,NE,4.0,-3.586273032260616
2013_15_PHI_MIN,2013,15,MIN,PHI,18.0,-0.6919539750731755
2013_15_SEA_NYG,2013,15,NYG,SEA,-23.0,-4.934315951888972
2013_15_SF_TB,2013,15,TB,SF,-19.0,-5.629537905549859
2013_15_NYJ_CAR,2013,15,CAR,NYJ,10.0,10.845662886736067
2013_15_KC_OAK,2013,15,OAK,KC,-25.0,-4.452985738098329
2013_15_GB_DAL,2013,15,DAL,GB,-1.0,3.756333980838173
2013_15_NO_STL,2013,15,STL,NO,11.0,-5.496000906370373
2013_15_ARI_TEN,2013,15,TEN,ARI,-3.0,0.5913532152764297
2013_15_CIN_PIT,2013,15,PIT,CIN,10.0,-0.7307342935284998
2013_15_BAL_DET,2013,15,DET,BAL,-2.0,2.1316871894547464
2013_16_MIA_BUF,2013,16,BUF,MIA,19.0,-2.864210084993115
2013_16_NO_CAR,2013,16,CAR,NO,4.0,2.801560783258605
2013_16_MIN_CIN,2013,16,CIN,MIN,28.0,8.131838682033912
2013_16_DEN_HOU,2013,16,HOU,DEN,-24.0,-4.71241944369614
2013_16_TEN_JAX,2013,16,JAX,TEN,-4.0,-1.3529260601918676
2013_16_IND_KC,2013,16,KC,IND,-16.0,5.053893580607977
2013_16_CLE_NYJ,2013,16,NYJ,CLE,11.0,3.714252808138411
2013_16_TB_STL,2013,16,STL,TB,10.0,6.490985781238913
2013_16_DAL_WAS,2013,16,WAS,DAL,-1.0,-3.3117899719638957
2013_16_NYG_DET,2013,16,DET,NYG,-3.0,4.043558319210638
2013_16_ARI_SEA,2013,16,SEA,ARI,-7.0,7.9293966938450975
2013_16_NE_BAL,2013,16,BAL,NE,-34.0,-1.7483110271048754
2013_16_PIT_GB,2013,16,GB,PIT,-7.0,2.537072954594512
2013_16_OAK_SD,2013,16,SD,OAK,13.0,11.820972894315632
2013_16_CHI_PHI,2013,16,PHI,CHI,43.0,2.1367331864198285
2013_16_ATL_SF,2013,16,SF,ATL,10.0,8.708020883697204
2013_17_CAR_ATL,2013,17,ATL,CAR,-1.0,-2.7456967709801763
2013_17_BAL_CIN,2013,17,CIN,BAL,17.0,4.926594182198746
2013_17_JAX_IND,2013,17,IND,JAX,20.0,11.061608673368552
2013_17_NYJ_MIA,2013,17,MIA,NYJ,-13.0,6.470288983836395
2013_17_DET_MIN,2013,17,MIN,DET,1.0,2.768510422395281
2013_17_WAS_NYG,2013,17,NYG,WAS,14.0,6.171222948467258
2013_17_CLE_PIT,2013,17,PIT,CLE,13.0,6.050451255257671
2013_17_HOU_TEN,2013,17,TEN,HOU,6.0,6.76274106649722
2013_17_SF_ARI,2013,17,ARI,SF,-3.0,0.2693690958633157
2013_17_GB_CHI,2013,17,CHI,GB,-5.0,5.003183515458831
2013_17_BUF_NE,2013,17,NE,BUF,14.0,8.489985394158747
2013_17_TB_NO,2013,17,NO,TB,25.0,11.270676790458502
2013_17_DEN_OAK,2013,17,OAK,DEN,-20.0,-6.2755028236583374
2013_17_KC_SD,2013,17,SD,KC,3.0,3.607612189125579
2013_17_STL_SEA,2013,17,SEA,STL,18.0,8.220689993147046
2013_17_PHI_DAL,2013,17,DAL,PHI,-2.0,2.8947729848785033
2014_01_GB_SEA,2014,1,SEA,GB,20.0,6.990496873015739
2014_01_NO_ATL,2014,1,ATL,NO,3.0,0.34203847701991186
2014_01_CIN_BAL,2014,1,BAL,CIN,-7.0,-1.4831789004308156
2014_01_BUF_CHI,2014,1,CHI,BUF,-3.0,4.37968753077573
2014_01_WAS_HOU,2014,1,HOU,WAS,11.0,2.2321640444878423
2014_01_TEN_KC,2014,1,KC,TEN,-16.0,5.4263861826097965
2014_01_NE_MIA,2014,1,MIA,NE,13.0,-5.030967753174054
2014_01_OAK_NYJ,2014,1,NYJ,OAK,5.0,7.369090493015017
2014_01_JAX_PHI,2014,1,PHI,JAX,17.0,7.901961238776255
2014_01_CLE_PIT,2014,1,PIT,CLE,3.0,7.9664151439042445
2014_01_MIN_STL,2014,1,STL,MIN,-28.0,2.629573295710217
2014_01_SF_DAL,2014,1,DAL,SF,-11.0,-1.2535970927602078
2014_01_CAR_TB,2014,1,TB,CAR,-6.0,-4.5734017826145354
2014_01_IND_DEN,2014,1,DEN,IND,7.0,6.085795779014806
2014_01_NYG_DET,2014,1,DET,NYG,21.0,3.689595439746459
2014_01_SD_ARI,2014,1,ARI,SD,1.0,3.0743433404759166
2014_02_PIT_BAL,2014,2,BAL,PIT,20.0,0.722796690700444
2014_02_MIA_BUF,2014,2,BUF,MIA,19.0,1.1400392203672325
2014_02_DET_CAR,2014,2,CAR,DET,17.0,8.045472864773595
2014_02_ATL_CIN,2014,2,CIN,ATL,14.0,7.683442674856262
2014_02_NO_CLE,2014,2,CLE,NO,2.0,-4.4963234731331285
2014_02_NE_MIN,2014,2,MIN,NE,-23.0,0.28058051309320303
2014_02_ARI_NYG,2014,2,NYG,ARI,-11.0,-2.081310629067474
2014_02_DAL_TEN,2014,2,TEN,DAL,-16.0,3.502459484010899
2014_02_JAX_WAS,2014,2,WAS,JAX,31.0,4.617131458970561
2014_02_SEA_SD,2014,2,SD,SEA,9.0,-4.837539469688071
2014_02_STL_TB,2014,2,TB,STL,-2.0,2.199596433334692
2014_02_KC_DEN,2014,2,DEN,KC,7.0,9.39342955502952
2014_02_NYJ_GB,2014,2,GB,NYJ,7.0,2.704538903974671
2014_02_HOU_OAK,2014,2,OAK,HOU,-16.0,0.8296278276300258
2014_02_CHI_SF,2014,2,SF,CHI,-8.0,6.288563118700885
2014_02_PHI_IND,2014,2,IND,PHI,-3.0,2.2075645207666996
2014_03_TB_ATL,2014,3,ATL,TB,42.0,2.428848308488482
2014_03_SD_BUF,2014,3,BUF,SD,-12.0,0.655080501132508
2014_03_TEN_CIN,2014,3,CIN,TEN,26.0,4.362449008777562
2014_03_BAL_CLE,2014,3,CLE,BAL,-2.0,-2.669558335330957
2014_03_GB_DET,2014,3,DET,GB,12.0,2.5172479958683924
2014_03_IND_JAX,2014,3,JAX,IND,-27.0,-4.871649855055752
2014_03_OAK_NE,2014,3,NE,OAK,7.0,11.264973401594059
2014_03_MIN_NO,2014,3,NO,MIN,11.0,3.9143969739220283
2014_03_HOU_NYG,2014,3,NYG,HOU,13.0,4.455199570350744
2014_03_WAS_PHI,2014,3,PHI,WAS,3.0,4.044349810683169
2014_03_DAL_STL,2014,3,STL,DAL,-3.0,0.08432891374177348
2014_03_SF_ARI,2014,3,ARI,SF,9.0,2.0037760723247406
2014_03_KC_MIA,2014,3,MIA,KC,-19.0,3.242060210095241
2014_03_DEN_SEA,2014,3,SEA,DEN,6.0,2.2535983383383225
2014_03_PIT_CAR,2014,3,CAR,PIT,-18.0,5.80710854518192
2014_03_CHI_NYJ,2014,3,NYJ,CHI,-8.0,-1.425009614039663
2014_04_NYG_WAS,2014,4,WAS,NYG,-31.0,1.5737803312373222
2014_04_CAR_BAL,2014,4,BAL,CAR,28.0,1.736698407627332
2014_04_GB_CHI,2014,4,CHI,GB,-21.0,2.3913086611250427
2014_04_BUF_HOU,2014,4,HOU,BUF,6.0,0.415281409903726
2014_04_TEN_IND,2014,4,IND,TEN,24.0,5.040483428240647
2014_04_DET_NYJ,2014,4,NYJ,DET,-7.0,1.1065775710728196
2014_04_MIA_OAK,2014,4,OAK,MIA,-24.0,-3.2633679159465214
2014_04_TB_PIT,2014,4,PIT,TB,-3.0,8.83095994631425
2014_04_JAX_SD,2014,4,SD,JAX,19.0,11.858035273851181
2014_04_ATL_MIN,2014,4,MIN,ATL,13.0,1.6727668946504206
2014_04_PHI_SF,2014,4,SF,PHI,5.0,3.698789059367106
2014_04_NO_DAL,2014,4,DAL,NO,21.0,2.461473204421317
2014_04_NE_KC,2014,4,KC,NE,27.0,-4.146890873959885
2014_05_MIN_GB,2014,5,GB,MIN,32.0,2.6720751773378475
2014_05_CHI_CAR,2014,5,CAR,CHI,7.0,2.608997142014864
2014_05_HOU_DAL,2014,5,DAL,HOU,3.0,7.901798942022926
2014_05_BUF_DET,2014,5,DET,BUF,-3.0,3.788867150241947
2014_05_BAL_IND,2014,5,IND,BAL,7.0,3.162185175750802
2014_05_PIT_JAX,2014,5,JAX,PIT,-8.0,-3.6926320102192163
2014_05_TB_NO,2014,5,NO,TB,6.0,8.197484483803597
2014_05_ATL_NYG,2014,5,NYG,ATL,10.0,3.281268139220699
2014_05_STL_PHI,2014,5,PHI,STL,6.0,6.0382308486525
2014_05_CLE_TEN,2014,5,TEN,CLE,-1.0,2.300660358296887
2014_05_ARI_DEN,2014,5,DEN,ARI,21.0,4.918992836810037
2014_05_NYJ_SD,2014,5,SD,NYJ,31.0,10.409110851549805
2014_05_KC_SF,2014,5,SF,KC,5.0,3.5545087705897873
2014_05_CIN_NE,2014,5,NE,CIN,26.0,0.8113488637593362
2014_05_SEA_WAS,2014,5,WAS,SEA,-10.0,-5.994932208157434
2014_06_IND_HOU,2014,6,HOU,IND,-5.0,-3.394837070634434
2014_06_NE_BUF,2014,6,BUF,NE,-15.0,-3.930298042327195
2014_06_CAR_CIN,2014,6,CIN,CAR,0.0,4.2879738356470565
2014_06_PIT_CLE,2014,6,CLE,PIT,21.0,-1.2821445615932507
2014_06_GB_MIA,2014,6,MIA,GB,-3.0,-0.03799977728321898
2014_06_DET_MIN,2014,6,MIN,DET,-14.0,1.1829236262801637
2014_06_DEN_NYJ,2014,6,NYJ,DEN,-14.0,-5.22192149444184
2014_06_BAL_TB,2014,6,TB,BAL,-31.0,-5.165718411453983
2014_06_JAX_TEN,2014,6,TEN,JAX,2.0,6.698910190246456
2014_06_SD_OAK,2014,6,OAK,SD,-3.0,-4.693439634226279
2014_06_WAS_ARI,2014,6,ARI,WAS,10.0,10.165969997594487
2014_06_CHI_ATL,2014,6,ATL,CHI,-14.0,4.002394259521193
2014_06_DAL_SEA,2014,6,SEA,DAL,-7.0,5.981226223973288
2014_06_NYG_PHI,2014,6,PHI,NYG,27.0,4.026753990587884
2014_06_SF_STL,2014,6,STL,SF,-14.0,-6.917714325231337
2014_07_NYJ_NE,2014,7,NE,NYJ,2.0,10.757318953179611
2014_07_ATL_BAL,2014,7,BAL,ATL,22.0,8.018610683820034
2014_07_MIN_BUF,2014,7,BUF,MIN,1.0,2.8886033241144724
2014_07_MIA_CHI,2014,7,CHI,MIA,-13.0,1.9101329452480973
2014_07_NO_DET,2014,7,DET,NO,1.0,0.6286566861132277
2014_07_CAR_GB,2014,7,GB,CAR,21.0,5.42961954631314
2014_07_CIN_IND,2014,7,IND,CIN,27.0,4.0565478358824105
2014_07_CLE_JAX,2014,7,JAX,CLE,18.0,-4.170159502782919
2014_07_SEA_STL,2014,7,STL,SEA,2.0,-5.631600279810744
2014_07_TEN_WAS,2014,7,WAS,TEN,2.0,-0.5768398174816717
2014_07_KC_SD,2014,7,SD,KC,-3.0,7.431306386094359
2014_07_NYG_DAL,2014,7,DAL,NYG,10.0,3.7724303584871595
2014_07_ARI_OAK,2014,7,OAK,ARI,-11.0,-5.783741768557662
2014_07_SF_DEN,2014,7,DEN,SF,25.0,5.6820550668153595
2014_07_HOU_PIT,2014,7,PIT,HOU,7.0,7.403478692153322
2014_08_SD_DEN,2014,8,DEN,SD,14.0,8.456081151907787
2014_08_DET_ATL,2014,8,ATL,DET,-1.0,-1.9938556664613236
2014_08_SEA_CAR,2014,8,CAR,SEA,-4.0,0.07623852350225535
2014_08_BAL_CIN,2014,8,CIN,BAL,3.0,2.262771198970926
2014_08_MIA_JAX,2014,8,JAX,MIA,-14.0,-3.4461494836517925
2014_08_STL_KC,2014,8,KC,STL,27.0,7.92436559099067
2014_08_CHI_NE,2014,8,NE,CHI,28.0,7.809499590757989
2014_08_BUF_NYJ,2014,8,NYJ,BUF,-20.0,-0.3923487087400528
2014_08_MIN_TB,2014,8,TB,MIN,-6.0,-0.3073211082153136
2014_08_HOU_TEN,2014,8,TEN,HOU,-14.0,3.5117842277327243
2014_08_PHI_ARI,2014,8,ARI,PHI,4.0,3.1490093769316307
2014_08_OAK_CLE,2014,8,CLE,OAK,10.0,7.742812231784685
2014_08_IND_PIT,2014,8,PIT,IND,17.0,1.5209941870474175
2014_08_GB_NO,2014,8,NO,GB,21.0,-0.16164196204946454
2014_08_WAS_DAL,2014,8,DAL,WAS,-3.0,9.628681671732163
2014_09_NO_CAR,2014,9,CAR,NO,-18.0,0.2460790194857161
2014_09_JAX_CIN,2014,9,CIN,JAX,10.0,10.215364784401109
2014_09_TB_CLE,2014,9,CLE,TB,5.0,4.572231080922711
2014_09_ARI_DAL,2014,9,DAL,ARI,-11.0,4.036053001865036
2014_09_PHI_HOU,2014,9,HOU,PHI,-10.0,-0.5954358413793449
2014_09_NYJ_KC,2014,9,KC,NYJ,14.0,10.231772019187623
2014_09_SD_MIA,2014,9,MIA,SD,37.0,0.9283965209226896
2014_09_WAS_MIN,2014,9,MIN,WAS,3.0,2.121025535191475
2014_09_STL_SF,2014,9,SF,STL,-3.0,11.064656589924436
2014_09_DEN_NE,2014,9,NE,DEN,22.0,0.7048821518001323
2014_09_OAK_SEA,2014,9,SEA,OAK,6.0,12.62374939106897
2014_09_BAL_PIT,2014,9,PIT,BAL,20.0,3.3685991734920115
2014_09_IND_NYG,2014,9,NYG,IND,-16.0,0.3312304452770877
2014_10_CLE_CIN,2014,10,CIN,CLE,-21.0,9.232107021953814
2014_10_TEN_BAL,2014,10,BAL,TEN,14.0,8.40039000419824
2014_10_KC_BUF,2014,10,BUF,KC,-4.0,-0.7886396902145536
2014_10_MIA_DET,2014,10,DET,MIA,4.0,1.5681980635189767
2014_10_DAL_JAX,2014,10,JAX,DAL,-14.0,-4.449612553260822
2014_10_SF_NO,2014,10,NO,SF,-3.0,3.4073060752552973
2014_10_PIT_NYJ,2014,10,NYJ,PIT,7.0,-2.645811533157449
2014_10_ATL_TB,2014,10,TB,ATL,-10.0,-2.5693705185307856
2014_10_DEN_OAK,2014,10,OAK,DEN,-24.0,-4.269601409074832
2014_10_STL_ARI,2014,10,ARI,STL,17.0,8.930900041636306
2014_10_NYG_SEA,2014,10,SEA,NYG,21.0,9.65139276233682
2014_10_CHI_GB,2014,10,GB,CHI,41.0,7.312674733257567
2014_10_CAR_PHI,2014,10,PHI,CAR,24.0,5.970857559074374
2014_11_BUF_MIA,2014,11,MIA,BUF,13.0,5.271836906797515
2014_11_ATL_CAR,2014,11,CAR,ATL,-2.0,2.3246758977534405
2014_11_MIN_CHI,2014,11,CHI,MIN,8.0,2.7315625428403494
2014_11_HOU_CLE,2014,11,CLE,HOU,-16.0,3.5461363395527745
2014_11_SEA_KC,2014,11,KC,SEA,4.0,2.091474424844863
2014_11_CIN_NO,2014,11,NO,CIN,-17.0,4.316198395615694
2014_11_SF_NYG,2014,11,NYG,SF,-6.0,-4.054638105431981
2014_11_DEN_STL,2014,11,STL,DEN,15.0,-3.1882340227685853
2014_11_TB_WAS,2014,11,WAS,TB,-20.0,2.718320781235034
2014_11_OAK_SD,2014,11,SD,OAK,7.0,10.905361568441311
2014_11_DET_ARI,2014,11,ARI,DET,8.0,6.6377611845890865
2014_11_PHI_GB,2014,11,GB,PHI,33.0,4.1790138795481955
2014_11_NE_IND,2014,11,IND,NE,-22.0,1.0496145411342586
2014_11_PIT_TEN,2014,11,TEN,PIT,-3.0,-3.5071446974845446
2014_12_KC_OAK,2014,12,OAK,KC,4.0,-4.855935091079367
2014_12_CLE_ATL,2014,12,ATL,CLE,-2.0,3.731972147347773
2014_12_TB_CHI,2014,12,CHI,TB,8.0,7.959869890196746
2014_12_CIN_HOU,2014,12,HOU,CIN,-9.0,0.09150805401452104
2014_12_JAX_IND,2014,12,IND,JAX,20.0,11.775080076233687
2014_12_GB_MIN,2014,12,MIN,GB,-3.0,-2.6912402476767134
2014_12_DET_NE,2014,12,NE,DET,25.0,10.12032269177354
2014_12_TEN_PHI,2014,12,PHI,TEN,19.0,10.230706028940492
2014_12_STL_SD,2014,12,SD,STL,3.0,3.843321541861641
2014_12_ARI_SEA,2014,12,SEA,ARI,16.0,2.9470465529977123
2014_12_MIA_DEN,2014,12,DEN,MIA,3.0,6.063224881243024
2014_12_WAS_SF,2014,12,SF,WAS,4.0,9.48613236700961
2014_12_DAL_NYG,2014,12,NYG,DAL,-3.0,-6.15043788466928
2014_12_NYJ_BUF,2014,12,BUF,NYJ,35.0,3.752082030430658
2014_12_BAL_NO,2014,12,NO,BAL,-7.0,3.152783845514854
2014_13_CHI_DET,2014,13,DET,CHI,17.0,3.2713262017128595
2014_13_PHI_DAL,2014,13,DAL,PHI,-23.0,3.423304822421182
2014_13_SEA_SF,2014,13,SF,SEA,-16.0,1.2708123929076736
2014_13_SD_BAL,2014,13,BAL,SD,-1.0,3.257104320627615
2014_13_CLE_BUF,2014,13,BUF,CLE,16.0,4.517025617395845
2014_13_TEN_HOU,2014,13,HOU,TEN,24.0,4.708439794730359
2014_13_WAS_IND,2014,13,IND,WAS,22.0,10.628974900930837
2014_13_NYG_JAX,2014,13,JAX,NYG,1.0,-4.820774301411155
2014_13_CAR_MIN,2014,13,MIN,CAR,18.0,1.31050020015604
2014_13_NO_PIT,2014,13,PIT,NO,-3.0,3.3322831129067345
2014_13_OAK_STL,2014,13,STL,OAK,52.0,10.310435983444275
2014_13_CIN_TB,2014,13,TB,CIN,-1.0,-3.5712130367954935
2014_13_ARI_ATL,2014,13,ATL,ARI,11.0,-0.10887872540564263
2014_13_NE_GB,2014,13,GB,NE,5.0,1.192673634803856
2014_13_DEN_KC,2014,13,KC,DEN,-13.0,0.9408611042814867
2014_13_MIA_NYJ,2014,13,NYJ,MIA,-3.0,-6.126310726579098
2014_14_DAL_CHI,2014,14,CHI,DAL,-13.0,-0.031061350127852237
2014_14_PIT_CIN,2014,14,CIN,PIT,-21.0,3.4581870959064243
2014_14_IND_CLE,2014,14,CLE,IND,-1.0,-4.048318767736483
2014_14_TB_DET,2014,14,DET,TB,17.0,9.667243854543077
2014_14_HOU_JAX,2014,14,JAX,HOU,-14.0,-5.269345433046626
2014_14_BAL_MIA,2014,14,MIA,BAL,-15.0,3.105973583346817
2014_14_NYJ_MIN,2014,14,MIN,NYJ,6.0,7.859443403759474
2014_14_CAR_NO,2014,14,NO,CAR,-31.0,6.924469269317344
2014_14_NYG_TEN,2014,14,TEN,NYG,-29.0,-1.5150751121341222
2014_14_STL_WAS,2014,14,WAS,STL,-24.0,-2.8458577414568116
2014_14_KC_ARI,2014,14,ARI,KC,3.0,3.23064116739278
2014_14_BUF_DEN,2014,14,DEN,BUF,7.0,9.94885043519601
2014_14_SF_OAK,2014,14,OAK,SF,11.0,-5.778498706234309
2014_14_SEA_PHI,2014,14,PHI,SEA,-10.0,0.9368130807776152
2014_14_NE_SD,2014,14,SD,NE,-9.0,-3.452914029184159
2014_14_ATL_GB,2014,14,GB,ATL,6.0,9.141919187060914
2014_15_ARI_STL,2014,15,STL,ARI,-6.0,-1.0101452306356147
2014_15_PIT_ATL,2014,15,ATL,PIT,-7.0,1.4076982202969381
2014_15_JAX_BAL,2014,15,BAL,JAX,8.0,11.093488377925457
2014_15_GB_BUF,2014,15,BUF,GB,8.0,-3.6710254671013383
2014_15_TB_CAR,2014,15,CAR,TB,2.0,8.46177413176241
2014_15_CIN_CLE,2014,15,CLE,CIN,-30.0,-3.1197449385283096
2014_15_HOU_IND,2014,15,IND,HOU,7.0,6.93218557779175
2014_15_OAK_KC,2014,15,KC,OAK,18.0,10.77065378694615
2014_15_MIA_NE,2014,15,NE,MIA,28.0,6.458178979553956
2014_15_WAS_NYG,2014,15,NYG,WAS,11.0,8.051756136588079
2014_15_DEN_SD,2014,15,SD,DEN,-12.0,-2.5932141794309516
2014_15_NYJ_TEN,2014,15,TEN,NYJ,-5.0,0.589720016408946
2014_15_MIN_DET,2014,15,DET,MIN,2.0,6.12445374358572
2014_15_SF_SEA,2014,15,SEA,SF,10.0,9.01043184109578
2014_15_DAL_PHI,2014,15,PHI,DAL,-11.0,3.2662005032155577
2014_15_NO_CHI,2014,15,CHI,NO,-16.0,-0.06628030929108303
2014_16_TEN_JAX,2014,16,JAX,TEN,8.0,0.6032769737099064
2014_16_PHI_WAS,2014,16,WAS,PHI,3.0,-3.6731395517338505
2014_16_SD_SF,2014,16,SF,SD,-3.0,2.600197455746699
2014_16_CLE_CAR,2014,16,CAR,CLE,4.0,5.356726156142264
2014_16_DET_CHI,2014,16,CHI,DET,-6.0,-3.3539337784780066
2014_16_BAL_HOU,2014,16,HOU,BAL,12.0,-1.351990215263618
2014_16_MIN_MIA,2014,16,MIA,MIN,2.0,3.3790698644418633
2014_16_ATL_NO,2014,16,NO,ATL,-16.0,3.7551811148429777
2014_16_NE_NYJ,2014,16,NYJ,NE,-1.0,-4.479478514820822
2014_16_KC_PIT,2014,16,PIT,KC,8.0,5.222818431251968
2014_16_GB_TB,2014,16,TB,GB,-17.0,-3.8197990272419218
2014_16_NYG_STL,2014,16,STL,NYG,-10.0,3.4715670726067485
2014_16_IND_DAL,2014,16,DAL,IND,35.0,2.352294953295022
2014_16_BUF_OAK,2014,16,OAK,BUF,2.0,-4.226637727362128
2014_16_SEA_ARI,2014,16,ARI,SEA,-29.0,-1.4642631736400056
2014_16_DEN_CIN,2014,16,CIN,DEN,9.0,-0.28486215250110125
2014_17_CLE_BAL,2014,17,BAL,CLE,10.0,10.182259487968373
2014_17_JAX_HOU,2014,17,HOU,JAX,6.0,10.22015375402975
2014_17_SD_KC,2014,17,KC,SD,12.0,1.9362005623554508
2014_17_NYJ_MIA,2014,17,MIA,NYJ,-13.0,8.190450971074574
2014_17_CHI_MIN,2014,17,MIN,CHI,4.0,4.342435012037478
2014_17_BUF_NE,2014,17,NE,BUF,-8.0,10.630939114590195
2014_17_PHI_NYG,2014,17,NYG,PHI,-8.0,-0.09818251742476901
2014_17_NO_TB,2014,17,TB,NO,-3.0,-3.93123779193865
2014_17_IND_TEN,2014,17,TEN,IND,-17.0,-2.801287813029773
2014_17_DAL_WAS,2014,17,WAS,DAL,-27.0,-4.299817161366093
2014_17_CAR_ATL,2014,17,ATL,CAR,-31.0,3.421022899215408
2014_17_OAK_DEN,2014,17,DEN,OAK,33.0,12.084181294094705
2014_17_DET_GB,2014,17,GB,DET,10.0,6.85967449198243
2014_17_STL_SEA,2014,17,SEA,STL,14.0,11.83245711435491
2014_17_ARI_SF,2014,17,SF,ARI,3.0,0.5120379506896671
2014_17_CIN_PIT,2014,17,PIT,CIN,10.0,5.466343064456203
2015_01_PIT_NE,2015,1,NE,PIT,7.0,4.344037784409356
2015_01_IND_BUF,2015,1,BUF,IND,13.0,1.73443081708333
2015_01_GB_CHI,2015,1,CHI,GB,-8.0,-5.075087012022711
2015_01_KC_HOU,2015,1,HOU,KC,-7.0,1.0993353415844156
2015_01_CAR_JAX,2015,1,JAX,CAR,-11.0,-4.812391816327044
2015_01_CLE_NYJ,2015,1,NYJ,CLE,21.0,4.390795745636509
2015_01_SEA_STL,2015,1,STL,SEA,3.0,-4.225801360558224
2015_01_MIA_WAS,2015,1,WAS,MIA,-7.0,-2.4414836614232454
2015_01_NO_ARI,2015,1,ARI,NO,12.0,2.794090852926223
2015_01_DET_SD,2015,1,SD,DET,5.0,1.6539890031634439
2015_01_BAL_DEN,2015,1,DEN,BAL,6.0,5.431052427089124
2015_01_CIN_OAK,2015,1,OAK,CIN,-20.0,-4.664253317313416
2015_01_TEN_TB,2015,1,TB,TEN,-28.0,2.713562674029743
2015_01_NYG_DAL,2015,1,DAL,NYG,1.0,8.661443391225918
2015_01_PHI_ATL,2015,1,ATL,PHI,2.0,1.7303371849137703
2015_01_MIN_SF,2015,1,SF,MIN,17.0,2.534477738554717
2015_02_DEN_KC,2015,2,KC,DEN,-7.0,1.7443230496348439
2015_02_NE_BUF,2015,2,BUF,NE,-8.0,-5.295639365569825
2015_02_HOU_CAR,2015,2,CAR,HOU,7.0,1.9643093047642084
2015_02_ARI_CHI,2015,2,CHI,ARI,-25.0,-2.0010836233740736
2015_02_SD_CIN,2015,2,CIN,SD,5.0,6.463766921927783
2015_02_TEN_CLE,2015,2,CLE,TEN,14.0,2.773387477072609
2015_02_DET_MIN,2015,2,MIN,DET,10.0,-2.6235794746837606
2015_02_TB_NO,2015,2,NO,TB,-7.0,7.4772376254573345
2015_02_ATL_NYG,2015,2,NYG,ATL,-4.0,3.548430827772415
2015_02_SF_PIT,2015,2,PIT,SF,25.0,3.146991546348198
2015_02_STL_WAS,2015,2,WAS,STL,14.0,-1.651410578492836
2015_02_MIA_JAX,2015,2,JAX,MIA,3.0,-5.61610699524446
2015_02_BAL_OAK,2015,2,OAK,BAL,4.0,-4.551785394857921
2015_02_DAL_PHI,2015,2,PHI,DAL,-10.0,-0.53858912495901
2015_02_SEA_GB,2015,2,GB,SEA,10.0,3.584770784817882
2015_02_NYJ_IND,2015,2,IND,NYJ,-13.0,2.3603374205549508
2015_03_WAS_NYG,2015,3,NYG,WAS,11.0,4.656646926257518
2015_03_CIN_BAL,2015,3,BAL,CIN,-4.0,-1.7439753360116115
2015_03_NO_CAR,2015,3,CAR,NO,5.0,8.864546607128824
2015_03_OAK_CLE,2015,3,CLE,OAK,-7.0,3.4374540257931074
2015_03_ATL_DAL,2015,3,DAL,ATL,-11.0,6.48915045758693
2015_03_TB_HOU,2015,3,HOU,TB,10.0,7.777868670810033
2015_03_SD_MIN,2015,3,MIN,SD,17.0,1.7413141821980755
2015_03_JAX_NE,2015,3,NE,JAX,34.0,10.343141208598785
2015_03_PHI_NYJ,2015,3,NYJ,PHI,-7.0,4.0728405794661064
2015_03_PIT_STL,2015,3,STL,PIT,-6.0,-9.197087823772655
2015_03_IND_TEN,2015,3,TEN,IND,-2.0,1.3198248568701396
2015_03_SF_ARI,2015,3,ARI,SF,40.0,5.000559353310485
2015_03_BUF_MIA,2015,3,MIA,BUF,-27.0,-0.31493948433510455
2015_03_CHI_SEA,2015,3,SEA,CHI,26.0,9.644857540572763
2015_03_DEN_DET,2015,3,DET,DEN,-12.0,-2.3224811957283555
2015_03_KC_GB,2015,3,GB,KC,10.0,8.733421800750317
2015_04_BAL_PIT,2015,4,PIT,BAL,-3.0,8.950270224623717
2015_04_NYJ_MIA,2015,4,MIA,NYJ,-13.0,2.0684252603179343
2015_04_HOU_ATL,2015,4,ATL,HOU,27.0,4.287654050790558
2015_04_NYG_BUF,2015,4,BUF,NYG,-14.0,9.308932788894019
2015_04_OAK_CHI,2015,4,CHI,OAK,2.0,0.7201368655029958
2015_04_KC_CIN,2015,4,CIN,KC,15.0,6.752532339425336
2015_04_JAX_IND,2015,4,IND,JAX,3.0,7.909655431788452
2015_04_CAR_TB,2015,4,TB,CAR,-14.0,-5.56630958891313
2015_04_PHI_WAS,2015,4,WAS,PHI,3.0,-2.7442838793115167
2015_04_CLE_SD,2015,4,SD,CLE,3.0,8.314345958944767
2015_04_STL_ARI,2015,4,ARI,STL,-2.0,10.388172920324319
2015_04_MIN_DEN,2015,4,DEN,MIN,3.0,8.999380525325822
2015_04_GB_SF,2015,4,SF,GB,-14.0,-3.7539184339352194
2015_04_DAL_NO,2015,4,NO,DAL,6.0,-4.16672282398507
2015_04_DET_SEA,2015,4,SEA,DET,3.0,7.15102834429501
2015_05_IND_HOU,2015,5,HOU,IND,-7.0,-0.7613543771682152
2015_05_WAS_ATL,2015,5,ATL,WAS,6.0,10.371081034145591
2015_05_CLE_BAL,2015,5,BAL,CLE,-3.0,8.827895650998938
2015_05_SEA_CIN,2015,5,CIN,SEA,3.0,3.426521637289126
2015_05_STL_GB,2015,5,GB,STL,14.0,10.688755911367975
2015_05_CHI_KC,2015,5,KC,CHI,-1.0,7.005020026833522
2015_05_NO_PHI,2015,5,PHI,NO,22.0,3.1591187942271155
2015_05_JAX_TB,2015,5,TB,JAX,7.0,2.0538561205300363
2015_05_BUF_TEN,2015,5,TEN,BUF,-1.0,1.3023099978712462
2015_05_ARI_DET,2015,5,DET,ARI,-25.0,0.14214611669535598
2015_05_NE_DAL,2015,5,DAL,NE,-24.0,-5.889273025645364
2015_05_DEN_OAK,2015,5,OAK,DEN,-6.0,-3.4374879065952375
2015_05_SF_NYG,2015,5,NYG,SF,3.0,3.4453827627652975
2015_05_PIT_SD,2015,5,SD,PIT,-4.0,-4.2389015195630115
2015_06_ATL_NO,2015,6,NO,ATL,10.0,-1.7256485353813587
2015_06_CIN_BUF,2015,6,BUF,CIN,-13.0,0.3234478804562837
2015_06_DEN_CLE,2015,6,CLE,DEN,-3.0,-1.5042645462841233
2015_06_CHI_DET,2015,6,DET,CHI,3.0,3.1069286365341426
2015_06_HOU_JAX,2015,6,JAX,HOU,-11.0,-0.4778062629124957
2015_06_KC_MIN,2015,6,MIN,KC,6.0,1.9836343683847575
2015_06_WAS_NYJ,2015,6,NYJ,WAS,14.0,9.307048100963486
2015_06_ARI_PIT,2015,6,PIT,ARI,12.0,1.4357172354043168
2015_06_MIA_TEN,2015,6,TEN,MIA,-28.0,-0.18710296453161057
2015_06_CAR_SEA,2015,6,SEA,CAR,-4.0,3.624458537129618
2015_06_SD_GB,2015,6,GB,SD,7.0,11.529545806161696
2015_06_BAL_SF,2015,6,SF,BAL,5.0,0.35154814466618683
2015_06_NE_IND,2015,6,IND,NE,-7.0,-4.282433097986545
2015_06_NYG_PHI,2015,6,PHI,NYG,20.0,2.4372617086732693
2015_07_SEA_SF,2015,7,SF,SEA,-17.0,-1.94866896213754
2015_07_BUF_JAX,2015,7,JAX,BUF,3.0,-3.474395974338112
2015_07_MIN_DET,2015,7,DET,MIN,-9.0,2.265913296863237
2015_07_NO_IND,2015,7,IND,NO,-6.0,3.11875483783716
2015_07_PIT_KC,2015,7,KC,PIT,10.0,-4.452450708632566
2015_07_HOU_MIA,2015,7,MIA,HOU,18.0,1.2866727651596421
2015_07_NYJ_NE,2015,7,NE,NYJ,7.0,11.52469470174449
2015_07_CLE_STL,2015,7,STL,CLE,18.0,3.894314957978849
2015_07_ATL_TEN,2015,7,TEN,ATL,-3.0,-2.282965508178017
2015_07_TB_WAS,2015,7,WAS,TB,1.0,3.324640172744011
2015_07_OAK_SD,2015,7,SD,OAK,-8.0,5.51933821207664
2015_07_DAL_NYG,2015,7,NYG,DAL,7.0,1.0284599847679108
2015_07_PHI_CAR,2015,7,CAR,PHI,11.0,5.2724783264711785
2015_07_BAL_ARI,2015,7,ARI,BAL,8.0,1.8526102123387231
2015_08_MIA_NE,2015,8,NE,MIA,29.0,7.364060318776274
2015_08_DET_KC,2015,8,KC,DET,35.0,4.705068854728319
2015_08_TB_ATL,2015,8,ATL,TB,-3.0,8.557715600586572
2015_08_SD_BAL,2015,8,BAL,SD,3.0,4.050143865573358
2015_08_MIN_CHI,2015,8,CHI,MIN,-3.0,-2.540154151293218
2015_08_ARI_CLE,2015,8,CLE,ARI,-14.0,-3.4344686951176833
2015_08_TEN_HOU,2015,8,HOU,TEN,14.0,6.27584765679372
2015_08_NYG_NO,2015,8,NO,NYG,3.0,1.8818833258436174
2015_08_CIN_PIT,2015,8,PIT,CIN,-6.0,-2.557711048652198
2015_08_SF_STL,2015,8,STL,SF,21.0,2.344991331479431
2015_08_NYJ_OAK,2015,8,OAK,NYJ,14.0,-2.477890284936773
2015_08_SEA_DAL,2015,8,DAL,SEA,-1.0,-1.3947733326140355
2015_08_GB_DEN,2015,8,DEN,GB,19.0,2.0554483942563926
2015_08_IND_CAR,2015,8,CAR,IND,3.0,8.022928686311172
2015_09_CLE_CIN,2015,9,CIN,CLE,21.0,12.186231856315334
2015_09_MIA_BUF,2015,9,BUF,MIA,16.0,3.671027970777866
2015_09_GB_CAR,2015,9,CAR,GB,8.0,3.1940956599486383
2015_09_STL_MIN,2015,9,MIN,STL,3.0,3.922530706851614
2015_09_WAS_NE,2015,9,NE,WAS,17.0,13.45494974143199
2015_09_TEN_NO,2015,9,NO,TEN,-6.0,7.6266733284846895
2015_09_JAX_NYJ,2015,9,NYJ,JAX,5.0,6.284024328603324
2015_09_OAK_PIT,2015,9,PIT,OAK,3.0,9.725730315720831
2015_09_ATL_SF,2015,9,SF,ATL,1.0,-2.6784436497984534
2015_09_NYG_TB,2015,9,TB,NYG,-14.0,-4.068935688405636
2015_09_DEN_IND,2015,9,IND,DEN,3.0,-2.11392966874676
2015_09_PHI_DAL,2015,9,DAL,PHI,-6.0,0.5522527002854922
2015_09_CHI_SD,2015,9,SD,CHI,-3.0,2.1972669307131767
2015_10_BUF_NYJ,2015,10,NYJ,BUF,-5.0,4.2986733278169496
2015_10_JAX_BAL,2015,10,BAL,JAX,-2.0,9.196830621430827
2015_10_DET_GB,2015,10,GB,DET,-2.0,10.299265141523575
2015_10_MIA_PHI,2015,10,PHI,MIA,-1.0,6.058682213182606
2015_10_CLE_PIT,2015,10,PIT,CLE,21.0,11.354920013093391
2015_10_CHI_STL,2015,10,STL,CHI,-24.0,6.056500199047581
2015_10_DAL_TB,2015,10,TB,DAL,4.0,-1.3558450141364637
2015_10_CAR_TEN,2015,10,TEN,CAR,-17.0,-3.986613931722802
2015_10_NO_WAS,2015,10,WAS,NO,33.0,-1.8778183706765461
2015_10_MIN_OAK,2015,10,OAK,MIN,-16.0,-1.697674870881523
2015_10_KC_DEN,2015,10,DEN,KC,-16.0,3.5464296644683277
2015_10_NE_NYG,2015,10,NYG,NE,-1.0,-5.816634266075489
2015_10_ARI_SEA,2015,10,SEA,ARI,-7.0,2.2915596127899054
2015_10_HOU_CIN,2015,10,CIN,HOU,-4.0,12.999028773131986
2015_11_TEN_JAX,2015,11,JAX,TEN,6.0,2.846312691875696
2015_11_IND_ATL,2015,11,ATL,IND,-3.0,2.3944067919320937
2015_11_STL_BAL,2015,11,BAL,STL,3.0,5.761721806434696
2015_11_WAS_CAR,2015,11,CAR,WAS,28.0,11.702843013554554
2015_11_DEN_CHI,2015,11,CHI,DEN,-2.0,-1.9579907309259506
2015_11_OAK_DET,2015,11,DET,OAK,5.0,1.4730431727079452
2015_11_NYJ_HOU,2015,11,HOU,NYJ,7.0,2.9222020839358267
2015_11_DAL_MIA,2015,11,MIA,DAL,-10.0,1.6996637326231587
2015_11_TB_PHI,2015,11,PHI,TB,-28.0,4.886674090678742
2015_11_KC_SD,2015,11,SD,KC,-30.0,-3.699651197926047
2015_11_GB_MIN,2015,11,MIN,GB,-17.0,2.435712746420517
2015_11_SF_SEA,2015,11,SEA,SF,16.0,9.800049009396243
2015_11_CIN_ARI,2015,11,ARI,CIN,3.0,3.360212564847861
2015_11_BUF_NE,2015,11,NE,BUF,7.0,6.741529639844767
2015_12_PHI_DET,2015,12,DET,PHI,31.0,1.090227123646145
2015_12_CAR_DAL,2015,12,DAL,CAR,-19.0,-1.6001405161520803
2015_12_CHI_GB,2015,12,GB,CHI,-4.0,12.172563312316733
2015_12_MIN_ATL,2015,12,ATL,MIN,-10.0,3.0911227999099307
2015_12_STL_CIN,2015,12,CIN,STL,24.0,11.792455508531857
2015_12_NO_HOU,2015,12,HOU,NO,18.0,4.297231727953985
2015_12_TB_IND,2015,12,IND,TB,13.0,7.093145380766598
2015_12_SD_JAX,2015,12,JAX,SD,-6.0,1.1533882625872125
2015_12_BUF_KC,2015,12,KC,BUF,8.0,7.080173582325813
2015_12_MIA_NYJ,2015,12,NYJ,MIA,18.0,3.3878644481745877
2015_12_OAK_TEN,2015,12,TEN,OAK,-3.0,1.014520143213021
2015_12_NYG_WAS,2015,12,WAS,NYG,6.0,-3.939542500627173
2015_12_ARI_SF,2015,12,SF,ARI,-6.0,-5.443704474810034
2015_12_PIT_SEA,2015,12,SEA,PIT,9.0,4.258898108415388
2015_12_NE_DEN,2015,12,DEN,NE,6.0,-0.2431084524334896
2015_12_BAL_CLE,2015,12,CLE,BAL,-6.0,-3.4381903879291897
2015_13_GB_DET,2015,13,DET,GB,-4.0,-4.068613565290336
2015_13_HOU_BUF,2015,13,BUF,HOU,9.0,2.815471430262341
2015_13_SF_CHI,2015,13,CHI,SF,-6.0,2.607754568850734
2015_13_CIN_CLE,2015,13,CLE,CIN,-34.0,-4.8746395544294465
2015_13_BAL_MIA,2015,13,MIA,BAL,2.0,-2.4848157403450855
2015_13_SEA_MIN,2015,13,MIN,SEA,-31.0,1.2672223793919954
2015_13_NYJ_NYG,2015,13,NYG,NYJ,-3.0,3.867781986444277
2015_13_ARI_STL,2015,13,STL,ARI,-24.0,-5.174707017209583
2015_13_ATL_TB,2015,13,TB,ATL,4.0,0.3521006756057033
2015_13_JAX_TEN,2015,13,TEN,JAX,3.0,2.0754171182058694
2015_13_KC_OAK,2015,13,OAK,KC,-14.0,-3.424458233105188
2015_13_DEN_SD,2015,13,SD,DEN,-14.0,-4.321541491959707
2015_13_PHI_NE,2015,13,NE,PHI,-7.0,10.945216082656192
2015_13_CAR_NO,2015,13,NO,CAR,-3.0,-2.9667866013468087
2015_13_IND_PIT,2015,13,PIT,IND,35.0,4.502289166053583
2015_13_DAL_WAS,2015,13,WAS,DAL,-3.0,0.8258149629574866
2015_14_MIN_ARI,2015,14,ARI,MIN,3.0,8.974590764825324
2015_14_SEA_BAL,2015,14,BAL,SEA,-29.0,-2.598478233825687
2015_14_ATL_CAR,2015,14,CAR,ATL,38.0,10.847127310080232
2015_14_WAS_CHI,2015,14,CHI,WAS,-3.0,4.129626769032541
2015_14_PIT_CIN,2015,14,CIN,PIT,-13.0,4.3544062644300965
2015_14_SF_CLE,2015,14,CLE,SF,14.0,-2.093476344219521
2015_14_IND_JAX,2015,14,JAX,IND,35.0,-3.2633446482307553
2015_14_SD_KC,2015,14,KC,SD,7.0,11.921948708540272
2015_14_TEN_NYJ,2015,14,NYJ,TEN,22.0,9.920236961418455
2015_14_BUF_PHI,2015,14,PHI,BUF,3.0,1.6414856893881313
2015_14_DET_STL,2015,14,STL,DET,7.0,-3.049434609757598
2015_14_NO_TB,2015,14,TB,NO,-7.0,4.71194971598732
2015_14_OAK_DEN,2015,14,DEN,OAK,-3.0,11.943062577811304
2015_14_DAL_GB,2015,14,GB,DAL,21.0,10.216001897991925
2015_14_NE_HOU,2015,14,HOU,NE,-21.0,-1.6735071256334682
2015_14_NYG_MIA,2015,14,MIA,NYG,-7.0,-3.005339649787567
2015_15_TB_STL,2015,15,STL,TB,8.0,2.566277623229123
2015_15_NYJ_DAL,2015,15,DAL,NYJ,-3.0,0.23083118376426726
2015_15_KC_BAL,2015,15,BAL,KC,-20.0,-4.6522153016192025
2015_15_HOU_IND,2015,15,IND,HOU,-6.0,1.6542571161860122
2015_15_ATL_JAX,2015,15,JAX,ATL,-6.0,0.23213162346878388
2015_15_CHI_MIN,2015,15,MIN,CHI,21.0,6.918091396745731
2015_15_TEN_NE,2015,15,NE,TEN,17.0,13.111337472241333
2015_15_CAR_NYG,2015,15,NYG,CAR,-3.0,-0.8838759509215066
2015_15_BUF_WAS,2015,15,WAS,BUF,10.0,0.6196741902513754
2015_15_GB_OAK,2015,15,OAK,GB,-10.0,-3.2043179139876075
2015_15_CLE_SEA,2015,15,SEA,CLE,17.0,13.181894137793417
2015_15_DEN_PIT,2015,15,PIT,DEN,7.0,5.4611130808369115
2015_15_MIA_SD,2015,15,SD,MIA,16.0,1.4064018262007938
2015_15_CIN_SF,2015,15,SF,CIN,-10.0,-6.995027905912455
2015_15_ARI_PHI,2015,15,PHI,ARI,-23.0,-2.281617101082976
2015_15_DET_NO,2015,15,NO,DET,-8.0,2.4016960665874456
2015_16_SD_OAK,2015,16,OAK,SD,3.0,3.1440664837767103
2015_16_WAS_PHI,2015,16,PHI,WAS,-14.0,3.843783972464499
2015_16_CAR_ATL,2015,16,ATL,CAR,7.0,-1.4440448596260183
2015_16_PIT_BAL,2015,16,BAL,PIT,3.0,-6.618597880448691
2015_16_DAL_BUF,2015,16,BUF,DAL,10.0,3.5826630699694877
2015_16_SF_DET,2015,16,DET,SF,15.0,4.778629911629652
2015_16_CLE_KC,2015,16,KC,CLE,4.0,12.058479323673131
2015_16_IND_MIA,2015,16,MIA,IND,-6.0,-2.1024767673056886
2015_16_NE_NYJ,2015,16,NYJ,NE,6.0,0.6310900351789155
2015_16_CHI_TB,2015,16,TB,CHI,-5.0,2.7640210642214114
2015_16_HOU_TEN,2015,16,TEN,HOU,-28.0,-4.469350911052136
2015_16_JAX_NO,2015,16,NO,JAX,11.0,4.2313422430980125
2015_16_GB_ARI,2015,16,ARI,GB,30.0,5.722537164446324
2015_16_STL_SEA,2015,16,SEA,STL,-6.0,12.595722168715412
2015_16_NYG_MIN,2015,16,MIN,NYG,32.0,2.945417375780406
2015_16_CIN_DEN,2015,16,DEN,CIN,3.0,2.89973762430082
2015_17_NO_ATL,2015,17,ATL,NO,-3.0,4.002872149494461
2015_17_NYJ_BUF,2015,17,BUF,NYJ,5.0,3.401505958411888
2015_17_DET_CHI,2015,17,CHI,DET,-4.0,0.4404692954040151
2015_17_BAL_CIN,2015,17,CIN,BAL,8.0,9.11570036161083
2015_17_PIT_CLE,2015,17,CLE,PIT,-16.0,-4.056758722178897
2015_17_WAS_DAL,2015,17,DAL,WAS,-11.0,-0.4058269904042732
2015_17_JAX_HOU,2015,17,HOU,JAX,24.0,7.431086780230913
2015_17_TEN_IND,2015,17,IND,TEN,6.0,6.868569139538204
2015_17_NE_MIA,2015,17,MIA,NE,10.0,-4.778776788083072
2015_17_PHI_NYG,2015,17,NYG,PHI,-5.0,3.7665163860818116
2015_17_SEA_ARI,2015,17,ARI,SEA,-30.0,5.14358256199274
2015_17_TB_CAR,2015,17,CAR,TB,28.0,5.598200408517168
2015_17_SD_DEN,2015,17,DEN,SD,7.0,10.725379037979936
2015_17_OAK_KC,2015,17,KC,OAK,6.0,12.546321069477886
2015_17_STL_SF,2015,17,SF,STL,3.0,-0.8959444029768397
2015_17_MIN_GB,2015,17,GB,MIN,-7.0,3.852286336038487
2016_01_CAR_DEN,2016,1,DEN,CAR,1.0,1.1425056343355087
2016_01_TB_ATL,2016,1,ATL,TB,-7.0,5.152914548931864
2016_01_BUF_BAL,2016,1,BAL,BUF,6.0,0.9825641167851548
2016_01_CHI_HOU,2016,1,HOU,CHI,9.0,4.710611571878857
2016_01_GB_JAX,2016,1,JAX,GB,-4.0,-3.4575460580523143
2016_01_SD_KC,2016,1,KC,SD,6.0,10.426981150232038
2016_01_OAK_NO,2016,1,NO,OAK,-1.0,4.3463552553987155
2016_01_CIN_NYJ,2016,1,NYJ,CIN,-1.0,1.479043519538554
2016_01_CLE_PHI,2016,1,PHI,CLE,19.0,6.290959825283286
2016_01_MIN_TEN,2016,1,TEN,MIN,-9.0,-4.288422666660154
2016_01_MIA_SEA,2016,1,SEA,MIA,2.0,10.211852640659195
2016_01_NYG_DAL,2016,1,DAL,NYG,-1.0,1.5194050803791312
2016_01_DET_IND,2016,1,IND,DET,-4.0,1.166376843392315
2016_01_NE_ARI,2016,1,ARI,NE,-2.0,5.147010329277491
2016_01_PIT_WAS,2016,1,WAS,PIT,-22.0,1.8394244572417808
2016_01_LA_SF,2016,1,SF,LA,28.0,-1.1582869935815125
2016_02_NYJ_BUF,2016,2,BUF,NYJ,-6.0,1.5953817430946293
2016_02_TB_ARI,2016,2,ARI,TB,33.0,6.104015744615303
2016_02_SF_CAR,2016,2,CAR,SF,19.0,9.831859332327268
2016_02_BAL_CLE,2016,2,CLE,BAL,-5.0,-3.1341631193750277
2016_02_TEN_DET,2016,2,DET,TEN,-1.0,8.663377461961964
2016_02_KC_HOU,2016,2,HOU,KC,7.0,-2.692510225589087
2016_02_MIA_NE,2016,2,NE,MIA,7.0,11.340125278371456
2016_02_NO_NYG,2016,2,NYG,NO,3.0,4.778066812468104
2016_02_CIN_PIT,2016,2,PIT,CIN,8.0,3.270849446106744
2016_02_DAL_WAS,2016,2,WAS,DAL,-4.0,2.5681988548617296
2016_02_SEA_LA,2016,2,LA,SEA,6.0,-5.9743104959078055
2016_02_IND_DEN,2016,2,DEN,IND,14.0,7.5367439870544715
2016_02_ATL_OAK,2016,2,OAK,ATL,-7.0,4.440821305361174
2016_02_JAX_SD,2016,2,SD,JAX,24.0,3.0867635738435726
2016_02_GB_MIN,2016,2,MIN,GB,3.0,3.129460462443999
2016_02_PHI_CHI,2016,2,CHI,PHI,-15.0,-3.623658266408909
2016_03_HOU_NE,2016,3,NE,HOU,27.0,5.264061463802501
2016_03_ARI_BUF,2016,3,BUF,ARI,15.0,-6.312484148918863
2016_03_MIN_CAR,2016,3,CAR,MIN,-12.0,5.545770732051682
2016_03_DEN_CIN,2016,3,CIN,DEN,-12.0,-1.6668383484998082
2016_03_DET_GB,2016,3,GB,DET,7.0,2.2783376672885134
2016_03_BAL_JAX,2016,3,JAX,BAL,-2.0,-5.349712191333715
2016_03_CLE_MIA,2016,3,MIA,CLE,6.0,3.9186703230049593
2016_03_WAS_NYG,2016,3,NYG,WAS,-2.0,3.2838666380357053
2016_03_OAK_TEN,2016,3,TEN,OAK,-7.0,0.42371591136787373
2016_03_SF_SEA,2016,3,SEA,SF,19.0,10.871867590655635
2016_03_LA_TB,2016,3,TB,LA,-5.0,0.13213257901053077
2016_03_SD_IND,2016,3,IND,SD,4.0,5.083490396925312
2016_03_NYJ_KC,2016,3,KC,NYJ,21.0,3.3796464986152777
2016_03_PIT_PHI,2016,3,PHI,PIT,31.0,-0.8006582661501045
2016_03_CHI_DAL,2016,3,DAL,CHI,14.0,3.7556902024652685
2016_03_ATL_NO,2016,3,NO,ATL,-13.0,1.3095464162725576
2016_04_MIA_CIN,2016,4,CIN,MIA,15.0,5.720628601823595
2016_04_IND_JAX,2016,4,JAX,IND,3.0,-2.7936051897303535
2016_04_CAR_ATL,2016,4,ATL,CAR,15.0,2.04451564890167
2016_04_OAK_BAL,2016,4,BAL,OAK,-1.0,4.858619703611561
2016_04_DET_CHI,2016,4,CHI,DET,3.0,-2.7807781461998275
2016_04_TEN_HOU,2016,4,HOU,TEN,7.0,6.268506401541171
2016_04_BUF_NE,2016,4,NE,BUF,-16.0,8.060721910752422
2016_04_SEA_NYJ,2016,4,NYJ,SEA,-10.0,-0.7686020567333218
2016_04_CLE_WAS,2016,4,WAS,CLE,11.0,6.979885595141216
2016_04_DEN_TB,2016,4,TB,DEN,-20.0,-5.00275854970921
2016_04_LA_ARI,2016,4,ARI,LA,-4.0,4.804896021799697
2016_04_NO_SD,2016,4,SD,NO,-1.0,4.497650056485744
2016_04_DAL_SF,2016,4,SF,DAL,-7.0,2.3259436991555322
2016_04_KC_PIT,2016,4,PIT,KC,29.0,3.0206784996993985
2016_04_NYG_MIN,2016,4,MIN,NYG,14.0,4.942662934659445
2016_05_ARI_SF,2016,5,SF,ARI,-12.0,-4.142512836985593
2016_05_WAS_BAL,2016,5,BAL,WAS,-6.0,2.289534406384389
2016_05_NE_CLE,2016,5,CLE,NE,-20.0,-5.190369389312808
2016_05_PHI_DET,2016,5,DET,PHI,1.0,0.14807160563622074
2016_05_CHI_IND,2016,5,IND,CHI,6.0,3.8071285391058525
2016_05_TEN_MIA,2016,5,MIA,TEN,-13.0,5.128091588128329
2016_05_HOU_MIN,2016,5,MIN,HOU,18.0,6.4252086350321065
2016_05_NYJ_PIT,2016,5,PIT,NYJ,18.0,9.345906265055866
2016_05_ATL_DEN,2016,5,DEN,ATL,-7.0,5.554537624360984
2016_05_CIN_DAL,2016,5,DAL,CIN,14.0,0.43313572406900425
2016_05_BUF_LA,2016,5,LA,BUF,-11.0,-0.5584327259119893
2016_05_SD_OAK,2016,5,OAK,SD,3.0,4.1847559388905
2016_05_NYG_GB,2016,5,GB,NYG,7.0,6.199014954987783
2016_05_TB_CAR,2016,5,CAR,TB,-3.0,7.324102807370904
2016_06_DEN_SD,2016,6,SD,DEN,8.0,-5.022524896765403
2016_06_SF_BUF,2016,6,BUF,SF,29.0,9.757978021112644
2016_06_JAX_CHI,2016,6,CHI,JAX,-1.0,3.2982019825308484
2016_06_LA_DET,2016,6,DET,LA,3.0,3.330939368701671
2016_06_PIT_MIA,2016,6,MIA,PIT,15.0,-4.5766474919121345
2016_06_CIN_NE,2016,6,NE,CIN,18.0,4.257734321614301
2016_06_CAR_NO,2016,6,NO,CAR,3.0,2.033144908192615
2016_06_BAL_NYG,2016,6,NYG,BAL,4.0,1.9278284373245242
2016_06_CLE_TEN,2016,6,TEN,CLE,2.0,3.1962043152157564
2016_06_PHI_WAS,2016,6,WAS,PHI,7.0,1.743732575546287
2016_06_KC_OAK,2016,6,OAK,KC,-16.0,-4.598998241422085
2016_06_DAL_GB,2016,6,GB,DAL,-14.0,4.201782717241877
2016_06_ATL_SEA,2016,6,SEA,ATL,2.0,3.2817549267425337
2016_06_IND_HOU,2016,6,HOU,IND,3.0,3.3522075950462447
2016_06_NYJ_ARI,2016,6,ARI,NYJ,25.0,4.32522947548206
2016_07_CHI_GB,2016,7,GB,CHI,16.0,7.177943118924669
2016_07_NYG_LA,2016,7,LA,NYG,-7.0,2.6015525802397446
2016_07_CLE_CIN,2016,7,CIN,CLE,14.0,10.268363893668795
2016_07_WAS_DET,2016,7,DET,WAS,3.0,1.6341358235875003
2016_07_OAK_JAX,2016,7,JAX,OAK,-17.0,0.7223489828916647
2016_07_NO_KC,2016,7,KC,NO,6.0,8.662030143715537
2016_07_BUF_MIA,2016,7,MIA,BUF,3.0,-4.785895727516326
2016_07_BAL_NYJ,2016,7,NYJ,BAL,8.0,2.3149644035854764
2016_07_MIN_PHI,2016,7,PHI,MIN,11.0,1.5217959656901525
2016_07_IND_TEN,2016,7,TEN,IND,-8.0,1.9614400771367
2016_07_SD_ATL,2016,7,ATL,SD,-3.0,8.720350403293727
2016_07_TB_SF,2016,7,SF,TB,-17.0,1.393388870376103
2016_07_NE_PIT,2016,7,PIT,NE,-11.0,3.8514959592358995
2016_07_SEA_ARI,2016,7,ARI,SEA,0.0,2.846304561487289
2016_07_HOU_DEN,2016,7,DEN,HOU,18.0,4.773335145034288
2016_08_JAX_TEN,2016,8,TEN,JAX,14.0,4.234488122147224
2016_08_WAS_CIN,2016,8,CIN,WAS,0.0,2.0428629712053814
2016_08_NE_BUF,2016,8,BUF,NE,-16.0,1.89732173922432
2016_08_ARI_CAR,2016,8,CAR,ARI,10.0,0.3816892889953333
2016_08_NYJ_CLE,2016,8,CLE,NYJ,-3.0,-3.3715230341250675
2016_08_DET_HOU,2016,8,HOU,DET,7.0,0.9283345890894146
2016_08_KC_IND,2016,8,IND,KC,-16.0,-1.3003324923994826
2016_08_SEA_NO,2016,8,NO,SEA,5.0,-2.471714671013337
2016_08_OAK_TB,2016,8,TB,OAK,-6.0,1.027524585670259
2016_08_SD_DEN,2016,8,DEN,SD,8.0,10.948665794910957
2016_08_GB_ATL,2016,8,ATL,GB,1.0,2.913077199621594
2016_08_PHI_DAL,2016,8,DAL,PHI,6.0,4.9607180344604345
2016_08_MIN_CHI,2016,8,CHI,MIN,10.0,-4.079772483854483
2016_09_ATL_TB,2016,9,TB,ATL,-15.0,-2.9771633223050884
2016_09_PIT_BAL,2016,9,BAL,PIT,7.0,-5.286422747947726
2016_09_DAL_CLE,2016,9,CLE,DAL,-25.0,-7.061244583506022
2016_09_JAX_KC,2016,9,KC,JAX,5.0,10.094217553982913
2016_09_NYJ_MIA,2016,9,MIA,NYJ,4.0,1.2506685213269766
2016_09_DET_MIN,2016,9,MIN,DET,-6.0,6.20201784748117
2016_09_PHI_NYG,2016,9,NYG,PHI,5.0,-1.066634722691964
2016_09_CAR_LA,2016,9,LA,CAR,-3.0,-2.114299186859152
2016_09_NO_SF,2016,9,SF,NO,-18.0,-1.8124692340355326
2016_09_IND_GB,2016,9,GB,IND,-5.0,5.175712625866243
2016_09_TEN_SD,2016,9,SD,TEN,8.0,4.12977308918021
2016_09_DEN_OAK,2016,9,OAK,DEN,10.0,-2.4539590746662996
2016_09_BUF_SEA,2016,9,SEA,BUF,6.0,5.346000497570132
2016_10_CLE_BAL,2016,10,BAL,CLE,21.0,8.981058221550922
2016_10_KC_CAR,2016,10,CAR,KC,-3.0,-0.45705734224642747
2016_10_HOU_JAX,2016,10,JAX,HOU,-3.0,-4.783308041863137
2016_10_DEN_NO,2016,10,NO,DEN,-2.0,1.6269771925947718
2016_10_LA_NYJ,2016,10,NYJ,LA,-3.0,1.5337238312164734
2016_10_ATL_PHI,2016,10,PHI,ATL,9.0,1.2644058220754197
2016_10_CHI_TB,2016,10,TB,CHI,26.0,3.0477279446244894
2016_10_GB_TEN,2016,10,TEN,GB,22.0,-1.0793734264679877
2016_10_MIN_WAS,2016,10,WAS,MIN,6.0,3.957766617318113
2016_10_MIA_SD,2016,10,SD,MIA,-7.0,3.048423642811943
2016_10_SF_ARI,2016,10,ARI,SF,3.0,10.46442934518638
2016_10_DAL_PIT,2016,10,PIT,DAL,-5.0,-0.09005635939203878
2016_10_SEA_NE,2016,10,NE,SEA,-7.0,4.409459271790903
2016_10_CIN_NYG,2016,10,NYG,CIN,1.0,-0.2836187208780885
2016_11_NO_CAR,2016,11,CAR,NO,3.0,3.312736208113586
2016_11_BUF_CIN,2016,11,CIN,BUF,-4.0,0.9814557157964442
2016_11_PIT_CLE,2016,11,CLE,PIT,-15.0,-6.360491067921796
2016_11_BAL_DAL,2016,11,DAL,BAL,10.0,10.185856096599965
2016_11_JAX_DET,2016,11,DET,JAX,7.0,8.61625989568141
2016_11_TEN_IND,2016,11,IND,TEN,7.0,5.475300048704285
2016_11_TB_KC,2016,11,KC,TB,-2.0,10.100435325604378
2016_11_ARI_MIN,2016,11,MIN,ARI,6.0,0.9313556459584679
2016_11_CHI_NYG,2016,11,NYG,CHI,6.0,8.662552370708669
2016_11_MIA_LA,2016,11,LA,MIA,-4.0,0.46162729567068894
2016_11_PHI_SEA,2016,11,SEA,PHI,11.0,7.276055301665623
2016_11_NE_SF,2016,11,SF,NE,-13.0,-5.642130882809369
2016_11_GB_WAS,2016,11,WAS,GB,18.0,4.254622897328372
2016_11_HOU_OAK,2016,11,OAK,HOU,7.0,2.1817691274260302
2016_12_MIN_DET,2016,12,DET,MIN,3.0,2.795776369890718
2016_12_WAS_DAL,2016,12,DAL,WAS,5.0,5.626511242015543
2016_12_PIT_IND,2016,12,IND,PIT,-21.0,2.7965946905354895
2016_12_ARI_ATL,2016,12,ATL,ARI,19.0,4.614642021540044
2016_12_CIN_BAL,2016,12,BAL,CIN,5.0,1.300270550291711
2016_12_JAX_BUF,2016,12,BUF,JAX,7.0,9.915807100588482
2016_12_TEN_CHI,2016,12,CHI,TEN,-6.0,0.4754257881718385
2016_12_NYG_CLE,2016,12,CLE,NYG,-14.0,-4.9869081568830325
2016_12_SD_HOU,2016,12,HOU,SD,-8.0,5.2131698947361755
2016_12_SF_MIA,2016,12,MIA,SF,7.0,10.934495117875178
2016_12_LA_NO,2016,12,NO,LA,28.0,5.053069402257323
2016_12_SEA_TB,2016,12,TB,SEA,9.0,-3.920501898376448
2016_12_NE_NYJ,2016,12,NYJ,NE,-5.0,-3.48012323278965
2016_12_CAR_OAK,2016,12,OAK,CAR,3.0,2.1426493791100443
2016_12_KC_DEN,2016,12,DEN,KC,-3.0,2.0937010837382726
2016_12_GB_PHI,2016,12,PHI,GB,-14.0,4.313850673212796
2016_13_DAL_MIN,2016,13,MIN,DAL,-2.0,-5.5202544223366505
2016_13_KC_ATL,2016,13,ATL,KC,-1.0,2.2105037072035154
2016_13_MIA_BAL,2016,13,BAL,MIA,32.0,1.1705673676979862
2016_13_SF_CHI,2016,13,CHI,SF,20.0,2.82133743073321
2016_13_PHI_CIN,2016,13,CIN,PHI,18.0,1.8154674314573225
2016_13_HOU_GB,2016,13,GB,HOU,8.0,4.501464980920568
2016_13_DEN_JAX,2016,13,JAX,DEN,-10.0,-4.21786591537209
2016_13_LA_NE,2016,13,NE,LA,16.0,13.938706654627675
2016_13_DET_NO,2016,13,NO,DET,-15.0,0.3137021738359653
2016_13_BUF_OAK,2016,13,OAK,BUF,14.0,1.6551934623949665
2016_13_WAS_ARI,2016,13,ARI,WAS,8.0,-0.018963471844542855
2016_13_NYG_PIT,2016,13,PIT,NYG,10.0,5.3091759172245805
2016_13_TB_SD,2016,13,SD,TB,-7.0,1.8050777334410941
2016_13_CAR_SEA,2016,13,SEA,CAR,33.0,10.188385274058328
2016_13_IND_NYJ,2016,13,NYJ,IND,-31.0,1.1893959901124806
2016_14_OAK_KC,2016,14,KC,OAK,8.0,6.7900917364725215
2016_14_PIT_BUF,2016,14,BUF,PIT,-7.0,3.3511275229058497
2016_14_SD_CAR,2016,14,CAR,SD,12.0,4.745143793731824
2016_14_CIN_CLE,2016,14,CLE,CIN,-13.0,-4.781401542237892
2016_14_CHI_DET,2016,14,DET,CHI,3.0,10.125766279827245
2016_14_HOU_IND,2016,14,IND,HOU,-5.0,3.546623888513354
2016_14_MIN_JAX,2016,14,JAX,MIN,-9.0,-4.534387097474918
2016_14_ARI_MIA,2016,14,MIA,ARI,3.0,-0.7485965285474793
2016_14_WAS_PHI,2016,14,PHI,WAS,-5.0,0.032489603120404505
2016_14_DEN_TEN,2016,14,TEN,DEN,3.0,-0.9829859511444746
2016_14_NYJ_SF,2016,14,SF,NYJ,-6.0,-2.2539087789544925
2016_14_SEA_GB,2016,14,GB,SEA,28.0,-1.129464275051861
2016_14_ATL_LA,2016,14,LA,ATL,-28.0,-5.859493752548883
2016_14_NO_TB,2016,14,TB,NO,5.0,1.1899433343463293
2016_14_DAL_NYG,2016,14,NYG,DAL,3.0,-7.1718912041929865
2016_14_BAL_NE,2016,14,NE,BAL,7.0,7.162685155189649
2016_15_LA_SEA,2016,15,SEA,LA,21.0,12.146903513889887
2016_15_MIA_NYJ,2016,15,NYJ,MIA,-21.0,-1.7011720837689355
2016_15_PHI_BAL,2016,15,BAL,PHI,1.0,2.527909945173937
2016_15_CLE_BUF,2016,15,BUF,CLE,20.0,11.426134510448101
2016_15_GB_CHI,2016,15,CHI,GB,-3.0,-6.016387323140684
2016_15_PIT_CIN,2016,15,CIN,PIT,-4.0,0.785574999784141
2016_15_JAX_HOU,2016,15,HOU,JAX,1.0,8.163100648767436
2016_15_TEN_KC,2016,15,KC,TEN,-2.0,11.057913529086361
2016_15_IND_MIN,2016,15,MIN,IND,-28.0,3.5815984546014974
2016_15_DET_NYG,2016,15,NYG,DET,11.0,0.5048576070706634
2016_15_NO_ARI,2016,15,ARI,NO,-7.0,3.103136770088951
2016_15_SF_ATL,2016,15,ATL,SF,28.0,11.520402736085716
2016_15_NE_DEN,2016,15,DEN,NE,-13.0,-0.4492375407929715
2016_15_OAK_SD,2016,15,SD,OAK,-3.0,-2.842666813628542
2016_15_TB_DAL,2016,15,DAL,TB,6.0,5.088642666647852
2016_15_CAR_WAS,2016,15,WAS,CAR,-11.0,5.59556836670633
2016_16_NYG_PHI,2016,16,PHI,NYG,5.0,0.7399888627405597
2016_16_MIA_BUF,2016,16,BUF,MIA,-3.0,4.5553198978552505
2016_16_ATL_CAR,2016,16,CAR,ATL,-17.0,0.8891331066680646
2016_16_WAS_CHI,2016,16,CHI,WAS,-20.0,-4.620621918286751
2016_16_SD_CLE,2016,16,CLE,SD,3.0,-1.9129067934939177
2016_16_MIN_GB,2016,16,GB,MIN,13.0,7.6559977824998455
2016_16_TEN_JAX,2016,16,JAX,TEN,21.0,-3.5289863936416466
2016_16_NYJ_NE,2016,16,NE,NYJ,38.0,11.30815435532976
2016_16_IND_OAK,2016,16,OAK,IND,8.0,5.236889873657732
2016_16_SF_LA,2016,16,LA,SF,-1.0,5.079745152912186
2016_16_TB_NO,2016,16,NO,TB,7.0,2.4129380836839145
2016_16_ARI_SEA,2016,16,SEA,ARI,-3.0,5.386708272465992
2016_16_CIN_HOU,2016,16,HOU,CIN,2.0,1.3855056148159597
2016_16_BAL_PIT,2016,16,PIT,BAL,4.0,8.223147268342787
2016_16_DEN_KC,2016,16,KC,DEN,23.0,8.058437079024054
2016_16_DET_DAL,2016,16,DAL,DET,21.0,6.16536790236694
2016_17_BAL_CIN,2016,17,CIN,BAL,17.0,2.224530882171488
2016_17_JAX_IND,2016,17,IND,JAX,4.0,9.532752101572198
2016_17_NE_MIA,2016,17,MIA,NE,-21.0,-1.4679197561585553
2016_17_CHI_MIN,2016,17,MIN,CHI,28.0,4.987912779426093
2016_17_BUF_NYJ,2016,17,NYJ,BUF,20.0,-4.015572527198806
2016_17_DAL_PHI,2016,17,PHI,DAL,14.0,-2.3669454163280457
2016_17_CLE_PIT,2016,17,PIT,CLE,3.0,12.3624443248401
2016_17_CAR_TB,2016,17,TB,CAR,1.0,1.782277162869866
2016_17_HOU_TEN,2016,17,TEN,HOU,7.0,0.3198030205924626
2016_17_NO_ATL,2016,17,ATL,NO,6.0,8.019093086282421
2016_17_OAK_DEN,2016,17,DEN,OAK,18.0,-1.4983449200472743
2016_17_ARI_LA,2016,17,LA,ARI,-38.0,-7.531308041457148
2016_17_KC_SD,2016,17,SD,KC,-10.0,-5.491460188193818
2016_17_SEA_SF,2016,17,SF,SEA,-2.0,-5.363990935881189
2016_17_NYG_WAS,2016,17,WAS,NYG,-9.0,4.28703450513118
2016_17_GB_DET,2016,17,DET,GB,-7.0,-0.022884648726304364
2017_01_KC_NE,2017,1,NE,KC,-15.0,5.056331006084463
2017_01_NYJ_BUF,2017,1,BUF,NYJ,9.0,4.358688448502929
2017_01_ATL_CHI,2017,1,CHI,ATL,-6.0,-5.901681015673174
2017_01_BAL_CIN,2017,1,CIN,BAL,-20.0,3.089897796145614
2017_01_PIT_CLE,2017,1,CLE,PIT,-3.0,-6.432387469466656
2017_01_ARI_DET,2017,1,DET,ARI,12.0,2.317306516034414
2017_01_JAX_HOU,2017,1,HOU,JAX,-22.0,6.507438228047368
2017_01_OAK_TEN,2017,1,TEN,OAK,-10.0,0.914284070318184
2017_01_PHI_WAS,2017,1,WAS,PHI,-13.0,3.9067103308074214
2017_01_IND_LA,2017,1,LA,IND,37.0,-1.8369200658517386
2017_01_SEA_GB,2017,1,GB,SEA,8.0,5.693568106390071
2017_01_CAR_SF,2017,1,SF,CAR,-20.0,-4.984104471828726
2017_01_NYG_DAL,2017,1,DAL,NYG,16.0,6.0501865112355695
2017_01_NO_MIN,2017,1,MIN,NO,10.0,1.8155921800662347
2017_01_LAC_DEN,2017,1,DEN,LAC,3.0,3.503681669341874
2017_02_HOU_CIN,2017,2,CIN,HOU,-4.0,3.4319678092007635
2017_02_CLE_BAL,2017,2,BAL,CLE,14.0,8.722252250311577
2017_02_BUF_CAR,2017,2,CAR,BUF,6.0,3.796381182996261
2017_02_ARI_IND,2017,2,IND,ARI,-3.0,1.4416400309164759
2017_02_TEN_JAX,2017,2,JAX,TEN,-21.0,4.104912818589175
2017_02_PHI_KC,2017,2,KC,PHI,7.0,7.455512672694371
2017_02_NE_NO,2017,2,NO,NE,-16.0,-1.200833653350947
2017_02_MIN_PIT,2017,2,PIT,MIN,17.0,4.428473432330936
2017_02_CHI_TB,2017,2,TB,CHI,22.0,5.435450138391005
2017_02_MIA_LAC,2017,2,LAC,MIA,-2.0,1.2845043150998523
2017_02_NYJ_OAK,2017,2,OAK,NYJ,25.0,8.567935243458784
2017_02_DAL_DEN,2017,2,DEN,DAL,25.0,0.7716755008016677
2017_02_WAS_LA,2017,2,LA,WAS,-7.0,6.342596743967587
2017_02_SF_SEA,2017,2,SEA,SF,3.0,9.291362805146962
2017_02_GB_ATL,2017,2,ATL,GB,11.0,5.5992048300447985
2017_02_DET_NYG,2017,2,NYG,DET,-14.0,2.5394600771167317
2017_03_LA_SF,2017,3,SF,LA,-2.0,-1.596678601425379
2017_03_DEN_BUF,2017,3,BUF,DEN,10.0,-2.4410397014128598
2017_03_NO_CAR,2017,3,CAR,NO,-21.0,5.206808548300989
2017_03_PIT_CHI,2017,3,CHI,PIT,6.0,-5.535939534106257
2017_03_ATL_DET,2017,3,DET,ATL,-4.0,-1.8053328100265076
2017_03_CLE_IND,2017,3,IND,CLE,3.0,4.150785340226126
2017_03_TB_MIN,2017,3,MIN,TB,17.0,1.3143212946683696
2017_03_HOU_NE,2017,3,NE,HOU,3.0,9.363036437744118
2017_03_MIA_NYJ,2017,3,NYJ,MIA,14.0,-0.3423238041318867
2017_03_NYG_PHI,2017,3,PHI,NYG,3.0,3.3362893708088834
2017_03_SEA_TEN,2017,3,TEN,SEA,6.0,2.515268981854583
2017_03_CIN_GB,2017,3,GB,CIN,3.0,6.951483928795224
2017_03_KC_LAC,2017,3,LAC,KC,-14.0,-6.745016285412071
2017_03_OAK_WAS,2017,3,WAS,OAK,17.0,1.0330681682069496
2017_03_BAL_JAX,2017,3,JAX,BAL,37.0,-0.5376452222761492
2017_03_DAL_ARI,2017,3,ARI,DAL,-11.0,1.5113040227756582
2017_04_CHI_GB,2017,4,GB,CHI,21.0,10.93042440685836
2017_04_BUF_ATL,2017,4,ATL,BUF,-6.0,7.294832178696624
2017_04_PIT_BAL,2017,4,BAL,PIT,-17.0,-1.6192724597006625
2017_04_CIN_CLE,2017,4,CLE,CIN,-24.0,-1.6996924065280117
2017_04_LA_DAL,2017,4,DAL,LA,-5.0,10.689953029009777
2017_04_TEN_HOU,2017,4,HOU,TEN,43.0,0.9350909968634615
2017_04_DET_MIN,2017,4,MIN,DET,-7.0,3.2364336850073414
2017_04_CAR_NE,2017,4,NE,CAR,-3.0,9.877674145699741
2017_04_JAX_NYJ,2017,4,NYJ,JAX,3.0,3.5786343844503703
2017_04_SF_ARI,2017,4,ARI,SF,3.0,9.414960145935952
2017_04_PHI_LAC,2017,4,LAC,PHI,-2.0,-0.5465902835200107
2017_04_NYG_TB,2017,4,TB,NYG,2.0,3.1646013181173123
2017_04_OAK_DEN,2017,4,DEN,OAK,6.0,3.266687765707499
2017_04_IND_SEA,2017,4,SEA,IND,28.0,5.932147149029519
2017_04_NO_MIA,2017,4,MIA,NO,-20.0,1.0071206168171545
2017_04_WAS_KC,2017,4,KC,WAS,9.0,10.037009908155799
2017_05_NE_TB,2017,5,TB,NE,-5.0,0.32885315093464135
2017_05_BUF_CIN,2017,5,CIN,BUF,4.0,-0.8104049135444971
2017_05_NYJ_CLE,2017,5,CLE,NYJ,-3.0,-5.391482517253629
2017_05_CAR_DET,2017,5,DET,CAR,-3.0,4.240650657940973
2017_05_SF_IND,2017,5,IND,SF,3.0,2.577964624211169
2017_05_TEN_MIA,2017,5,MIA,TEN,6.0,1.7858644572484719
2017_05_LAC_NYG,2017,5,NYG,LAC,-5.0,2.7081835931885108
2017_05_ARI_PHI,2017,5,PHI,ARI,27.0,3.888985456107649
2017_05_JAX_PIT,2017,5,PIT,JAX,-21.0,6.879916137442965
2017_05_SEA_LA,2017,5,LA,SEA,-6.0,0.8425049710902238
2017_05_BAL_OAK,2017,5,OAK,BAL,-13.0,5.240087305483553
2017_05_GB_DAL,2017,5,DAL,GB,-4.0,1.697985673553292
2017_05_KC_HOU,2017,5,HOU,KC,-8.0,-4.565709769814809
2017_05_MIN_CHI,2017,5,CHI,MIN,-3.0,-1.4751895345464485
2017_06_PHI_CAR,2017,6,CAR,PHI,-5.0,1.050297985749057
2017_06_MIA_ATL,2017,6,ATL,MIA,-3.0,9.502496446420665
2017_06_CHI_BAL,2017,6,BAL,CHI,-3.0,5.924084428404403
2017_06_CLE_HOU,2017,6,HOU,CLE,16.0,7.127377324360315
2017_06_GB_MIN,2017,6,MIN,GB,13.0,-3.1657876487951593
2017_06_DET_NO,2017,6,NO,DET,14.0,3.173432589101231
2017_06_NE_NYJ,2017,6,NYJ,NE,-7.0,-5.441871639798092
2017_06_SF_WAS,2017,6,WAS,SF,2.0,10.223047594832094
2017_06_TB_ARI,2017,6,ARI,TB,5.0,1.5900964297710278
2017_06_LA_JAX,2017,6,JAX,LA,-10.0,4.599385267231513
2017_06_PIT_KC,2017,6,KC,PIT,-6.0,8.503102988710905
2017_06_LAC_OAK,2017,6,OAK,LAC,-1.0,2.2693694023501045
2017_06_NYG_DEN,2017,6,DEN,NYG,-13.0,7.206337337499666
2017_06_IND_TEN,2017,6,TEN,IND,14.0,1.751993020972478
2017_07_KC_OAK,2017,7,OAK,KC,1.0,-3.350426399553779
2017_07_TB_BUF,2017,7,BUF,TB,3.0,4.127978848804142
2017_07_CAR_CHI,2017,7,CHI,CAR,14.0,-4.214209610257225
2017_07_TEN_CLE,2017,7,CLE,TEN,-3.0,-4.10945754819678
2017_07_NO_GB,2017,7,GB,NO,-9.0,5.392022221462527
2017_07_JAX_IND,2017,7,IND,JAX,-27.0,1.650154664361887
2017_07_ARI_LA,2017,7,LA,ARI,33.0,2.262034115830384
2017_07_NYJ_MIA,2017,7,MIA,NYJ,3.0,2.642058790324803
2017_07_BAL_MIN,2017,7,MIN,BAL,8.0,3.388042474095216
2017_07_DAL_SF,2017,7,SF,DAL,-30.0,-5.507604604478153
2017_07_DEN_LAC,2017,7,LAC,DEN,21.0,0.850695737552598
2017_07_SEA_NYG,2017,7,NYG,SEA,-17.0,-2.3072892904683275
2017_07_CIN_PIT,2017,7,PIT,CIN,15.0,6.735137892499199
2017_07_ATL_NE,2017,7,NE,ATL,16.0,5.398180016748142
2017_07_WAS_PHI,2017,7,PHI,WAS,10.0,6.406335945197595
2017_08_MIA_BAL,2017,8,BAL,MIA,40.0,2.0536735322420707
2017_08_OAK_BUF,2017,8,BUF,OAK,20.0,3.995631708873657
2017_08_IND_CIN,2017,8,CIN,IND,1.0,4.955592426928723
2017_08_LAC_NE,2017,8,NE,LAC,8.0,9.56976535220652
2017_08_CHI_NO,2017,8,NO,CHI,8.0,9.459420190753221
2017_08_ATL_NYJ,2017,8,NYJ,ATL,-5.0,-1.9722959303064593
2017_08_SF_PHI,2017,8,PHI,SF,23.0,11.479615067798656
2017_08_CAR_TB,2017,8,TB,CAR,-14.0,2.3934493621941275
2017_08_HOU_SEA,2017,8,SEA,HOU,3.0,5.70960109865737
2017_08_DAL_WAS,2017,8,WAS,DAL,-14.0,1.572279989939209
2017_08_PIT_DET,2017,8,DET,PIT,-5.0,-0.5888504156858948
2017_08_MIN_CLE,2017,8,CLE,MIN,-17.0,-4.544940418977942
2017_08_DEN_KC,2017,8,KC,DEN,10.0,11.691237513645977
2017_09_BUF_NYJ,2017,9,NYJ,BUF,13.0,-3.958052114206047
2017_09_ATL_CAR,2017,9,CAR,ATL,3.0,-0.7263044832574759
2017_09_IND_HOU,2017,9,HOU,IND,-6.0,4.381080209899123
2017_09_CIN_JAX,2017,9,JAX,CIN,16.0,4.246677518956362
2017_09_TB_NO,2017,9,NO,TB,20.0,8.504019530157468
2017_09_LA_NYG,2017,9,NYG,LA,-34.0,0.8077676833644043
2017_09_DEN_PHI,2017,9,PHI,DEN,28.0,9.015503028713253
2017_09_BAL_TEN,2017,9,TEN,BAL,3.0,1.311672198743129
2017_09_WAS_SEA,2017,9,SEA,WAS,-3.0,7.031104502297778
2017_09_ARI_SF,2017,9,SF,ARI,-10.0,-6.29948393836913
2017_09_KC_DAL,2017,9,DAL,KC,11.0,2.795605478963555
2017_09_OAK_MIA,2017,9,MIA,OAK,-3.0,0.9750263994355877
2017_09_DET_GB,2017,9,GB,DET,-13.0,4.4975186363979445
2017_10_SEA_ARI,2017,10,ARI,SEA,-6.0,-2.1173513672908904
2017_10_NO_BUF,2017,10,BUF,NO,-37.0,-0.41835661853257705
2017_10_GB_CHI,2017,10,CHI,GB,-7.0,-0.7199662557471035
2017_10_CLE_DET,2017,10,DET,CLE,14.0,7.013664097577273
2017_10_PIT_IND,2017,10,IND,PIT,-3.0,-6.870569119458164
2017_10_LAC_JAX,2017,10,JAX,LAC,3.0,3.9501894376721816
2017_10_NYJ_TB,2017,10,TB,NYJ,5.0,0.6029309323062072
2017_10_CIN_TEN,2017,10,TEN,CIN,4.0,3.3049426869543392
2017_10_MIN_WAS,2017,10,WAS,MIN,-8.0,-0.257327558842718
2017_10_HOU_LA,2017,10,LA,HOU,26.0,8.592820419130506
2017_10_DAL_ATL,2017,10,ATL,DAL,20.0,1.4497138490054162
2017_10_NYG_SF,2017,10,SF,NYG,10.0,-4.79800386938167
2017_10_NE_DEN,2017,10,DEN,NE,-25.0,-6.465399956705309
2017_10_MIA_CAR,2017,10,CAR,MIA,24.0,4.491859307350978
2017_11_TEN_PIT,2017,11,PIT,TEN,23.0,6.478192661095095
2017_11_DET_CHI,2017,11,CHI,DET,-3.0,-4.855911498368976
2017_11_JAX_CLE,2017,11,CLE,JAX,-12.0,-5.589483638177101
2017_11_BAL_GB,2017,11,GB,BAL,-23.0,3.8194773699418634
2017_11_ARI_HOU,2017,11,HOU,ARI,10.0,1.2794230642515456
2017_11_TB_MIA,2017,11,MIA,TB,-10.0,1.8140631022694509
2017_11_LA_MIN,2017,11,MIN,LA,17.0,3.4575665293223103
2017_11_WAS_NO,2017,11,NO,WAS,3.0,11.038840477593153
2017_11_KC_NYG,2017,11,NYG,KC,3.0,-5.476805264059079
2017_11_BUF_LAC,2017,11,LAC,BUF,30.0,2.7242608471898477
2017_11_CIN_DEN,2017,11,DEN,CIN,-3.0,1.9852086447605588
2017_11_NE_OAK,2017,11,OAK,NE,-25.0,-3.872580823281691
2017_11_PHI_DAL,2017,11,DAL,PHI,-28.0,4.118364236005919
2017_11_ATL_SEA,2017,11,SEA,ATL,-3.0,4.327108088874804
2017_12_MIN_DET,2017,12,DET,MIN,-7.0,2.058392023933291
2017_12_LAC_DAL,2017,12,DAL,LAC,-22.0,3.5970002709755318
2017_12_NYG_WAS,2017,12,WAS,NYG,10.0,3.752563366440832
2017_12_TB_ATL,2017,12,ATL,TB,14.0,10.698063144513833
2017_12_CLE_CIN,2017,12,CIN,CLE,14.0,9.251400171349069
2017_12_TEN_IND,2017,12,IND,TEN,-4.0,-2.373374103432749
2017_12_BUF_KC,2017,12,KC,BUF,-6.0,9.925327090932377
2017_12_MIA_NE,2017,12,NE,MIA,18.0,12.786800576208277
2017_12_CAR_NYJ,2017,12,NYJ,CAR,-8.0,-1.8181551711403958
2017_12_CHI_PHI,2017,12,PHI,CHI,28.0,14.207842583517333
2017_12_SEA_SF,2017,12,SF,SEA,-11.0,-5.539014996619263
2017_12_JAX_ARI,2017,12,ARI,JAX,3.0,-2.5611502039976504
2017_12_NO_LA,2017,12,LA,NO,6.0,0.033180840162750115
2017_12_DEN_OAK,2017,12,OAK,DEN,7.0,3.759054598592477
2017_12_GB_PIT,2017,12,PIT,GB,3.0,5.782641942360008
2017_12_HOU_BAL,2017,12,BAL,HOU,7.0,5.830840570655556
2017_13_WAS_DAL,2017,13,DAL,WAS,24.0,3.13948633655281
2017_13_MIN_ATL,2017,13,ATL,MIN,-5.0,3.986895415670667
2017_13_DET_BAL,2017,13,BAL,DET,24.0,2.4279792647502685
2017_13_NE_BUF,2017,13,BUF,NE,-20.0,-6.5459817659869115
2017_13_SF_CHI,2017,13,CHI,SF,-1.0,4.895657246198637
2017_13_TB_GB,2017,13,GB,TB,6.0,3.0741009685495553
2017_13_IND_JAX,2017,13,JAX,IND,20.0,6.8916064544728926
2017_13_DEN_MIA,2017,13,MIA,DEN,26.0,1.8127145259759774
2017_13_KC_NYJ,2017,13,NYJ,KC,7.0,-2.3584575644654064
2017_13_HOU_TEN,2017,13,TEN,HOU,11.0,3.230646821311961
2017_13_CLE_LAC,2017,13,LAC,CLE,9.0,11.206181441975822
2017_13_LA_ARI,2017,13,ARI,LA,-16.0,-1.9595322771980406
2017_13_CAR_NO,2017,13,NO,CAR,10.0,6.546652512320066
2017_13_NYG_OAK,2017,13,OAK,NYG,7.0,5.371188513551533
2017_13_PHI_SEA,2017,13,SEA,PHI,14.0,2.3847213787291284
2017_13_PIT_CIN,2017,13,CIN,PIT,-3.0,-5.2548548138926225
2017_14_NO_ATL,2017,14,ATL,NO,3.0,2.193467344511754
2017_14_IND_BUF,2017,14,BUF,IND,6.0,5.266963741443807
2017_14_MIN_CAR,2017,14,CAR,MIN,7.0,0.010337820400279654
2017_14_CHI_CIN,2017,14,CIN,CHI,-26.0,7.245023851556617
2017_14_GB_CLE,2017,14,CLE,GB,-6.0,-4.409286689688583
2017_14_SF_HOU,2017,14,HOU,SF,-10.0,4.9299761905438855
2017_14_OAK_KC,2017,14,KC,OAK,11.0,5.2037428763722176
2017_14_DAL_NYG,2017,14,NYG,DAL,-20.0,-4.554668127217505
2017_14_DET_TB,2017,14,TB,DET,-3.0,0.7672411438961485
2017_14_TEN_ARI,2017,14,ARI,TEN,5.0,-0.7196830692113225
2017_14_NYJ_DEN,2017,14,DEN,NYJ,23.0,-1.1741359566824834
2017_14_WAS_LAC,2017,14,LAC,WAS,17.0,7.84396348709789
2017_14_SEA_JAX,2017,14,JAX,SEA,6.0,0.1624086875700238
2017_14_PHI_LA,2017,14,LA,PHI,-8.0,1.9005648478864556
2017_14_BAL_PIT,2017,14,PIT,BAL,1.0,6.612048319488241
2017_14_NE_MIA,2017,14,MIA,NE,7.0,-8.01985072052107
2017_15_DEN_IND,2017,15,IND,DEN,-12.0,-0.3855946221204411
2017_15_CHI_DET,2017,15,DET,CHI,10.0,3.7999743237206465
2017_15_LAC_KC,2017,15,KC,LAC,17.0,4.847583086125044
2017_15_MIA_BUF,2017,15,BUF,MIA,8.0,3.519667521527576
2017_15_GB_CAR,2017,15,CAR,GB,7.0,6.363533187766884
2017_15_BAL_CLE,2017,15,CLE,BAL,-17.0,-4.645474355658125
2017_15_HOU_JAX,2017,15,JAX,HOU,38.0,8.588783619099681
2017_15_CIN_MIN,2017,15,MIN,CIN,27.0,10.637145614841883
2017_15_NYJ_NO,2017,15,NO,NYJ,12.0,9.830527009838601
2017_15_PHI_NYG,2017,15,NYG,PHI,-5.0,-5.095629138080397
2017_15_ARI_WAS,2017,15,WAS,ARI,5.0,1.9443795678389235
2017_15_LA_SEA,2017,15,SEA,LA,-35.0,4.860496976182937
2017_15_NE_PIT,2017,15,PIT,NE,-3.0,2.5888514226570933
2017_15_TEN_SF,2017,15,SF,TEN,2.0,-3.1266146183803905
2017_15_DAL_OAK,2017,15,OAK,DAL,-3.0,-2.7935624734057423
2017_15_ATL_TB,2017,15,TB,ATL,-3.0,-3.400394859948118
2017_16_IND_BAL,2017,16,BAL,IND,7.0,11.125307954700354
2017_16_MIN_GB,2017,16,GB,MIN,-16.0,-1.6838660767965885
2017_16_TB_CAR,2017,16,CAR,TB,3.0,8.063657415964466
2017_16_CLE_CHI,2017,16,CHI,CLE,17.0,9.876173704648231
2017_16_DET_CIN,2017,16,CIN,DET,9.0,-4.02606327440707
2017_16_MIA_KC,2017,16,KC,MIA,16.0,12.264777347395201
2017_16_BUF_NE,2017,16,NE,BUF,21.0,11.74414773048872
2017_16_ATL_NO,2017,16,NO,ATL,10.0,4.720579105563841
2017_16_LAC_NYJ,2017,16,NYJ,LAC,-7.0,-4.618878840724737
2017_16_LA_TEN,2017,16,TEN,LA,-4.0,-3.0387297426097772
2017_16_DEN_WAS,2017,16,WAS,DEN,16.0,3.4984144241184
2017_16_JAX_SF,2017,16,SF,JAX,11.0,-4.031599310238743
2017_16_NYG_ARI,2017,16,ARI,NYG,23.0,2.652849818436426
2017_16_SEA_DAL,2017,16,DAL,SEA,-9.0,3.897008641850222
2017_16_PIT_HOU,2017,16,HOU,PIT,-28.0,-3.59814930176488
2017_16_OAK_PHI,2017,16,PHI,OAK,9.0,12.125969118651778
2017_17_GB_DET,2017,17,DET,GB,24.0,3.2197403077969255
2017_17_HOU_IND,2017,17,IND,HOU,9.0,1.0850918388571789
2017_17_CHI_MIN,2017,17,MIN,CHI,13.0,11.45368233052628
2017_17_NYJ_NE,2017,17,NE,NYJ,20.0,13.16912580653296
2017_17_WAS_NYG,2017,17,NYG,WAS,8.0,-3.568719887250067
2017_17_DAL_PHI,2017,17,PHI,DAL,-6.0,6.753417463109464
2017_17_CLE_PIT,2017,17,PIT,CLE,4.0,11.113393465642853
2017_17_CAR_ATL,2017,17,ATL,CAR,12.0,3.7755605786507824
2017_17_CIN_BAL,2017,17,BAL,CIN,-4.0,11.418814692744588
2017_17_KC_DEN,2017,17,DEN,KC,-3.0,-3.7474054653434132
2017_17_SF_LA,2017,17,LA,SF,-21.0,8.750731612895596
2017_17_OAK_LAC,2017,17,LAC,OAK,20.0,8.10622718044589
2017_17_BUF_MIA,2017,17,MIA,BUF,-6.0,-0.13966366123911214
2017_17_ARI_SEA,2017,17,SEA,ARI,-2.0,9.00273041858363
2017_17_NO_TB,2017,17,TB,NO,7.0,-3.4811712018445267
2017_17_JAX_TEN,2017,17,TEN,JAX,5.0,-0.981598483397743
2018_01_ATL_PHI,2018,1,PHI,ATL,6.0,4.5339520675654965
2018_01_BUF_BAL,2018,1,BAL,BUF,44.0,3.4320616551700964
2018_01_PIT_CLE,2018,1,CLE,PIT,0.0,-5.157440043889098
2018_01_CIN_IND,2018,1,IND,CIN,-11.0,-0.9573181575977059
2018_01_TEN_MIA,2018,1,MIA,TEN,7.0,0.36913530314075926
2018_01_SF_MIN,2018,1,MIN,SF,8.0,9.627344718209068
2018_01_HOU_NE,2018,1,NE,HOU,7.0,12.054653624951195
2018_01_TB_NO,2018,1,NO,TB,-8.0,7.800753213126997
2018_01_JAX_NYG,2018,1,NYG,JAX,-5.0,-3.0602033579188053
2018_01_KC_LAC,2018,1,LAC,KC,-10.0,3.515031904975096
2018_01_WAS_ARI,2018,1,ARI,WAS,-18.0,2.242566508343754
2018_01_DAL_CAR,2018,1,CAR,DAL,8.0,1.717379503526285
2018_01_SEA_DEN,2018,1,DEN,SEA,3.0,-1.9384138207406463
2018_01_CHI_GB,2018,1,GB,CHI,1.0,3.6298791589128974
2018_01_NYJ_DET,2018,1,DET,NYJ,-31.0,5.792282960651068
2018_01_LA_OAK,2018,1,OAK,LA,-20.0,-3.9120102231551304
2018_02_BAL_CIN,2018,2,CIN,BAL,11.0,1.105823672426895
2018_02_CAR_ATL,2018,2,ATL,CAR,7.0,0.29173890853881507
2018_02_LAC_BUF,2018,2,BUF,LAC,-11.0,-1.6454710361312117
2018_02_MIN_GB,2018,2,GB,MIN,0.0,-0.4571882972506479
2018_02_CLE_NO,2018,2,NO,CLE,3.0,9.31949384748866
2018_02_MIA_NYJ,2018,2,NYJ,MIA,-8.0,5.237436704796782
2018_02_KC_PIT,2018,2,PIT,KC,-5.0,2.493351590772234
2018_02_PHI_TB,2018,2,TB,PHI,6.0,0.8525025100394006
2018_02_HOU_TEN,2018,2,TEN,HOU,3.0,3.07118557557322
2018_02_IND_WAS,2018,2,WAS,IND,-12.0,8.187196531788151
2018_02_ARI_LA,2018,2,LA,ARI,34.0,9.310008757441445
2018_02_DET_SF,2018,2,SF,DET,3.0,3.5950384184475284
2018_02_OAK_DEN,2018,2,DEN,OAK,1.0,5.79143960800106
2018_02_NE_JAX,2018,2,JAX,NE,11.0,-1.230506205255853
2018_02_NYG_DAL,2018,2,DAL,NYG,7.0,8.353991241633095
2018_02_SEA_CHI,2018,2,CHI,SEA,7.0,1.4306897574454471
2018_03_NYJ_CLE,2018,3,CLE,NYJ,4.0,-4.460061423198855
2018_03_NO_ATL,2018,3,ATL,NO,-6.0,4.013473460922049
2018_03_DEN_BAL,2018,3,BAL,DEN,13.0,3.0826836540144367
2018_03_CIN_CAR,2018,3,CAR,CIN,10.0,2.9529602422648846
2018_03_NYG_HOU,2018,3,HOU,NYG,-5.0,3.026872930388662
2018_03_TEN_JAX,2018,3,JAX,TEN,-3.0,5.443035393674566
2018_03_SF_KC,2018,3,KC,SF,11.0,8.66221345529243
2018_03_OAK_MIA,2018,3,MIA,OAK,8.0,5.558895807342682
2018_03_BUF_MIN,2018,3,MIN,BUF,-21.0,10.075891304898935
2018_03_IND_PHI,2018,3,PHI,IND,4.0,7.451949478583538
2018_03_GB_WAS,2018,3,WAS,GB,14.0,2.3466627307117927
2018_03_LAC_LA,2018,3,LA,LAC,12.0,3.9799911466699744
2018_03_CHI_ARI,2018,3,ARI,CHI,-2.0,-1.17733750840176
2018_03_DAL_SEA,2018,3,SEA,DAL,11.0,2.298388942960922
2018_03_NE_DET,2018,3,DET,NE,16.0,-4.8282204982971555
2018_03_PIT_TB,2018,3,TB,PIT,-3.0,1.308668127723794
2018_04_MIN_LA,2018,4,LA,MIN,7.0,6.093113523970371
2018_04_CIN_ATL,2018,4,ATL,CIN,-1.0,5.168104055530731
2018_04_TB_CHI,2018,4,CHI,TB,38.0,2.640162040831983
2018_04_DET_DAL,2018,4,DAL,DET,2.0,3.125485233918054
2018_04_BUF_GB,2018,4,GB,BUF,22.0,0.3869070147633963
2018_04_HOU_IND,2018,4,IND,HOU,-3.0,3.37792773275026
2018_04_NYJ_JAX,2018,4,JAX,NYJ,19.0,6.9532308831734095
2018_04_MIA_NE,2018,4,NE,MIA,31.0,5.081219599432372
2018_04_PHI_TEN,2018,4,TEN,PHI,3.0,-2.5405431253619954
2018_04_SEA_ARI,2018,4,ARI,SEA,-3.0,-1.8569174895970144
2018_04_CLE_OAK,2018,4,OAK,CLE,3.0,4.512070979177274
2018_04_SF_LAC,2018,4,LAC,SF,2.0,5.528712127795736
2018_04_NO_NYG,2018,4,NYG,NO,-15.0,-5.645131151908432
2018_04_BAL_PIT,2018,4,PIT,BAL,-12.0,6.116341318041604
2018_04_KC_DEN,2018,4,DEN,KC,-4.0,-4.97839793532765
2018_05_IND_NE,2018,5,NE,IND,14.0,11.775587584244752
2018_05_TEN_BUF,2018,5,BUF,TEN,1.0,-0.9351013416522294
2018_05_NYG_CAR,2018,5,CAR,NYG,2.0,11.01958354307661
2018_05_MIA_CIN,2018,5,CIN,MIA,10.0,3.5590861878925444
2018_05_BAL_CLE,2018,5,CLE,BAL,3.0,-3.537853969498402
2018_05_GB_DET,2018,5,DET,GB,8.0,2.224611861816528
2018_05_JAX_KC,2018,5,KC,JAX,16.0,9.391147713340885
2018_05_DEN_NYJ,2018,5,NYJ,DEN,18.0,2.048035794245136
2018_05_ATL_PIT,2018,5,PIT,ATL,24.0,2.575795967875256
2018_05_OAK_LAC,2018,5,LAC,OAK,16.0,7.724170552924648
2018_05_MIN_PHI,2018,5,PHI,MIN,-2.0,3.535515201708761
2018_05_LA_SEA,2018,5,SEA,LA,-2.0,-6.767877055597089
2018_05_ARI_SF,2018,5,SF,ARI,-10.0,3.903876889532181
2018_05_DAL_HOU,2018,5,HOU,DAL,3.0,-1.7556753268916165
2018_05_WAS_NO,2018,5,NO,WAS,24.0,6.548954016187043
2018_06_PHI_NYG,2018,6,NYG,PHI,-21.0,-3.406693254229238
2018_06_TB_ATL,2018,6,ATL,TB,5.0,6.796477152617487
2018_06_PIT_CIN,2018,6,CIN,PIT,-7.0,-0.14641818791709893
2018_06_LAC_CLE,2018,6,CLE,LAC,-24.0,-5.481650902421255
2018_06_BUF_HOU,2018,6,HOU,BUF,7.0,0.8307886339706967
2018_06_CHI_MIA,2018,6,MIA,CHI,3.0,1.2418571241601082
2018_06_ARI_MIN,2018,6,MIN,ARI,10.0,7.523715318726188
2018_06_IND_NYJ,2018,6,NYJ,IND,8.0,3.9941686608751366
2018_06_SEA_OAK,2018,6,OAK,SEA,-24.0,-4.084613098381089
2018_06_CAR_WAS,2018,6,WAS,CAR,6.0,0.9968105665831866
2018_06_LA_DEN,2018,6,DEN,LA,-3.0,-7.778904432572365
2018_06_JAX_DAL,2018,6,DAL,JAX,33.0,1.9483899883052587
2018_06_BAL_TEN,2018,6,TEN,BAL,-21.0,-1.650656077065916
2018_06_KC_NE,2018,6,NE,KC,3.0,2.380774432808566
2018_06_SF_GB,2018,6,GB,SF,3.0,3.7762744127824384
2018_07_DEN_ARI,2018,7,ARI,DEN,-35.0,1.1085399409527914
2018_07_NE_CHI,2018,7,CHI,NE,-7.0,-0.7316002461560082
2018_07_BUF_IND,2018,7,IND,BUF,32.0,0.3258850925315381
2018_07_HOU_JAX,2018,7,JAX,HOU,-13.0,4.814502448510532
2018_07_DET_MIA,2018,7,MIA,DET,-11.0,1.2225497555067697
2018_07_MIN_NYJ,2018,7,NYJ,MIN,-20.0,0.2573580273146294
2018_07_CAR_PHI,2018,7,PHI,CAR,-4.0,3.9363311348926464
2018_07_CLE_TB,2018,7,TB,CLE,3.0,6.896956677818702
2018_07_NO_BAL,2018,7,BAL,NO,-1.0,3.5091454188755793
2018_07_LA_SF,2018,7,SF,LA,-29.0,-7.3921258965104135
2018_07_DAL_WAS,2018,7,WAS,DAL,3.0,1.3664982898430775
2018_07_CIN_KC,2018,7,KC,CIN,35.0,8.872383867389626
2018_07_TEN_LAC,2018,7,LAC,TEN,1.0,9.162000878472753
2018_07_NYG_ATL,2018,7,ATL,NYG,3.0,7.942829020579608
2018_08_MIA_HOU,2018,8,HOU,MIA,19.0,2.13452203213828
2018_08_BAL_CAR,2018,8,CAR,BAL,15.0,4.9854118321457115
2018_08_NYJ_CHI,2018,8,CHI,NYJ,14.0,4.605082478941761
2018_08_TB_CIN,2018,8,CIN,TB,3.0,5.231251196893151
2018_08_SEA_DET,2018,8,DET,SEA,-14.0,4.603420382988957
2018_08_DEN_KC,2018,8,KC,DEN,7.0,11.332065554895822
2018_08_WAS_NYG,2018,8,NYG,WAS,-7.0,-3.730913549122366
2018_08_CLE_PIT,2018,8,PIT,CLE,15.0,11.385608791861532
2018_08_IND_OAK,2018,8,OAK,IND,-14.0,1.1105180400300887
2018_08_SF_ARI,2018,8,ARI,SF,3.0,0.5745468674536856
2018_08_GB_LA,2018,8,LA,GB,2.0,10.793106818987347
2018_08_NO_MIN,2018,8,MIN,NO,-10.0,2.4324878692350413
2018_08_PHI_JAX,2018,8,JAX,PHI,-6.0,-0.38985656072549446
2018_08_NE_BUF,2018,8,BUF,NE,-19.0,-8.784140019330794
2018_09_OAK_SF,2018,9,SF,OAK,31.0,4.0744974608428866
2018_09_PIT_BAL,2018,9,BAL,PIT,-7.0,3.283644067229363
2018_09_CHI_BUF,2018,9,BUF,CHI,-32.0,-5.864736815594971
2018_09_TB_CAR,2018,9,CAR,TB,14.0,9.215219149325463
2018_09_KC_CLE,2018,9,CLE,KC,-16.0,-8.920674814440554
2018_09_NYJ_MIA,2018,9,MIA,NYJ,7.0,3.3088017873290827
2018_09_DET_MIN,2018,9,MIN,DET,15.0,4.399792650073807
2018_09_ATL_WAS,2018,9,WAS,ATL,-24.0,2.2481670735779495
2018_09_HOU_DEN,2018,9,DEN,HOU,-2.0,2.4875307228721004
2018_09_LAC_SEA,2018,9,SEA,LAC,-8.0,4.378508671855697
2018_09_LA_NO,2018,9,NO,LA,10.0,4.10274077480548
2018_09_GB_NE,2018,9,NE,GB,14.0,10.575440745905377
2018_09_TEN_DAL,2018,9,DAL,TEN,-14.0,3.4384930855692573
2018_10_CAR_PIT,2018,10,PIT,CAR,31.0,5.003659052896883
2018_10_DET_CHI,2018,10,CHI,DET,12.0,3.7284282763152845
2018_10_NO_CIN,2018,10,CIN,NO,-37.0,-4.673152069670414
2018_10_ATL_CLE,2018,10,CLE,ATL,12.0,-8.475839137229187
2018_10_JAX_IND,2018,10,IND,JAX,3.0,2.2675394841054626
2018_10_ARI_KC,2018,10,KC,ARI,12.0,13.393996358010968
2018_10_BUF_NYJ,2018,10,NYJ,BUF,-31.0,4.5730970927296735
2018_10_WAS_TB,2018,10,TB,WAS,-13.0,3.7433788716217724
2018_10_NE_TEN,2018,10,TEN,NE,24.0,-5.769112542824789
2018_10_LAC_OAK,2018,10,OAK,LAC,-14.0,-11.713110485916518
2018_10_MIA_GB,2018,10,GB,MIA,19.0,3.79135282097041
2018_10_SEA_LA,2018,10,LA,SEA,5.0,6.237035111352666
2018_10_DAL_PHI,2018,10,PHI,DAL,-7.0,8.580676595688773
2018_10_NYG_SF,2018,10,SF,NYG,-4.0,3.2493327856208807
2018_11_GB_SEA,2018,11,SEA,GB,3.0,4.260681358884126
2018_11_DAL_ATL,2018,11,ATL,DAL,-3.0,5.018010484739374
2018_11_CIN_BAL,2018,11,BAL,CIN,3.0,6.294675640905027
2018_11_CAR_DET,2018,11,DET,CAR,1.0,-2.85468420431857
2018_11_TEN_IND,2018,11,IND,TEN,28.0,1.0687413352013277
2018_11_PIT_JAX,2018,11,JAX,PIT,-4.0,-5.05481316683402
2018_11_TB_NYG,2018,11,NYG,TB,3.0,2.137129968341143
2018_11_HOU_WAS,2018,11,WAS,HOU,-2.0,2.467468391525185
2018_11_OAK_ARI,2018,11,ARI,OAK,-2.0,1.367369289074899
2018_11_DEN_LAC,2018,11,LAC,DEN,-1.0,12.511844112614718
2018_11_PHI_NO,2018,11,NO,PHI,41.0,7.334614722636019
2018_11_MIN_CHI,2018,11,CHI,MIN,5.0,4.073611767085548
2018_11_KC_LA,2018,11,LA,KC,3.0,5.029475439568107
2018_12_CHI_DET,2018,12,DET,CHI,-7.0,-1.4794676934267126
2018_12_WAS_DAL,2018,12,DAL,WAS,8.0,3.758599105445233
2018_12_ATL_NO,2018,12,NO,ATL,14.0,10.261639347380845
2018_12_OAK_BAL,2018,12,BAL,OAK,17.0,10.506260155980122
2018_12_JAX_BUF,2018,12,BUF,JAX,3.0,0.04916376922664563
2018_12_SEA_CAR,2018,12,CAR,SEA,-3.0,4.995653730542946
2018_12_CLE_CIN,2018,12,CIN,CLE,-15.0,5.699044566108447
2018_12_NE_NYJ,2018,12,NYJ,NE,-14.0,-7.491951419573645
2018_12_NYG_PHI,2018,12,PHI,NYG,3.0,5.602789121392059
2018_12_SF_TB,2018,12,TB,SF,18.0,3.329834778406257
2018_12_ARI_LAC,2018,12,LAC,ARI,35.0,10.341816725577937
2018_12_PIT_DEN,2018,12,DEN,PIT,7.0,-2.563641943989521
2018_12_MIA_IND,2018,12,IND,MIA,3.0,5.9832237918637245
2018_12_GB_MIN,2018,12,MIN,GB,7.0,3.123243609731719
2018_12_TEN_HOU,2018,12,HOU,TEN,17.0,1.9877162806139363
2018_13_NO_DAL,2018,13,DAL,NO,3.0,-5.8606010084507325
2018_13_BAL_ATL,2018,13,ATL,BAL,-10.0,2.881251152255397
2018_13_DEN_CIN,2018,13,CIN,DEN,-14.0,-1.502874345031996
2018_13_LA_DET,2018,13,DET,LA,-14.0,-6.198277164171791
2018_13_ARI_GB,2018,13,GB,ARI,-3.0,7.842377494611849
2018_13_CLE_HOU,2018,13,HOU,CLE,16.0,6.746686042658799
2018_13_IND_JAX,2018,13,JAX,IND,6.0,-4.146083482833782
2018_13_BUF_MIA,2018,13,MIA,BUF,4.0,2.5718470426786273
2018_13_CHI_NYG,2018,13,NYG,CHI,3.0,-3.797732691406683
2018_13_CAR_TB,2018,13,TB,CAR,7.0,-2.71433893657977
2018_13_KC_OAK,2018,13,OAK,KC,-7.0,-8.341453489966694
2018_13_NYJ_TEN,2018,13,TEN,NYJ,4.0,7.747080460593305
2018_13_MIN_NE,2018,13,NE,MIN,14.0,6.664072397050604
2018_13_SF_SEA,2018,13,SEA,SF,27.0,10.472633243009641
2018_13_LAC_PIT,2018,13,PIT,LAC,-3.0,3.8685100188895607
2018_13_WAS_PHI,2018,13,PHI,WAS,15.0,2.569515299203952
2018_14_JAX_TEN,2018,14,TEN,JAX,21.0,2.881112507126497
2018_14_NYJ_BUF,2018,14,BUF,NYJ,-4.0,5.127058096215477
2018_14_CAR_CLE,2018,14,CLE,CAR,6.0,-2.5926616785620102
2018_14_ATL_GB,2018,14,GB,ATL,14.0,3.71868971536624
2018_14_IND_HOU,2018,14,HOU,IND,-3.0,3.0051434609751766
2018_14_BAL_KC,2018,14,KC,BAL,3.0,7.491855058508606
2018_14_NE_MIA,2018,14,MIA,NE,1.0,-5.809372053413524
2018_14_NO_TB,2018,14,TB,NO,-14.0,-3.6377802280196256
2018_14_NYG_WAS,2018,14,WAS,NYG,-24.0,2.360400307980045
2018_14_CIN_LAC,2018,14,LAC,CIN,5.0,12.230983490804027
2018_14_DEN_SF,2018,14,SF,DEN,6.0,-2.270487810065055
2018_14_DET_ARI,2018,14,ARI,DET,-14.0,-0.5485596200177
2018_14_PHI_DAL,2018,14,DAL,PHI,6.0,3.288310304223624
2018_14_PIT_OAK,2018,14,OAK,PIT,3.0,-7.953612663864377
2018_14_LA_CHI,2018,14,CHI,LA,9.0,-0.16551657867357988
2018_14_MIN_SEA,2018,14,SEA,MIN,14.0,7.119937258006797
2018_15_LAC_KC,2018,15,KC,LAC,-1.0,4.172534688945066
2018_15_HOU_NYJ,2018,15,NYJ,HOU,-7.0,-5.679386217441796
2018_15_CLE_DEN,2018,15,DEN,CLE,-1.0,4.831583973141376
2018_15_ARI_ATL,2018,15,ATL,ARI,26.0,6.330590044678799
2018_15_TB_BAL,2018,15,BAL,TB,8.0,9.107935885336891
2018_15_DET_BUF,2018,15,BUF,DET,1.0,-0.5269548504974337
2018_15_GB_CHI,2018,15,CHI,GB,7.0,6.195879303988831
2018_15_OAK_CIN,2018,15,CIN,OAK,14.0,3.625110400681134
2018_15_DAL_IND,2018,15,IND,DAL,23.0,3.0096542461567037
2018_15_WAS_JAX,2018,15,JAX,WAS,-3.0,3.0748562316482544
2018_15_MIA_MIN,2018,15,MIN,MIA,24.0,6.121549274006678
2018_15_TEN_NYG,2018,15,NYG,TEN,-17.0,-0.7262475718886071
2018_15_SEA_SF,2018,15,SF,SEA,3.0,-4.550131020354378
2018_15_NE_PIT,2018,15,PIT,NE,7.0,1.5937332109329339
2018_15_PHI_LA,2018,15,LA,PHI,-7.0,4.797364185818724
2018_15_NO_CAR,2018,15,CAR,NO,-3.0,-2.2926107179652537
2018_16_WAS_TEN,2018,16,TEN,WAS,9.0,6.891697909559689
2018_16_BAL_LAC,2018,16,LAC,BAL,-12.0,6.594141264565597
2018_16_ATL_CAR,2018,16,CAR,ATL,-14.0,4.488656630650017
2018_16_CIN_CLE,2018,16,CLE,CIN,8.0,2.973635129176952
2018_16_TB_DAL,2018,16,DAL,TB,7.0,7.017876553560719
2018_16_MIN_DET,2018,16,DET,MIN,-18.0,-2.0438898170784605
2018_16_NYG_IND,2018,16,IND,NYG,1.0,6.941518236646285
2018_16_JAX_MIA,2018,16,MIA,JAX,-10.0,2.7193434457676564
2018_16_BUF_NE,2018,16,NE,BUF,12.0,12.173308568274654
2018_16_GB_NYJ,2018,16,NYJ,GB,-6.0,-1.9270104134636912
2018_16_HOU_PHI,2018,16,PHI,HOU,2.0,4.952180964637878
2018_16_LA_ARI,2018,16,ARI,LA,-22.0,-6.533197114827828
2018_16_CHI_SF,2018,16,SF,CHI,-5.0,-3.4177814265485993
2018_16_PIT_NO,2018,16,NO,PIT,3.0,5.049877530178517
2018_16_KC_SEA,2018,16,SEA,KC,7.0,0.47477693206505145
2018_16_DEN_OAK,2018,16,OAK,DEN,13.0,-6.318754348388878
2018_17_MIA_BUF,2018,17,BUF,MIA,25.0,2.7497736366514722
2018_17_DET_GB,2018,17,GB,DET,-31.0,5.206259983124868
2018_17_JAX_HOU,2018,17,HOU,JAX,17.0,6.502707657449301
2018_17_NYJ_NE,2018,17,NE,NYJ,35.0,13.909462968637039
2018_17_CAR_NO,2018,17,NO,CAR,-19.0,13.357360941305474
2018_17_DAL_NYG,2018,17,NYG,DAL,-1.0,-2.207146036327473
2018_17_ATL_TB,2018,17,TB,ATL,-2.0,1.4249204075656428
2018_17_CLE_BAL,2018,17,BAL,CLE,2.0,9.677503217007592
2018_17_LAC_DEN,2018,17,DEN,LAC,-14.0,-3.467781166977269
2018_17_OAK_KC,2018,17,KC,OAK,32.0,10.980502762418336
2018_17_SF_LA,2018,17,LA,SF,16.0,11.533738953916616
2018_17_CHI_MIN,2018,17,MIN,CHI,-14.0,4.3255717338323
2018_17_CIN_PIT,2018,17,PIT,CIN,3.0,10.766443681974298
2018_17_ARI_SEA,2018,17,SEA,ARI,3.0,12.480112900571617
2018_17_PHI_WAS,2018,17,WAS,PHI,-24.0,-3.7133708706931996
2018_17_IND_TEN,2018,17,TEN,IND,-16.0,2.881563971890305
2019_01_GB_CHI,2019,1,CHI,GB,-7.0,5.934802316441777
2019_01_LA_CAR,2019,1,CAR,LA,-3.0,-1.3074766990225763
2019_01_TEN_CLE,2019,1,CLE,TEN,-30.0,0.38095048082144234
2019_01_KC_JAX,2019,1,JAX,KC,-14.0,-6.408767765088598
2019_01_BAL_MIA,2019,1,MIA,BAL,-49.0,-5.644542209683636
2019_01_ATL_MIN,2019,1,MIN,ATL,16.0,2.1149908015389487
2019_01_BUF_NYJ,2019,1,NYJ,BUF,-1.0,-1.0837929590066262
2019_01_WAS_PHI,2019,1,PHI,WAS,5.0,8.62594295519137
2019_01_IND_LAC,2019,1,LAC,IND,6.0,5.143637823881266
2019_01_CIN_SEA,2019,1,SEA,CIN,1.0,8.704030522353396
2019_01_DET_ARI,2019,1,ARI,DET,0.0,-2.042019482262332
2019_01_NYG_DAL,2019,1,DAL,NYG,18.0,6.192980459783682
2019_01_SF_TB,2019,1,TB,SF,-14.0,2.2284211761759316
2019_01_PIT_NE,2019,1,NE,PIT,30.0,4.815185589543334
2019_01_HOU_NO,2019,1,NO,HOU,2.0,7.5532373357116755
2019_01_DEN_OAK,2019,1,OAK,DEN,8.0,-0.14142423492106565
2019_02_TB_CAR,2019,2,CAR,TB,-6.0,5.869264720614947
2019_02_ARI_BAL,2019,2,BAL,ARI,6.0,11.727204204522922
2019_02_SF_CIN,2019,2,CIN,SF,-24.0,2.44657181408183
2019_02_LAC_DET,2019,2,DET,LAC,3.0,-0.6952059013534969
2019_02_MIN_GB,2019,2,GB,MIN,5.0,-3.221317557885654
2019_02_JAX_HOU,2019,2,HOU,JAX,1.0,7.735226039814892
2019_02_NE_MIA,2019,2,MIA,NE,-43.0,-8.468102961498914
2019_02_BUF_NYG,2019,2,NYG,BUF,-14.0,2.3066227001557547
2019_02_SEA_PIT,2019,2,PIT,SEA,-2.0,0.4102753982935653
2019_02_IND_TEN,2019,2,TEN,IND,-2.0,2.9460017594813124
2019_02_DAL_WAS,2019,2,WAS,DAL,-10.0,-4.8434307604382365
2019_02_KC_OAK,2019,2,OAK,KC,-18.0,-6.493728544294311
2019_02_CHI_DEN,2019,2,DEN,CHI,-2.0,-0.08255657373286931
2019_02_NO_LA,2019,2,LA,NO,18.0,3.293955512576586
2019_02_PHI_ATL,2019,2,ATL,PHI,4.0,-1.0516370786337381
2019_02_CLE_NYJ,2019,2,NYJ,CLE,-20.0,3.9028075619649814
2019_03_TEN_JAX,2019,3,JAX,TEN,13.0,-0.1408514190374423
2019_03_CIN_BUF,2019,3,BUF,CIN,4.0,6.735757237428141
2019_03_MIA_DAL,2019,3,DAL,MIA,25.0,10.409700039814885
2019_03_DEN_GB,2019,3,GB,DEN,11.0,3.4617908185064103
2019_03_ATL_IND,2019,3,IND,ATL,3.0,4.176249135443259
2019_03_BAL_KC,2019,3,KC,BAL,5.0,5.473416195569061
2019_03_OAK_MIN,2019,3,MIN,OAK,20.0,8.366685293872294
2019_03_NYJ_NE,2019,3,NE,NYJ,16.0,11.65317672812802
2019_03_DET_PHI,2019,3,PHI,DET,-3.0,3.362417832882578
2019_03_CAR_ARI,2019,3,ARI,CAR,-18.0,-1.1537365053277464
2019_03_NYG_TB,2019,3,TB,NYG,-1.0,3.01847252404508
2019_03_HOU_LAC,2019,3,LAC,HOU,-7.0,5.491936118258037
2019_03_NO_SEA,2019,3,SEA,NO,-6.0,2.7823456679498406
2019_03_PIT_SF,2019,3,SF,PIT,4.0,4.35097660347731
2019_03_LA_CLE,2019,3,CLE,LA,-7.0,-4.709060573214961
2019_03_CHI_WAS,2019,3,WAS,CHI,-16.0,-3.063073786850415
2019_04_PHI_GB,2019,4,GB,PHI,-7.0,1.9562316343190695
2019_04_TEN_ATL,2019,4,ATL,TEN,-14.0,3.1045887385214224
2019_04_CLE_BAL,2019,4,BAL,CLE,-15.0,9.907634075751197
2019_04_NE_BUF,2019,4,BUF,NE,-6.0,-1.281685736289547
2019_04_KC_DET,2019,4,DET,KC,-4.0,-3.9965591500493676
2019_04_CAR_HOU,2019,4,HOU,CAR,-6.0,4.3229670279888115
2019_04_OAK_IND,2019,4,IND,OAK,-7.0,8.800384918051856
2019_04_LAC_MIA,2019,4,MIA,LAC,-20.0,-6.418132656181512
2019_04_WAS_NYG,2019,4,NYG,WAS,21.0,2.756460716347653
2019_04_SEA_ARI,2019,4,ARI,SEA,-17.0,-3.7569093885020437
2019_04_TB_LA,2019,4,LA,TB,-15.0,7.955416596314237
2019_04_MIN_CHI,2019,4,CHI,MIN,10.0,3.6276726889804705
2019_04_JAX_DEN,2019,4,DEN,JAX,-2.0,1.3147699346745974
2019_04_DAL_NO,2019,4,NO,DAL,2.0,3.4896819982509797
2019_04_CIN_PIT,2019,4,PIT,CIN,24.0,4.362600555362023
2019_05_LA_SEA,2019,5,SEA,LA,1.0,3.5349548317963
2019_05_JAX_CAR,2019,5,CAR,JAX,7.0,3.858931229448073
2019_05_ARI_CIN,2019,5,CIN,ARI,-3.0,1.9553325312573693
2019_05_ATL_HOU,2019,5,HOU,ATL,21.0,3.8186864267010123
2019_05_TB_NO,2019,5,NO,TB,7.0,8.358934565438483
2019_05_MIN_NYG,2019,5,NYG,MIN,-18.0,0.4539369948665302
2019_05_CHI_OAK,2019,5,OAK,CHI,3.0,-5.169974623086251
2019_05_NYJ_PHI,2019,5,PHI,NYJ,25.0,9.599688365596547
2019_05_BAL_PIT,2019,5,PIT,BAL,-3.0,0.8506202455584077
2019_05_BUF_TEN,2019,5,TEN,BUF,-7.0,3.336875955837745
2019_05_NE_WAS,2019,5,WAS,NE,-26.0,-7.006730666254228
2019_05_DEN_LAC,2019,5,LAC,DEN,-7.0,8.308661750089682
2019_05_GB_DAL,2019,5,DAL,GB,-10.0,6.666654686126759
2019_05_IND_KC,2019,5,KC,IND,-6.0,8.803075584760967
2019_05_CLE_SF,2019,5,SF,CLE,28.0,4.634746126279158
2019_06_NYG_NE,2019,6,NE,NYG,21.0,12.804616026221199
2019_06_CAR_TB,2019,6,TB,CAR,-11.0,-0.13780827639038784
2019_06_CIN_BAL,2019,6,BAL,CIN,6.0,9.974376760788255
2019_06_SEA_CLE,2019,6,CLE,SEA,-4.0,-4.702657041357065
2019_06_NO_JAX,2019,6,JAX,NO,-7.0,-2.6383153711159495
2019_06_HOU_KC,2019,6,KC,HOU,-7.0,7.4565157198461165
2019_06_WAS_MIA,2019,6,MIA,WAS,-1.0,1.5171685443726164
2019_06_PHI_MIN,2019,6,MIN,PHI,18.0,3.4717363497545364
2019_06_ATL_ARI,2019,6,ARI,ATL,1.0,0.9291771140385279
2019_06_SF_LA,2019,6,LA,SF,-13.0,3.4420194739603156
2019_06_TEN_DEN,2019,6,DEN,TEN,16.0,-0.249376007280109
2019_06_DAL_NYJ,2019,6,NYJ,DAL,2.0,-5.327705580442117
2019_06_PIT_LAC,2019,6,LAC,PIT,-7.0,3.3083918895769058
2019_06_DET_GB,2019,6,GB,DET,1.0,3.7767322770887954
2019_07_KC_DEN,2019,7,DEN,KC,-24.0,-3.65015673702838
2019_07_LA_ATL,2019,7,ATL,LA,-27.0,0.08645168791797653
2019_07_MIA_BUF,2019,7,BUF,MIA,10.0,8.029306530259687
2019_07_JAX_CIN,2019,7,CIN,JAX,-10.0,-0.040882060448063424
2019_07_MIN_DET,2019,7,DET,MIN,-12.0,0.3520031767431726
2019_07_OAK_GB,2019,7,GB,OAK,18.0,6.201971281245642
2019_07_HOU_IND,2019,7,IND,HOU,7.0,3.228979961563403
2019_07_ARI_NYG,2019,7,NYG,ARI,-6.0,1.9605986145024137
2019_07_SF_WAS,2019,7,WAS,SF,-9.0,-6.148428516756141
2019_07_LAC_TEN,2019,7,TEN,LAC,3.0,1.679842946756785
2019_07_NO_CHI,2019,7,CHI,NO,-11.0,-1.7304873667057707
2019_07_BAL_SEA,2019,7,SEA,BAL,-14.0,4.961579508800966
2019_07_PHI_DAL,2019,7,DAL,PHI,27.0,3.09432438757924
2019_07_NE_NYJ,2019,7,NYJ,NE,-33.0,-5.933044341114089
2019_08_WAS_MIN,2019,8,MIN,WAS,10.0,12.247544044852951
2019_08_SEA_ATL,2019,8,ATL,SEA,-7.0,-3.4518547897823937
2019_08_PHI_BUF,2019,8,BUF,PHI,-18.0,2.181191938713834
2019_08_LAC_CHI,2019,8,CHI,LAC,-1.0,3.562905537899195
2019_08_NYG_DET,2019,8,DET,NYG,5.0,4.823781047018869
2019_08_DEN_IND,2019,8,IND,DEN,2.0,8.711736930717292
2019_08_NYJ_JAX,2019,8,JAX,NYJ,14.0,6.90420901644096
2019_08_CIN_LA,2019,8,LA,CIN,14.0,10.340335698129431
2019_08_ARI_NO,2019,8,NO,ARI,22.0,9.445161852570783
2019_08_TB_TEN,2019,8,TEN,TB,4.0,3.636120188780323
2019_08_CAR_SF,2019,8,SF,CAR,38.0,4.346353286587539
2019_08_OAK_HOU,2019,8,HOU,OAK,3.0,7.6418712969198594
2019_08_CLE_NE,2019,8,NE,CLE,14.0,11.655323710245892
2019_08_GB_KC,2019,8,KC,GB,-7.0,6.080829366454162
2019_08_MIA_PIT,2019,8,PIT,MIA,13.0,9.635787278062422
2019_09_SF_ARI,2019,9,ARI,SF,-3.0,-3.6641435253286376
2019_09_HOU_JAX,2019,9,JAX,HOU,-23.0,-3.251141366683764
2019_09_WAS_BUF,2019,9,BUF,WAS,15.0,8.54049531763075
2019_09_TEN_CAR,2019,9,CAR,TEN,10.0,2.4812551329505848
2019_09_MIN_KC,2019,9,KC,MIN,3.0,4.486379436667024
2019_09_NYJ_MIA,2019,9,MIA,NYJ,8.0,1.3563107560534013
2019_09_CHI_PHI,2019,9,PHI,CHI,8.0,3.3822502847389595
2019_09_IND_PIT,2019,9,PIT,IND,2.0,1.62886527484038
2019_09_DET_OAK,2019,9,OAK,DET,7.0,-3.348473951890407
2019_09_TB_SEA,2019,9,SEA,TB,6.0,7.638014133382529
2019_09_CLE_DEN,2019,9,DEN,CLE,5.0,3.501357470684356
2019_09_GB_LAC,2019,9,LAC,GB,15.0,-2.3781777148291385
2019_09_NE_BAL,2019,9,BAL,NE,17.0,0.9840370080678631
2019_09_DAL_NYG,2019,9,NYG,DAL,-19.0,-5.45520721568094
2019_10_LAC_OAK,2019,10,OAK,LAC,2.0,-2.3510705982312783
2019_10_DET_CHI,2019,10,CHI,DET,7.0,4.708994931429712
2019_10_BAL_CIN,2019,10,CIN,BAL,-36.0,-4.0272393281521435
2019_10_BUF_CLE,2019,10,CLE,BUF,3.0,-2.744699477136634
2019_10_ATL_NO,2019,10,NO,ATL,-17.0,9.66941585348411
2019_10_NYG_NYJ,2019,10,NYJ,NYG,7.0,1.5195460493841715
2019_10_ARI_TB,2019,10,TB,ARI,3.0,2.3258587289098855
2019_10_KC_TEN,2019,10,TEN,KC,3.0,-3.35774725371008
2019_10_MIA_IND,2019,10,IND,MIA,-4.0,10.888551616473523
2019_10_CAR_GB,2019,10,GB,CAR,8.0,5.558701249646165
2019_10_LA_PIT,2019,10,PIT,LA,5.0,2.5421400514182277
2019_10_MIN_DAL,2019,10,DAL,MIN,-4.0,4.738137604088703
2019_10_SEA_SF,2019,10,SF,SEA,-3.0,3.813653673273553
2019_11_PIT_CLE,2019,11,CLE,PIT,14.0,-3.269855374685392
2019_11_HOU_BAL,2019,11,BAL,HOU,34.0,6.8220583003874875
2019_11_ATL_CAR,2019,11,CAR,ATL,-26.0,3.887662288507157
2019_11_DAL_DET,2019,11,DET,DAL,-8.0,0.06664362590256676
2019_11_JAX_IND,2019,11,IND,JAX,20.0,6.174949628597236
2019_11_BUF_MIA,2019,11,MIA,BUF,-17.0,-1.5288987394893143
2019_11_DEN_MIN,2019,11,MIN,DEN,4.0,10.202240269586076
2019_11_NO_TB,2019,11,TB,NO,-17.0,-4.954738308551974
2019_11_NYJ_WAS,2019,11,WAS,NYJ,-17.0,3.049193880919149
2019_11_ARI_SF,2019,11,SF,ARI,10.0,10.315693888345043
2019_11_CIN_OAK,2019,11,OAK,CIN,7.0,6.352713831363612
2019_11_NE_PHI,2019,11,PHI,NE,-7.0,-1.8850996074219564
2019_11_CHI_LA,2019,11,LA,CHI,10.0,3.518124371684338
2019_11_KC_LAC,2019,11,LAC,KC,-7.0,0.202845826566482
2019_12_IND_HOU,2019,12,HOU,IND,3.0,5.111191537533213
2019_12_TB_ATL,2019,12,ATL,TB,-13.0,5.736792397035328
2019_12_DEN_BUF,2019,12,BUF,DEN,17.0,4.860981557188061
2019_12_NYG_CHI,2019,12,CHI,NYG,5.0,9.734060751752303
2019_12_PIT_CIN,2019,12,CIN,PIT,-6.0,-4.7659209899684
2019_12_MIA_CLE,2019,12,CLE,MIA,17.0,7.682724130500673
2019_12_CAR_NO,2019,12,NO,CAR,3.0,9.24164426238096
2019_12_OAK_NYJ,2019,12,NYJ,OAK,31.0,0.020124427447428178
2019_12_SEA_PHI,2019,12,PHI,SEA,-8.0,-1.1058020573227902
2019_12_DET_WAS,2019,12,WAS,DET,3.0,-4.448947521398659
2019_12_JAX_TEN,2019,12,TEN,JAX,22.0,4.546363925116501
2019_12_DAL_NE,2019,12,NE,DAL,4.0,2.9161465844582786
2019_12_GB_SF,2019,12,SF,GB,29.0,3.019434835547176
2019_12_BAL_LA,2019,12,LA,BAL,-39.0,-2.8958023808325613
2019_13_CHI_DET,2019,13,DET,CHI,-4.0,0.5615018432446476
2019_13_BUF_DAL,2019,13,DAL,BUF,-11.0,4.116891638219313
2019_13_NO_ATL,2019,13,ATL,NO,-8.0,-2.5821419447633254
2019_13_SF_BAL,2019,13,BAL,SF,3.0,8.046945284179683
2019_13_WAS_CAR,2019,13,CAR,WAS,-8.0,6.851502746125302
2019_13_NYJ_CIN,2019,13,CIN,NYJ,16.0,-1.8352769994103837
2019_13_TEN_IND,2019,13,IND,TEN,-14.0,2.434648087101696
2019_13_TB_JAX,2019,13,JAX,TB,-17.0,-0.058194522976007024
2019_13_PHI_MIA,2019,13,MIA,PHI,6.0,-5.145246818878304
2019_13_GB_NYG,2019,13,NYG,GB,-18.0,-4.491830294504994
2019_13_CLE_PIT,2019,13,PIT,CLE,7.0,3.4640065226792442
2019_13_LA_ARI,2019,13,ARI,LA,-27.0,-3.1662438477383974
2019_13_LAC_DEN,2019,13,DEN,LAC,3.0,-2.8714446976621444
2019_13_OAK_KC,2019,13,KC,OAK,31.0,10.666865440626097
2019_13_NE_HOU,2019,13,HOU,NE,6.0,1.4191820983067966
2019_13_MIN_SEA,2019,13,SEA,MIN,7.0,3.488061206212544
2019_14_DAL_CHI,2019,14,CHI,DAL,7.0,2.0090990755144076
2019_14_CAR_ATL,2019,14,ATL,CAR,20.0,3.190793870281656
2019_14_BAL_BUF,2019,14,BUF,BAL,-7.0,-2.84838989816313
2019_14_CIN_CLE,2019,14,CLE,CIN,8.0,7.897180171899752
2019_14_WAS_GB,2019,14,GB,WAS,5.0,11.444704495522078
2019_14_DEN_HOU,2019,14,HOU,DEN,-14.0,9.351797526101429
2019_14_DET_MIN,2019,14,MIN,DET,13.0,8.934559481264108
2019_14_SF_NO,2019,14,NO,SF,-2.0,5.055903354191642
2019_14_MIA_NYJ,2019,14,NYJ,MIA,1.0,3.904314856536468
2019_14_IND_TB,2019,14,TB,IND,3.0,2.6678590964916733
2019_14_LAC_JAX,2019,14,JAX,LAC,-35.0,-2.3468458999693267
2019_14_PIT_ARI,2019,14,ARI,PIT,-6.0,-4.468187544647622
2019_14_KC_NE,2019,14,NE,KC,-7.0,3.42004902680182
2019_14_TEN_OAK,2019,14,OAK,TEN,-21.0,-5.5607629699995185
2019_14_SEA_LA,2019,14,LA,SEA,16.0,-0.5165368132906731
2019_14_NYG_PHI,2019,14,PHI,NYG,6.0,10.532120670931254
2019_15_NYJ_BAL,2019,15,BAL,NYJ,21.0,11.389765007757726
2019_15_SEA_CAR,2019,15,CAR,SEA,-6.0,-4.322514067229326
2019_15_NE_CIN,2019,15,CIN,NE,-21.0,-5.845333302278899
2019_15_TB_DET,2019,15,DET,TB,-21.0,-0.8875797565969823
2019_15_CHI_GB,2019,15,GB,CHI,8.0,4.063270881953733
2019_15_DEN_KC,2019,15,KC,DEN,20.0,10.392169915298561
2019_15_MIA_NYG,2019,15,NYG,MIA,16.0,-1.5865414790544545
2019_15_HOU_TEN,2019,15,TEN,HOU,-3.0,6.01159565804505
2019_15_PHI_WAS,2019,15,WAS,PHI,-10.0,-4.331794939406704
2019_15_CLE_ARI,2019,15,ARI,CLE,14.0,-4.2871003638137655
2019_15_MIN_LAC,2019,15,LAC,MIN,-29.0,1.5055654849212554
2019_15_JAX_OAK,2019,15,OAK,JAX,-4.0,2.35017366187261
2019_15_LA_DAL,2019,15,DAL,LA,23.0,0.976233585642684
2019_15_ATL_SF,2019,15,SF,ATL,-7.0,9.475225576341986
2019_15_BUF_PIT,2019,15,PIT,BUF,-7.0,3.414913137850956
2019_15_IND_NO,2019,15,NO,IND,27.0,8.120711417726884
2019_16_HOU_TB,2019,16,TB,HOU,-3.0,2.3795189210437786
2019_16_BUF_NE,2019,16,NE,BUF,7.0,6.203685191186445
2019_16_LA_SF,2019,16,SF,LA,3.0,4.299683655087661
2019_16_JAX_ATL,2019,16,ATL,JAX,12.0,7.371791386750064
2019_16_BAL_CLE,2019,16,CLE,BAL,-16.0,-4.307476125517244
2019_16_CAR_IND,2019,16,IND,CAR,32.0,3.29135582674145
2019_16_CIN_MIA,2019,16,MIA,CIN,3.0,2.650371814581959
2019_16_PIT_NYJ,2019,16,NYJ,PIT,6.0,-2.6669982656252325
2019_16_NO_TEN,2019,16,TEN,NO,-10.0,-0.2817660934771456
2019_16_NYG_WAS,2019,16,WAS,NYG,-6.0,2.6179999440079333
2019_16_DET_DEN,2019,16,DEN,DET,10.0,5.579423353652654
2019_16_OAK_LAC,2019,16,LAC,OAK,-7.0,7.023318351683059
2019_16_DAL_PHI,2019,16,PHI,DAL,8.0,1.8806773240258479
2019_16_ARI_SEA,2019,16,SEA,ARI,-14.0,10.296163424993985
2019_16_KC_CHI,2019,16,CHI,KC,-23.0,-1.3440430317425853
2019_16_GB_MIN,2019,16,MIN,GB,-13.0,6.2894642124962
2019_17_NYJ_BUF,2019,17,BUF,NYJ,-7.0,8.05423681431067
2019_17_NO_CAR,2019,17,CAR,NO,-32.0,-6.202026824526558
2019_17_CLE_CIN,2019,17,CIN,CLE,10.0,-3.498749838572906
2019_17_GB_DET,2019,17,DET,GB,-3.0,-3.9027133777888783
2019_17_LAC_KC,2019,17,KC,LAC,10.0,9.909693179439252
2019_17_CHI_MIN,2019,17,MIN,CHI,-2.0,4.966673198758494
2019_17_MIA_NE,2019,17,NE,MIA,-3.0,9.833471173603899
2019_17_ATL_TB,2019,17,TB,ATL,-6.0,3.0872622566033936
2019_17_PIT_BAL,2019,17,BAL,PIT,18.0,8.079546895591553
2019_17_WAS_DAL,2019,17,DAL,WAS,31.0,9.705527171228475
2019_17_OAK_DEN,2019,17,DEN,OAK,1.0,5.952270516289864
2019_17_TEN_HOU,2019,17,HOU,TEN,-21.0,4.401762478015433
2019_17_IND_JAX,2019,17,JAX,IND,18.0,-5.196342883015
2019_17_ARI_LA,2019,17,LA,ARI,7.0,7.469137091217005
2019_17_PHI_NYG,2019,17,NYG,PHI,-17.0,-3.4654501201523282
2019_17_SF_SEA,2019,17,SEA,SF,-5.0,3.723229130814806
2020_01_HOU_KC,2020,1,KC,HOU,14.0,7.2870716077931075
2020_01_SEA_ATL,2020,1,ATL,SEA,-13.0,2.509377823072159
2020_01_CLE_BAL,2020,1,BAL,CLE,32.0,11.185913326849263
2020_01_NYJ_BUF,2020,1,BUF,NYJ,10.0,4.04054048837604
2020_01_LV_CAR,2020,1,CAR,LV,-4.0,-0.5113157289617571
2020_01_CHI_DET,2020,1,DET,CHI,-4.0,-1.0868040953730378
2020_01_IND_JAX,2020,1,JAX,IND,7.0,0.4508661618793465
2020_01_GB_MIN,2020,1,MIN,GB,-9.0,3.050417730255931
2020_01_MIA_NE,2020,1,NE,MIA,10.0,8.724161812942398
2020_01_PHI_WAS,2020,1,WAS,PHI,10.0,-5.8510243496745025
2020_01_LAC_CIN,2020,1,CIN,LAC,-3.0,-1.3771477910011043
2020_01_TB_NO,2020,1,NO,TB,11.0,9.57007132063528
2020_01_ARI_SF,2020,1,SF,ARI,-4.0,9.328012869177474
2020_01_DAL_LA,2020,1,LA,DAL,3.0,2.0726329683800553
2020_01_PIT_NYG,2020,1,NYG,PIT,-10.0,-0.21472489571176206
2020_01_TEN_DEN,2020,1,DEN,TEN,-2.0,-2.458744744200957
2020_02_CIN_CLE,2020,2,CLE,CIN,5.0,1.4255231724012176
2020_02_NYG_CHI,2020,2,CHI,NYG,4.0,8.751114617075142
2020_02_ATL_DAL,2020,2,DAL,ATL,1.0,4.786967606847575
2020_02_DET_GB,2020,2,GB,DET,21.0,12.074501738792888
2020_02_MIN_IND,2020,2,IND,MIN,17.0,0.7514531377209086
2020_02_BUF_MIA,2020,2,MIA,BUF,-3.0,-3.4011855339445782
2020_02_SF_NYJ,2020,2,NYJ,SF,-18.0,-1.77654146456771
2020_02_LA_PHI,2020,2,PHI,LA,-18.0,0.7786631658987979
2020_02_DEN_PIT,2020,2,PIT,DEN,5.0,5.086634668706581
2020_02_CAR_TB,2020,2,TB,CAR,14.0,4.00942222136324
2020_02_JAX_TEN,2020,2,TEN,JAX,3.0,4.866498492432224
2020_02_WAS_ARI,2020,2,ARI,WAS,15.0,6.163378477601647
2020_02_BAL_HOU,2020,2,HOU,BAL,-17.0,-6.075845229853458
2020_02_KC_LAC,2020,2,LAC,KC,-3.0,-5.494312346484913
2020_02_NE_SEA,2020,2,SEA,NE,5.0,4.610135035995732
2020_02_NO_LV,2020,2,LV,NO,10.0,-1.3198534158796815
2020_03_MIA_JAX,2020,3,JAX,MIA,-18.0,4.442440690143208
2020_03_CHI_ATL,2020,3,ATL,CHI,-4.0,2.2689774466150006
2020_03_LA_BUF,2020,3,BUF,LA,3.0,1.573205586391369
2020_03_WAS_CLE,2020,3,CLE,WAS,14.0,2.787532518526397
2020_03_TEN_MIN,2020,3,MIN,TEN,-1.0,-0.03801841907396109
2020_03_LV_NE,2020,3,NE,LV,16.0,6.324750650868773
2020_03_SF_NYG,2020,3,NYG,SF,-27.0,-3.0742039121138958
2020_03_CIN_PHI,2020,3,PHI,CIN,0.0,4.7259999220287785
2020_03_HOU_PIT,2020,3,PIT,HOU,7.0,4.967085951814516
2020_03_NYJ_IND,2020,3,IND,NYJ,29.0,5.2723485989771115
2020_03_CAR_LAC,2020,3,LAC,CAR,-5.0,5.709628796132552
2020_03_DET_ARI,2020,3,ARI,DET,-3.0,7.473911445468873
2020_03_TB_DEN,2020,3,DEN,TB,-18.0,1.5093034377987404
2020_03_DAL_SEA,2020,3,SEA,DAL,7.0,6.922467211689047
2020_03_GB_NO,2020,3,NO,GB,-7.0,2.778157322124178
2020_03_KC_BAL,2020,3,BAL,KC,-14.0,4.453513260710855
2020_04_DEN_NYJ,2020,4,NYJ,DEN,-9.0,1.0601297520198214
2020_04_ARI_CAR,2020,4,CAR,ARI,10.0,1.0684689094558746
2020_04_JAX_CIN,2020,4,CIN,JAX,8.0,0.316716284503472
2020_04_CLE_DAL,2020,4,DAL,CLE,-11.0,3.1957308946931238
2020_04_NO_DET,2020,4,DET,NO,-6.0,-4.085792573351034
2020_04_MIN_HOU,2020,4,HOU,MIN,-8.0,2.751286648334515
2020_04_SEA_MIA,2020,4,MIA,SEA,-8.0,-3.1971510241758905
2020_04_LAC_TB,2020,4,TB,LAC,7.0,6.111392110491716
2020_04_BAL_WAS,2020,4,WAS,BAL,-14.0,-6.225573820842491
2020_04_NYG_LA,2020,4,LA,NYG,8.0,11.413055695551611
2020_04_IND_CHI,2020,4,CHI,IND,-8.0,4.00515168361861
2020_04_BUF_LV,2020,4,LV,BUF,-7.0,3.445592369906689
2020_04_PHI_SF,2020,4,SF,PHI,-5.0,9.463032061214502
2020_04_NE_KC,2020,4,KC,NE,16.0,6.310133857974375
2020_04_ATL_GB,2020,4,GB,ATL,14.0,12.208269759052785
2020_05_TB_CHI,2020,5,CHI,TB,1.0,1.6909990422587764
2020_05_CAR_ATL,2020,5,ATL,CAR,-7.0,3.3263543071357695
2020_05_CIN_BAL,2020,5,BAL,CIN,24.0,10.758778981091858
2020_05_JAX_HOU,2020,5,HOU,JAX,16.0,4.289765958224446
2020_05_LV_KC,2020,5,KC,LV,-8.0,9.635975488919573
2020_05_ARI_NYJ,2020,5,NYJ,ARI,-20.0,-2.583923073224109
2020_05_PHI_PIT,2020,5,PIT,PHI,9.0,4.490955739817952
2020_05_LA_WAS,2020,5,WAS,LA,-20.0,-5.964267815320265
2020_05_MIA_SF,2020,5,SF,MIA,-26.0,7.214398323932984
2020_05_IND_CLE,2020,5,CLE,IND,9.0,3.1525728193546065
2020_05_NYG_DAL,2020,5,DAL,NYG,3.0,8.148570390325851
2020_05_MIN_SEA,2020,5,SEA,MIN,1.0,8.806159012167349
2020_05_LAC_NO,2020,5,NO,LAC,3.0,10.323446763237037
2020_05_BUF_TEN,2020,5,TEN,BUF,26.0,4.611434155329352
2020_06_CHI_CAR,2020,6,CAR,CHI,-7.0,1.4039412685898924
2020_06_CIN_IND,2020,6,IND,CIN,4.0,7.590450854544981
2020_06_DET_JAX,2020,6,JAX,DET,-18.0,2.9209717133260136
2020_06_ATL_MIN,2020,6,MIN,ATL,-17.0,4.337770811365275
2020_06_DEN_NE,2020,6,NE,DEN,-6.0,8.027273255256688
2020_06_WAS_NYG,2020,6,NYG,WAS,1.0,2.636536159782078
2020_06_BAL_PHI,2020,6,PHI,BAL,-2.0,-4.295194534097008
2020_06_CLE_PIT,2020,6,PIT,CLE,31.0,5.70608821292806
2020_06_HOU_TEN,2020,6,TEN,HOU,6.0,7.438625697052573
2020_06_NYJ_MIA,2020,6,MIA,NYJ,24.0,9.251880516710257
2020_06_GB_TB,2020,6,TB,GB,28.0,-3.1782121013728126
2020_06_LA_SF,2020,6,SF,LA,8.0,-1.528157738344797
2020_06_KC_BUF,2020,6,BUF,KC,-9.0,-0.454159221035856
2020_06_ARI_DAL,2020,6,DAL,ARI,-28.0,3.046882126555685
2020_07_NYG_PHI,2020,7,PHI,NYG,1.0,7.057252956134177
2020_07_DET_ATL,2020,7,ATL,DET,-1.0,4.669903592242799
2020_07_CLE_CIN,2020,7,CIN,CLE,-3.0,-1.6392035627672223
2020_07_GB_HOU,2020,7,HOU,GB,-15.0,-1.9412603816053378
2020_07_CAR_NO,2020,7,NO,CAR,3.0,11.626133310794229
2020_07_BUF_NYJ,2020,7,NYJ,BUF,-8.0,-7.824791592738661
2020_07_PIT_TEN,2020,7,TEN,PIT,-3.0,7.677740050592342
2020_07_DAL_WAS,2020,7,WAS,DAL,22.0,-3.0794277194261177
2020_07_TB_LV,2020,7,LV,TB,-25.0,3.348471444070128
2020_07_KC_DEN,2020,7,DEN,KC,-27.0,-6.432407400799186
2020_07_JAX_LAC,2020,7,LAC,JAX,10.0,4.845560880924736
2020_07_SF_NE,2020,7,NE,SF,-27.0,2.497480047302316
2020_07_SEA_ARI,2020,7,ARI,SEA,3.0,-0.6245969278268518
2020_07_CHI_LA,2020,7,LA,CHI,14.0,5.21725373667394
2020_08_ATL_CAR,2020,8,CAR,ATL,-8.0,3.2260651518940766
2020_08_PIT_BAL,2020,8,BAL,PIT,-4.0,4.624497434694938
2020_08_NE_BUF,2020,8,BUF,NE,3.0,4.428298752088818
2020_08_TEN_CIN,2020,8,CIN,TEN,11.0,-3.699471371852633
2020_08_LV_CLE,2020,8,CLE,LV,-10.0,4.1132891701495575
2020_08_IND_DET,2020,8,DET,IND,-20.0,-0.8198953522861462
2020_08_MIN_GB,2020,8,GB,MIN,-6.0,11.023914895932476
2020_08_NYJ_KC,2020,8,KC,NYJ,26.0,13.206116303122311
2020_08_LA_MIA,2020,8,MIA,LA,11.0,1.3330472957838602
2020_08_LAC_DEN,2020,8,DEN,LAC,1.0,1.772700725199958
2020_08_NO_CHI,2020,8,CHI,NO,-3.0,-3.9873660066649963
2020_08_SF_SEA,2020,8,SEA,SF,10.0,6.2719247766868635
2020_08_DAL_PHI,2020,8,PHI,DAL,14.0,4.643097102865786
2020_08_TB_NYG,2020,8,NYG,TB,-2.0,-5.290575928785671
2020_09_GB_SF,2020,9,SF,GB,-17.0,3.387417901969116
2020_09_DEN_ATL,2020,9,ATL,DEN,7.0,5.059820589155068
2020_09_SEA_BUF,2020,9,BUF,SEA,10.0,-1.2222138595432748
2020_09_BAL_IND,2020,9,IND,BAL,-14.0,1.5584727896012054
2020_09_HOU_JAX,2020,9,JAX,HOU,-2.0,-3.898661587117714
2020_09_CAR_KC,2020,9,KC,CAR,2.0,11.797855198853927
2020_09_DET_MIN,2020,9,MIN,DET,14.0,4.687994744192666
2020_09_CHI_TEN,2020,9,TEN,CHI,7.0,5.02932874801055
2020_09_NYG_WAS,2020,9,WAS,NYG,-3.0,2.656644879888633
2020_09_LV_LAC,2020,9,LAC,LV,-5.0,-0.12550841452091244
2020_09_MIA_ARI,2020,9,ARI,MIA,-3.0,4.796804925645125
2020_09_PIT_DAL,2020,9,DAL,PIT,-5.0,-6.263849775522632
2020_09_NO_TB,2020,9,TB,NO,-35.0,4.394357623209937
2020_09_NE_NYJ,2020,9,NYJ,NE,-3.0,-4.308615026835937
2020_10_IND_TEN,2020,10,TEN,IND,-17.0,5.964577744035465
2020_10_TB_CAR,2020,10,CAR,TB,-23.0,-3.73945056602543
2020_10_HOU_CLE,2020,10,CLE,HOU,3.0,2.953471177804447
2020_10_WAS_DET,2020,10,DET,WAS,3.0,2.343857792652126
2020_10_JAX_GB,2020,10,GB,JAX,4.0,13.258087303333008
2020_10_PHI_NYG,2020,10,NYG,PHI,10.0,-4.302464233804267
2020_10_BUF_ARI,2020,10,ARI,BUF,2.0,0.18796489668180338
2020_10_DEN_LV,2020,10,LV,DEN,25.0,6.12837441421015
2020_10_LAC_MIA,2020,10,MIA,LAC,8.0,5.86666930339883
2020_10_SEA_LA,2020,10,LA,SEA,7.0,4.088123127161041
2020_10_SF_NO,2020,10,NO,SF,14.0,6.087155604616936
2020_10_CIN_PIT,2020,10,PIT,CIN,26.0,9.95783607555244
2020_10_BAL_NE,2020,10,NE,BAL,6.0,-4.904084078267068
2020_10_MIN_CHI,2020,10,CHI,MIN,-6.0,1.5988778349603008
2020_11_ARI_SEA,2020,11,SEA,ARI,7.0,5.2779536627064765
2020_11_TEN_BAL,2020,11,BAL,TEN,-6.0,5.991994509780405
2020_11_DET_CAR,2020,11,CAR,DET,20.0,4.113281729853897
2020_11_PHI_CLE,2020,11,CLE,PHI,5.0,4.5244919784852815
2020_11_NE_HOU,2020,11,HOU,NE,7.0,-0.2875839567411496
2020_11_PIT_JAX,2020,11,JAX,PIT,-24.0,-5.623528727772019
2020_11_ATL_NO,2020,11,NO,ATL,15.0,7.034839872485289
2020_11_CIN_WAS,2020,11,WAS,CIN,11.0,0.9971443790232938
2020_11_MIA_DEN,2020,11,DEN,MIA,7.0,-1.7309272855491948
2020_11_NYJ_LAC,2020,11,LAC,NYJ,6.0,5.7415812338028624
2020_11_GB_IND,2020,11,IND,GB,3.0,0.5039146880351387
2020_11_DAL_MIN,2020,11,MIN,DAL,-3.0,7.174552506823347
2020_11_KC_LV,2020,11,LV,KC,-4.0,-3.7149241859195676
2020_11_LA_TB,2020,11,TB,LA,-3.0,4.101450444887826
2020_12_HOU_DET,2020,12,DET,HOU,-16.0,-0.6473278453885858
2020_12_WAS_DAL,2020,12,DAL,WAS,-25.0,1.931148547095283
2020_12_LV_ATL,2020,12,ATL,LV,37.0,-0.5163311560038877
2020_12_LAC_BUF,2020,12,BUF,LAC,10.0,9.422045864861522
2020_12_NYG_CIN,2020,12,CIN,NYG,-2.0,1.38915148347556
2020_12_TEN_IND,2020,12,IND,TEN,-19.0,3.8596108851274393
2020_12_CLE_JAX,2020,12,JAX,CLE,-2.0,-4.523807254586388
2020_12_CAR_MIN,2020,12,MIN,CAR,1.0,5.040492542205106
2020_12_ARI_NE,2020,12,NE,ARI,3.0,3.236115725967915
2020_12_MIA_NYJ,2020,12,NYJ,MIA,-17.0,-5.911642493640828
2020_12_NO_DEN,2020,12,DEN,NO,-28.0,-5.07212253404881
2020_12_SF_LA,2020,12,LA,SF,-3.0,4.108038589903706
2020_12_KC_TB,2020,12,TB,KC,-3.0,-3.984976027387135
2020_12_CHI_GB,2020,12,GB,CHI,16.0,9.24382942403436
2020_12_SEA_PHI,2020,12,PHI,SEA,-6.0,-3.672674534250458
2020_12_BAL_PIT,2020,12,PIT,BAL,5.0,5.304811531728584
2020_13_NO_ATL,2020,13,ATL,NO,-5.0,-2.3397252586704327
2020_13_DET_CHI,2020,13,CHI,DET,-4.0,4.950589649917615
2020_13_IND_HOU,2020,13,HOU,IND,-6.0,2.8822876455179984
2020_13_CIN_MIA,2020,13,MIA,CIN,12.0,9.941590370867623
2020_13_JAX_MIN,2020,13,MIN,JAX,3.0,8.817521187648495
2020_13_LV_NYJ,2020,13,NYJ,LV,-3.0,-5.482395673659767
2020_13_CLE_TEN,2020,13,TEN,CLE,-6.0,9.646633163806385
2020_13_LA_ARI,2020,13,ARI,LA,-10.0,0.8190602181408851
2020_13_NYG_SEA,2020,13,SEA,NYG,-5.0,11.76492897172321
2020_13_PHI_GB,2020,13,GB,PHI,14.0,11.996480842674513
2020_13_NE_LAC,2020,13,LAC,NE,-45.0,0.31818206154234013
2020_13_DEN_KC,2020,13,KC,DEN,6.0,12.398923065069878
2020_13_WAS_PIT,2020,13,PIT,WAS,-6.0,9.425061984451506
2020_13_BUF_SF,2020,13,SF,BUF,-10.0,1.0287833743448875
2020_13_DAL_BAL,2020,13,BAL,DAL,17.0,11.307439220898617
2020_14_NE_LA,2020,14,LA,NE,21.0,3.4792062177228957
2020_14_DEN_CAR,2020,14,CAR,DEN,-5.0,2.6191905082605462
2020_14_HOU_CHI,2020,14,CHI,HOU,29.0,1.4584523236257583
2020_14_DAL_CIN,2020,14,CIN,DAL,-23.0,1.3233226568623022
2020_14_TEN_JAX,2020,14,JAX,TEN,-21.0,-5.353451317745802
2020_14_KC_MIA,2020,14,MIA,KC,-6.0,-4.957021139697183
2020_14_ARI_NYG,2020,14,NYG,ARI,-19.0,0.9607296037005996
2020_14_MIN_TB,2020,14,TB,MIN,12.0,3.221449598780991
2020_14_IND_LV,2020,14,LV,IND,-17.0,1.7982605478443956
2020_14_NYJ_SEA,2020,14,SEA,NYJ,37.0,11.665571237754211
2020_14_GB_DET,2020,14,DET,GB,-7.0,-3.8364033831518696
2020_14_ATL_LAC,2020,14,LAC,ATL,3.0,-3.296744773612134
2020_14_NO_PHI,2020,14,PHI,NO,3.0,-5.931948095412407
2020_14_WAS_SF,2020,14,SF,WAS,-8.0,2.592884414102123
2020_14_PIT_BUF,2020,14,BUF,PIT,11.0,7.083302909614087
2020_14_BAL_CLE,2020,14,CLE,BAL,-5.0,0.8055725307821635
2020_15_LAC_LV,2020,15,LV,LAC,-3.0,5.945276155308844
2020_15_BUF_DEN,2020,15,DEN,BUF,-29.0,-5.643438071959503
2020_15_CAR_GB,2020,15,GB,CAR,8.0,13.887786632522783
2020_15_TB_ATL,2020,15,ATL,TB,-4.0,-0.1884889932272975
2020_15_JAX_BAL,2020,15,BAL,JAX,26.0,11.145062560844943
2020_15_SF_DAL,2020,15,DAL,SF,8.0,1.2453489306898478
2020_15_HOU_IND,2020,15,IND,HOU,7.0,6.820915581136343
2020_15_NE_MIA,2020,15,MIA,NE,10.0,2.354454440022713
2020_15_CHI_MIN,2020,15,MIN,CHI,-6.0,2.5227687996700237
2020_15_DET_TEN,2020,15,TEN,DET,21.0,11.844159708799339
2020_15_SEA_WAS,2020,15,WAS,SEA,-5.0,-1.8857589874945309
2020_15_PHI_ARI,2020,15,ARI,PHI,7.0,3.884298937515128
2020_15_NYJ_LA,2020,15,LA,NYJ,-3.0,11.628465585376
2020_15_KC_NO,2020,15,NO,KC,-3.0,-0.7173284941233766
2020_15_CLE_NYG,2020,15,NYG,CLE,-14.0,-2.686025652160859
2020_15_PIT_CIN,2020,15,CIN,PIT,10.0,-5.673868134544604
2020_16_MIN_NO,2020,16,NO,MIN,19.0,9.338298228394523
2020_16_TB_DET,2020,16,DET,TB,-40.0,-4.860784963035381
2020_16_SF_ARI,2020,16,ARI,SF,-8.0,4.935872742252526
2020_16_MIA_LV,2020,16,LV,MIA,-1.0,-0.2430771143043065
2020_16_NYG_BAL,2020,16,BAL,NYG,14.0,13.470223409797134
2020_16_CIN_HOU,2020,16,HOU,CIN,-6.0,4.680861088610162
2020_16_CHI_JAX,2020,16,JAX,CHI,-24.0,-6.424915118909635
2020_16_ATL_KC,2020,16,KC,ATL,3.0,14.823445200102546
2020_16_CLE_NYJ,2020,16,NYJ,CLE,7.0,-7.39065997923905
2020_16_IND_PIT,2020,16,PIT,IND,4.0,2.5908940289762508
2020_16_DEN_LAC,2020,16,LAC,DEN,3.0,2.42700779870149
2020_16_CAR_WAS,2020,16,WAS,CAR,-7.0,4.5681690057402475
2020_16_PHI_DAL,2020,16,DAL,PHI,20.0,2.2534978606967906
2020_16_LA_SEA,2020,16,SEA,LA,11.0,4.8218431616535655
2020_16_TEN_GB,2020,16,GB,TEN,26.0,8.088335356872253
2020_16_BUF_NE,2020,16,NE,BUF,-29.0,-4.328601574819843
2020_17_MIA_BUF,2020,17,BUF,MIA,30.0,6.111716930887318
2020_17_BAL_CIN,2020,17,CIN,BAL,-35.0,-6.093718754721982
2020_17_PIT_CLE,2020,17,CLE,PIT,2.0,0.11149677076647262
2020_17_MIN_DET,2020,17,DET,MIN,-2.0,-3.284302004688272
2020_17_NYJ_NE,2020,17,NE,NYJ,14.0,8.059555725853738
2020_17_DAL_NYG,2020,17,NYG,DAL,4.0,-2.3664097072240784
2020_17_ATL_TB,2020,17,TB,ATL,17.0,7.751504709411855
2020_17_NO_CAR,2020,17,CAR,NO,-26.0,-2.122764749320387
2020_17_GB_CHI,2020,17,CHI,GB,-19.0,-2.8230769223856007
2020_17_LV_DEN,2020,17,DEN,LV,-1.0,2.023674612413349
2020_17_TEN_HOU,2020,17,HOU,TEN,-3.0,-2.9180103141893285
2020_17_JAX_IND,2020,17,IND,JAX,14.0,12.249985594920487
2020_17_LAC_KC,2020,17,KC,LAC,-17.0,13.930342389200757
2020_17_ARI_LA,2020,17,LA,ARI,11.0,6.851983595331716
2020_17_SEA_SF,2020,17,SF,SEA,-3.0,-0.8618459204784863
2020_17_WAS_PHI,2020,17,PHI,WAS,-6.0,1.0262294375544607
2021_01_DAL_TB,2021,1,TB,DAL,2.0,10.033339317582906
2021_01_PHI_ATL,2021,1,ATL,PHI,-26.0,4.0424816917166
2021_01_PIT_BUF,2021,1,BUF,PIT,-7.0,8.036564372046618
2021_01_NYJ_CAR,2021,1,CAR,NYJ,5.0,4.467832947384491
2021_01_MIN_CIN,2021,1,CIN,MIN,3.0,-2.4356552205926763
2021_01_SF_DET,2021,1,DET,SF,-8.0,-0.591846702043282
2021_01_JAX_HOU,2021,1,HOU,JAX,16.0,4.818950891862732
2021_01_SEA_IND,2021,1,IND,SEA,-12.0,3.1019005331999847
2021_01_ARI_TEN,2021,1,TEN,ARI,-25.0,5.758873617498172
2021_01_LAC_WAS,2021,1,WAS,LAC,-4.0,0.9743895725044249
2021_01_CLE_KC,2021,1,KC,CLE,4.0,8.132664217926642
2021_01_MIA_NE,2021,1,NE,MIA,-1.0,2.1804745575407405
2021_01_GB_NO,2021,1,NO,GB,35.0,4.476516373887867
2021_01_DEN_NYG,2021,1,NYG,DEN,-14.0,1.232432380294255
2021_01_CHI_LA,2021,1,LA,CHI,20.0,4.31833992845227
2021_01_BAL_LV,2021,1,LV,BAL,6.0,-2.1312397137915005
2021_02_NYG_WAS,2021,2,WAS,NYG,1.0,2.9374391257201378
2021_02_NO_CAR,2021,2,CAR,NO,19.0,-8.058572428177898
2021_02_CIN_CHI,2021,2,CHI,CIN,3.0,4.145702799782454
2021_02_HOU_CLE,2021,2,CLE,HOU,10.0,3.6186698672994306
2021_02_LA_IND,2021,2,IND,LA,-3.0,0.176148410402677
2021_02_DEN_JAX,2021,2,JAX,DEN,-10.0,-6.013888178031425
2021_02_BUF_MIA,2021,2,MIA,BUF,-35.0,0.7837686528974404
2021_02_NE_NYJ,2021,2,NYJ,NE,-19.0,-6.918345829826762
2021_02_SF_PHI,2021,2,PHI,SF,-6.0,3.549066211048909
2021_02_LV_PIT,2021,2,PIT,LV,-9.0,6.188358751808371
2021_02_MIN_ARI,2021,2,ARI,MIN,1.0,5.447943942158528
2021_02_ATL_TB,2021,2,TB,ATL,23.0,9.138359920833576
2021_02_DAL_LAC,2021,2,LAC,DAL,-3.0,2.474134047041168
2021_02_TEN_SEA,2021,2,SEA,TEN,-3.0,9.994791999960771
2021_02_KC_BAL,2021,2,BAL,KC,1.0,-1.5621193223932195
2021_02_DET_GB,2021,2,GB,DET,18.0,10.638322351213565
2021_03_CAR_HOU,2021,3,HOU,CAR,-15.0,0.29083701099144166
2021_03_WAS_BUF,2021,3,BUF,WAS,22.0,7.829968392842983
2021_03_CHI_CLE,2021,3,CLE,CHI,20.0,4.588989381529173
2021_03_BAL_DET,2021,3,DET,BAL,-2.0,-3.8583956810747817
2021_03_ARI_JAX,2021,3,JAX,ARI,-12.0,-5.346670694286367
2021_03_LAC_KC,2021,3,KC,LAC,-6.0,7.022592820382942
2021_03_NO_NE,2021,3,NE,NO,-15.0,0.7705873415617067
2021_03_ATL_NYG,2021,3,NYG,ATL,-3.0,3.2151268958358843
2021_03_CIN_PIT,2021,3,PIT,CIN,-14.0,6.999952254627884
2021_03_IND_TEN,2021,3,TEN,IND,9.0,2.2527627876533782
2021_03_NYJ_DEN,2021,3,DEN,NYJ,26.0,9.50583087255754
2021_03_MIA_LV,2021,3,LV,MIA,3.0,5.2606014947919375
2021_03_TB_LA,2021,3,LA,TB,10.0,4.439246590600545
2021_03_SEA_MIN,2021,3,MIN,SEA,13.0,0.18019918311278846
2021_03_GB_SF,2021,3,SF,GB,-2.0,0.9720970716396784
2021_03_PHI_DAL,2021,3,DAL,PHI,20.0,3.717804346626684
2021_04_JAX_CIN,2021,4,CIN,JAX,3.0,7.3630594039757105
2021_04_WAS_ATL,2021,4,ATL,WAS,-4.0,0.9655643035944637
2021_04_HOU_BUF,2021,4,BUF,HOU,40.0,11.647540526063315
2021_04_DET_CHI,2021,4,CHI,DET,10.0,5.155037728536983
2021_04_CAR_DAL,2021,4,DAL,CAR,8.0,4.018822108012651
2021_04_IND_MIA,2021,4,MIA,IND,-10.0,0.9332126557750812
2021_04_CLE_MIN,2021,4,MIN,CLE,-7.0,2.5372438596952036
2021_04_NYG_NO,2021,4,NO,NYG,-6.0,9.96721000480872
2021_04_TEN_NYJ,2021,4,NYJ,TEN,3.0,-5.646919671526153
2021_04_KC_PHI,2021,4,PHI,KC,-12.0,-4.0166262452723585
2021_04_ARI_LA,2021,4,LA,ARI,-17.0,6.43366608849063
2021_04_SEA_SF,2021,4,SF,SEA,-7.0,3.3773058778301883
2021_04_BAL_DEN,2021,4,DEN,BAL,-16.0,1.4351673686582849
2021_04_PIT_GB,2021,4,GB,PIT,10.0,7.1237760174300835
2021_04_TB_NE,2021,4,NE,TB,-2.0,-4.435774079933001
2021_04_LV_LAC,2021,4,LAC,LV,14.0,3.9855287737779554
2021_05_LA_SEA,2021,5,SEA,LA,-9.0,5.52631001173375
2021_05_NYJ_ATL,2021,5,ATL,NYJ,7.0,3.8397278418979015
2021_05_PHI_CAR,2021,5,CAR,PHI,-3.0,3.154078406798929
2021_05_GB_CIN,2021,5,CIN,GB,-3.0,-2.835901442881751
2021_05_NE_HOU,2021,5,HOU,NE,-3.0,-4.034807959953516
2021_05_TEN_JAX,2021,5,JAX,TEN,-18.0,-5.681729422264229
2021_05_DET_MIN,2021,5,MIN,DET,2.0,8.846322345558697
2021_05_DEN_PIT,2021,5,PIT,DEN,8.0,0.38153972572312017
2021_05_MIA_TB,2021,5,TB,MIA,28.0,10.011446613346068
2021_05_NO_WAS,2021,5,WAS,NO,-11.0,-2.9772327094126263
2021_05_CLE_LAC,2021,5,LAC,CLE,5.0,3.081596995338127
2021_05_CHI_LV,2021,5,LV,CHI,-11.0,5.235447943968466
2021_05_SF_ARI,2021,5,ARI,SF,7.0,5.289612306814193
2021_05_NYG_DAL,2021,5,DAL,NYG,24.0,6.206333455828655
2021_05_BUF_KC,2021,5,KC,BUF,-18.0,4.400215632244247
2021_05_IND_BAL,2021,5,BAL,IND,6.0,7.794093880555816
2021_06_TB_PHI,2021,6,PHI,TB,-6.0,-5.221466727471493
2021_06_MIA_JAX,2021,6,JAX,MIA,3.0,-4.022366401187127
2021_06_LAC_BAL,2021,6,BAL,LAC,28.0,6.676447720831706
2021_06_MIN_CAR,2021,6,CAR,MIN,-6.0,2.9100786363118276
2021_06_GB_CHI,2021,6,CHI,GB,-10.0,-5.7908978122671115
2021_06_CIN_DET,2021,6,DET,CIN,-23.0,-1.9623186927605059
2021_06_HOU_IND,2021,6,IND,HOU,28.0,8.115633901712435
2021_06_LA_NYG,2021,6,NYG,LA,-27.0,-5.704363772892209
2021_06_KC_WAS,2021,6,WAS,KC,-18.0,-4.707822469959353
2021_06_ARI_CLE,2021,6,CLE,ARI,-23.0,1.1312952937962484
2021_06_LV_DEN,2021,6,DEN,LV,-10.0,1.7128971768146222
2021_06_DAL_NE,2021,6,NE,DAL,-6.0,0.89943949123757
2021_06_SEA_PIT,2021,6,PIT,SEA,3.0,-0.08747124194565928
2021_06_BUF_TEN,2021,6,TEN,BUF,3.0,-3.953338175157197
2021_07_DEN_CLE,2021,7,CLE,DEN,3.0,6.729252807780459
2021_07_CIN_BAL,2021,7,BAL,CIN,-24.0,6.491844685800687
2021_07_WAS_GB,2021,7,GB,WAS,14.0,13.158660690534822
2021_07_ATL_MIA,2021,7,MIA,ATL,-2.0,0.356719098410283
2021_07_NYJ_NE,2021,7,NE,NYJ,41.0,7.593435259955367
2021_07_CAR_NYG,2021,7,NYG,CAR,22.0,-2.188160931287652
2021_07_KC_TEN,2021,7,TEN,KC,24.0,-2.428159482672483
2021_07_DET_LA,2021,7,LA,DET,9.0,13.67124998192006
2021_07_PHI_LV,2021,7,LV,PHI,11.0,6.12902038405094
2021_07_HOU_ARI,2021,7,ARI,HOU,26.0,13.100658091889468
2021_07_CHI_TB,2021,7,TB,CHI,35.0,9.908636638174
2021_07_IND_SF,2021,7,SF,IND,-12.0,1.4461360568457642
2021_07_NO_SEA,2021,7,SEA,NO,-3.0,-0.2718038564065603
2021_08_GB_ARI,2021,8,ARI,GB,-3.0,4.611045753574043
2021_08_CAR_ATL,2021,8,ATL,CAR,-6.0,4.153043347320182
2021_08_MIA_BUF,2021,8,BUF,MIA,15.0,11.288628814019225
2021_08_SF_CHI,2021,8,CHI,SF,-11.0,3.015105948498158
2021_08_PIT_CLE,2021,8,CLE,PIT,-5.0,3.5059509840506773
2021_08_PHI_DET,2021,8,DET,PHI,-38.0,-1.5534982517155573
2021_08_LA_HOU,2021,8,HOU,LA,-16.0,-10.146337780202114
2021_08_TEN_IND,2021,8,IND,TEN,-3.0,1.5527564657056354
2021_08_CIN_NYJ,2021,8,NYJ,CIN,3.0,-5.244582582063573
2021_08_NE_LAC,2021,8,LAC,NE,-3.0,5.202307356938941
2021_08_JAX_SEA,2021,8,SEA,JAX,24.0,10.722322175803274
2021_08_WAS_DEN,2021,8,DEN,WAS,7.0,2.976436010529081
2021_08_TB_NO,2021,8,NO,TB,9.0,2.844565128071272
2021_08_DAL_MIN,2021,8,MIN,DAL,-4.0,0.5383339878316367
2021_08_NYG_KC,2021,8,KC,NYG,3.0,9.654699561594258
2021_09_NYJ_IND,2021,9,IND,NYJ,15.0,9.169368733113803
2021_09_MIN_BAL,2021,9,BAL,MIN,3.0,9.790629915701604
2021_09_NE_CAR,2021,9,CAR,NE,-18.0,-1.923580717649518
2021_09_CLE_CIN,2021,9,CIN,CLE,-25.0,3.859372960521195
2021_09_DEN_DAL,2021,9,DAL,DEN,-14.0,5.663460212612148
2021_09_BUF_JAX,2021,9,JAX,BUF,3.0,-6.273585556023478
2021_09_HOU_MIA,2021,9,MIA,HOU,8.0,4.216412606225749
2021_09_ATL_NO,2021,9,NO,ATL,-2.0,8.732127519548053
2021_09_LV_NYG,2021,9,NYG,LV,7.0,-4.591181803685719
2021_09_LAC_PHI,2021,9,PHI,LAC,-3.0,1.3753328009152626
2021_09_GB_KC,2021,9,KC,GB,6.0,0.7225392830898436
2021_09_ARI_SF,2021,9,SF,ARI,-14.0,-2.2523346634837536
2021_09_TEN_LA,2021,9,LA,TEN,-12.0,5.279057277083024
2021_09_CHI_PIT,2021,9,PIT,CHI,2.0,6.417168033899194
2021_10_BAL_MIA,2021,10,MIA,BAL,12.0,-3.591565775469457
2021_10_ATL_DAL,2021,10,DAL,ATL,40.0,6.4786281848110505
2021_10_JAX_IND,2021,10,IND,JAX,6.0,11.857236518986426
2021_10_CLE_NE,2021,10,NE,CLE,38.0,3.1208563819585584
2021_10_BUF_NYJ,2021,10,NYJ,BUF,-28.0,-8.640039239395454
2021_10_DET_PIT,2021,10,PIT,DET,0.0,11.598003109793858
2021_10_NO_TEN,2021,10,TEN,NO,2.0,6.46872392051987
2021_10_TB_WAS,2021,10,WAS,TB,10.0,-6.732187073922612
2021_10_CAR_ARI,2021,10,ARI,CAR,-24.0,10.061850780657604
2021_10_MIN_LAC,2021,10,LAC,MIN,-7.0,4.942169765871912
2021_10_PHI_DEN,2021,10,DEN,PHI,-17.0,4.259173067836703
2021_10_SEA_GB,2021,10,GB,SEA,17.0,8.592538892616176
2021_10_KC_LV,2021,10,LV,KC,-27.0,0.3689835001365475
2021_10_LA_SF,2021,10,SF,LA,21.0,-2.239538494528052
2021_11_NE_ATL,2021,11,ATL,NE,-25.0,-6.850240241359444
2021_11_IND_BUF,2021,11,BUF,IND,-26.0,7.331153920488657
2021_11_WAS_CAR,2021,11,CAR,WAS,-6.0,2.9338776322642017
2021_11_BAL_CHI,2021,11,CHI,BAL,-3.0,-4.446685058160477
2021_11_DET_CLE,2021,11,CLE,DET,3.0,11.903629484816786
2021_11_SF_JAX,2021,11,JAX,SF,-20.0,-4.739091455557291
2021_11_GB_MIN,2021,11,MIN,GB,3.0,-1.7560758096479636
2021_11_MIA_NYJ,2021,11,NYJ,MIA,-7.0,-5.369237827820978
2021_11_NO_PHI,2021,11,PHI,NO,11.0,0.6177287956369553
2021_11_HOU_TEN,2021,11,TEN,HOU,-9.0,13.238419599926688
2021_11_CIN_LV,2021,11,LV,CIN,-19.0,2.3845728909164032
2021_11_DAL_KC,2021,11,KC,DAL,10.0,7.012559874413076
2021_11_ARI_SEA,2021,11,SEA,ARI,-10.0,-0.7484238990867944
2021_11_PIT_LAC,2021,11,LAC,PIT,4.0,1.7533709415337715
2021_11_NYG_TB,2021,11,TB,NYG,20.0,10.645705845998489
2021_12_CHI_DET,2021,12,DET,CHI,-2.0,-4.315736158319701
2021_12_LV_DAL,2021,12,DAL,LV,-3.0,5.327929552077983
2021_12_BUF_NO,2021,12,NO,BUF,-25.0,2.3422661197878925
2021_12_PIT_CIN,2021,12,CIN,PIT,31.0,2.5308215981071047
2021_12_NYJ_HOU,2021,12,HOU,NYJ,-7.0,2.925038254949349
2021_12_TB_IND,2021,12,IND,TB,-7.0,6.4753329265049135
2021_12_ATL_JAX,2021,12,JAX,ATL,-7.0,-1.175713731657844
2021_12_CAR_MIA,2021,12,MIA,CAR,23.0,2.7315624848736797
2021_12_TEN_NE,2021,12,NE,TEN,23.0,4.8007031384192596
2021_12_PHI_NYG,2021,12,NYG,PHI,6.0,-3.038156522671915
2021_12_LAC_DEN,2021,12,DEN,LAC,15.0,0.37327388000077355
2021_12_LA_GB,2021,12,GB,LA,8.0,7.664073433142319
2021_12_MIN_SF,2021,12,SF,MIN,8.0,3.102449624822111
2021_12_CLE_BAL,2021,12,BAL,CLE,6.0,5.63114060043141
2021_12_SEA_WAS,2021,12,WAS,SEA,2.0,2.192909048397533
2021_13_DAL_NO,2021,13,NO,DAL,-10.0,2.899290713106311
2021_13_TB_ATL,2021,13,ATL,TB,-13.0,-6.8753662741977255
2021_13_ARI_CHI,2021,13,CHI,ARI,-11.0,-4.310094028720617
2021_13_LAC_CIN,2021,13,CIN,LAC,-19.0,2.77641388883491
2021_13_MIN_DET,2021,13,DET,MIN,2.0,-6.355843645166737
2021_13_IND_HOU,2021,13,HOU,IND,-31.0,-7.295821664406736
2021_13_NYG_MIA,2021,13,MIA,NYG,11.0,5.124771958168416
2021_13_PHI_NYJ,2021,13,NYJ,PHI,-15.0,-4.493838416763664
2021_13_JAX_LA,2021,13,LA,JAX,30.0,11.586168874758869
2021_13_WAS_LV,2021,13,LV,WAS,-2.0,1.365606292059081
2021_13_BAL_PIT,2021,13,PIT,BAL,1.0,-2.9315427455317162
2021_13_SF_SEA,2021,13,SEA,SF,7.0,-1.43484184749409
2021_13_DEN_KC,2021,13,KC,DEN,13.0,9.779143122367621
2021_13_NE_BUF,2021,13,BUF,NE,-4.0,6.272752992916971
2021_14_PIT_MIN,2021,14,MIN,PIT,8.0,1.765057854755109
2021_14_ATL_CAR,2021,14,CAR,ATL,-8.0,3.7767253998577424
2021_14_BAL_CLE,2021,14,CLE,BAL,2.0,0.9048288856101635
2021_14_SEA_HOU,2021,14,HOU,SEA,-20.0,-5.1089899832854435
2021_14_LV_KC,2021,14,KC,LV,39.0,11.124210416704917
2021_14_NO_NYJ,2021,14,NYJ,NO,-21.0,-6.447633357553525
2021_14_JAX_TEN,2021,14,TEN,JAX,20.0,12.266985169572104
2021_14_DAL_WAS,2021,14,WAS,DAL,-7.0,0.3634142770045251
2021_14_DET_DEN,2021,14,DEN,DET,28.0,11.281639013135042
2021_14_NYG_LAC,2021,14,LAC,NYG,16.0,6.983237454864467
2021_14_SF_CIN,2021,14,CIN,SF,-3.0,2.6533446201261173
2021_14_BUF_TB,2021,14,TB,BUF,6.0,6.044125914146506
2021_14_CHI_GB,2021,14,GB,CHI,15.0,11.198032792341223
2021_14_LA_ARI,2021,14,ARI,LA,-7.0,6.249804718303841
2021_15_KC_LAC,2021,15,LAC,KC,-6.0,-0.5704272978735987
2021_15_NE_IND,2021,15,IND,NE,10.0,6.329063629847553
2021_15_CAR_BUF,2021,15,BUF,CAR,17.0,8.303779089239573
2021_15_ARI_DET,2021,15,DET,ARI,18.0,-6.879389964316952
2021_15_HOU_JAX,2021,15,JAX,HOU,-14.0,-0.2077623618746054
2021_15_NYJ_MIA,2021,15,MIA,NYJ,7.0,11.20337437831083
2021_15_DAL_NYG,2021,15,NYG,DAL,-15.0,-4.183269419343765
2021_15_TEN_PIT,2021,15,PIT,TEN,6.0,-2.9351337325177544
2021_15_CIN_DEN,2021,15,DEN,CIN,-5.0,2.2157632367985993
2021_15_ATL_SF,2021,15,SF,ATL,18.0,7.88541728402031
2021_15_GB_BAL,2021,15,BAL,GB,-1.0,-1.6671118760247887
2021_15_NO_TB,2021,15,TB,NO,-9.0,8.37100682421813
2021_15_LV_CLE,2021,15,CLE,LV,-2.0,5.860339976341116
2021_15_MIN_CHI,2021,15,CHI,MIN,-8.0,-2.766487830744362
2021_15_SEA_LA,2021,15,LA,SEA,10.0,6.3580546257172035
2021_15_WAS_PHI,2021,15,PHI,WAS,10.0,4.4017234572569635
2021_16_SF_TEN,2021,16,TEN,SF,3.0,1.8195966604407603
2021_16_CLE_GB,2021,16,GB,CLE,2.0,11.609260414195964
2021_16_IND_ARI,2021,16,ARI,IND,-6.0,0.724882943074185
2021_16_DET_ATL,2021,16,ATL,DET,4.0,5.111383461419375
2021_16_TB_CAR,2021,16,CAR,TB,-26.0,-6.763982048825312
2021_16_BAL_CIN,2021,16,CIN,BAL,20.0,1.1296423081852731
2021_16_LAC_HOU,2021,16,HOU,LAC,12.0,-8.199313377362373
2021_16_LA_MIN,2021,16,MIN,LA,-7.0,0.12389347310771329
2021_16_BUF_NE,2021,16,NE,BUF,-12.0,5.087686887487379
2021_16_JAX_NYJ,2021,16,NYJ,JAX,5.0,4.512504626901398
2021_16_NYG_PHI,2021,16,PHI,NYG,24.0,8.029200076385447
2021_16_CHI_SEA,2021,16,SEA,CHI,-1.0,7.3949199645030586
2021_16_PIT_KC,2021,16,KC,PIT,26.0,8.451337331818046
2021_16_DEN_LV,2021,16,LV,DEN,4.0,1.7748182117368814
2021_16_WAS_DAL,2021,16,DAL,WAS,42.0,9.125825494259907
2021_16_MIA_NO,2021,16,NO,MIA,-17.0,4.243300354336402
2021_17_LA_BAL,2021,17,BAL,LA,-1.0,0.18790277069699093
2021_17_ATL_BUF,2021,17,BUF,ATL,14.0,12.108040312540764
2021_17_NYG_CHI,2021,17,CHI,NYG,26.0,2.49653729882458
2021_17_KC_CIN,2021,17,CIN,KC,3.0,-1.226530354003693
2021_17_LV_IND,2021,17,IND,LV,-3.0,8.453029912483379
2021_17_JAX_NE,2021,17,NE,JAX,40.0,12.597807523974407
2021_17_TB_NYJ,2021,17,NYJ,TB,-4.0,-6.604120712433124
2021_17_MIA_TEN,2021,17,TEN,MIA,31.0,3.454047870615655
2021_17_PHI_WAS,2021,17,WAS,PHI,-4.0,-2.8801784941359383
2021_17_DEN_LAC,2021,17,LAC,DEN,21.0,4.763114345331696
2021_17_HOU_SF,2021,17,SF,HOU,16.0,10.152411719249109
2021_17_ARI_DAL,2021,17,DAL,ARI,-3.0,6.270899125937225
2021_17_CAR_NO,2021,17,NO,CAR,8.0,9.825730928334837
2021_17_DET_SEA,2021,17,SEA,DET,22.0,9.999684948815771
2021_17_MIN_GB,2021,17,GB,MIN,27.0,10.132620385850498
2021_17_CLE_PIT,2021,17,PIT,CLE,12.0,0.8312612634285732
2021_18_KC_DEN,2021,18,DEN,KC,-4.0,-7.162739727001104
2021_18_DAL_PHI,2021,18,PHI,DAL,-25.0,3.285935930733697
2021_18_PIT_BAL,2021,18,BAL,PIT,-3.0,2.897421922575113
2021_18_CIN_CLE,2021,18,CLE,CIN,5.0,-2.0328597377449693
2021_18_GB_DET,2021,18,DET,GB,7.0,-9.342783605811372
2021_18_TEN_HOU,2021,18,HOU,TEN,-3.0,-4.163764198319136
2021_18_IND_JAX,2021,18,JAX,IND,15.0,-7.3924480947449505
2021_18_CHI_MIN,2021,18,MIN,CHI,14.0,3.8379816929187873
2021_18_WAS_NYG,2021,18,NYG,WAS,-15.0,-2.0682386061300395
2021_18_SEA_ARI,2021,18,ARI,SEA,-8.0,3.846189136590222
2021_18_NO_ATL,2021,18,ATL,NO,-10.0,-4.530013079676486
2021_18_NYJ_BUF,2021,18,BUF,NYJ,17.0,13.695345246267722
2021_18_SF_LA,2021,18,LA,SF,-3.0,6.0215752343836035
2021_18_NE_MIA,2021,18,MIA,NE,9.0,-2.6108757868025947
2021_18_CAR_TB,2021,18,TB,CAR,24.0,11.091347311285237
2021_18_LAC_LV,2021,18,LV,LAC,3.0,1.7827498425523005
2022_01_BUF_LA,2022,1,LA,BUF,-21.0,3.916632775218793
2022_01_NO_ATL,2022,1,ATL,NO,-1.0,-3.0114761987582
2022_01_CLE_CAR,2022,1,CAR,CLE,-2.0,-0.4806792733581305
2022_01_SF_CHI,2022,1,CHI,SF,9.0,-1.6719827751891867
2022_01_PIT_CIN,2022,1,CIN,PIT,-3.0,2.317231178694048
2022_01_PHI_DET,2022,1,DET,PHI,-3.0,-1.889822831700723
2022_01_IND_HOU,2022,1,HOU,IND,0.0,-4.283994830142222
2022_01_NE_MIA,2022,1,MIA,NE,13.0,0.9452352223393968
2022_01_BAL_NYJ,2022,1,NYJ,BAL,-15.0,-4.065645204177709
2022_01_JAX_WAS,2022,1,WAS,JAX,6.0,6.0345785570156165
2022_01_KC_ARI,2022,1,ARI,KC,-23.0,-0.3486859711789553
2022_01_LV_LAC,2022,1,LAC,LV,5.0,4.028118579265083
2022_01_GB_MIN,2022,1,MIN,GB,16.0,-2.745892456219078
2022_01_NYG_TEN,2022,1,TEN,NYG,-1.0,12.348465191802804
2022_01_TB_DAL,2022,1,DAL,TB,-16.0,4.487983506630018
2022_01_DEN_SEA,2022,1,SEA,DEN,1.0,5.574389214936658
2022_02_LAC_KC,2022,2,KC,LAC,3.0,6.349823318238576
2022_02_MIA_BAL,2022,2,BAL,MIA,-4.0,1.3598380833224044
2022_02_NYJ_CLE,2022,2,CLE,NYJ,-1.0,10.129118519740551
2022_02_WAS_DET,2022,2,DET,WAS,9.0,0.5016969813873436
2022_02_IND_JAX,2022,2,JAX,IND,24.0,-4.28584255075222
2022_02_TB_NO,2022,2,NO,TB,-10.0,1.5409848613195556
2022_02_CAR_NYG,2022,2,NYG,CAR,3.0,5.380035810169999
2022_02_NE_PIT,2022,2,PIT,NE,-3.0,4.625078788273692
2022_02_ATL_LA,2022,2,LA,ATL,4.0,0.5472428972457741
2022_02_SEA_SF,2022,2,SF,SEA,20.0,1.2932721700225218
2022_02_CIN_DAL,2022,2,DAL,CIN,3.0,3.224337080183172
2022_02_HOU_DEN,2022,2,DEN,HOU,7.0,4.696566048107968
2022_02_ARI_LV,2022,2,LV,ARI,-6.0,6.2808791858079145
2022_02_CHI_GB,2022,2,GB,CHI,17.0,5.830716098233812
2022_02_TEN_BUF,2022,2,BUF,TEN,34.0,9.134157633812157
2022_02_MIN_PHI,2022,2,PHI,MIN,17.0,5.401236473580469
2022_03_PIT_CLE,2022,3,CLE,PIT,12.0,2.207864726448345
2022_03_NO_CAR,2022,3,CAR,NO,8.0,-0.5711336429032692
2022_03_HOU_CHI,2022,3,CHI,HOU,3.0,4.275733956813669
2022_03_KC_IND,2022,3,IND,KC,3.0,-6.385902175256946
2022_03_BUF_MIA,2022,3,MIA,BUF,2.0,1.1042195985343615
2022_03_DET_MIN,2022,3,MIN,DET,4.0,2.523264761144308
2022_03_BAL_NE,2022,3,NE,BAL,-11.0,3.658918403555218
2022_03_CIN_NYJ,2022,3,NYJ,CIN,-15.0,-1.1546798380617964
2022_03_LV_TEN,2022,3,TEN,LV,2.0,0.8739646112469531
2022_03_PHI_WAS,2022,3,WAS,PHI,-16.0,-4.820552864045958
2022_03_JAX_LAC,2022,3,LAC,JAX,-28.0,5.705186395007259
2022_03_LA_ARI,2022,3,ARI,LA,-8.0,2.1809967364372294
2022_03_ATL_SEA,2022,3,SEA,ATL,-4.0,3.971065673293558
2022_03_GB_TB,2022,3,TB,GB,-2.0,5.302497601726845
2022_03_SF_DEN,2022,3,DEN,SF,1.0,1.117253841689985
2022_03_DAL_NYG,2022,3,NYG,DAL,-7.0,-1.6124242401822064
2022_04_MIA_CIN,2022,4,CIN,MIA,12.0,-1.262093470510211
2022_04_MIN_NO,2022,4,NO,MIN,-3.0,1.5645016989702503
2022_04_CLE_ATL,2022,4,ATL,CLE,3.0,1.2588207562469054
2022_04_BUF_BAL,2022,4,BAL,BUF,-3.0,0.7654565497777623
2022_04_WAS_DAL,2022,4,DAL,WAS,15.0,8.479875720934565
2022_04_SEA_DET,2022,4,DET,SEA,-3.0,-2.6962573884761385
2022_04_LAC_HOU,2022,4,HOU,LAC,-10.0,-2.5572943895859024
2022_04_TEN_IND,2022,4,IND,TEN,-7.0,2.1300092547572804
2022_04_CHI_NYG,2022,4,NYG,CHI,8.0,-0.1299419131694515
2022_04_JAX_PHI,2022,4,PHI,JAX,8.0,6.094853311089387
2022_04_NYJ_PIT,2022,4,PIT,NYJ,-4.0,8.480164557022942
2022_04_ARI_CAR,2022,4,CAR,ARI,-10.0,-0.804756537296367
2022_04_NE_GB,2022,4,GB,NE,3.0,4.629774513466409
2022_04_DEN_LV,2022,4,LV,DEN,9.0,3.186721568045923
2022_04_KC_TB,2022,4,TB,KC,-10.0,1.5107121151143603
2022_04_LA_SF,2022,4,SF,LA,15.0,-1.9792802388437831
2022_05_IND_DEN,2022,5,DEN,IND,-3.0,1.970925875651978
2022_05_NYG_GB,2022,5,GB,NYG,-5.0,12.214865573024321
2022_05_PIT_BUF,2022,5,BUF,PIT,35.0,11.476949752039644
2022_05_LAC_CLE,2022,5,CLE,LAC,-2.0,4.1244621868071905
2022_05_HOU_JAX,2022,5,JAX,HOU,-7.0,6.722765212023721
2022_05_CHI_MIN,2022,5,MIN,CHI,7.0,8.001306459020993
2022_05_DET_NE,2022,5,NE,DET,29.0,4.6059323243292605
2022_05_SEA_NO,2022,5,NO,SEA,7.0,1.4808191290871866
2022_05_MIA_NYJ,2022,5,NYJ,MIA,23.0,-6.33484734961522
2022_05_ATL_TB,2022,5,TB,ATL,6.0,6.714757363401505
2022_05_TEN_WAS,2022,5,WAS,TEN,-4.0,-2.2794860928573817
2022_05_SF_CAR,2022,5,CAR,SF,-22.0,-3.11215715459288
2022_05_PHI_ARI,2022,5,ARI,PHI,-3.0,-1.628925839034676
2022_05_DAL_LA,2022,5,LA,DAL,-12.0,2.044241622073842
2022_05_CIN_BAL,2022,5,BAL,CIN,2.0,3.529698514780946
2022_05_LV_KC,2022,5,KC,LV,1.0,12.818483344817844
2022_06_WAS_CHI,2022,6,CHI,WAS,-5.0,3.525526734179989
2022_06_SF_ATL,2022,6,ATL,SF,14.0,-2.538659733989658
2022_06_NE_CLE,2022,6,CLE,NE,-23.0,2.9425117856611633
2022_06_NYJ_GB,2022,6,GB,NYJ,-17.0,9.588759370055751
2022_06_JAX_IND,2022,6,IND,JAX,7.0,4.387695123911618
2022_06_MIN_MIA,2022,6,MIA,MIN,-8.0,1.934225771883049
2022_06_CIN_NO,2022,6,NO,CIN,-4.0,3.8965720248537385
2022_06_BAL_NYG,2022,6,NYG,BAL,4.0,-0.33556713942540795
2022_06_TB_PIT,2022,6,PIT,TB,2.0,-4.387466907185527
2022_06_CAR_LA,2022,6,LA,CAR,14.0,8.506291766594217
2022_06_ARI_SEA,2022,6,SEA,ARI,10.0,3.0231461998723033
2022_06_BUF_KC,2022,6,KC,BUF,-4.0,4.895837358603478
2022_06_DAL_PHI,2022,6,PHI,DAL,9.0,5.16187052266252
2022_06_DEN_LAC,2022,6,LAC,DEN,3.0,5.455554947178646
2022_07_NO_ARI,2022,7,ARI,NO,8.0,0.954159680111507
2022_07_CLE_BAL,2022,7,BAL,CLE,3.0,5.147951422011326
2022_07_TB_CAR,2022,7,CAR,TB,18.0,-9.534321617498211
2022_07_ATL_CIN,2022,7,CIN,ATL,18.0,2.018604747104614
2022_07_DET_DAL,2022,7,DAL,DET,18.0,10.454746246185572
2022_07_NYG_JAX,2022,7,JAX,NYG,-6.0,1.1461839626538828
2022_07_IND_TEN,2022,7,TEN,IND,9.0,4.8902454857208015
2022_07_GB_WAS,2022,7,WAS,GB,2.0,-0.5242384932775782
2022_07_NYJ_DEN,2022,7,DEN,NYJ,-7.0,0.4575701365401202
2022_07_HOU_LV,2022,7,LV,HOU,18.0,5.986550424516546
2022_07_SEA_LAC,2022,7,LAC,SEA,-14.0,1.620098070593366
2022_07_KC_SF,2022,7,SF,KC,-21.0,-0.5760667287395281
2022_07_PIT_MIA,2022,7,MIA,PIT,6.0,3.9752783473096884
2022_07_CHI_NE,2022,7,NE,CHI,-19.0,10.059145968899433
2022_08_BAL_TB,2022,8,TB,BAL,-5.0,2.935378735648635
2022_08_DEN_JAX,2022,8,JAX,DEN,-4.0,4.260330588638791
2022_08_CAR_ATL,2022,8,ATL,CAR,3.0,5.649688889552877
2022_08_CHI_DAL,2022,8,DAL,CHI,20.0,9.12534803305485
2022_08_MIA_DET,2022,8,DET,MIA,-4.0,-2.043726461419277
2022_08_ARI_MIN,2022,8,MIN,ARI,8.0,7.632241598699895
2022_08_LV_NO,2022,8,NO,LV,24.0,2.2589961654867503
2022_08_NE_NYJ,2022,8,NYJ,NE,-5.0,2.2770977404175428
2022_08_PIT_PHI,2022,8,PHI,PIT,22.0,11.464018893660562
2022_08_TEN_HOU,2022,8,HOU,TEN,-7.0,-4.5716253688632165
2022_08_WAS_IND,2022,8,IND,WAS,-1.0,5.11025917354488
2022_08_SF_LA,2022,8,LA,SF,-17.0,1.7460698786048634
2022_08_NYG_SEA,2022,8,SEA,NYG,14.0,1.8376591718312618
2022_08_GB_BUF,2022,8,BUF,GB,10.0,8.53974510225995
2022_08_CIN_CLE,2022,8,CLE,CIN,19.0,-4.467241927685978
2022_09_PHI_HOU,2022,9,HOU,PHI,-12.0,-6.936241169796663
2022_09_LAC_ATL,2022,9,ATL,LAC,-3.0,2.1578661901773866
2022_09_MIA_CHI,2022,9,CHI,MIA,-3.0,-2.168602526343224
2022_09_CAR_CIN,2022,9,CIN,CAR,21.0,9.134914305638464
2022_09_GB_DET,2022,9,DET,GB,6.0,-3.4994554632944697
2022_09_LV_JAX,2022,9,JAX,LV,7.0,-0.10134801046563835
2022_09_IND_NE,2022,9,NE,IND,23.0,2.9376876456995995
2022_09_BUF_NYJ,2022,9,NYJ,BUF,3.0,-6.809226340635652
2022_09_MIN_WAS,2022,9,WAS,MIN,-3.0,-4.614093257718213
2022_09_SEA_ARI,2022,9,ARI,SEA,-10.0,-1.6712679396844743
2022_09_LA_TB,2022,9,TB,LA,3.0,2.7470474294743115
2022_09_TEN_KC,2022,9,KC,TEN,3.0,10.536494264311113
2022_09_BAL_NO,2022,9,NO,BAL,-14.0,0.9635257285904998
2022_10_ATL_CAR,2022,10,CAR,ATL,10.0,-4.418909557647635
2022_10_SEA_TB,2022,10,TB,SEA,5.0,1.8374174042361597
2022_10_MIN_BUF,2022,10,BUF,MIN,-3.0,6.932604568942646
2022_10_DET_CHI,2022,10,CHI,DET,-1.0,3.584297419201851
2022_10_JAX_KC,2022,10,KC,JAX,10.0,13.072466292225778
2022_10_CLE_MIA,2022,10,MIA,CLE,22.0,4.308270121699027
2022_10_HOU_NYG,2022,10,NYG,HOU,8.0,8.363058951633711
2022_10_NO_PIT,2022,10,PIT,NO,10.0,1.3426816225664584
2022_10_DEN_TEN,2022,10,TEN,DEN,7.0,10.52429379745828
2022_10_IND_LV,2022,10,LV,IND,-5.0,1.583114996081731
2022_10_DAL_GB,2022,10,GB,DAL,3.0,-5.6811753366484
2022_10_ARI_LA,2022,10,LA,ARI,-10.0,2.4134898655798183
2022_10_LAC_SF,2022,10,SF,LAC,6.0,6.065809697289265
2022_10_WAS_PHI,2022,10,PHI,WAS,-11.0,12.142654568263067
2022_11_TEN_GB,2022,11,GB,TEN,-10.0,0.0324024148524801
2022_11_CHI_ATL,2022,11,ATL,CHI,3.0,3.6238124723284613
2022_11_CAR_BAL,2022,11,BAL,CAR,10.0,11.254077218867376
2022_11_CLE_BUF,2022,11,BUF,CLE,8.0,10.188423860016448
2022_11_WAS_HOU,2022,11,HOU,WAS,-13.0,-4.047420682303007
2022_11_PHI_IND,2022,11,IND,PHI,-1.0,-1.9938688931414463
2022_11_NYJ_NE,2022,11,NE,NYJ,7.0,4.2090613595683815
2022_11_LA_NO,2022,11,NO,LA,7.0,3.277653361614558
2022_11_DET_NYG,2022,11,NYG,DET,-13.0,5.651382609694914
2022_11_LV_DEN,2022,11,DEN,LV,-6.0,2.0603290358916344
2022_11_DAL_MIN,2022,11,MIN,DAL,-37.0,3.25988273278687
2022_11_CIN_PIT,2022,11,PIT,CIN,-7.0,-5.961914856453517
2022_11_KC_LAC,2022,11,LAC,KC,-3.0,-5.679428867674143
2022_11_SF_ARI,2022,11,ARI,SF,-28.0,-4.528310316477726
2022_12_BUF_DET,2022,12,DET,BUF,-3.0,-4.076850406644097
2022_12_NYG_DAL,2022,12,DAL,NYG,8.0,11.308554927140994
2022_12_NE_MIN,2022,12,MIN,NE,7.0,3.4371854143204468
2022_12_DEN_CAR,2022,12,CAR,DEN,13.0,3.2824564491701866
2022_12_TB_CLE,2022,12,CLE,TB,6.0,-2.8155733388333295
2022_12_BAL_JAX,2022,12,JAX,BAL,1.0,-2.193244307233426
2022_12_HOU_MIA,2022,12,MIA,HOU,15.0,13.4085599627271
2022_12_CHI_NYJ,2022,12,NYJ,CHI,21.0,3.6699747673972247
2022_12_CIN_TEN,2022,12,TEN,CIN,-4.0,0.4725844038374938
2022_12_ATL_WAS,2022,12,WAS,ATL,6.0,4.193679170101688
2022_12_LAC_ARI,2022,12,ARI,LAC,-1.0,1.331823805512857
2022_12_LV_SEA,2022,12,SEA,LV,-6.0,9.15574290183187
2022_12_LA_KC,2022,12,KC,LA,16.0,15.532492594497313
2022_12_NO_SF,2022,12,SF,NO,13.0,10.524554510548922
2022_12_GB_PHI,2022,12,PHI,GB,7.0,7.609658208538129
2022_12_PIT_IND,2022,12,IND,PIT,-7.0,3.1831981633830124
2022_13_BUF_NE,2022,13,NE,BUF,-14.0,-4.967121549128638
2022_13_PIT_ATL,2022,13,ATL,PIT,-3.0,2.439808524160246
2022_13_DEN_BAL,2022,13,BAL,DEN,1.0,12.974367117078682
2022_13_GB_CHI,2022,13,CHI,GB,-9.0,-2.4017763396248912
2022_13_JAX_DET,2022,13,DET,JAX,26.0,2.772947727651809
2022_13_CLE_HOU,2022,13,HOU,CLE,-13.0,-2.8973181761062157
2022_13_NYJ_MIN,2022,13,MIN,NYJ,5.0,5.099821736935106
2022_13_WAS_NYG,2022,13,NYG,WAS,0.0,-1.1819063107897556
2022_13_TEN_PHI,2022,13,PHI,TEN,25.0,5.502331438477401
2022_13_SEA_LA,2022,13,LA,SEA,-4.0,-2.804728852927686
2022_13_MIA_SF,2022,13,SF,MIA,16.0,3.1255475687775447
2022_13_KC_CIN,2022,13,CIN,KC,3.0,1.0591135842304968
2022_13_LAC_LV,2022,13,LV,LAC,7.0,2.0946169722843537
2022_13_IND_DAL,2022,13,DAL,IND,35.0,12.224364654802397
2022_13_NO_TB,2022,13,TB,NO,1.0,5.909831817852382
2022_14_LV_LA,2022,14,LA,LV,1.0,-1.4152980964760713
2022_14_NYJ_BUF,2022,14,BUF,NYJ,8.0,9.36758283920509
2022_14_CLE_CIN,2022,14,CIN,CLE,13.0,9.52307568730723
2022_14_HOU_DAL,2022,14,DAL,HOU,4.0,14.884783316132895
2022_14_MIN_DET,2022,14,DET,MIN,11.0,-1.1807236993807368
2022_14_PHI_NYG,2022,14,NYG,PHI,-26.0,-5.046162739480147
2022_14_BAL_PIT,2022,14,PIT,BAL,-2.0,0.029702984780070704
2022_14_JAX_TEN,2022,14,TEN,JAX,-14.0,8.55980529347491
2022_14_KC_DEN,2022,14,DEN,KC,-6.0,-9.105255890712135
2022_14_CAR_SEA,2022,14,SEA,CAR,-6.0,6.682583105626092
2022_14_TB_SF,2022,14,SF,TB,28.0,6.474939651415661
2022_14_MIA_LAC,2022,14,LAC,MIA,6.0,-0.9964316083222259
2022_14_NE_ARI,2022,14,ARI,NE,-14.0,-1.907597008822294
2022_15_SF_SEA,2022,15,SEA,SF,-8.0,-3.6978167535728055
2022_15_IND_MIN,2022,15,MIN,IND,3.0,4.999743612297911
2022_15_BAL_CLE,2022,15,CLE,BAL,10.0,-0.10070215455132804
2022_15_MIA_BUF,2022,15,BUF,MIA,3.0,8.329830896941251
2022_15_PIT_CAR,2022,15,CAR,PIT,-8.0,1.0671461818737853
2022_15_PHI_CHI,2022,15,CHI,PHI,-5.0,-6.187299551360551
2022_15_KC_HOU,2022,15,HOU,KC,-6.0,-10.483412901951828
2022_15_DAL_JAX,2022,15,JAX,DAL,6.0,-4.684074855178597
2022_15_ATL_NO,2022,15,NO,ATL,3.0,3.0230197550787765
2022_15_DET_NYJ,2022,15,NYJ,DET,-3.0,1.9251148373239628
2022_15_ARI_DEN,2022,15,DEN,ARI,9.0,-3.1868975078899493
2022_15_NE_LV,2022,15,LV,NE,6.0,0.2807900013835323
2022_15_TEN_LAC,2022,15,LAC,TEN,3.0,1.709008654394582
2022_15_CIN_TB,2022,15,TB,CIN,-11.0,-2.181886320437246
2022_15_NYG_WAS,2022,15,WAS,NYG,-8.0,5.422445375791409
2022_15_LA_GB,2022,15,GB,LA,12.0,4.674368083838453
2022_16_JAX_NYJ,2022,16,NYJ,JAX,-16.0,4.396015466286705
2022_16_ATL_BAL,2022,16,BAL,ATL,8.0,8.174875547337544
2022_16_DET_CAR,2022,16,CAR,DET,14.0,-2.1804881755028154
2022_16_BUF_CHI,2022,16,CHI,BUF,-22.0,-4.650660114067217
2022_16_NO_CLE,2022,16,CLE,NO,-7.0,4.703480396275615
2022_16_SEA_KC,2022,16,KC,SEA,14.0,12.774187612727816
2022_16_NYG_MIN,2022,16,MIN,NYG,3.0,4.699362764728435
2022_16_CIN_NE,2022,16,NE,CIN,-4.0,-1.0678261879264388
2022_16_HOU_TEN,2022,16,TEN,HOU,-5.0,11.206584505849442
2022_16_WAS_SF,2022,16,SF,WAS,17.0,8.383543609021551
2022_16_PHI_DAL,2022,16,DAL,PHI,6.0,2.564015209843139
2022_16_LV_PIT,2022,16,PIT,LV,3.0,3.713472421825597
2022_16_GB_MIA,2022,16,MIA,GB,-6.0,2.560958752135693
2022_16_DEN_LA,2022,16,LA,DEN,37.0,3.090256729647727
2022_16_TB_ARI,2022,16,ARI,TB,-3.0,-2.6043373018683345
2022_16_LAC_IND,2022,16,IND,LAC,-17.0,-2.062672343683302
2022_17_DAL_TEN,2022,17,TEN,DAL,-14.0,-8.640763424128975
2022_17_ARI_ATL,2022,17,ATL,ARI,1.0,3.9378739399084464
2022_17_CHI_DET,2022,17,DET,CHI,31.0,6.806173804474075
2022_17_JAX_HOU,2022,17,HOU,JAX,-28.0,-5.297824202562809
2022_17_DEN_KC,2022,17,KC,DEN,3.0,13.862200374131538
2022_17_MIA_NE,2022,17,NE,MIA,2.0,3.483355160465073
2022_17_IND_NYG,2022,17,NYG,IND,28.0,5.485966711273862
2022_17_NO_PHI,2022,17,PHI,NO,-10.0,10.11144432021027
2022_17_CAR_TB,2022,17,TB,CAR,6.0,1.7708144141197013
2022_17_CLE_WAS,2022,17,WAS,CLE,-14.0,2.3183944804706216
2022_17_SF_LV,2022,17,LV,SF,-3.0,-4.291741423190513
2022_17_NYJ_SEA,2022,17,SEA,NYJ,17.0,3.9877671175834863
2022_17_MIN_GB,2022,17,GB,MIN,24.0,0.996945900110735
2022_17_LA_LAC,2022,17,LAC,LA,21.0,5.4295802378148865
2022_17_PIT_BAL,2022,17,BAL,PIT,-3.0,3.3811830280037696
2022_18_KC_LV,2022,18,LV,KC,-18.0,-3.112852585455196
2022_18_TEN_JAX,2022,18,JAX,TEN,4.0,2.1654994147063795
2022_18_TB_ATL,2022,18,ATL,TB,13.0,-0.22648498564905578
2022_18_NE_BUF,2022,18,BUF,NE,12.0,9.738485132446959
2022_18_MIN_CHI,2022,18,CHI,MIN,-16.0,-6.55792601212611
2022_18_BAL_CIN,2022,18,CIN,BAL,11.0,6.730773144882921
2022_18_HOU_IND,2022,18,IND,HOU,-1.0,2.467953173062056
2022_18_NYJ_MIA,2022,18,MIA,NYJ,5.0,4.1238708890664695
2022_18_CAR_NO,2022,18,NO,CAR,-3.0,3.043554211616963
2022_18_CLE_PIT,2022,18,PIT,CLE,14.0,2.5333560847955856
2022_18_LAC_DEN,2022,18,DEN,LAC,3.0,-7.835417786531981
2022_18_NYG_PHI,2022,18,PHI,NYG,6.0,8.490499712342476
2022_18_LA_SEA,2022,18,SEA,LA,3.0,6.0820434804978065
2022_18_ARI_SF,2022,18,SF,ARI,25.0,14.871657536276262
2022_18_DAL_WAS,2022,18,WAS,DAL,20.0,-8.820499354397368
2022_18_DET_GB,2022,18,GB,DET,-4.0,5.501997647221237
2023_01_DET_KC,2023,1,KC,DET,-1.0,9.373257484669727
2023_01_CAR_ATL,2023,1,ATL,CAR,14.0,2.6533059069949747
2023_01_HOU_BAL,2023,1,BAL,HOU,16.0,9.06433519011631
2023_01_CIN_CLE,2023,1,CLE,CIN,21.0,-1.039732777476186
2023_01_JAX_IND,2023,1,IND,JAX,-10.0,-1.493372541251744
2023_01_TB_MIN,2023,1,MIN,TB,-3.0,2.8294837822324035
2023_01_TEN_NO,2023,1,NO,TEN,1.0,3.9270037711131716
2023_01_SF_PIT,2023,1,PIT,SF,-23.0,0.1495750573232379
2023_01_ARI_WAS,2023,1,WAS,ARI,4.0,4.252322623639358
2023_01_GB_CHI,2023,1,CHI,GB,-18.0,-3.149233269972117
2023_01_LV_DEN,2023,1,DEN,LV,-1.0,-2.0180145107377445
2023_01_MIA_LAC,2023,1,LAC,MIA,-2.0,2.624217031281271
2023_01_PHI_NE,2023,1,NE,PHI,-5.0,-1.4902724975504344
2023_01_LA_SEA,2023,1,SEA,LA,-17.0,3.9196180523066233
2023_01_DAL_NYG,2023,1,NYG,DAL,-40.0,0.35637917670882485
2023_01_BUF_NYJ,2023,1,NYJ,BUF,6.0,-6.460645612044324
2023_02_MIN_PHI,2023,2,PHI,MIN,6.0,5.11428990725567
2023_02_GB_ATL,2023,2,ATL,GB,1.0,2.249958021445327
2023_02_LV_BUF,2023,2,BUF,LV,28.0,7.1067862737762475
2023_02_BAL_CIN,2023,2,CIN,BAL,-3.0,0.7284108041432338
2023_02_SEA_DET,2023,2,DET,SEA,-6.0,4.49683028404629
2023_02_IND_HOU,2023,2,HOU,IND,-11.0,1.9381214592158307
2023_02_KC_JAX,2023,2,JAX,KC,-8.0,1.362445006903187
2023_02_CHI_TB,2023,2,TB,CHI,10.0,8.95874454427153
2023_02_LAC_TEN,2023,2,TEN,LAC,3.0,-0.1458950780471147
2023_02_NYG_ARI,2023,2,ARI,NYG,-3.0,3.791566961705997
2023_02_SF_LA,2023,2,LA,SF,-7.0,0.33760555626343786
2023_02_NYJ_DAL,2023,2,DAL,NYJ,20.0,10.913813707638669
2023_02_WAS_DEN,2023,2,DEN,WAS,-2.0,1.4967704000981148
2023_02_MIA_NE,2023,2,NE,MIA,-7.0,1.4780683947377977
2023_02_NO_CAR,2023,2,CAR,NO,-3.0,1.414671363577118
2023_02_CLE_PIT,2023,2,PIT,CLE,4.0,-0.19485499661032998
2023_03_NYG_SF,2023,3,SF,NYG,18.0,12.49493228249479
2023_03_IND_BAL,2023,3,BAL,IND,-3.0,9.072951531906053
2023_03_TEN_CLE,2023,3,CLE,TEN,24.0,4.556167407836446
2023_03_ATL_DET,2023,3,DET,ATL,14.0,3.693082893745456
2023_03_NO_GB,2023,3,GB,NO,1.0,4.324416719956944
2023_03_HOU_JAX,2023,3,JAX,HOU,-20.0,7.38413135034165
2023_03_DEN_MIA,2023,3,MIA,DEN,50.0,7.464397643121691
2023_03_LAC_MIN,2023,3,MIN,LAC,-4.0,1.5044304524638121
2023_03_NE_NYJ,2023,3,NYJ,NE,-5.0,0.6068383575514671
2023_03_BUF_WAS,2023,3,WAS,BUF,-34.0,-2.5647163748124506
2023_03_CAR_SEA,2023,3,SEA,CAR,10.0,5.252980232847133
2023_03_DAL_ARI,2023,3,ARI,DAL,12.0,-6.254616654933424
2023_03_CHI_KC,2023,3,KC,CHI,31.0,11.992993401116054
2023_03_PIT_LV,2023,3,LV,PIT,-5.0,0.7600302767729552
2023_03_PHI_TB,2023,3,TB,PHI,-14.0,-1.9422017500269615
2023_03_LA_CIN,2023,3,CIN,LA,3.0,3.8905325741875427
2023_04_DET_GB,2023,4,GB,DET,-14.0,3.906565631093688
2023_04_ATL_JAX,2023,4,JAX,ATL,16.0,1.9417568629328064
2023_04_MIA_BUF,2023,4,BUF,MIA,28.0,0.5178184406263281
2023_04_MIN_CAR,2023,4,CAR,MIN,-8.0,-2.7173008220401003
2023_04_DEN_CHI,2023,4,CHI,DEN,-3.0,1.9820927639755022
2023_04_BAL_CLE,2023,4,CLE,BAL,-25.0,1.7068470765375967
2023_04_PIT_HOU,2023,4,HOU,PIT,24.0,0.8049206654098817
2023_04_LA_IND,2023,4,IND,LA,-6.0,3.616263709514831
2023_04_TB_NO,2023,4,NO,TB,-17.0,2.6480036278327344
2023_04_WAS_PHI,2023,4,PHI,WAS,3.0,9.169080305215031
2023_04_CIN_TEN,2023,4,TEN,CIN,24.0,-2.3383154215793587
2023_04_LV_LAC,2023,4,LAC,LV,7.0,5.850202769098154
2023_04_NE_DAL,2023,4,DAL,NE,35.0,5.845759428130242
2023_04_ARI_SF,2023,4,SF,ARI,19.0,10.014312638238229
2023_04_KC_NYJ,2023,4,NYJ,KC,-3.0,-6.53595107258122
2023_04_SEA_NYG,2023,4,NYG,SEA,-21.0,-4.019220281755719
2023_05_CHI_WAS,2023,5,WAS,CHI,-20.0,5.8135137547078335
2023_05_JAX_BUF,2023,5,BUF,JAX,-5.0,9.884251199168078
2023_05_HOU_ATL,2023,5,ATL,HOU,2.0,2.0794190217695965
2023_05_CAR_DET,2023,5,DET,CAR,18.0,8.913841003276355
2023_05_TEN_IND,2023,5,IND,TEN,7.0,2.0258732356987914
2023_05_NYG_MIA,2023,5,MIA,NYG,15.0,7.699642635468081
2023_05_NO_NE,2023,5,NE,NO,-34.0,2.6323260025230133
2023_05_BAL_PIT,2023,5,PIT,BAL,7.0,-5.582708967681545
2023_05_CIN_ARI,2023,5,ARI,CIN,-14.0,1.1248085874294904
2023_05_PHI_LA,2023,5,LA,PHI,-9.0,-2.688319184816696
2023_05_NYJ_DEN,2023,5,DEN,NYJ,-10.0,2.9772749717204006
2023_05_KC_MIN,2023,5,MIN,KC,-7.0,-2.454390518121488
2023_05_DAL_SF,2023,5,SF,DAL,32.0,5.804136121069595
2023_05_GB_LV,2023,5,LV,GB,4.0,-0.4730592858108932
2023_06_DEN_KC,2023,6,KC,DEN,11.0,11.35300849688508
2023_06_BAL_TEN,2023,6,TEN,BAL,-8.0,-4.001389859765338
2023_06_WAS_ATL,2023,6,ATL,WAS,-8.0,3.778660599879705
2023_06_MIN_CHI,2023,6,CHI,MIN,-6.0,-2.76656429734462
2023_06_SEA_CIN,2023,6,CIN,SEA,4.0,1.6441511934652622
2023_06_SF_CLE,2023,6,CLE,SF,2.0,-9.228985551167813
2023_06_NO_HOU,2023,6,HOU,NO,7.0,1.8710471649606024
2023_06_IND_JAX,2023,6,JAX,IND,17.0,3.332765347597147
2023_06_CAR_MIA,2023,6,MIA,CAR,21.0,9.650529023773542
2023_06_NE_LV,2023,6,LV,NE,4.0,4.073863057568414
2023_06_ARI_LA,2023,6,LA,ARI,17.0,3.6346463172296435
2023_06_PHI_NYJ,2023,6,NYJ,PHI,6.0,-6.854421748904761
2023_06_DET_TB,2023,6,TB,DET,-14.0,1.7059417655140836
2023_06_NYG_BUF,2023,6,BUF,NYG,5.0,13.217519695636629
2023_06_DAL_LAC,2023,6,LAC,DAL,-3.0,0.9271772560738172
2023_07_JAX_NO,2023,7,NO,JAX,-7.0,2.9962427102668716
2023_07_DET_BAL,2023,7,BAL,DET,32.0,2.4394427711764783
2023_07_LV_CHI,2023,7,CHI,LV,18.0,-0.8039119006151083
2023_07_CLE_IND,2023,7,IND,CLE,-1.0,0.02519293087743723
2023_07_BUF_NE,2023,7,NE,BUF,4.0,-7.274675263600719
2023_07_WAS_NYG,2023,7,NYG,WAS,7.0,-2.56005028255835
2023_07_ATL_TB,2023,7,TB,ATL,-3.0,5.811679401542213
2023_07_PIT_LA,2023,7,LA,PIT,-7.0,4.465059206982066
2023_07_ARI_SEA,2023,7,SEA,ARI,10.0,8.755605729396372
2023_07_GB_DEN,2023,7,DEN,GB,2.0,-4.663492604192155
2023_07_LAC_KC,2023,7,KC,LAC,14.0,10.739610259219482
2023_07_MIA_PHI,2023,7,PHI,MIA,14.0,2.368443944926063
2023_07_SF_MIN,2023,7,MIN,SF,5.0,-5.293566692194191
2023_08_TB_BUF,2023,8,BUF,TB,6.0,9.22747012469482
2023_08_HOU_CAR,2023,8,CAR,HOU,2.0,-4.461377389157784
2023_08_LA_DAL,2023,8,DAL,LA,23.0,6.136377096828893
2023_08_MIN_GB,2023,8,GB,MIN,-14.0,-1.9605953442676476
2023_08_NO_IND,2023,8,IND,NO,-11.0,-1.05421000146805
2023_08_NE_MIA,2023,8,MIA,NE,14.0,6.62549339993262
2023_08_NYJ_NYG,2023,8,NYG,NYJ,-3.0,-2.559179233579439
2023_08_JAX_PIT,2023,8,PIT,JAX,-10.0,2.4531423166555153
2023_08_ATL_TEN,2023,8,TEN,ATL,5.0,2.8132778570372334
2023_08_PHI_WAS,2023,8,WAS,PHI,-7.0,-5.001565065553009
2023_08_CLE_SEA,2023,8,SEA,CLE,4.0,4.458014748462154
2023_08_BAL_ARI,2023,8,ARI,BAL,-7.0,-5.683478040145834
2023_08_KC_DEN,2023,8,DEN,KC,15.0,-5.453096813919881
2023_08_CIN_SF,2023,8,SF,CIN,-14.0,6.050036712566748
2023_08_CHI_LAC,2023,8,LAC,CHI,17.0,3.0852429559145436
2023_08_LV_DET,2023,8,DET,LV,12.0,7.765549235793267
2023_09_TEN_PIT,2023,9,PIT,TEN,4.0,4.277275305050013
2023_09_MIA_KC,2023,9,KC,MIA,7.0,2.8830454117558926
2023_09_MIN_ATL,2023,9,ATL,MIN,-3.0,-1.0198178162272027
2023_09_SEA_BAL,2023,9,BAL,SEA,34.0,3.982085050142592
2023_09_ARI_CLE,2023,9,CLE,ARI,27.0,5.889383589437079
2023_09_LA_GB,2023,9,GB,LA,17.0,2.0945864776770518
2023_09_TB_HOU,2023,9,HOU,TB,2.0,3.400038051285754
2023_09_WAS_NE,2023,9,NE,WAS,-3.0,1.5686204936960033
2023_09_CHI_NO,2023,9,NO,CHI,7.0,4.199684378707725
2023_09_IND_CAR,2023,9,CAR,IND,-14.0,1.8097782996545488
2023_09_NYG_LV,2023,9,LV,NYG,24.0,3.6973371901153205
2023_09_DAL_PHI,2023,9,PHI,DAL,5.0,4.6418149052072
2023_09_BUF_CIN,2023,9,CIN,BUF,6.0,2.1354371401287184
2023_09_LAC_NYJ,2023,9,NYJ,LAC,-21.0,1.9719361324061908
2023_10_CAR_CHI,2023,10,CHI,CAR,3.0,4.469093664439278
2023_10_IND_NE,2023,10,NE,IND,-4.0,2.4141776194580307
2023_10_CLE_BAL,2023,10,BAL,CLE,-2.0,8.257375729732784
2023_10_HOU_CIN,2023,10,CIN,HOU,-3.0,8.947817295839418
2023_10_SF_JAX,2023,10,JAX,SF,-31.0,1.3403878143737413
2023_10_NO_MIN,2023,10,MIN,NO,8.0,3.801403312768639
2023_10_GB_PIT,2023,10,PIT,GB,4.0,3.235666505560472
2023_10_TEN_TB,2023,10,TB,TEN,14.0,2.721529888591281
2023_10_ATL_ARI,2023,10,ARI,ATL,2.0,-3.7836444788761017
2023_10_DET_LAC,2023,10,LAC,DET,-3.0,1.0053104108237145
2023_10_NYG_DAL,2023,10,DAL,NYG,32.0,10.374657856073865
2023_10_WAS_SEA,2023,10,SEA,WAS,3.0,5.921414348735482
2023_10_NYJ_LV,2023,10,LV,NYJ,4.0,4.092750165570587
2023_10_DEN_BUF,2023,10,BUF,DEN,-2.0,12.13441000351696
2023_11_CIN_BAL,2023,11,BAL,CIN,14.0,5.100521245846785
2023_11_DAL_CAR,2023,11,CAR,DAL,-23.0,-7.26676907900176
2023_11_PIT_CLE,2023,11,CLE,PIT,3.0,3.978289721724975
2023_11_CHI_DET,2023,11,DET,CHI,5.0,8.64371949880704
2023_11_LAC_GB,2023,11,GB,LAC,3.0,-1.87591199132039
2023_11_ARI_HOU,2023,11,HOU,ARI,5.0,6.144792996417704
2023_11_TEN_JAX,2023,11,JAX,TEN,20.0,6.130756163040035
2023_11_LV_MIA,2023,11,MIA,LV,7.0,6.161579241031784
2023_11_NYG_WAS,2023,11,WAS,NYG,-12.0,4.681788325915286
2023_11_TB_SF,2023,11,SF,TB,13.0,8.539600065512065
2023_11_NYJ_BUF,2023,11,BUF,NYJ,26.0,9.755269819064782
2023_11_SEA_LA,2023,11,LA,SEA,1.0,-1.4810590800181762
2023_11_MIN_DEN,2023,11,DEN,MIN,1.0,-3.083516369618285
2023_11_PHI_KC,2023,11,KC,PHI,-4.0,2.992549860791536
2023_12_GB_DET,2023,12,DET,GB,-7.0,6.561834747420687
2023_12_WAS_DAL,2023,12,DAL,WAS,35.0,7.774460558563914
2023_12_SF_SEA,2023,12,SEA,SF,-18.0,-4.930299187509627
2023_12_MIA_NYJ,2023,12,NYJ,MIA,-21.0,-5.057131901704073
2023_12_NO_ATL,2023,12,ATL,NO,9.0,-2.8406162754366395
2023_12_PIT_CIN,2023,12,CIN,PIT,-6.0,5.5994171460085
2023_12_JAX_HOU,2023,12,HOU,JAX,-3.0,1.075960667264142
2023_12_TB_IND,2023,12,IND,TB,7.0,1.9092061891260308
2023_12_NE_NYG,2023,12,NYG,NE,3.0,0.6981724418314941
2023_12_CAR_TEN,2023,12,TEN,CAR,7.0,5.582903746968071
2023_12_LA_ARI,2023,12,ARI,LA,-23.0,-1.7082015186930868
2023_12_CLE_DEN,2023,12,DEN,CLE,17.0,2.064261182781903
2023_12_KC_LV,2023,12,LV,KC,-14.0,-3.4838017586693746
2023_12_BUF_PHI,2023,12,PHI,BUF,3.0,5.087265687203835
2023_12_BAL_LAC,2023,12,LAC,BAL,-10.0,-0.9795025497770051
2023_12_CHI_MIN,2023,12,MIN,CHI,-2.0,8.447413965963998
2023_13_SEA_DAL,2023,13,DAL,SEA,6.0,8.241983998540958
2023_13_DEN_HOU,2023,13,HOU,DEN,5.0,2.8119442562513144
2023_13_LAC_NE,2023,13,NE,LAC,-6.0,-2.413333792599212
2023_13_DET_NO,2023,13,NO,DET,-5.0,-0.38064589211506644
2023_13_ATL_NYJ,2023,13,NYJ,ATL,-5.0,0.5575105713000446
2023_13_ARI_PIT,2023,13,PIT,ARI,-14.0,11.611162598027482
2023_13_IND_TEN,2023,13,TEN,IND,-3.0,1.4065531181278994
2023_13_MIA_WAS,2023,13,WAS,MIA,-30.0,-4.105648520247668
2023_13_CAR_TB,2023,13,TB,CAR,3.0,7.7700929445160405
2023_13_CLE_LA,2023,13,LA,CLE,17.0,1.015879461708112
2023_13_SF_PHI,2023,13,PHI,SF,-23.0,4.2466036620280825
2023_13_KC_GB,2023,13,GB,KC,8.0,-1.837172971441293
2023_13_CIN_JAX,2023,13,JAX,CIN,-3.0,4.095037466766176
2023_14_NE_PIT,2023,14,PIT,NE,-3.0,9.130299702691609
2023_14_TB_ATL,2023,14,ATL,TB,-4.0,2.9054562921170635
2023_14_LA_BAL,2023,14,BAL,LA,6.0,9.352767685620751
2023_14_DET_CHI,2023,14,CHI,DET,15.0,-2.9307196828072937
2023_14_IND_CIN,2023,14,CIN,IND,20.0,5.740118943524387
2023_14_JAX_CLE,2023,14,CLE,JAX,4.0,-1.5831185521472193
2023_14_CAR_NO,2023,14,NO,CAR,22.0,7.728041116129436
2023_14_HOU_NYJ,2023,14,NYJ,HOU,24.0,-3.10881673379671
2023_14_MIN_LV,2023,14,LV,MIN,-3.0,-4.199287335522858
2023_14_SEA_SF,2023,14,SF,SEA,12.0,10.670473548441187
2023_14_BUF_KC,2023,14,KC,BUF,-3.0,2.5726374512185393
2023_14_DEN_LAC,2023,14,LAC,DEN,-17.0,2.91473998451197
2023_14_PHI_DAL,2023,14,DAL,PHI,20.0,7.70254741424792
2023_14_TEN_MIA,2023,14,MIA,TEN,-1.0,12.220626590190092
2023_14_GB_NYG,2023,14,NYG,GB,2.0,-5.174543625937724
2023_15_LAC_LV,2023,15,LV,LAC,42.0,-2.1366623988480202
2023_15_MIN_CIN,2023,15,CIN,MIN,3.0,3.752632523973263
2023_15_PIT_IND,2023,15,IND,PIT,17.0,3.205957646251937
2023_15_DEN_DET,2023,15,DET,DEN,25.0,4.072556187377133
2023_15_ATL_CAR,2023,15,CAR,ATL,2.0,-4.075284433746229
2023_15_CHI_CLE,2023,15,CLE,CHI,3.0,4.396927231234078
2023_15_TB_GB,2023,15,GB,TB,-14.0,4.233755123714041
2023_15_NYJ_MIA,2023,15,MIA,NYJ,30.0,10.294229922897523
2023_15_KC_NE,2023,15,NE,KC,-10.0,-5.312524479454163
2023_15_NYG_NO,2023,15,NO,NYG,18.0,4.946520789980065
2023_15_HOU_TEN,2023,15,TEN,HOU,-3.0,1.5386814948675605
2023_15_SF_ARI,2023,15,ARI,SF,-16.0,-9.493343955628102
2023_15_WAS_LA,2023,15,LA,WAS,8.0,7.845697519222506
2023_15_DAL_BUF,2023,15,BUF,DAL,21.0,3.64394736346285
2023_15_BAL_JAX,2023,15,JAX,BAL,-16.0,-1.682112861794389
2023_15_PHI_SEA,2023,15,SEA,PHI,3.0,-5.429519421010033
2023_16_NO_LA,2023,16,LA,NO,8.0,2.6961133034631395
2023_16_CIN_PIT,2023,16,PIT,CIN,23.0,-4.0890005962636025
2023_16_BUF_LAC,2023,16,LAC,BUF,-2.0,-5.742635637465069
2023_16_IND_ATL,2023,16,ATL,IND,19.0,-0.9314674605565123
2023_16_GB_CAR,2023,16,CAR,GB,-3.0,-4.599353293840165
2023_16_CLE_HOU,2023,16,HOU,CLE,-14.0,0.17620641174201462
2023_16_DET_MIN,2023,16,MIN,DET,-6.0,2.4023652277340286
2023_16_WAS_NYJ,2023,16,NYJ,WAS,2.0,3.00167489096413
2023_16_SEA_TEN,2023,16,TEN,SEA,-3.0,-2.240325923474039
2023_16_JAX_TB,2023,16,TB,JAX,18.0,1.9116213200768175
2023_16_ARI_CHI,2023,16,CHI,ARI,11.0,3.252490639512029
2023_16_DAL_MIA,2023,16,MIA,DAL,2.0,4.762661043035037
2023_16_NE_DEN,2023,16,DEN,NE,-3.0,7.090083158448337
2023_16_LV_KC,2023,16,KC,LV,-6.0,8.928135161145908
2023_16_NYG_PHI,2023,16,PHI,NYG,8.0,10.620113245791662
2023_16_BAL_SF,2023,16,SF,BAL,-14.0,5.477097532357499
2023_17_NYJ_CLE,2023,17,CLE,NYJ,17.0,7.849272884534487
2023_17_DET_DAL,2023,17,DAL,DET,1.0,4.726163338794926
2023_17_MIA_BAL,2023,17,BAL,MIA,37.0,3.8721300854959786
2023_17_NE_BUF,2023,17,BUF,NE,6.0,11.054280131912014
2023_17_ATL_CHI,2023,17,CHI,ATL,20.0,3.2427317414595285
2023_17_TEN_HOU,2023,17,HOU,TEN,23.0,2.2287566628033195
2023_17_LV_IND,2023,17,IND,LV,3.0,1.9370596647935743
2023_17_CAR_JAX,2023,17,JAX,CAR,26.0,9.190071467129524
2023_17_LA_NYG,2023,17,NYG,LA,-1.0,-4.635023203094097
2023_17_ARI_PHI,2023,17,PHI,ARI,-4.0,12.62333535554892
2023_17_NO_TB,2023,17,TB,NO,-10.0,3.5200930217677633
2023_17_SF_WAS,2023,17,WAS,SF,-17.0,-11.63137576331109
2023_17_PIT_SEA,2023,17,SEA,PIT,-7.0,3.617210700318344
2023_17_LAC_DEN,2023,17,DEN,LAC,7.0,2.7080639005676126
2023_17_CIN_KC,2023,17,KC,CIN,8.0,3.375210909500326
2023_17_GB_MIN,2023,17,MIN,GB,-23.0,2.047490060724665
2023_18_PIT_BAL,2023,18,BAL,PIT,-7.0,10.458471626954926
2023_18_HOU_IND,2023,18,IND,HOU,-4.0,2.847657598577852
2023_18_TB_CAR,2023,18,CAR,TB,-9.0,-6.1848154539722735
2023_18_CLE_CIN,2023,18,CIN,CLE,17.0,2.1462034578245484
2023_18_MIN_DET,2023,18,DET,MIN,10.0,6.319553490465758
2023_18_NYJ_NE,2023,18,NE,NYJ,-14.0,1.8883189588930753
2023_18_ATL_NO,2023,18,NO,ATL,31.0,6.287509224757149
2023_18_JAX_TEN,2023,18,TEN,JAX,8.0,-3.9751697068093494
2023_18_SEA_ARI,2023,18,ARI,SEA,-1.0,-1.5532624341135763
2023_18_CHI_GB,2023,18,GB,CHI,8.0,4.854363938505055
2023_18_KC_LAC,2023,18,LAC,KC,-1.0,-6.373150970964271
2023_18_DEN_LV,2023,18,LV,DEN,13.0,3.1937375918129476
2023_18_PHI_NYG,2023,18,NYG,PHI,17.0,-7.05282773184122
2023_18_LA_SF,2023,18,SF,LA,-1.0,8.943381058348498
2023_18_DAL_WAS,2023,18,WAS,DAL,-28.0,-9.090200386607462
2023_18_BUF_MIA,2023,18,MIA,BUF,-7.0,1.3122966015655966
2024_01_BAL_KC,2024,1,KC,BAL,7.0,-1.313958125246405
2024_01_GB_PHI,2024,1,PHI,GB,5.0,2.638043669742944
2024_01_PIT_ATL,2024,1,ATL,PIT,-8.0,-1.5445718444197145
2024_01_ARI_BUF,2024,1,BUF,ARI,6.0,12.566671865938098
2024_01_TEN_CHI,2024,1,CHI,TEN,7.0,2.8519093448613635
2024_01_NE_CIN,2024,1,CIN,NE,-6.0,7.8091832373384245
2024_01_HOU_IND,2024,1,IND,HOU,-2.0,1.6402022881714853
2024_01_JAX_MIA,2024,1,MIA,JAX,3.0,5.019582889719541
2024_01_CAR_NO,2024,1,NO,CAR,37.0,8.679814381452115
2024_01_MIN_NYG,2024,1,NYG,MIN,-22.0,0.4914176120470438
2024_01_LV_LAC,2024,1,LAC,LV,12.0,-1.72241247746422
2024_01_DEN_SEA,2024,1,SEA,DEN,6.0,2.69133461849642
2024_01_DAL_CLE,2024,1,CLE,DAL,-16.0,-2.511307830381247
2024_01_WAS_TB,2024,1,TB,WAS,17.0,7.689742341848822
2024_01_LA_DET,2024,1,DET,LA,6.0,4.457828240341101
2024_01_NYJ_SF,2024,1,SF,NYJ,13.0,9.414023870574491
2024_02_BUF_MIA,2024,2,MIA,BUF,-21.0,-3.0734957273947736
2024_02_LV_BAL,2024,2,BAL,LV,-3.0,7.708549543026169
2024_02_LAC_CAR,2024,2,CAR,LAC,-23.0,-5.616175753398587
2024_02_NO_DAL,2024,2,DAL,NO,-25.0,3.3634572651054544
2024_02_TB_DET,2024,2,DET,TB,-4.0,3.9042557838601843
2024_02_IND_GB,2024,2,GB,IND,6.0,1.2787462745812683
2024_02_CLE_JAX,2024,2,JAX,CLE,-5.0,3.6132648886861856
2024_02_SF_MIN,2024,2,MIN,SF,6.0,0.5451413314449799
2024_02_SEA_NE,2024,2,NE,SEA,-3.0,-0.27769757229850023
2024_02_NYJ_TEN,2024,2,TEN,NYJ,-7.0,1.3081035944144537
2024_02_NYG_WAS,2024,2,WAS,NYG,3.0,-0.3839319383238812
2024_02_LA_ARI,2024,2,ARI,LA,31.0,-1.920133323661992
2024_02_PIT_DEN,2024,2,DEN,PIT,-7.0,-3.6515306956960654
2024_02_CIN_KC,2024,2,KC,CIN,1.0,6.639616284007896
2024_02_CHI_HOU,2024,2,HOU,CHI,6.0,5.009056263244104
2024_02_ATL_PHI,2024,2,PHI,ATL,-1.0,5.124936468592093
2024_03_NE_NYJ,2024,3,NYJ,NE,21.0,3.59779610312743
2024_03_NYG_CLE,2024,3,CLE,NYG,-6.0,6.34869312070302
2024_03_CHI_IND,2024,3,IND,CHI,5.0,2.8115498663854352
2024_03_HOU_MIN,2024,3,MIN,HOU,27.0,4.131488556088824
2024_03_PHI_NO,2024,3,NO,PHI,-3.0,6.840808766467156
2024_03_LAC_PIT,2024,3,PIT,LAC,10.0,5.957905884845633
2024_03_DEN_TB,2024,3,TB,DEN,-19.0,7.934296213760626
2024_03_GB_TEN,2024,3,TEN,GB,-16.0,-3.643576402418376
2024_03_CAR_LV,2024,3,LV,CAR,-14.0,9.200848257181887
2024_03_MIA_SEA,2024,3,SEA,MIA,21.0,4.1821766711547665
2024_03_DET_ARI,2024,3,ARI,DET,-7.0,1.9304265137017687
2024_03_BAL_DAL,2024,3,DAL,BAL,-3.0,1.6128859590152778
2024_03_SF_LA,2024,3,LA,SF,3.0,-7.5043230290122045
2024_03_KC_ATL,2024,3,ATL,KC,-5.0,-3.0031529683198634
2024_03_JAX_BUF,2024,3,BUF,JAX,37.0,12.023866136788538
2024_03_WAS_CIN,2024,3,CIN,WAS,-5.0,4.552607389386077
2024_04_DAL_NYG,2024,4,NYG,DAL,-5.0,-1.949801073919939
2024_04_NO_ATL,2024,4,ATL,NO,2.0,-2.3382016358438635
2024_04_CIN_CAR,2024,4,CAR,CIN,-10.0,-5.34912753813868
2024_04_LA_CHI,2024,4,CHI,LA,6.0,1.5201491040972481
2024_04_MIN_GB,2024,4,GB,MIN,-2.0,2.6630567891028254
2024_04_JAX_HOU,2024,4,HOU,JAX,4.0,1.6745066903583927
2024_04_PIT_IND,2024,4,IND,PIT,3.0,0.7743523242342358
2024_04_DEN_NYJ,2024,4,NYJ,DEN,-1.0,5.148369024988338
2024_04_PHI_TB,2024,4,TB,PHI,17.0,-0.15296934648532412
2024_04_WAS_ARI,2024,4,ARI,WAS,-28.0,3.2573393943720093
2024_04_NE_SF,2024,4,SF,NE,17.0,10.373501413748697
2024_04_KC_LAC,2024,4,LAC,KC,-7.0,-2.9379274288751014
2024_04_CLE_LV,2024,4,LV,CLE,4.0,2.4282643119518266
2024_04_BUF_BAL,2024,4,BAL,BUF,25.0,-1.449111676469311
2024_04_TEN_MIA,2024,4,MIA,TEN,-19.0,3.7461491837038925
2024_04_SEA_DET,2024,4,DET,SEA,13.0,3.8698303396706915
2024_05_TB_ATL,2024,5,ATL,TB,6.0,-0.9434791810712786
2024_05_NYJ_MIN,2024,5,MIN,NYJ,6.0,8.480991587597588
2024_05_CAR_CHI,2024,5,CHI,CAR,26.0,7.4526163723695
2024_05_BAL_CIN,2024,5,CIN,BAL,-3.0,-2.1699732845966806
2024_05_BUF_HOU,2024,5,HOU,BUF,3.0,-4.362011800543726
2024_05_IND_JAX,2024,5,JAX,IND,3.0,0.8502629816989526
2024_05_MIA_NE,2024,5,NE,MIA,-5.0,-0.06325158263023639
2024_05_CLE_WAS,2024,5,WAS,CLE,21.0,5.164887889041529
2024_05_LV_DEN,2024,5,DEN,LV,16.0,3.3068690261228406
2024_05_ARI_SF,2024,5,SF,ARI,-1.0,9.22095181223292
2024_05_GB_LA,2024,5,LA,GB,-5.0,-0.4200155186525138
2024_05_NYG_SEA,2024,5,SEA,NYG,-9.0,7.199962600345215
2024_05_DAL_PIT,2024,5,PIT,DAL,-3.0,3.6627467008694627
2024_05_NO_KC,2024,5,KC,NO,13.0,2.7314457116400197
2024_06_SF_SEA,2024,6,SEA,SF,-12.0,-0.7644881934802364
2024_06_JAX_CHI,2024,6,CHI,JAX,19.0,3.755413947037366
2024_06_WAS_BAL,2024,6,BAL,WAS,7.0,7.319204032908631
2024_06_ARI_GB,2024,6,GB,ARI,21.0,6.487934111199576
2024_06_HOU_NE,2024,6,NE,HOU,-20.0,-4.001045942168819
2024_06_TB_NO,2024,6,NO,TB,-24.0,4.179449516929898
2024_06_CLE_PHI,2024,6,PHI,CLE,4.0,6.044345678237826
2024_06_IND_TEN,2024,6,TEN,IND,-3.0,2.09170528144341
2024_06_LAC_DEN,2024,6,DEN,LAC,-7.0,6.26700863393266
2024_06_PIT_LV,2024,6,LV,PIT,-19.0,-2.6547497662748345
2024_06_ATL_CAR,2024,6,CAR,ATL,-18.0,-4.543024229178101
2024_06_DET_DAL,2024,6,DAL,DET,-38.0,1.9108447369817534
2024_06_CIN_NYG,2024,6,NYG,CIN,-10.0,0.274083824012253
2024_06_BUF_NYJ,2024,6,NYJ,BUF,-3.0,-2.269051203770796
2024_07_DEN_NO,2024,7,NO,DEN,-23.0,2.452918386991916
2024_07_NE_JAX,2024,7,JAX,NE,16.0,3.0054808549428
2024_07_SEA_ATL,2024,7,ATL,SEA,-20.0,2.839500345662781
2024_07_TEN_BUF,2024,7,BUF,TEN,24.0,10.757201241697047
2024_07_CIN_CLE,2024,7,CLE,CIN,-7.0,-3.818554112211926
2024_07_HOU_GB,2024,7,GB,HOU,2.0,4.726232102554418
2024_07_MIA_IND,2024,7,IND,MIA,6.0,3.9472557994586306
2024_07_DET_MIN,2024,7,MIN,DET,-2.0,3.5046716566876595
2024_07_PHI_NYG,2024,7,NYG,PHI,-25.0,-1.341972443290788
2024_07_LV_LA,2024,7,LA,LV,5.0,2.960705148326793
2024_07_CAR_WAS,2024,7,WAS,CAR,33.0,7.842429014088749
2024_07_KC_SF,2024,7,SF,KC,-10.0,4.590736597414217
2024_07_NYJ_PIT,2024,7,PIT,NYJ,22.0,7.182888593679714
2024_07_BAL_TB,2024,7,TB,BAL,-10.0,-1.858784053378564
2024_07_LAC_ARI,2024,7,ARI,LAC,2.0,-2.944812193957654
2024_08_MIN_LA,2024,8,LA,MIN,10.0,-0.6896483927230819
2024_08_PHI_CIN,2024,8,CIN,PHI,-20.0,2.755885958896007
2024_08_BAL_CLE,2024,8,CLE,BAL,5.0,-10.059611785110786
2024_08_TEN_DET,2024,8,DET,TEN,38.0,9.915088130990647
2024_08_IND_HOU,2024,8,HOU,IND,3.0,3.8799711733853868
2024_08_GB_JAX,2024,8,JAX,GB,-3.0,-3.124546324757127
2024_08_ARI_MIA,2024,8,MIA,ARI,-1.0,0.6887174966099849
2024_08_NYJ_NE,2024,8,NE,NYJ,3.0,-2.9635683944598195
2024_08_ATL_TB,2024,8,TB,ATL,-5.0,4.332718426081492
2024_08_NO_LAC,2024,8,LAC,NO,18.0,3.6437673699188733
2024_08_BUF_SEA,2024,8,SEA,BUF,-21.0,-3.5936280429025915
2024_08_CAR_DEN,2024,8,DEN,CAR,14.0,11.03708630769725
2024_08_KC_LV,2024,8,LV,KC,-7.0,-7.3411065627289815
2024_08_CHI_WAS,2024,8,WAS,CHI,3.0,4.645035881327845
2024_08_DAL_SF,2024,8,SF,DAL,6.0,4.297151049319482
2024_08_NYG_PIT,2024,8,PIT,NYG,8.0,13.23605157724213
2024_09_HOU_NYJ,2024,9,NYJ,HOU,8.0,-1.6886394982502881
2024_09_DAL_ATL,2024,9,ATL,DAL,6.0,0.13762879734543634
2024_09_DEN_BAL,2024,9,BAL,DEN,31.0,7.143725214057811
2024_09_MIA_BUF,2024,9,BUF,MIA,3.0,12.119669894880383
2024_09_NO_CAR,2024,9,CAR,NO,1.0,-6.204211150253329
2024_09_LV_CIN,2024,9,CIN,LV,17.0,6.518371952949852
2024_09_LAC_CLE,2024,9,CLE,LAC,-17.0,0.6916902638838954
2024_09_WAS_NYG,2024,9,NYG,WAS,-5.0,-2.7609516169368336
2024_09_NE_TEN,2024,9,TEN,NE,3.0,2.4524852171099085
2024_09_CHI_ARI,2024,9,ARI,CHI,20.0,-0.8243076620265135
2024_09_JAX_PHI,2024,9,PHI,JAX,5.0,6.370119494591159
2024_09_DET_GB,2024,9,GB,DET,-10.0,-2.0306962177134342
2024_09_LA_SEA,2024,9,SEA,LA,-6.0,2.2783749656312775
2024_09_IND_MIN,2024,9,MIN,IND,8.0,5.197237043132313
2024_09_TB_KC,2024,9,KC,TB,6.0,4.677966889964833
2024_10_CIN_BAL,2024,10,BAL,CIN,1.0,10.748420889306443
2024_10_NYG_CAR,2024,10,CAR,NYG,3.0,-2.796152969669698
2024_10_NE_CHI,2024,10,CHI,NE,-16.0,6.168867786233747
2024_10_BUF_IND,2024,10,IND,BUF,-10.0,-7.499839042858138
2024_10_MIN_JAX,2024,10,JAX,MIN,-5.0,-2.783464116446809
2024_10_DEN_KC,2024,10,KC,DEN,2.0,7.469761564801838
2024_10_ATL_NO,2024,10,NO,ATL,3.0,-3.4728629345631714
2024_10_SF_TB,2024,10,TB,SF,-3.0,-1.2335506827500684
2024_10_PIT_WAS,2024,10,WAS,PIT,-1.0,-0.281429532443122
2024_10_TEN_LAC,2024,10,LAC,TEN,10.0,8.492375957542645
2024_10_NYJ_ARI,2024,10,ARI,NYJ,25.0,2.6839775404865884
2024_10_PHI_DAL,2024,10,DAL,PHI,-28.0,-3.4465816249907655
2024_10_DET_HOU,2024,10,HOU,DET,-3.0,-3.9109264999159317
2024_10_MIA_LA,2024,10,LA,MIA,-8.0,4.604502972381439
2024_11_WAS_PHI,2024,11,PHI,WAS,8.0,4.509168303238684
2024_11_GB_CHI,2024,11,CHI,GB,-1.0,-5.963126545818466
2024_11_JAX_DET,2024,11,DET,JAX,46.0,11.365533240381783
2024_11_LV_MIA,2024,11,MIA,LV,15.0,4.8303561829655015
2024_11_LA_NE,2024,11,NE,LA,-6.0,-2.323302735499151
2024_11_CLE_NO,2024,11,NO,CLE,21.0,3.8438880334128025
2024_11_IND_NYJ,2024,11,NYJ,IND,-1.0,3.0229906687750367
2024_11_BAL_PIT,2024,11,PIT,BAL,2.0,-5.581199522380739
2024_11_MIN_TEN,2024,11,TEN,MIN,-10.0,-8.066929674814611
2024_11_ATL_DEN,2024,11,DEN,ATL,32.0,1.996506066497845
2024_11_SEA_SF,2024,11,SF,SEA,-3.0,8.028592016831317
2024_11_KC_BUF,2024,11,BUF,KC,9.0,4.222567195076253
2024_11_CIN_LAC,2024,11,LAC,CIN,7.0,2.5565704175773933
2024_11_HOU_DAL,2024,11,DAL,HOU,-24.0,1.6928002384103054
2024_12_PIT_CLE,2024,12,CLE,PIT,5.0,-6.094657344070241
2024_12_KC_CAR,2024,12,CAR,KC,-3.0,-8.96754714054766
2024_12_MIN_CHI,2024,12,CHI,MIN,-3.0,-6.205877513096005
2024_12_TEN_HOU,2024,12,HOU,TEN,-5.0,9.880268519386705
2024_12_DET_IND,2024,12,IND,DET,-18.0,-6.852425696440678
2024_12_NE_MIA,2024,12,MIA,NE,19.0,5.592898922067498
2024_12_TB_NYG,2024,12,NYG,TB,-23.0,-4.924504644414103
2024_12_DAL_WAS,2024,12,WAS,DAL,-8.0,5.7680603677727085
2024_12_DEN_LV,2024,12,LV,DEN,-10.0,-5.659140583236399
2024_12_SF_GB,2024,12,GB,SF,28.0,2.025638887958563
2024_12_ARI_SEA,2024,12,SEA,ARI,10.0,1.371044909044397
2024_12_PHI_LA,2024,12,LA,PHI,-17.0,-2.3805303093226673
2024_12_BAL_LAC,2024,12,LAC,BAL,-7.0,-4.634393498738555
2024_13_CHI_DET,2024,13,DET,CHI,3.0,13.057219726083943
2024_13_NYG_DAL,2024,13,DAL,NYG,7.0,4.873455487245097
2024_13_MIA_GB,2024,13,GB,MIA,13.0,4.783363927050448
2024_13_LV_KC,2024,13,KC,LV,2.0,12.685539538403056
2024_13_LAC_ATL,2024,13,ATL,LAC,-4.0,-0.396217620821979
2024_13_PIT_CIN,2024,13,CIN,PIT,-6.0,-1.3461185672656353
2024_13_HOU_JAX,2024,13,JAX,HOU,-3.0,-2.217610908477204
2024_13_ARI_MIN,2024,13,MIN,ARI,1.0,4.99608474682137
2024_13_IND_NE,2024,13,NE,IND,-1.0,-0.3312583343885864
2024_13_SEA_NYJ,2024,13,NYJ,SEA,-5.0,-2.231859964673197
2024_13_TEN_WAS,2024,13,WAS,TEN,23.0,5.7838144900497275
2024_13_TB_CAR,2024,13,CAR,TB,-3.0,-6.589088201608503
2024_13_LA_NO,2024,13,NO,LA,-7.0,1.4528548174330147
2024_13_PHI_BAL,2024,13,BAL,PHI,-5.0,6.605642123524152
2024_13_SF_BUF,2024,13,BUF,SF,25.0,6.630672198729791
2024_13_CLE_DEN,2024,13,DEN,CLE,9.0,8.464305804866282
2024_14_GB_DET,2024,14,DET,GB,3.0,4.6661015824600875
2024_14_NYJ_MIA,2024,14,MIA,NYJ,6.0,5.043556022781732
2024_14_ATL_MIN,2024,14,MIN,ATL,21.0,5.9332920115945695
2024_14_NO_NYG,2024,14,NYG,NO,-3.0,-2.415420492442593
2024_14_CAR_PHI,2024,14,PHI,CAR,6.0,10.251507436236583
2024_14_CLE_PIT,2024,14,PIT,CLE,13.0,10.988896422763306
2024_14_LV_TB,2024,14,TB,LV,15.0,8.103801840701365
2024_14_JAX_TEN,2024,14,TEN,JAX,-4.0,1.6394587794384596
2024_14_SEA_ARI,2024,14,ARI,SEA,-12.0,0.5432463323825782
2024_14_BUF_LA,2024,14,LA,BUF,2.0,-5.1090148012176195
2024_14_CHI_SF,2024,14,SF,CHI,25.0,7.845922061312155
2024_14_LAC_KC,2024,14,KC,LAC,2.0,7.717060328774158
2024_14_CIN_DAL,2024,14,DAL,CIN,-7.0,1.2642287430355654
2024_15_LA_SF,2024,15,SF,LA,-6.0,2.750962286409065
2024_15_DAL_CAR,2024,15,CAR,DAL,-16.0,-4.207897779086787
2024_15_KC_CLE,2024,15,CLE,KC,-14.0,-8.893330960202713
2024_15_MIA_HOU,2024,15,HOU,MIA,8.0,3.160294002408255
2024_15_NYJ_JAX,2024,15,JAX,NYJ,-7.0,1.3702132530485953
2024_15_WAS_NO,2024,15,NO,WAS,-1.0,0.5567910969581008
2024_15_BAL_NYG,2024,15,NYG,BAL,-21.0,-7.020455095063457
2024_15_CIN_TEN,2024,15,TEN,CIN,-10.0,-4.829522873905887
2024_15_NE_ARI,2024,15,ARI,NE,13.0,5.177156098850215
2024_15_IND_DEN,2024,15,DEN,IND,18.0,7.358112660552486
2024_15_BUF_DET,2024,15,DET,BUF,-6.0,3.7751795421568866
2024_15_TB_LAC,2024,15,LAC,TB,-23.0,2.6055220026715893
2024_15_PIT_PHI,2024,15,PHI,PIT,14.0,7.7796335612528695
2024_15_GB_SEA,2024,15,SEA,GB,-17.0,-1.950677280074807
2024_15_CHI_MIN,2024,15,MIN,CHI,18.0,10.289202503081674
2024_15_ATL_LV,2024,15,LV,ATL,-6.0,-2.218116879900078
2024_16_DEN_LAC,2024,16,LAC,DEN,7.0,-3.234413095719445
2024_16_HOU_KC,2024,16,KC,HOU,8.0,9.411278374643645
2024_16_PIT_BAL,2024,16,BAL,PIT,17.0,7.32739981961539
2024_16_NYG_ATL,2024,16,ATL,NYG,27.0,6.711798768033038
2024_16_ARI_CAR,2024,16,CAR,ARI,6.0,-4.812919658911493
2024_16_DET_CHI,2024,16,CHI,DET,-17.0,-9.657089474401108
2024_16_CLE_CIN,2024,16,CIN,CLE,18.0,7.4783618206831
2024_16_TEN_IND,2024,16,IND,TEN,8.0,4.291103405962954
2024_16_LA_NYJ,2024,16,NYJ,LA,-10.0,-3.971533652255614
2024_16_PHI_WAS,2024,16,WAS,PHI,3.0,-1.3292476997540565
2024_16_MIN_SEA,2024,16,SEA,MIN,-3.0,-3.003467652853693
2024_16_NE_BUF,2024,16,BUF,NE,3.0,12.167333991025973
2024_16_JAX_LV,2024,16,LV,JAX,5.0,-1.1060814078371102
2024_16_SF_MIA,2024,16,MIA,SF,12.0,-2.5186810985323986
2024_16_TB_DAL,2024,16,DAL,TB,2.0,-2.382490312962323
2024_16_NO_GB,2024,16,GB,NO,34.0,11.556074089904385
2024_17_KC_PIT,2024,17,PIT,KC,-19.0,-2.3463928233653957
2024_17_BAL_HOU,2024,17,HOU,BAL,-29.0,-5.903498805122213
2024_17_SEA_CHI,2024,17,CHI,SEA,-3.0,-5.095351660608702
2024_17_LAC_NE,2024,17,NE,LAC,-33.0,-6.097304503654968
2024_17_DEN_CIN,2024,17,CIN,DEN,6.0,4.110594813228965
2024_17_ARI_LA,2024,17,LA,ARI,4.0,7.354601425253002
2024_17_NYJ_BUF,2024,17,BUF,NYJ,26.0,13.440928241074731
2024_17_TEN_JAX,2024,17,JAX,TEN,7.0,1.9021532047835148
2024_17_LV_NO,2024,17,NO,LV,-15.0,4.8772459695464665
2024_17_IND_NYG,2024,17,NYG,IND,12.0,-4.931021752563174
2024_17_DAL_PHI,2024,17,PHI,DAL,34.0,10.86221692972813
2024_17_CAR_TB,2024,17,TB,CAR,34.0,11.458429158505098
2024_17_MIA_CLE,2024,17,CLE,MIA,-17.0,-4.553180341104424
2024_17_GB_MIN,2024,17,MIN,GB,2.0,3.949562893282881
2024_17_ATL_WAS,2024,17,WAS,ATL,6.0,4.424390971850809
2024_17_DET_SF,2024,17,SF,DET,-6.0,-5.834265106933802
2024_18_CLE_BAL,2024,18,BAL,CLE,25.0,15.41222888659242
2024_18_CIN_PIT,2024,18,PIT,CIN,-2.0,1.6923870875603761
2024_18_CAR_ATL,2024,18,ATL,CAR,-6.0,7.394535213139872
2024_18_WAS_DAL,2024,18,DAL,WAS,-4.0,-0.42172605505465904
2024_18_CHI_GB,2024,18,GB,CHI,-2.0,12.68134169458349
2024_18_JAX_IND,2024,18,IND,JAX,3.0,1.8901771290692726
2024_18_BUF_NE,2024,18,NE,BUF,7.0,-12.350279030805671
2024_18_NYG_PHI,2024,18,PHI,NYG,7.0,14.737919092795922
2024_18_NO_TB,2024,18,TB,NO,8.0,9.465086598114976
2024_18_HOU_TEN,2024,18,TEN,HOU,-9.0,-3.2830330558806433
2024_18_SF_ARI,2024,18,ARI,SF,23.0,0.4297090425501993
2024_18_KC_DEN,2024,18,DEN,KC,38.0,-5.547103269218256
2024_18_SEA_LA,2024,18,LA,SEA,-5.0,5.423788787053331
2024_18_LAC_LV,2024,18,LV,LAC,-14.0,-4.72306248978422
2024_18_MIA_NYJ,2024,18,NYJ,MIA,12.0,-3.1175694535564245
2024_18_MIN_DET,2024,18,DET,MIN,22.0,7.538278075024464
