game_id,season,week,home_team,away_team,actual_margin,pred_margin,actual_total,pred_total,pred_home_score,pred_away_score,actual_home_score,actual_away_score
2010_01_MIN_NO,2010,1,NO,MIN,5.0,4.09543533045866,23.0,44.60056170448084,24.347998517469748,20.25256318701109,14.0,9.0
2010_01_MIA_BUF,2010,1,BUF,MIA,-5.0,1.3363610094544829,25.0,42.0709369564372,21.703648982945843,20.367287973491358,10.0,15.0
2010_01_DET_CHI,2010,1,CHI,DET,5.0,8.582357206653578,33.0,40.5029566403063,24.54265692347994,15.960299716826363,19.0,14.0
2010_01_IND_HOU,2010,1,HOU,IND,10.0,0.5113852770054335,58.0,46.71081895298803,23.61110211499673,23.0997168379913,34.0,24.0
2010_01_DEN_JAX,2010,1,JAX,DEN,7.0,1.7492177193360776,41.0,40.72682507920126,21.23802139926867,19.48880367993259,24.0,17.0
2010_01_CIN_NE,2010,1,NE,CIN,14.0,7.283940707837575,62.0,42.06369983687628,24.673820272356927,17.389879564519354,38.0,24.0
2010_01_CAR_NYG,2010,1,NYG,CAR,13.0,0.7209200414480718,49.0,41.672883168570564,21.19690160500932,20.475981563561245,31.0,18.0
2010_01_ATL_PIT,2010,1,PIT,ATL,6.0,2.8213365869243208,24.0,42.31774047142334,22.56953852917383,19.748201942249512,15.0,9.0
2010_01_CLE_TB,2010,1,TB,CLE,3.0,2.7520732509814896,31.0,40.739451344924866,21.745762297953178,18.99368904697169,17.0,14.0
2010_01_OAK_TEN,2010,1,TEN,OAK,25.0,8.023132459625607,51.0,43.1897467598676,25.606439609746605,17.583307150120998,38.0,13.0
2010_01_GB_PHI,2010,1,PHI,GB,-7.0,6.239634058381999,47.0,45.374972081662186,25.807303070022094,19.567669011640092,20.0,27.0
2010_01_SF_SEA,2010,1,SEA,SF,25.0,-0.7331665601908236,37.0,41.345305319049245,20.30606937942921,21.039235939620035,31.0,6.0
2010_01_ARI_STL,2010,1,STL,ARI,-4.0,-5.365202051325039,30.0,44.44708318257309,19.540940565624023,24.906142616949065,13.0,17.0
2010_01_DAL_WAS,2010,1,WAS,DAL,6.0,-3.776078996904028,20.0,43.16398080856689,19.693950905831432,23.470029902735458,13.0,7.0
2010_01_BAL_NYJ,2010,1,NYJ,BAL,-1.0,2.211109148976667,19.0,40.32221706101456,21.266663104995615,19.055553956018947,9.0,10.0
2010_01_SD_KC,2010,1,KC,SD,7.0,-6.408098751028874,35.0,43.498953804198976,18.54542752658505,24.953526277613925,21.0,14.0
2010_02_ARI_ATL,2010,2,ATL,ARI,34.0,2.033467817723911,48.0,41.7420006595973,21.887734238660606,19.854266420936696,41.0,7.0
2010_02_TB_CAR,2010,2,CAR,TB,-13.0,4.716164245242854,27.0,41.33061761071804,23.023390927980447,18.307226682737596,7.0,20.0
2010_02_BAL_CIN,2010,2,CIN,BAL,5.0,0.3529202139439049,25.0,40.53295860420797,20.442939409075937,20.090019195132033,15.0,10.0
2010_02_KC_CLE,2010,2,CLE,KC,-2.0,4.591137020217479,30.0,39.73523221797585,22.163184619096665,17.572047598879184,14.0,16.0
2010_02_CHI_DAL,2010,2,DAL,CHI,-7.0,6.025785278640519,47.0,40.218074356991444,23.121929817815982,17.096144539175462,20.0,27.0
2010_02_PHI_DET,2010,2,DET,PHI,-3.0,-1.7342006104001142,67.0,40.56217848709441,19.413988938347146,21.14818954874726,32.0,35.0
2010_02_BUF_GB,2010,2,GB,BUF,27.0,10.164157271070655,41.0,41.44894153727788,25.80654940417427,15.642392133103613,34.0,7.0
2010_02_MIA_MIN,2010,2,MIN,MIA,-4.0,1.3406458184516323,24.0,45.09099396629521,23.21581989237342,21.875174073921787,10.0,14.0
2010_02_PIT_TEN,2010,2,TEN,PIT,-8.0,5.048077262259467,30.0,43.081387189964595,24.06473222611203,19.016654963852563,11.0,19.0
2010_02_SEA_DEN,2010,2,DEN,SEA,17.0,4.015239038960849,45.0,43.60325262616996,23.809245832565406,19.794006793604556,31.0,14.0
2010_02_STL_OAK,2010,2,OAK,STL,2.0,4.610941177515675,30.0,43.53665274019185,24.073796958853762,19.462855781338085,16.0,14.0
2010_02_NE_NYJ,2010,2,NYJ,NE,14.0,-6.314452711363455,42.0,45.235845229549966,19.460696259093254,25.775148970456712,28.0,14.0
2010_02_JAX_SD,2010,2,SD,JAX,25.0,9.548648781487929,51.0,43.23594460996964,26.392296695728785,16.843647914240858,38.0,13.0
2010_02_HOU_WAS,2010,2,WAS,HOU,-3.0,-4.917672301238995,57.0,46.095793235609136,20.58906046718507,25.506732768424065,27.0,30.0
2010_02_NYG_IND,2010,2,IND,NYG,24.0,3.677582419487067,52.0,43.668142173106396,23.67286229629673,19.995279876809665,38.0,14.0
2010_02_NO_SF,2010,2,SF,NO,-3.0,-7.558117363950873,47.0,42.47864020807852,17.460261422063823,25.018378786014694,22.0,25.0
2010_03_CLE_BAL,2010,3,BAL,CLE,7.0,7.382301379618524,41.0,38.98668132106683,23.18449135034268,15.802189970724154,24.0,17.0
2010_03_CIN_CAR,2010,3,CAR,CIN,-13.0,3.303327047819693,27.0,41.84732386251403,22.575325455166862,19.27199840734717,7.0,20.0
2010_03_DAL_HOU,2010,3,HOU,DAL,-14.0,2.7835088368648577,40.0,45.09032715198831,23.936917994426587,21.153409157561725,13.0,27.0
2010_03_SF_KC,2010,3,KC,SF,21.0,0.5798728225183835,41.0,40.784535588989755,20.68220420575407,20.102331383235686,31.0,10.0
2010_03_DET_MIN,2010,3,MIN,DET,14.0,10.040402282939532,34.0,41.13999485950838,25.590198571223954,15.549796288284423,24.0,10.0
2010_03_BUF_NE,2010,3,NE,BUF,8.0,9.04324880356519,68.0,41.5440754266447,25.293662115104947,16.250413311539756,38.0,30.0
2010_03_ATL_NO,2010,3,NO,ATL,-3.0,3.053701079749542,51.0,44.42931937408072,23.741510226915132,20.687809147165588,24.0,27.0
2010_03_TEN_NYG,2010,3,NYG,TEN,-19.0,2.1323135531656616,39.0,39.76107596457534,20.9466947588705,18.81438120570484,10.0,29.0
2010_03_PIT_TB,2010,3,TB,PIT,-25.0,3.610989352120845,51.0,40.13834442361582,21.874666887868333,18.263677535747487,13.0,38.0
2010_03_PHI_JAX,2010,3,JAX,PHI,-25.0,-0.2959040002171737,31.0,45.17736391316194,22.440729956472385,22.736633956689555,3.0,28.0
2010_03_WAS_STL,2010,3,STL,WAS,14.0,-0.1018532844132406,46.0,41.96131271669493,20.929729716140844,21.031583000554082,30.0,16.0
2010_03_OAK_ARI,2010,3,ARI,OAK,1.0,4.368271202270591,47.0,43.39329429889704,23.880782750583815,19.512511548313224,24.0,23.0
2010_03_IND_DEN,2010,3,DEN,IND,-14.0,-2.5622156277592527,40.0,45.90722396580774,21.672504169024243,24.234719796783494,13.0,27.0
2010_03_SD_SEA,2010,3,SEA,SD,7.0,0.2170090313452804,47.0,41.58273386419437,20.899871447769822,20.682862416424545,27.0,20.0
2010_03_NYJ_MIA,2010,3,MIA,NYJ,-8.0,-0.3020423869919809,54.0,39.168886229295,19.43342192115151,19.735464308143488,23.0,31.0
2010_03_GB_CHI,2010,3,CHI,GB,3.0,-3.684719886866535,37.0,44.317192261775794,20.316236187454628,24.000956074321167,20.0,17.0
2010_04_SF_ATL,2010,4,ATL,SF,2.0,9.09978113208139,30.0,42.080603998360026,25.590192565220708,16.490411433139318,16.0,14.0
2010_04_NYJ_BUF,2010,4,BUF,NYJ,-24.0,-7.337803021650171,52.0,43.02751412908827,17.84485555371905,25.182658575369217,14.0,38.0
2010_04_CIN_CLE,2010,4,CLE,CIN,3.0,-2.535481762345342,43.0,40.660017915064174,19.062268076359416,21.597749838704758,23.0,20.0
2010_04_DET_GB,2010,4,GB,DET,2.0,11.195111169195323,54.0,41.8171907495103,26.506150959352812,15.31103979015749,28.0,26.0
2010_04_CAR_NO,2010,4,NO,CAR,2.0,8.832669206734282,30.0,40.749191409245405,24.790930307989843,15.958261101255562,16.0,14.0
2010_04_BAL_PIT,2010,4,PIT,BAL,-3.0,2.361539264688692,31.0,39.963708292719424,21.16262377870406,18.801084514015365,14.0,17.0
2010_04_SEA_STL,2010,4,STL,SEA,17.0,-1.8083645616533623,23.0,42.13532606567732,20.163480752011978,21.97184531366534,20.0,3.0
2010_04_DEN_TEN,2010,4,TEN,DEN,-6.0,10.177922414168624,46.0,41.387452288096405,25.782687351132516,15.60476493696389,20.0,26.0
2010_04_IND_JAX,2010,4,JAX,IND,3.0,-6.92741630952091,59.0,44.27347693606333,18.673030313271212,25.60044662279212,31.0,28.0
2010_04_HOU_OAK,2010,4,OAK,HOU,-7.0,-3.246396752133489,55.0,46.357044708131276,21.555323977998892,24.801720730132384,24.0,31.0
2010_04_WAS_PHI,2010,4,PHI,WAS,-5.0,15.404827268873465,29.0,41.270244551643856,28.33753591025866,12.932708641385195,12.0,17.0
2010_04_ARI_SD,2010,4,SD,ARI,31.0,3.9556549610569,51.0,42.6093834932392,23.28251922714805,19.32686426609115,41.0,10.0
2010_04_CHI_NYG,2010,4,NYG,CHI,14.0,1.8054111623790063,20.0,41.31824613776973,21.561828650074368,19.75641748769536,17.0,3.0
2010_04_NE_MIA,2010,4,MIA,NE,-27.0,-4.158161344613966,55.0,46.691906455003554,21.266872555194794,25.42503389980876,14.0,41.0
2010_05_DEN_BAL,2010,5,BAL,DEN,14.0,7.972994518863319,48.0,41.651701289426335,24.812347904144826,16.83935338528151,31.0,17.0
2010_05_JAX_BUF,2010,5,BUF,JAX,-10.0,2.0665687751020747,62.0,42.67725724108646,22.371913008094268,20.30534423299219,26.0,36.0
2010_05_CHI_CAR,2010,5,CAR,CHI,-17.0,4.116376757679528,29.0,40.73595688642962,22.426166822054572,18.309790064375047,6.0,23.0
2010_05_TB_CIN,2010,5,CIN,TB,-3.0,5.349415300579385,45.0,41.362069754252616,23.355742527416,18.006327226836614,21.0,24.0
2010_05_ATL_CLE,2010,5,CLE,ATL,-10.0,-3.0089051436073944,30.0,41.804544366249544,19.397819611321076,22.40672475492847,10.0,20.0
2010_05_STL_DET,2010,5,DET,STL,38.0,2.541994870501235,50.0,41.49268760231483,22.017341236408033,19.4753463659068,44.0,6.0
2010_05_NYG_HOU,2010,5,HOU,NYG,-24.0,5.305216660499777,44.0,41.92807029217814,23.616643476338957,18.311426815839184,10.0,34.0
2010_05_KC_IND,2010,5,IND,KC,10.0,10.390945241395476,28.0,42.911306136650055,26.651125689022766,16.260180447627288,19.0,9.0
2010_05_GB_WAS,2010,5,WAS,GB,3.0,-7.836126526763479,29.0,46.37433030082699,19.269101887031756,27.105228413795235,16.0,13.0
2010_05_NO_ARI,2010,5,ARI,NO,10.0,-4.002639140648923,50.0,45.12097734990741,20.559169104629245,24.56180824527817,30.0,20.0
2010_05_TEN_DAL,2010,5,DAL,TEN,-7.0,3.6836695528098,61.0,42.492673098197685,23.088171325503744,19.40450177269394,27.0,34.0
2010_05_SD_OAK,2010,5,OAK,SD,8.0,-4.612310760161607,62.0,44.2700422617536,19.828865750796,24.441176510957604,35.0,27.0
2010_05_PHI_SF,2010,5,SF,PHI,-3.0,-5.011603852764388,51.0,42.47688331023092,18.732639728733265,23.744243581497653,24.0,27.0
2010_05_MIN_NYJ,2010,5,NYJ,MIN,9.0,8.762069128340354,49.0,41.07827070662211,24.920169917481232,16.15810078914088,29.0,20.0
2010_06_SEA_CHI,2010,6,CHI,SEA,-3.0,9.510973523576618,43.0,40.58237233316935,25.046672928372985,15.535699404796368,20.0,23.0
2010_06_MIA_GB,2010,6,GB,MIA,-3.0,6.559303647217617,43.0,41.83725544423115,24.198279545724382,17.638975898506764,20.0,23.0
2010_06_KC_HOU,2010,6,HOU,KC,4.0,2.1569085219305784,66.0,42.63463389508425,22.395771208507412,20.238862686576837,35.0,31.0
2010_06_BAL_NE,2010,6,NE,BAL,3.0,5.960493804994642,43.0,43.269556875343575,24.615025340169108,18.654531535174467,23.0,20.0
2010_06_DET_NYG,2010,6,NYG,DET,8.0,9.565970634294075,48.0,41.82253474304003,25.694252688667053,16.128282054372978,28.0,20.0
2010_06_ATL_PHI,2010,6,PHI,ATL,14.0,6.21760473155243,48.0,42.17121629189381,24.19441051172312,17.976805780170693,31.0,17.0
2010_06_CLE_PIT,2010,6,PIT,CLE,18.0,10.314933978028446,38.0,40.815703002326025,25.565318490177233,15.25038451214879,28.0,10.0
2010_06_SD_STL,2010,6,STL,SD,3.0,-3.3391899731382546,37.0,42.12819588879397,19.394502957827857,22.73369293096611,20.0,17.0
2010_06_NO_TB,2010,6,TB,NO,-25.0,-1.9608145759845417,37.0,42.40460025473803,20.221892839376743,22.182707415361286,6.0,31.0
2010_06_NYJ_DEN,2010,6,DEN,NYJ,-4.0,-1.000079752128647,44.0,44.24289683357635,21.621408540723852,22.6214882928525,20.0,24.0
2010_06_OAK_SF,2010,6,SF,OAK,8.0,3.9010876265261314,26.0,43.53433808648966,23.717712856507898,19.816625229981764,17.0,9.0
2010_06_DAL_MIN,2010,6,MIN,DAL,3.0,1.2586357744536931,45.0,42.24624044689111,21.7524381106724,20.493802336218707,24.0,21.0
2010_06_IND_WAS,2010,6,WAS,IND,-3.0,-8.027109253474553,51.0,45.24935953290464,18.611125139715043,26.6382343931896,24.0,27.0
2010_06_TEN_JAX,2010,6,JAX,TEN,-27.0,-1.4256608395001102,33.0,42.51497806451954,20.544658612509714,21.970319452009825,3.0,30.0
2010_07_CIN_ATL,2010,7,ATL,CIN,7.0,3.648617161543174,71.0,41.1504943097683,22.399555735655735,18.750938574112563,39.0,32.0
2010_07_BUF_BAL,2010,7,BAL,BUF,3.0,13.322289178933293,71.0,41.970316940178485,27.64630305955589,14.324013880622596,37.0,34.0
2010_07_SF_CAR,2010,7,CAR,SF,3.0,2.1426750838482693,43.0,41.74691852895362,21.944796806400944,19.802121722552677,23.0,20.0
2010_07_WAS_CHI,2010,7,CHI,WAS,-3.0,3.151205266213705,31.0,40.77832199422548,21.964763630219593,18.813558364005885,14.0,17.0
2010_07_JAX_KC,2010,7,KC,JAX,22.0,2.577211969678461,62.0,41.80398296995775,22.190597469818105,19.613385500139646,42.0,20.0
2010_07_PIT_MIA,2010,7,MIA,PIT,-1.0,-2.4952255741866307,45.0,42.52302346032316,20.013898943068263,22.509124517254897,22.0,23.0
2010_07_CLE_NO,2010,7,NO,CLE,-13.0,12.319914449479167,47.0,42.2619349814418,27.290924715460484,14.971010265981315,17.0,30.0
2010_07_STL_TB,2010,7,TB,STL,1.0,7.383169899882505,35.0,42.56672611365042,24.97494800676646,17.591778106883957,18.0,17.0
2010_07_PHI_TEN,2010,7,TEN,PHI,18.0,4.681849691778238,56.0,40.90323615751214,22.79254292464519,18.11069323286695,37.0,19.0
2010_07_ARI_SEA,2010,7,SEA,ARI,12.0,0.661016723258072,32.0,40.82662219741903,20.74381946033855,20.082802737080478,22.0,10.0
2010_07_OAK_DEN,2010,7,DEN,OAK,-45.0,4.502797779885065,73.0,42.12617773456595,23.314487757225507,18.811689977340443,14.0,59.0
2010_07_NE_SD,2010,7,SD,NE,-3.0,-1.032121028097855,43.0,46.513307199547405,22.740593085724775,23.77271411382263,20.0,23.0
2010_07_MIN_GB,2010,7,GB,MIN,4.0,2.638346218035838,52.0,41.64661662518023,22.142481421608032,19.504135203572197,28.0,24.0
2010_07_NYG_DAL,2010,7,DAL,NYG,-6.0,1.3561304492575377,76.0,42.62534435639766,21.990737402827598,20.634606953570064,35.0,41.0
2010_08_MIA_CIN,2010,8,CIN,MIA,-8.0,0.7911213046603048,36.0,41.82727183884927,21.30919657175479,20.51807526709448,14.0,22.0
2010_08_JAX_DAL,2010,8,DAL,JAX,-18.0,3.812845466610192,52.0,44.0612512986543,23.937048382632245,20.124202916022053,17.0,35.0
2010_08_WAS_DET,2010,8,DET,WAS,12.0,1.9322774276759405,62.0,42.79342453010551,22.362850978890727,20.430573551214785,37.0,25.0
2010_08_BUF_KC,2010,8,KC,BUF,3.0,10.30473060440451,23.0,42.910517827751164,26.607624216077838,16.302893611673326,13.0,10.0
2010_08_GB_NYJ,2010,8,NYJ,GB,-9.0,8.181084427381647,9.0,41.59498225142634,24.888033339403993,16.706948912022344,0.0,9.0
2010_08_DEN_SF,2010,8,SF,DEN,8.0,4.242142470562127,40.0,41.19087601366362,22.716509242112874,18.474366771550745,24.0,16.0
2010_08_CAR_STL,2010,8,STL,CAR,10.0,1.5583415159982223,30.0,41.59724152613197,21.577791521065095,20.019450005066872,20.0,10.0
2010_08_TEN_SD,2010,8,SD,TEN,8.0,-0.245540951767777,58.0,42.38395740561962,21.06920822692592,21.3147491786937,33.0,25.0
2010_08_TB_ARI,2010,8,ARI,TB,-3.0,2.305164487809241,73.0,42.30982975465259,22.307497121230917,20.002332633421673,35.0,38.0
2010_08_MIN_NE,2010,8,NE,MIN,10.0,11.410945948561135,46.0,41.87842125555278,26.644683602056958,15.233737653495822,28.0,18.0
2010_08_SEA_OAK,2010,8,OAK,SEA,30.0,5.001468679407238,36.0,41.23937252941782,23.12042060441253,18.11895192500529,33.0,3.0
2010_08_PIT_NO,2010,8,NO,PIT,10.0,1.3736827454616054,30.0,43.814265874065335,22.59397430976347,21.220291564301863,20.0,10.0
2010_08_HOU_IND,2010,8,IND,HOU,13.0,4.56687507427118,47.0,46.060594507819964,25.313734791045572,20.74685971677439,30.0,17.0
2010_09_TB_ATL,2010,9,ATL,TB,6.0,7.554943029192539,48.0,43.321316277619395,25.438129653405966,17.88318662421343,27.0,21.0
2010_09_MIA_BAL,2010,9,BAL,MIA,16.0,5.416792315882571,36.0,41.73919874354518,23.577995529713874,18.161203213831307,26.0,10.0
2010_09_CHI_BUF,2010,9,BUF,CHI,-3.0,-1.3446998149306932,41.0,40.693198637425205,19.674249411247256,21.01894922617795,19.0,22.0
2010_09_NO_CAR,2010,9,CAR,NO,-31.0,-5.983038125603919,37.0,40.49757666769508,17.25726927104558,23.2403073966495,3.0,34.0
2010_09_NE_CLE,2010,9,CLE,NE,20.0,-4.659848453835599,48.0,43.861760917316865,19.600956231740632,24.260804685576232,34.0,14.0
2010_09_NYJ_DET,2010,9,DET,NYJ,-3.0,-3.054803198435493,43.0,42.328855820510825,19.637026311037665,22.69182950947316,20.0,23.0
2010_09_SD_HOU,2010,9,HOU,SD,-6.0,0.2550561380258963,52.0,45.24936533065949,22.752210734342693,22.497154596316793,23.0,29.0
2010_09_ARI_MIN,2010,9,MIN,ARI,3.0,4.262428417666345,51.0,40.91109749931348,22.58676295848991,18.324334540823568,27.0,24.0
2010_09_NYG_SEA,2010,9,SEA,NYG,-34.0,-3.453998369681316,48.0,39.646104490045836,18.09605306018226,21.550051429863576,7.0,41.0
2010_09_KC_OAK,2010,9,OAK,KC,3.0,4.978257369106673,43.0,43.49665818059452,24.237457774850597,19.259200405743925,23.0,20.0
2010_09_IND_PHI,2010,9,PHI,IND,2.0,1.2047880646243865,50.0,46.57238825299105,23.888588158807718,22.68380009418333,26.0,24.0
2010_09_DAL_GB,2010,9,GB,DAL,38.0,7.729891404308402,52.0,41.768928066729174,24.74940973551879,17.019518331210385,45.0,7.0
2010_09_PIT_CIN,2010,9,CIN,PIT,-6.0,-0.2531570639028873,48.0,42.39470374499157,21.07077334054434,21.32393040444723,21.0,27.0
2010_10_BAL_ATL,2010,10,ATL,BAL,5.0,2.518037656658176,47.0,45.38090771737813,23.94947268701815,21.431435030359978,26.0,21.0
2010_10_DET_BUF,2010,10,BUF,DET,2.0,3.3232379559302028,26.0,42.43108657824439,22.877162267087296,19.553924311157093,14.0,12.0
2010_10_MIN_CHI,2010,10,CHI,MIN,14.0,-0.6721111649601581,40.0,39.52144015668879,19.424664495864317,20.096775660824473,27.0,13.0
2010_10_NYJ_CLE,2010,10,CLE,NYJ,-6.0,-3.002458468911596,46.0,41.4431526382971,19.22034708469275,22.22280555360435,20.0,26.0
2010_10_CIN_IND,2010,10,IND,CIN,6.0,6.964605889244121,40.0,44.20219267429765,25.583399281770884,18.618793392526765,23.0,17.0
2010_10_HOU_JAX,2010,10,JAX,HOU,7.0,-0.3522842178369378,55.0,44.092756881359634,21.870236331761348,22.222520549598286,31.0,24.0
2010_10_TEN_MIA,2010,10,MIA,TEN,12.0,0.2073405796937515,46.0,42.774387123057004,21.490863851375376,21.283523271681627,29.0,17.0
2010_10_CAR_TB,2010,10,TB,CAR,15.0,5.409933039172268,47.0,39.953690651160315,22.68181184516629,17.271878805994024,31.0,16.0
2010_10_KC_DEN,2010,10,DEN,KC,20.0,-4.264998456084758,78.0,44.64018866448123,20.187595104198238,24.452593560282992,49.0,29.0
2010_10_SEA_ARI,2010,10,ARI,SEA,-18.0,1.802288354828771,54.0,40.979006834572395,21.39064759470058,19.588359239871814,18.0,36.0
2010_10_DAL_NYG,2010,10,NYG,DAL,-13.0,10.689158533094536,53.0,40.929298686259386,25.80922860967696,15.120070076582426,20.0,33.0
2010_10_STL_SF,2010,10,SF,STL,3.0,4.832855075429988,43.0,42.71327886975321,23.7730669725916,18.94021189716161,23.0,20.0
2010_10_NE_PIT,2010,10,PIT,NE,-13.0,1.8731443480438683,65.0,43.28425623567003,22.578700291856947,20.70555594381308,26.0,39.0
2010_10_PHI_WAS,2010,10,WAS,PHI,-31.0,-4.597148334581252,87.0,42.957004407195775,19.17992803630726,23.777076370888516,28.0,59.0
2010_11_CHI_MIA,2010,11,MIA,CHI,-16.0,4.391017993880416,16.0,40.66167229123417,22.526345142557293,18.135327148676875,0.0,16.0
2010_11_BAL_CAR,2010,11,CAR,BAL,-24.0,-7.169173006188474,50.0,42.418708347863294,17.62476767083741,24.793940677025883,13.0,37.0
2010_11_BUF_CIN,2010,11,CIN,BUF,-18.0,2.331632905820592,80.0,41.15693840102254,21.744285653421567,19.412652747600976,31.0,49.0
2010_11_DET_DAL,2010,11,DAL,DET,16.0,5.339187168546382,54.0,42.85355816067912,24.09637266461275,18.75718549606637,35.0,19.0
2010_11_CLE_JAX,2010,11,JAX,CLE,4.0,3.776027798159671,44.0,42.284505956954746,23.03026687755721,19.254239079397536,24.0,20.0
2010_11_ARI_KC,2010,11,KC,ARI,18.0,5.28165611800278,44.0,41.03103896536873,23.156347541685754,17.874691423682975,31.0,13.0
2010_11_GB_MIN,2010,11,MIN,GB,-28.0,-5.745674731408823,34.0,44.09021588245627,19.172270575523726,24.917945306932545,3.0,31.0
2010_11_HOU_NYJ,2010,11,NYJ,HOU,3.0,5.401981887499098,57.0,46.19489126915502,25.79843657832706,20.396454690827962,30.0,27.0
2010_11_OAK_PIT,2010,11,PIT,OAK,32.0,5.389426930634013,38.0,42.19632009906099,23.7928735148475,18.40344658421349,35.0,3.0
2010_11_WAS_TEN,2010,11,TEN,WAS,-3.0,11.31168627213098,35.0,40.796410170759856,26.05404822144542,14.742361949314438,16.0,19.0
2010_11_SEA_NO,2010,11,NO,SEA,15.0,8.871566454128471,53.0,41.56531077635153,25.21843861524,16.34687216111153,34.0,19.0
2010_11_TB_SF,2010,11,SF,TB,-21.0,0.5244223352933756,21.0,42.08627423258211,21.305348283937743,20.78092594864437,0.0,21.0
2010_11_ATL_STL,2010,11,STL,ATL,-17.0,-7.147892202787182,51.0,43.38701200574976,18.11955990148129,25.26745210426847,17.0,34.0
2010_11_IND_NE,2010,11,NE,IND,3.0,7.208581293617716,59.0,44.7019726890158,25.955276991316758,18.74669569769904,31.0,28.0
2010_11_NYG_PHI,2010,11,PHI,NYG,10.0,2.755892297492594,44.0,44.21892754633577,23.487409921914182,20.73151762442159,27.0,17.0
2010_11_DEN_SD,2010,11,SD,DEN,21.0,10.759412431133676,49.0,43.79912554563499,27.279268988384334,16.51985655725066,35.0,14.0
2010_12_NE_DET,2010,12,DET,NE,-21.0,-4.148671338138572,69.0,45.40115362737332,20.626241144617374,24.774912482755944,24.0,45.0
2010_12_NO_DAL,2010,12,DAL,NO,-3.0,-1.263683835071988,57.0,44.5478736907923,21.642094927860157,22.905778762932144,27.0,30.0
2010_12_CIN_NYJ,2010,12,NYJ,CIN,16.0,10.621700004162426,36.0,41.729850095415046,26.175775049788736,15.554075045626309,26.0,10.0
2010_12_GB_ATL,2010,12,ATL,GB,3.0,3.2583045129440427,37.0,44.80356837657892,24.030936444761483,20.77263193181744,20.0,17.0
2010_12_PIT_BUF,2010,12,BUF,PIT,-3.0,-2.514590746211531,35.0,43.274760392287426,20.380084823037947,22.89467556924948,16.0,19.0
2010_12_CAR_CLE,2010,12,CLE,CAR,1.0,10.189910536287062,47.0,40.289824631464256,25.239867583875657,15.049957047588597,24.0,23.0
2010_12_TEN_HOU,2010,12,HOU,TEN,20.0,-1.1912723800516487,20.0,44.696360201919326,21.752543910933838,22.943816290985488,20.0,0.0
2010_12_JAX_NYG,2010,12,NYG,JAX,4.0,4.272409763467841,44.0,44.32275470464926,24.297582234058552,20.02517247059071,24.0,20.0
2010_12_MIN_WAS,2010,12,WAS,MIN,-4.0,-3.03019383931922,30.0,40.90644222775445,18.938124194217615,21.968318033536832,13.0,17.0
2010_12_MIA_OAK,2010,12,OAK,MIA,-16.0,1.9861565314051972,50.0,41.547685566667525,21.766921049036362,19.780764517631162,17.0,33.0
2010_12_KC_SEA,2010,12,SEA,KC,-18.0,-1.222992665775766,66.0,43.11390388648891,20.945455610356575,22.168448276132338,24.0,42.0
2010_12_TB_BAL,2010,12,BAL,TB,7.0,10.796945255563536,27.0,42.67829416300913,26.73761970928633,15.940674453722796,17.0,10.0
2010_12_PHI_CHI,2010,12,CHI,PHI,5.0,-2.49084583390076,57.0,44.76797706436705,21.138565615233148,23.629411449133904,31.0,26.0
2010_12_STL_DEN,2010,12,DEN,STL,-3.0,6.002280083179967,69.0,44.10554218036829,25.05391113177413,19.05163104859416,33.0,36.0
2010_12_SD_IND,2010,12,IND,SD,-22.0,4.119698804198221,50.0,44.90252318867119,24.511110996434706,20.391412192236483,14.0,36.0
2010_12_SF_ARI,2010,12,ARI,SF,-21.0,0.6259416540076661,33.0,41.175185968738724,20.900563811373196,20.274622157365528,6.0,27.0
2010_13_HOU_PHI,2010,13,PHI,HOU,10.0,9.301423532771066,58.0,43.21939640034353,26.260409966557297,16.95898643378623,34.0,24.0
2010_13_NO_CIN,2010,13,CIN,NO,-4.0,-5.598298588783725,64.0,43.4824948885445,18.942098149880387,24.540396738664114,30.0,34.0
2010_13_CHI_DET,2010,13,DET,CHI,-4.0,-2.2763659221222845,44.0,42.46059883282256,20.092116455350137,22.368482377472425,20.0,24.0
2010_13_SF_GB,2010,13,GB,SF,18.0,13.307726491431126,50.0,40.43924889989673,26.87348769566393,13.565761204232803,34.0,16.0
2010_13_DEN_KC,2010,13,KC,DEN,4.0,6.547127449790595,16.0,45.758628731012514,26.152878090401554,19.60575064061096,10.0,6.0
2010_13_CLE_MIA,2010,13,MIA,CLE,-3.0,2.5104986868610486,23.0,40.957676438060176,21.734087562460612,19.223588875599564,10.0,13.0
2010_13_BUF_MIN,2010,13,MIN,BUF,24.0,3.968170850555991,52.0,43.08318329906446,23.525677074810226,19.557506224254233,38.0,14.0
2010_13_WAS_NYG,2010,13,NYG,WAS,24.0,11.227152894540795,38.0,41.2330199772894,26.230086435915098,15.002933541374304,31.0,7.0
2010_13_JAX_TEN,2010,13,TEN,JAX,-11.0,0.0418723574910312,23.0,45.28978471986251,22.66582853867677,22.62395618118574,6.0,17.0
2010_13_OAK_SD,2010,13,SD,OAK,-15.0,12.707673829900422,41.0,41.397080976323984,27.052377403112203,14.344703573211781,13.0,28.0
2010_13_STL_ARI,2010,13,ARI,STL,-13.0,1.7440913886372058,25.0,42.74087648486833,22.24248393675277,20.49839254811556,6.0,19.0
2010_13_DAL_IND,2010,13,IND,DAL,-3.0,2.6290345563521607,73.0,44.62294092641301,23.625987741382584,20.996953185030424,35.0,38.0
2010_13_CAR_SEA,2010,13,SEA,CAR,17.0,5.734575892737186,45.0,40.91557052851503,23.32507321062611,17.590497317888925,31.0,14.0
2010_13_ATL_TB,2010,13,TB,ATL,-4.0,-2.754525758539712,52.0,43.562134726932435,20.40380448419636,23.158330242736074,24.0,28.0
2010_13_PIT_BAL,2010,13,BAL,PIT,-3.0,3.770212748928936,23.0,42.772405426042894,23.271309087485914,19.50109633855698,10.0,13.0
2010_13_NYJ_NE,2010,13,NE,NYJ,42.0,6.768072058116347,48.0,43.456014420546445,25.112043239331395,18.34397118121505,45.0,3.0
2010_14_IND_TEN,2010,14,TEN,IND,-2.0,-3.671683061567333,58.0,45.18291232980192,20.755614634117293,24.42729769568463,28.0,30.0
2010_14_CLE_BUF,2010,14,BUF,CLE,7.0,-1.316332480872371,19.0,41.15695003380835,19.92030877646799,21.23664125734036,13.0,6.0
2010_14_ATL_CAR,2010,14,CAR,ATL,-21.0,-6.993935806487345,41.0,42.58939418894398,17.797729191228317,24.79166499771566,10.0,31.0
2010_14_GB_DET,2010,14,DET,GB,4.0,-5.289527355964843,10.0,45.4855129906726,20.09799281735388,25.387520173318723,7.0,3.0
2010_14_OAK_JAX,2010,14,JAX,OAK,7.0,4.807422147654308,69.0,43.59662669345106,24.202024420552682,19.394602272898375,38.0,31.0
2010_14_CIN_PIT,2010,14,PIT,CIN,16.0,10.018650979851197,30.0,41.169734333053164,25.59419265645218,15.575541676600984,23.0,7.0
2010_14_TB_WAS,2010,14,WAS,TB,-1.0,-2.5982232064311908,33.0,43.47525534566502,20.438516069616913,23.036739276048106,16.0,17.0
2010_14_STL_NO,2010,14,NO,STL,18.0,11.22236976520302,44.0,43.017319250478884,27.119844507840952,15.897474742637932,31.0,13.0
2010_14_SEA_SF,2010,14,SF,SEA,19.0,3.4596844860460387,61.0,42.141560914359765,22.8006227002029,19.340938214156864,40.0,21.0
2010_14_DEN_ARI,2010,14,ARI,DEN,30.0,-1.354958981115901,56.0,43.24401649480694,20.94452875684552,22.29948773796142,43.0,13.0
2010_14_NE_CHI,2010,14,CHI,NE,-29.0,-5.872691822540798,43.0,45.38907529853905,19.758191737999127,25.63088356053992,7.0,36.0
2010_14_MIA_NYJ,2010,14,NYJ,MIA,-4.0,5.012465326167096,16.0,41.49520313095872,23.25383422856291,18.241368902395813,6.0,10.0
2010_14_KC_SD,2010,14,SD,KC,31.0,7.1131218970931736,31.0,44.561969105064584,25.83754550107888,18.724423603985706,31.0,0.0
2010_14_PHI_DAL,2010,14,DAL,PHI,-3.0,2.0532327302035025,57.0,46.65147462140442,24.35235367580396,22.299120945600457,27.0,30.0
2010_14_NYG_MIN,2010,14,MIN,NYG,-18.0,1.8509931932200316,24.0,42.13063173319528,21.990812463207657,20.139819269987623,3.0,21.0
2010_14_BAL_HOU,2010,14,HOU,BAL,-6.0,-1.930755915775957,62.0,45.80385888493191,21.93655148457798,23.867307400353933,28.0,34.0
2010_15_SF_SD,2010,15,SD,SF,27.0,11.993697473975129,41.0,41.749847074864526,26.871772274419826,14.878074800444699,34.0,7.0
2010_15_NO_BAL,2010,15,BAL,NO,6.0,0.3503836223909135,54.0,45.390719155926405,22.87055138915866,22.520167766767745,30.0,24.0
2010_15_ARI_CAR,2010,15,CAR,ARI,7.0,2.621926519686021,31.0,41.522441486326116,22.07218400300607,19.450257483320048,19.0,12.0
2010_15_CLE_CIN,2010,15,CIN,CLE,2.0,-3.4082440980774265,36.0,40.715684182857515,18.653720042390045,22.06196414046747,19.0,17.0
2010_15_WAS_DAL,2010,15,DAL,WAS,3.0,6.81037258647256,63.0,42.477553226600584,24.643962906536572,17.833590320064012,33.0,30.0
2010_15_JAX_IND,2010,15,IND,JAX,10.0,2.958519466795185,58.0,45.99370500089365,24.476112233844418,21.51759276704923,34.0,24.0
2010_15_BUF_MIA,2010,15,MIA,BUF,-3.0,10.672224735340476,31.0,40.64222209395826,25.65722341464937,14.984998679308891,14.0,17.0
2010_15_PHI_NYG,2010,15,NYG,PHI,-7.0,3.896521851761696,69.0,46.234931626296486,25.065726739029092,21.169204887267394,31.0,38.0
2010_15_KC_STL,2010,15,STL,KC,-14.0,-3.028601109319073,40.0,43.113789616790804,20.042594253735864,23.07119536305494,13.0,27.0
2010_15_DET_TB,2010,15,TB,DET,-3.0,11.093778590093086,43.0,41.12890435248572,26.111341471289403,15.017562881196316,20.0,23.0
2010_15_HOU_TEN,2010,15,TEN,HOU,14.0,1.8266006913205128,48.0,44.21152002079125,23.01906035605588,21.192459664735367,31.0,17.0
2010_15_ATL_SEA,2010,15,SEA,ATL,-16.0,-0.8321381528139012,52.0,44.27356144111542,21.720711644150757,22.55284979696466,18.0,34.0
2010_15_DEN_OAK,2010,15,OAK,DEN,16.0,5.353646933752599,62.0,43.20412842564286,24.27888767969773,18.92524074594513,39.0,23.0
2010_15_NYJ_PIT,2010,15,PIT,NYJ,-5.0,3.161473979425856,39.0,39.88477396105899,21.523123970242423,18.361649990816566,17.0,22.0
2010_15_GB_NE,2010,15,NE,GB,4.0,6.868730173021251,58.0,44.19884570506353,25.53378793904239,18.665057766021143,31.0,27.0
2010_15_CHI_MIN,2010,15,MIN,CHI,-26.0,-2.8447516110613638,54.0,39.693154799894046,18.424201594416342,21.268953205477704,14.0,40.0
2010_16_CAR_PIT,2010,16,PIT,CAR,24.0,11.33787850079024,30.0,40.10477697061838,25.72132773570431,14.383449234914071,27.0,3.0
2010_16_DAL_ARI,2010,16,ARI,DAL,1.0,-3.471858989327321,53.0,43.39244036691734,19.96029068879501,23.432149678122332,27.0,26.0
2010_16_NE_BUF,2010,16,BUF,NE,-31.0,-8.419932533303962,37.0,44.129412951217226,17.85474020895663,26.274672742260595,3.0,34.0
2010_16_NYJ_CHI,2010,16,CHI,NYJ,4.0,1.1139031861216375,72.0,40.43191409252828,20.77290863932496,19.65900545320332,38.0,34.0
2010_16_BAL_CLE,2010,16,CLE,BAL,-10.0,-6.879265626536538,30.0,41.30820187409847,17.214468123780968,24.093733750317504,10.0,20.0
2010_16_WAS_JAX,2010,16,JAX,WAS,-3.0,9.00992136378712,37.0,41.352026448052335,25.18097390591973,16.171052542132607,17.0,20.0
2010_16_TEN_KC,2010,16,KC,TEN,20.0,2.0747779431773306,48.0,41.08970167956182,21.582239811369575,19.507461868192244,34.0,14.0
2010_16_DET_MIA,2010,16,MIA,DET,-7.0,7.147413138269644,61.0,40.366887057385256,23.75715009782745,16.609736959557807,27.0,34.0
2010_16_SF_STL,2010,16,STL,SF,8.0,-0.6208797399945966,42.0,42.8309270771701,21.10502366858775,21.72590340858235,25.0,17.0
2010_16_SD_CIN,2010,16,CIN,SD,14.0,-4.460773313825823,54.0,43.22479174716768,19.382009216670927,23.842782530496752,34.0,20.0
2010_16_HOU_DEN,2010,16,DEN,HOU,1.0,-2.5628122610079527,47.0,42.9585286262669,20.19785818262947,22.760670443637427,24.0,23.0
2010_16_IND_OAK,2010,16,OAK,IND,-5.0,-2.8940370344577464,57.0,44.68244812725305,20.894205546397654,23.7882425808554,26.0,31.0
2010_16_NYG_GB,2010,16,GB,NYG,28.0,4.417525682187243,62.0,42.8396756464001,23.62860066429367,19.21107498210643,45.0,17.0
2010_16_SEA_TB,2010,16,TB,SEA,23.0,6.675364949269608,53.0,40.97362913521931,23.82449704224446,17.149132092974853,38.0,15.0
2010_16_NO_ATL,2010,16,ATL,NO,-3.0,2.3132879839253286,31.0,45.911649518891544,24.112468751408436,21.799180767483108,14.0,17.0
2010_16_MIN_PHI,2010,16,PHI,MIN,-10.0,7.609830894684601,38.0,42.25296272376051,24.931396809222555,17.321565914537956,14.0,24.0
2010_17_CAR_ATL,2010,17,ATL,CAR,21.0,11.268303152072663,41.0,41.12562475914044,26.196963955606552,14.92866080353389,31.0,10.0
2010_17_CIN_BAL,2010,17,BAL,CIN,6.0,9.478328804864391,20.0,42.687882675067776,26.083105739966083,16.604776935101693,13.0,7.0
2010_17_PIT_CLE,2010,17,CLE,PIT,-32.0,-6.203467554451759,50.0,41.398666970903854,17.59759970822605,23.801067262677805,9.0,41.0
2010_17_MIN_DET,2010,17,DET,MIN,7.0,-0.5212942408481853,33.0,41.1366739325565,20.307689845854156,20.82898408670234,20.0,13.0
2010_17_OAK_KC,2010,17,KC,OAK,-21.0,3.2207718418599933,41.0,42.08888288937277,22.65482736561638,19.43405552375639,10.0,31.0
2010_17_MIA_NE,2010,17,NE,MIA,31.0,12.726208794110985,45.0,40.988791278340074,26.85750003622553,14.131291242114544,38.0,7.0
2010_17_TB_NO,2010,17,NO,TB,-10.0,2.723260179541178,36.0,44.59495290544561,23.659106542493394,20.935846362952216,13.0,23.0
2010_17_BUF_NYJ,2010,17,NYJ,BUF,31.0,8.304294598581745,45.0,41.485246791604126,24.894770695092937,16.59047609651119,38.0,7.0
2010_17_SD_DEN,2010,17,DEN,SD,-5.0,-5.478073272727313,61.0,42.84010985425665,18.68101829076467,24.159091563491984,28.0,33.0
2010_17_CHI_GB,2010,17,GB,CHI,7.0,4.136509152425323,13.0,41.20793045499779,22.67221980371156,18.535710651286234,10.0,3.0
2010_17_JAX_HOU,2010,17,HOU,JAX,17.0,1.4927996336846054,51.0,44.41728587314339,22.955042753414,21.462243119729393,34.0,17.0
2010_17_TEN_IND,2010,17,IND,TEN,3.0,4.794023744705643,43.0,43.91943078070709,24.356727262706364,19.562703518000724,23.0,20.0
2010_17_DAL_PHI,2010,17,PHI,DAL,-1.0,4.315478677337383,27.0,44.01744812719641,24.166463402266896,19.850984724929514,13.0,14.0
2010_17_ARI_SF,2010,17,SF,ARI,31.0,3.96707753867859,45.0,41.58656993618069,22.776823737429638,18.80974619875105,38.0,7.0
2010_17_NYG_WAS,2010,17,WAS,NYG,-3.0,-5.055165504597802,31.0,42.89063047246229,18.917732483932244,23.972897988530047,14.0,17.0
2010_17_STL_SEA,2010,17,SEA,STL,10.0,4.017345325932789,22.0,43.410579566922124,23.713962446427455,19.69661712049467,16.0,6.0
2011_01_NO_GB,2011,1,GB,NO,8.0,3.1339758912051847,76.0,42.492777010582174,22.813376450893678,19.679400559688496,42.0,34.0
2011_01_PIT_BAL,2011,1,BAL,PIT,28.0,3.5215095857620016,42.0,42.54545532537497,23.033482455568485,19.51197286980648,35.0,7.0
2011_01_ATL_CHI,2011,1,CHI,ATL,18.0,-0.2289056644960981,42.0,41.31704284032834,20.544068587916122,20.77297425241222,30.0,12.0
2011_01_CIN_CLE,2011,1,CLE,CIN,-10.0,2.4289513925154287,44.0,41.15180812282471,21.79037975767007,19.36142836515464,17.0,27.0
2011_01_IND_HOU,2011,1,HOU,IND,27.0,0.6767308687800131,41.0,46.80752405895906,23.742127463869537,23.065396595089524,34.0,7.0
2011_01_TEN_JAX,2011,1,JAX,TEN,2.0,2.872190800354975,30.0,42.733314147002275,22.802752473678623,19.930561673323652,16.0,14.0
2011_01_BUF_KC,2011,1,KC,BUF,-34.0,3.761982490839765,48.0,42.47990865098813,23.120945570913946,19.358963080074183,7.0,41.0
2011_01_PHI_STL,2011,1,STL,PHI,-18.0,-4.372290634559287,44.0,44.13249323992375,19.88010130268223,24.252391937241516,13.0,31.0
2011_01_DET_TB,2011,1,TB,DET,-7.0,4.65538209429983,47.0,42.709108528852205,23.68224531157602,19.026863217276187,20.0,27.0
2011_01_CAR_ARI,2011,1,ARI,CAR,7.0,2.8425571355435406,49.0,40.40075380543469,21.621655470489117,18.779098334945573,28.0,21.0
2011_01_MIN_SD,2011,1,SD,MIN,7.0,6.940307296969399,41.0,41.907074726946576,24.423691011957988,17.483383714988587,24.0,17.0
2011_01_SEA_SF,2011,1,SF,SEA,16.0,2.4549410602361275,50.0,40.32825828466755,21.39159967245184,18.93665861221571,33.0,17.0
2011_01_NYG_WAS,2011,1,WAS,NYG,14.0,-4.678149055102922,42.0,41.66440850566548,18.49312972528128,23.1712787803842,28.0,14.0
2011_01_DAL_NYJ,2011,1,NYJ,DAL,3.0,4.535226651055588,51.0,41.88553804940352,23.210382350229555,18.675155699173967,27.0,24.0
2011_01_NE_MIA,2011,1,MIA,NE,-14.0,-3.608392680422544,62.0,44.12896292158463,20.26028512058104,23.86867780100359,24.0,38.0
2011_01_OAK_DEN,2011,1,DEN,OAK,-3.0,-1.787272408205826,43.0,42.206997428430576,20.209862510112377,21.9971349183182,20.0,23.0
2011_02_OAK_BUF,2011,2,BUF,OAK,3.0,6.029791919360035,73.0,41.8654000922559,23.94759600580797,17.917804086447934,38.0,35.0
2011_02_GB_CAR,2011,2,CAR,GB,-7.0,-11.025741427911424,53.0,49.42752696022865,19.20089276615861,30.226634194070037,23.0,30.0
2011_02_KC_DET,2011,2,DET,KC,45.0,4.813678323530348,51.0,42.10755179168956,23.460615057609953,18.646936734079606,48.0,3.0
2011_02_CLE_IND,2011,2,IND,CLE,-8.0,3.94905122206605,46.0,42.2174424482076,23.083246835136826,19.134195613070773,19.0,27.0
2011_02_TB_MIN,2011,2,MIN,TB,-4.0,1.842112672492876,44.0,41.841295154136745,21.84170391331481,19.999591240821935,20.0,24.0
2011_02_CHI_NO,2011,2,NO,CHI,17.0,3.653131021531944,43.0,43.85934694526385,23.756238983397896,20.103107961865955,30.0,13.0
2011_02_JAX_NYJ,2011,2,NYJ,JAX,29.0,6.015573394863924,35.0,43.64423963520716,24.82990651503554,18.814333120171618,32.0,3.0
2011_02_SEA_PIT,2011,2,PIT,SEA,24.0,7.445950214719764,24.0,40.49416298710058,23.970056600910173,16.524106386190407,24.0,0.0
2011_02_BAL_TEN,2011,2,TEN,BAL,13.0,-3.849926368967729,39.0,42.81844676078187,19.48426019590707,23.3341865648748,26.0,13.0
2011_02_ARI_WAS,2011,2,WAS,ARI,1.0,7.667915246155479,43.0,47.54533244331906,27.60662384473727,19.93870859858179,22.0,21.0
2011_02_DAL_SF,2011,2,SF,DAL,-3.0,4.011789109980732,51.0,43.071626063810726,23.54170758689573,19.529918476914997,24.0,27.0
2011_02_CIN_DEN,2011,2,DEN,CIN,2.0,-0.5267698989077675,46.0,42.368497154607056,20.920863627849645,21.44763352675741,24.0,22.0
2011_02_HOU_MIA,2011,2,MIA,HOU,-10.0,-5.596255349771724,36.0,44.25722202803027,19.330483339129273,24.926738688900997,13.0,23.0
2011_02_SD_NE,2011,2,NE,SD,14.0,10.087169377909442,56.0,45.02900886711702,27.55808912251323,17.47091974460379,35.0,21.0
2011_02_PHI_ATL,2011,2,ATL,PHI,4.0,0.652213388136101,66.0,46.2044513461195,23.4283323671278,22.776118978991697,35.0,31.0
2011_02_STL_NYG,2011,2,NYG,STL,12.0,6.72967790187706,44.0,43.82953047524783,25.279604188562445,18.549926286685384,28.0,16.0
2011_03_NE_BUF,2011,3,BUF,NE,3.0,-0.5953654063343288,65.0,50.69653002731192,25.050582310488796,25.645947716823127,34.0,31.0
2011_03_JAX_CAR,2011,3,CAR,JAX,6.0,0.3304766153645744,26.0,40.74250323926343,20.536489927314,20.206013311949427,16.0,10.0
2011_03_SF_CIN,2011,3,CIN,SF,-5.0,4.115111582155616,21.0,42.2520539924705,23.183582787313057,19.068471205157444,8.0,13.0
2011_03_MIA_CLE,2011,3,CLE,MIA,1.0,3.2164325275814893,33.0,42.33188542892201,22.774158978251748,19.55772645067026,17.0,16.0
2011_03_DET_MIN,2011,3,MIN,DET,-3.0,0.314011612527706,49.0,45.52574897049037,22.91988029150904,22.60586867898133,23.0,26.0
2011_03_HOU_NO,2011,3,NO,HOU,7.0,3.67462079695117,73.0,46.03843691343513,24.856528855193147,21.18190805824198,40.0,33.0
2011_03_NYG_PHI,2011,3,PHI,NYG,-13.0,4.21455797129312,45.0,43.722424112905244,23.96849104209918,19.753933070806063,16.0,29.0
2011_03_DEN_TEN,2011,3,TEN,DEN,3.0,10.505688510841493,31.0,41.44206898523602,25.973878748038757,15.468190237197263,17.0,14.0
2011_03_NYJ_OAK,2011,3,OAK,NYJ,10.0,-3.962050727882542,58.0,42.338041510078575,19.187995391098017,23.15004611898056,34.0,24.0
2011_03_KC_SD,2011,3,SD,KC,3.0,8.942112484500761,37.0,42.441934346815785,25.692023415658273,16.749910931157512,20.0,17.0
2011_03_BAL_STL,2011,3,STL,BAL,-30.0,-7.127002500773638,44.0,43.67326984920758,18.27313367421697,25.400136174990607,7.0,37.0
2011_03_GB_CHI,2011,3,CHI,GB,-10.0,-6.487370089922023,44.0,46.870833689644016,20.191731799860996,26.67910188978302,17.0,27.0
2011_03_ARI_SEA,2011,3,SEA,ARI,3.0,0.5256524187727164,23.0,44.140601951014936,22.333127184893826,21.80747476612111,13.0,10.0
2011_03_ATL_TB,2011,3,TB,ATL,3.0,-0.7655435519518109,29.0,42.596321024267894,20.915388736158043,21.68093228810985,16.0,13.0
2011_03_PIT_IND,2011,3,IND,PIT,-3.0,-4.575973959230159,43.0,43.18527379124388,19.30464991600686,23.88062387523702,20.0,23.0
2011_03_WAS_DAL,2011,3,DAL,WAS,2.0,7.403051740074949,34.0,43.906576678665054,25.654814209370002,18.251762469295052,18.0,16.0
2011_04_CAR_CHI,2011,4,CHI,CAR,5.0,8.35668811221687,63.0,40.748320416672314,24.552504264444593,16.19581615222772,34.0,29.0
2011_04_BUF_CIN,2011,4,CIN,BUF,3.0,-3.996200644669203,43.0,46.00346263112982,21.00363099323031,24.99983163789951,23.0,20.0
2011_04_TEN_CLE,2011,4,CLE,TEN,-18.0,-2.282089094644687,44.0,40.04483537479676,18.881373140076036,21.163462234720726,13.0,31.0
2011_04_DET_DAL,2011,4,DAL,DET,-4.0,5.074901245951936,64.0,43.647332730695496,24.361116988323715,19.28621574237178,30.0,34.0
2011_04_PIT_HOU,2011,4,HOU,PIT,7.0,-0.6259876293652288,27.0,42.85991380067063,21.116963085652703,21.74295071501793,17.0,10.0
2011_04_NO_JAX,2011,4,JAX,NO,-13.0,-4.390713820069142,33.0,45.695293943768625,20.65229006184974,25.043003881918885,10.0,23.0
2011_04_MIN_KC,2011,4,KC,MIN,5.0,-1.6273073653942989,39.0,42.486836745021115,20.429764689813407,22.05707205520771,22.0,17.0
2011_04_SF_PHI,2011,4,PHI,SF,-1.0,7.469369571821677,47.0,41.728280142184516,24.598824857003095,17.12945528518142,23.0,24.0
2011_04_WAS_STL,2011,4,STL,WAS,-7.0,-3.668694726338992,27.0,43.96526106812279,20.1482831708919,23.816977897230892,10.0,17.0
2011_04_NYG_ARI,2011,4,ARI,NYG,-4.0,-2.8353987363893176,58.0,43.61200892119353,20.388305092402106,23.22370382879142,27.0,31.0
2011_04_ATL_SEA,2011,4,SEA,ATL,-2.0,-4.644459650702799,58.0,41.52083966511586,18.43819000720653,23.08264965790933,28.0,30.0
2011_04_DEN_GB,2011,4,GB,DEN,26.0,11.26977042992758,72.0,43.9994146022745,27.634592516101037,16.36482208617346,49.0,23.0
2011_04_NE_OAK,2011,4,OAK,NE,-12.0,-5.461290453741921,50.0,50.13722430678548,22.337966926521776,27.7992573802637,19.0,31.0
2011_04_MIA_SD,2011,4,SD,MIA,10.0,9.858295734042535,42.0,43.68975870298211,26.774027218512323,16.915731484469788,26.0,16.0
2011_04_NYJ_BAL,2011,4,BAL,NYJ,17.0,8.138232669591822,51.0,41.352106121889605,24.745169395740714,16.60693672614889,34.0,17.0
2011_04_IND_TB,2011,4,TB,IND,7.0,2.7612173569349627,41.0,40.808074051977755,21.78464570445636,19.023428347521396,24.0,17.0
2011_05_PHI_BUF,2011,5,BUF,PHI,7.0,0.6732022435150189,55.0,45.94787005555835,23.310536149536684,22.637333906021663,31.0,24.0
2011_05_NO_CAR,2011,5,CAR,NO,-3.0,-4.105693804113117,57.0,46.83867514624113,21.366490671064007,25.472184475177123,27.0,30.0
2011_05_OAK_HOU,2011,5,HOU,OAK,-5.0,4.416732294256599,45.0,46.67476118224756,25.545746738252078,21.12901444399548,20.0,25.0
2011_05_KC_IND,2011,5,IND,KC,-4.0,3.437668557435604,52.0,41.1623529594123,22.30001075842395,18.86234220098835,24.0,28.0
2011_05_CIN_JAX,2011,5,JAX,CIN,-10.0,0.7276974758332423,50.0,39.28689512266331,20.007296299248278,19.279598823415032,20.0,30.0
2011_05_ARI_MIN,2011,5,MIN,ARI,24.0,3.6978722948738274,44.0,43.90988712556363,23.803879710218727,20.1060074153449,34.0,10.0
2011_05_SEA_NYG,2011,5,NYG,SEA,-11.0,11.046171259878026,61.0,43.66376541501602,27.354968337447026,16.308797077568997,25.0,36.0
2011_05_TEN_PIT,2011,5,PIT,TEN,21.0,3.722687773433501,55.0,42.459599830101425,23.091143801767462,19.368456028333963,38.0,17.0
2011_05_TB_SF,2011,5,SF,TB,45.0,0.9337472011776076,51.0,42.538258559654345,21.736002880415978,20.802255679238367,48.0,3.0
2011_05_SD_DEN,2011,5,DEN,SD,-5.0,-2.5917105428416845,53.0,42.95650684083053,20.182398148994423,22.774108691836105,24.0,29.0
2011_05_NYJ_NE,2011,5,NE,NYJ,9.0,9.594444349516053,51.0,41.114926613489835,25.354685481502944,15.760241131986891,30.0,21.0
2011_05_GB_ATL,2011,5,ATL,GB,-11.0,-0.7084094536211405,39.0,47.61744877869214,23.4545196625355,24.162929116156644,14.0,25.0
2011_05_CHI_DET,2011,5,DET,CHI,11.0,6.996608194895911,37.0,42.25218236780759,24.624395281351752,17.62778708645584,24.0,13.0
2011_06_CAR_ATL,2011,6,ATL,CAR,14.0,8.16194111951908,48.0,45.1547082226013,26.65832467106019,18.49638355154111,31.0,17.0
2011_06_IND_CIN,2011,6,CIN,IND,10.0,3.618494964585376,44.0,39.739070056178946,21.67878251038216,18.060287545796786,27.0,17.0
2011_06_SF_DET,2011,6,DET,SF,-6.0,5.388478511146189,44.0,43.90472689886112,24.646602705003655,19.258124193857466,19.0,25.0
2011_06_STL_GB,2011,6,GB,STL,21.0,10.19432262554581,27.0,43.26052950141426,26.727426063480035,16.533103437934226,24.0,3.0
2011_06_BUF_NYG,2011,6,NYG,BUF,3.0,5.482347547804356,51.0,46.29575919905708,25.88905337343072,20.40670582562636,27.0,24.0
2011_06_JAX_PIT,2011,6,PIT,JAX,4.0,11.864900372444104,30.0,40.07402888484816,25.969464628646133,14.104564256202028,17.0,13.0
2011_06_PHI_WAS,2011,6,WAS,PHI,-7.0,-0.2140711566466566,33.0,44.156404441132544,21.971166642242945,22.1852377988896,13.0,20.0
2011_06_HOU_BAL,2011,6,BAL,HOU,15.0,10.180548835825652,43.0,40.78497755707937,25.482763196452513,15.30221436062686,29.0,14.0
2011_06_CLE_OAK,2011,6,OAK,CLE,7.0,9.2911945299372,41.0,42.79295286516688,26.04207369755204,16.75087916761484,24.0,17.0
2011_06_DAL_NE,2011,6,NE,DAL,4.0,10.27920788556514,36.0,44.82326094549243,27.551234415528786,17.272026529963643,20.0,16.0
2011_06_NO_TB,2011,6,TB,NO,6.0,-2.61288328637384,46.0,47.25283420789219,22.319975460759178,24.932858747133015,26.0,20.0
2011_06_MIN_CHI,2011,6,CHI,MIN,29.0,5.932478932983681,49.0,42.13537817062455,24.033928551804117,18.101449618820432,39.0,10.0
2011_06_MIA_NYJ,2011,6,NYJ,MIA,18.0,8.62960223426513,30.0,41.135895976144305,24.882749105204716,16.253146870939588,24.0,6.0
2011_07_WAS_CAR,2011,7,CAR,WAS,13.0,0.7337763858769665,53.0,43.364982171908196,22.04937927889258,21.315602893015615,33.0,20.0
2011_07_SEA_CLE,2011,7,CLE,SEA,3.0,2.596269555400599,9.0,41.088005464279355,21.842137509839976,19.24586795443938,6.0,3.0
2011_07_ATL_DET,2011,7,DET,ATL,-7.0,2.082971407993992,39.0,44.00672150085975,23.04484645442687,20.961875046432876,16.0,23.0
2011_07_DEN_MIA,2011,7,MIA,DEN,-3.0,2.118700604753978,33.0,42.05136347977228,22.085032042263126,19.96633143750915,15.0,18.0
2011_07_SD_NYJ,2011,7,NYJ,SD,6.0,1.5118610137220023,48.0,42.244353506404465,21.878107260063235,20.36624624634123,27.0,21.0
2011_07_CHI_TB,2011,7,TB,CHI,-6.0,0.1857370866230895,42.0,40.67465257036977,20.430194828496433,20.24445774187334,18.0,24.0
2011_07_HOU_TEN,2011,7,TEN,HOU,-34.0,3.991059701014018,48.0,43.27773487240957,23.634397286711792,19.643337585697775,7.0,41.0
2011_07_PIT_ARI,2011,7,ARI,PIT,-12.0,-6.288761456402054,52.0,43.489728930876964,18.600483737237454,24.88924519363951,20.0,32.0
2011_07_KC_OAK,2011,7,OAK,KC,-28.0,10.448445885971744,28.0,43.96570707838647,27.207076482179108,16.758630596207365,0.0,28.0
2011_07_STL_DAL,2011,7,DAL,STL,27.0,7.69347439952513,41.0,42.24872702819389,24.97110071385951,17.27762631433438,34.0,7.0
2011_07_GB_MIN,2011,7,MIN,GB,-6.0,-5.476261718620662,60.0,45.16330338395197,19.843520832665654,25.319782551286316,27.0,33.0
2011_07_IND_NO,2011,7,NO,IND,55.0,11.091503302877996,69.0,42.9048983227687,26.99820081282335,15.906697509945353,62.0,7.0
2011_07_BAL_JAX,2011,7,JAX,BAL,5.0,-8.219204337795952,19.0,41.91023444284657,16.84551505252531,25.06471939032126,12.0,7.0
2011_08_ARI_BAL,2011,8,BAL,ARI,3.0,11.220613548139562,57.0,40.618419872659544,25.919516710399552,14.698903162259992,30.0,27.0
2011_08_MIN_CAR,2011,8,CAR,MIN,-3.0,3.0540492989111643,45.0,44.00637819097846,23.530213744944813,20.476164446033646,21.0,24.0
2011_08_JAX_HOU,2011,8,HOU,JAX,10.0,8.899621613579804,38.0,41.57084473079658,25.23523317218819,16.335611558608388,24.0,14.0
2011_08_MIA_NYG,2011,8,NYG,MIA,3.0,9.174194895766682,37.0,43.0242305155208,26.09921270564374,16.92501780987706,20.0,17.0
2011_08_NO_STL,2011,8,STL,NO,10.0,-9.311624821149262,52.0,46.058204495593074,18.373289837221904,27.68491465837117,31.0,21.0
2011_08_IND_TEN,2011,8,TEN,IND,17.0,2.5772889182324903,37.0,41.63968455949872,22.108486738865604,19.531197820633114,27.0,10.0
2011_08_WAS_BUF,2011,8,BUF,WAS,23.0,7.577548209101407,23.0,45.03488197871684,26.306215093909124,18.728666884807716,23.0,0.0
2011_08_DET_DEN,2011,8,DEN,DET,-35.0,-4.339202502593616,55.0,41.864693988818175,18.76274574311228,23.101948245705895,10.0,45.0
2011_08_NE_PIT,2011,8,PIT,NE,8.0,-3.7234411817244033,42.0,50.9738106914297,23.625184754852647,27.34862593657705,25.0,17.0
2011_08_CIN_SEA,2011,8,SEA,CIN,-22.0,-2.5810395607287653,46.0,39.87169357126512,18.64532700526818,21.22636656599694,12.0,34.0
2011_08_CLE_SF,2011,8,SF,CLE,10.0,10.839556502574888,30.0,40.876210172448474,25.85788333751168,15.018326834936794,20.0,10.0
2011_08_DAL_PHI,2011,8,PHI,DAL,27.0,3.873987369697867,41.0,44.23503087344648,24.054509121572174,20.18052175187431,34.0,7.0
2011_08_SD_KC,2011,8,KC,SD,3.0,0.3514359807632378,43.0,44.527290139245416,22.439363060004325,22.08792707924109,23.0,20.0
2011_09_NYJ_BUF,2011,9,BUF,NYJ,-16.0,3.4832297174605955,38.0,42.94860023824176,23.215914977851178,19.732685260390582,11.0,27.0
2011_09_SEA_DAL,2011,9,DAL,SEA,10.0,8.772351009434821,36.0,41.52802995891483,25.150190484174825,16.377839474740004,23.0,13.0
2011_09_CLE_HOU,2011,9,HOU,CLE,18.0,10.36848476135759,42.0,41.72858215461223,26.048533457984913,15.68004869662732,30.0,12.0
2011_09_ATL_IND,2011,9,IND,ATL,-24.0,-6.790159296084966,38.0,44.89949564465699,19.05466817428601,25.844827470370976,7.0,31.0
2011_09_MIA_KC,2011,9,KC,MIA,-28.0,9.541509780114358,34.0,42.09166596202046,25.81658787106741,16.27507809095305,3.0,31.0
2011_09_TB_NO,2011,9,NO,TB,11.0,5.674107921483458,43.0,44.32543463739819,24.99977127944082,19.325663357957367,27.0,16.0
2011_09_SF_WAS,2011,9,WAS,SF,-8.0,-6.132733769918739,30.0,42.071680988402655,17.96947360924196,24.102207379160696,11.0,19.0
2011_09_DEN_OAK,2011,9,OAK,DEN,-14.0,8.761788953079677,62.0,44.01560017219506,26.38869456263737,17.62690560955769,24.0,38.0
2011_09_CIN_TEN,2011,9,TEN,CIN,-7.0,0.743786297435106,41.0,41.588028060966636,21.16590717920087,20.422120881765764,17.0,24.0
2011_09_STL_ARI,2011,9,ARI,STL,6.0,3.130161515648405,32.0,42.29928401736997,22.714722766509187,19.584561250860784,19.0,13.0
2011_09_NYG_NE,2011,9,NE,NYG,-4.0,8.461698355245007,44.0,44.67846795528569,26.570083155265348,18.108384800020342,20.0,24.0
2011_09_GB_SD,2011,9,SD,GB,-7.0,-7.519364040729253,83.0,47.207983408264624,19.844309683767687,27.363673724496937,38.0,45.0
2011_09_BAL_PIT,2011,9,PIT,BAL,-3.0,5.767320924014768,43.0,40.8210573411724,23.294189132593583,17.526868208578815,20.0,23.0
2011_09_CHI_PHI,2011,9,PHI,CHI,-6.0,4.342276506422866,54.0,44.39701911151179,24.36964780896733,20.02737130254446,24.0,30.0
2011_10_OAK_SD,2011,10,SD,OAK,-7.0,7.874661816051839,41.0,45.47340674212402,26.67403427908793,18.79937246303609,17.0,24.0
2011_10_NO_ATL,2011,10,ATL,NO,-3.0,0.4501454612085741,49.0,47.50875562102174,23.979450541115156,23.529305079906585,23.0,26.0
2011_10_TEN_CAR,2011,10,CAR,TEN,-27.0,0.5219079099486796,33.0,44.04876140085347,22.285334655401076,21.763426745452396,3.0,30.0
2011_10_PIT_CIN,2011,10,CIN,PIT,-7.0,1.5112301295045767,41.0,43.63065915155104,22.57094464052781,21.059714511023234,17.0,24.0
2011_10_STL_CLE,2011,10,CLE,STL,-1.0,3.867902435832392,25.0,39.860345792353755,21.864124114093073,17.99622167826068,12.0,13.0
2011_10_BUF_DAL,2011,10,DAL,BUF,37.0,3.327009103124826,51.0,46.22740635516697,24.777207729145896,21.450198626021074,44.0,7.0
2011_10_JAX_IND,2011,10,IND,JAX,-14.0,2.5634250170294903,20.0,40.7438861726958,21.653655594862645,19.090230577833157,3.0,17.0
2011_10_DEN_KC,2011,10,KC,DEN,-7.0,3.800171721086603,27.0,41.133503514633055,22.46683761785983,18.666665896773225,10.0,17.0
2011_10_WAS_MIA,2011,10,MIA,WAS,11.0,4.336401358218404,29.0,40.35201154605375,22.344206452136078,18.007805093917675,20.0,9.0
2011_10_ARI_PHI,2011,10,PHI,ARI,-4.0,11.242980694889376,38.0,42.085714788397105,26.66434774164324,15.421367046753865,17.0,21.0
2011_10_HOU_TB,2011,10,TB,HOU,-28.0,-1.8264341125310533,46.0,42.67041670415616,20.421991295812553,22.248425408343607,9.0,37.0
2011_10_BAL_SEA,2011,10,SEA,BAL,5.0,-6.8897032249840695,39.0,40.525866760586865,16.8180817678014,23.707784992785466,22.0,17.0
2011_10_DET_CHI,2011,10,CHI,DET,24.0,7.22764792298749,50.0,40.69167252596478,23.95966022447614,16.732012301488645,37.0,13.0
2011_10_NYG_SF,2011,10,SF,NYG,7.0,7.072589823424212,47.0,42.01674829869151,24.54466906105786,17.47207923763365,27.0,20.0
2011_10_NE_NYJ,2011,10,NYJ,NE,-21.0,2.88717382978754,53.0,46.43475310563074,24.66096346770914,21.7737896379216,16.0,37.0
2011_10_MIN_GB,2011,10,GB,MIN,38.0,13.999877338475946,52.0,43.834728462378315,28.91730290042713,14.917425561951184,45.0,7.0
2011_11_NYJ_DEN,2011,11,DEN,NYJ,4.0,-2.705008183743705,30.0,41.08438907951924,19.189690447887767,21.894698631631474,17.0,13.0
2011_11_CIN_BAL,2011,11,BAL,CIN,7.0,6.604915961507924,55.0,40.68313023116283,23.644023096335374,17.039107134827454,31.0,24.0
2011_11_JAX_CLE,2011,11,CLE,JAX,4.0,2.593916684551181,24.0,37.41621963060382,20.0050681575775,17.41115147302632,14.0,10.0
2011_11_CAR_DET,2011,11,DET,CAR,14.0,7.216711570875974,84.0,42.26559438666859,24.74115297877228,17.524441407896308,49.0,35.0
2011_11_TB_GB,2011,11,GB,TB,9.0,13.82465465447422,61.0,42.69659729022346,28.26062597234884,14.43597131787462,35.0,26.0
2011_11_BUF_MIA,2011,11,MIA,BUF,27.0,0.9740112352483048,43.0,42.677701048260865,21.825856141754585,20.85184490650628,35.0,8.0
2011_11_OAK_MIN,2011,11,MIN,OAK,-6.0,-0.3083783820862129,48.0,43.581407674082165,21.636514645997977,21.944893028084188,21.0,27.0
2011_11_DAL_WAS,2011,11,WAS,DAL,-3.0,-2.7403838728275915,51.0,43.70965202714032,20.484634077156365,23.225017949983958,24.0,27.0
2011_11_ARI_SF,2011,11,SF,ARI,16.0,11.96999112585696,30.0,40.673654695311825,26.321822910584395,14.351831784727432,23.0,7.0
2011_11_SEA_STL,2011,11,STL,SEA,-17.0,-1.263924117474342,31.0,42.632080529626435,20.684078206076048,21.948002323550387,7.0,24.0
2011_11_TEN_ATL,2011,11,ATL,TEN,6.0,9.432461947928635,40.0,44.01287433559003,26.722668141759332,17.290206193830695,23.0,17.0
2011_11_SD_CHI,2011,11,CHI,SD,11.0,9.631771897430792,51.0,41.530758748097924,25.58126532276436,15.949493425333566,31.0,20.0
2011_11_PHI_NYG,2011,11,NYG,PHI,-7.0,3.058338262931104,27.0,44.10042400854879,23.579381135739947,20.521042872808845,10.0,17.0
2011_11_KC_NE,2011,11,NE,KC,31.0,13.038694322975456,37.0,42.9716342260496,28.00516427451253,14.966469951537073,34.0,3.0
2011_12_GB_DET,2011,12,DET,GB,-12.0,-3.883245903266472,42.0,48.73164907511117,22.42420158592235,26.30744748918882,15.0,27.0
2011_12_MIA_DAL,2011,12,DAL,MIA,1.0,2.799993198818868,39.0,43.86588265727192,23.332937928045393,20.532944729226525,20.0,19.0
2011_12_SF_BAL,2011,12,BAL,SF,10.0,5.351327005340362,22.0,42.105020670019876,23.728173837680117,18.37684683233976,16.0,6.0
2011_12_MIN_ATL,2011,12,ATL,MIN,10.0,14.044514032102397,38.0,43.894299590092515,28.969406811097457,14.924892778995059,24.0,14.0
2011_12_CLE_CIN,2011,12,CIN,CLE,3.0,9.290473315134712,43.0,41.70594315215407,25.49820823364439,16.20773491850968,23.0,20.0
2011_12_CAR_IND,2011,12,IND,CAR,-8.0,2.320430356420617,46.0,44.78472345530978,23.552576905865198,21.232146549444582,19.0,27.0
2011_12_HOU_JAX,2011,12,JAX,HOU,-7.0,-6.774973234431857,33.0,42.621708490544464,17.923367628056305,24.69834086248816,13.0,20.0
2011_12_BUF_NYJ,2011,12,NYJ,BUF,4.0,9.119770370535498,52.0,41.22377326343198,25.17177181698374,16.05200144644824,28.0,24.0
2011_12_ARI_STL,2011,12,STL,ARI,-3.0,0.1919722963676723,43.0,42.894147380247254,21.543059838307464,21.35108754193979,20.0,23.0
2011_12_TB_TEN,2011,12,TEN,TB,6.0,3.440510796847012,40.0,40.776865681945345,22.10868823939618,18.668177442549165,23.0,17.0
2011_12_CHI_OAK,2011,12,OAK,CHI,5.0,-4.690481010697313,45.0,43.37892843854554,19.344223713924116,24.034704724621427,25.0,20.0
2011_12_WAS_SEA,2011,12,SEA,WAS,-6.0,6.512781590433791,40.0,40.675966383958354,23.59437398719607,17.081592396762282,17.0,23.0
2011_12_NE_PHI,2011,12,PHI,NE,-18.0,0.7833168790000122,58.0,45.160179586463244,22.971748232731628,22.188431353731616,20.0,38.0
2011_12_DEN_SD,2011,12,SD,DEN,-3.0,2.7666117210931795,29.0,44.75391383813369,23.760262779613434,20.993651058520257,13.0,16.0
2011_12_PIT_KC,2011,12,KC,PIT,-4.0,-6.199567034931269,22.0,44.99165482780981,19.39604389643927,25.59561093137054,9.0,13.0
2011_12_NYG_NO,2011,12,NO,NYG,25.0,10.312067044898376,73.0,44.50640487124556,27.409235958071967,17.09716891317359,49.0,24.0
2011_13_PHI_SEA,2011,13,SEA,PHI,17.0,-3.893335042251847,45.0,43.81973106059404,19.963198009171094,23.856533051422943,31.0,14.0
2011_13_TEN_BUF,2011,13,BUF,TEN,-6.0,-0.527939041602259,40.0,41.79043948377613,20.631250221086937,21.159189262689196,17.0,23.0
2011_13_KC_CHI,2011,13,CHI,KC,-7.0,12.69777834980235,13.0,40.50972290125398,26.603750625528164,13.905972275725816,3.0,10.0
2011_13_ATL_HOU,2011,13,HOU,ATL,7.0,3.1387598523683846,27.0,42.22041336329792,22.679586607833155,19.540826755464767,17.0,10.0
2011_13_OAK_MIA,2011,13,MIA,OAK,20.0,2.1064571335685742,48.0,41.00499049496143,21.555723814265004,19.44926668069643,34.0,14.0
2011_13_DEN_MIN,2011,13,MIN,DEN,-3.0,-0.8833720144359675,67.0,42.432960617435995,20.774794301500012,21.658166315935983,32.0,35.0
2011_13_IND_NE,2011,13,NE,IND,7.0,10.135839479830713,55.0,42.02419785101986,26.08001866542529,15.944179185594574,31.0,24.0
2011_13_CIN_PIT,2011,13,PIT,CIN,28.0,6.1598311996571695,42.0,41.822514843221214,23.99117302143919,17.831341821782022,35.0,7.0
2011_13_CAR_TB,2011,13,TB,CAR,-19.0,5.765545009897667,57.0,43.34744295296933,24.556493981433498,18.790948971535833,19.0,38.0
2011_13_NYJ_WAS,2011,13,WAS,NYJ,-15.0,-3.5625625113077324,53.0,40.3823570977936,18.409897293242935,21.972459804550667,19.0,34.0
2011_13_BAL_CLE,2011,13,CLE,BAL,-14.0,-8.026575573569188,34.0,39.76479435861548,15.869109392523146,23.895684966092336,10.0,24.0
2011_13_DAL_ARI,2011,13,ARI,DAL,6.0,-5.939421494076617,32.0,44.01379941239449,19.037188959158936,24.976610453235555,19.0,13.0
2011_13_GB_NYG,2011,13,NYG,GB,-3.0,-6.657528109573391,73.0,47.717289573639285,20.529880732032947,27.187408841606338,35.0,38.0
2011_13_STL_SF,2011,13,SF,STL,26.0,11.48138624021432,26.0,42.258337085600175,26.869861662907248,15.388475422692927,26.0,0.0
2011_13_DET_NO,2011,13,NO,DET,14.0,4.74471482728278,48.0,45.52518168724726,25.13494825726502,20.390233429982242,31.0,17.0
2011_13_SD_JAX,2011,13,JAX,SD,-24.0,-0.006173692150372,52.0,41.6050551909493,20.799440749399466,20.805614441549835,14.0,38.0
2011_14_CLE_PIT,2011,14,PIT,CLE,11.0,11.07469778995535,17.0,42.1661757749342,26.620436782444777,15.545738992489426,14.0,3.0
2011_14_IND_BAL,2011,14,BAL,IND,14.0,11.261116025056191,34.0,42.13197867892559,26.69654735199089,15.435431326934701,24.0,10.0
2011_14_ATL_CAR,2011,14,CAR,ATL,-8.0,-2.131949468927804,54.0,44.089138649207456,20.978594590139828,23.110544059067628,23.0,31.0
2011_14_HOU_CIN,2011,14,CIN,HOU,-1.0,-5.548269923249046,39.0,40.93816394030631,17.694947008528633,23.243216931777678,19.0,20.0
2011_14_MIN_DET,2011,14,DET,MIN,6.0,9.75106436430798,62.0,43.869335085899856,26.810199725103917,17.05913536079594,34.0,28.0
2011_14_TB_JAX,2011,14,JAX,TB,27.0,1.162295332485216,55.0,40.95792952486987,21.06011242867754,19.897817096192327,41.0,14.0
2011_14_PHI_MIA,2011,14,MIA,PHI,-16.0,1.9052060154431265,36.0,42.11789919954912,22.011552607496125,20.106346592052997,10.0,26.0
2011_14_KC_NYJ,2011,14,NYJ,KC,27.0,8.183488549111496,47.0,41.242912097676566,24.71320032339403,16.529711774282536,37.0,10.0
2011_14_NO_TEN,2011,14,TEN,NO,-5.0,-1.6864700293218216,39.0,47.201694305133046,22.75761213790561,24.444082167227435,17.0,22.0
2011_14_NE_WAS,2011,14,WAS,NE,-7.0,-6.451554777518763,61.0,44.741681687432,19.145063454956617,25.596618232475382,27.0,34.0
2011_14_SF_ARI,2011,14,ARI,SF,2.0,-7.808921261974533,40.0,41.479211516127656,16.83514512707656,24.644066389051094,21.0,19.0
2011_14_CHI_DEN,2011,14,DEN,CHI,3.0,-0.3038261996265143,23.0,39.42129222880024,19.558733014586863,19.862559214213377,13.0,10.0
2011_14_OAK_GB,2011,14,GB,OAK,30.0,11.970311917136874,62.0,42.96105611107409,27.465684014105484,15.495372096968609,46.0,16.0
2011_14_BUF_SD,2011,14,SD,BUF,27.0,8.361555393174974,47.0,45.05147053709974,26.706512965137357,18.344957571962382,37.0,10.0
2011_14_NYG_DAL,2011,14,DAL,NYG,-3.0,3.3612524665943457,71.0,44.74515305532617,24.053202760960257,20.691950294365913,34.0,37.0
2011_14_STL_SEA,2011,14,SEA,STL,17.0,7.392213172625967,43.0,41.22768256155701,24.309947867091488,16.917734694465523,30.0,13.0
2011_15_JAX_ATL,2011,15,ATL,JAX,27.0,12.774620037833287,55.0,40.521393027315604,26.648006532574446,13.873386494741158,41.0,14.0
2011_15_DAL_TB,2011,15,TB,DAL,-16.0,-3.7732546066037527,46.0,43.77650673875209,20.00162606607417,23.77488067267792,15.0,31.0
2011_15_MIA_BUF,2011,15,BUF,MIA,-7.0,-1.636522951400487,53.0,41.85380898663826,20.10864301761889,21.745165969019375,23.0,30.0
2011_15_SEA_CHI,2011,15,CHI,SEA,-24.0,7.597001374078784,52.0,41.674124704928474,24.63556303950363,17.038561665424844,14.0,38.0
2011_15_CAR_HOU,2011,15,HOU,CAR,-15.0,8.124005797828756,41.0,46.865485103209664,27.49474545051921,19.370739652690453,13.0,28.0
2011_15_TEN_IND,2011,15,IND,TEN,14.0,-3.7864712532156872,40.0,42.903369416140585,19.55844908146245,23.344920334678136,27.0,13.0
2011_15_GB_KC,2011,15,KC,GB,5.0,-4.2600189500892975,33.0,46.19756143860446,20.96877124425758,25.228790194346878,19.0,14.0
2011_15_NO_MIN,2011,15,MIN,NO,-22.0,-3.0900170114855,62.0,47.436392617998436,22.173187803256468,25.263204814741968,20.0,42.0
2011_15_WAS_NYG,2011,15,NYG,WAS,-13.0,7.760324707599143,33.0,43.0836351065802,25.42197990708967,17.661655199490532,10.0,23.0
2011_15_CIN_STL,2011,15,STL,CIN,-7.0,-4.884819850643964,33.0,42.98670814097833,19.050944145167183,23.935763995811147,13.0,20.0
2011_15_DET_OAK,2011,15,OAK,DET,-1.0,1.1762017216875662,55.0,45.93955746848261,23.55787959508509,22.38167787339752,27.0,28.0
2011_15_CLE_ARI,2011,15,ARI,CLE,3.0,2.8084343842720867,37.0,41.58311900948222,22.195776696877154,19.387342312605064,20.0,17.0
2011_15_NE_DEN,2011,15,DEN,NE,-18.0,-7.615515333375757,64.0,48.889580150343114,20.63703240848368,28.252547741859434,23.0,41.0
2011_15_NYJ_PHI,2011,15,PHI,NYJ,26.0,-0.5648987189822982,64.0,42.415030406236276,20.92506584362699,21.489964562609288,45.0,19.0
2011_15_BAL_SD,2011,15,SD,BAL,20.0,-4.798373139029887,48.0,43.37964139142409,19.2906341261971,24.089007265226986,34.0,14.0
2011_15_PIT_SF,2011,15,SF,PIT,17.0,-3.603055259588159,23.0,41.37186724488281,18.884405992647324,22.487461252235484,20.0,3.0
2011_16_HOU_IND,2011,16,IND,HOU,3.0,-9.100857402779107,35.0,43.70953686734024,17.304339732280567,26.405197135059673,19.0,16.0
2011_16_CLE_BAL,2011,16,BAL,CLE,6.0,11.450847620161392,34.0,41.36146128548043,26.40615445282091,14.95530683265952,20.0,14.0
2011_16_DEN_BUF,2011,16,BUF,DEN,26.0,-0.2012569301052957,54.0,42.414536352602866,21.106639711248786,21.30789664135408,40.0,14.0
2011_16_TB_CAR,2011,16,CAR,TB,32.0,9.916473291981156,64.0,42.91081495643324,26.4136441242072,16.497170832226043,48.0,16.0
2011_16_ARI_CIN,2011,16,CIN,ARI,7.0,6.751316172354392,39.0,41.611554765534635,24.181435468944514,17.43011929659012,23.0,16.0
2011_16_OAK_KC,2011,16,KC,OAK,-3.0,3.091530534644158,29.0,41.26632010819102,22.178925321417587,19.08739478677343,13.0,16.0
2011_16_MIA_NE,2011,16,NE,MIA,3.0,12.261224925167774,51.0,44.063193543640466,28.16220923440412,15.900984309236346,27.0,24.0
2011_16_NYG_NYJ,2011,16,NYJ,NYG,-15.0,8.079211397670159,43.0,43.6112727645222,25.845242081096178,17.76603068342602,14.0,29.0
2011_16_STL_PIT,2011,16,PIT,STL,27.0,10.890347303430705,27.0,41.81734274829259,26.353845025861645,15.463497722430942,27.0,0.0
2011_16_JAX_TEN,2011,16,TEN,JAX,6.0,5.48130785413642,40.0,39.31890733107313,22.400107592604773,16.918799738468355,23.0,17.0
2011_16_MIN_WAS,2011,16,WAS,MIN,-7.0,2.768825665966859,59.0,42.319046246746865,22.54393595635686,19.775110290390003,26.0,33.0
2011_16_SD_DET,2011,16,DET,SD,28.0,0.1524065021730736,48.0,44.63052356170685,22.391465031939962,22.23905852976689,38.0,10.0
2011_16_PHI_DAL,2011,16,DAL,PHI,-13.0,0.911093762321994,27.0,44.813634131374855,22.862363946848426,21.95127018452643,7.0,20.0
2011_16_SF_SEA,2011,16,SEA,SF,-2.0,-2.05568718383824,36.0,39.8785165565174,18.91141468633958,20.967101870177817,17.0,19.0
2011_16_CHI_GB,2011,16,GB,CHI,14.0,9.112673215702491,56.0,43.22490447434096,26.168788845021727,17.056115629319233,35.0,21.0
2011_16_ATL_NO,2011,16,NO,ATL,29.0,3.406873845528654,61.0,46.279954405112214,24.843414125320432,21.43654027979178,45.0,16.0
2011_17_DET_GB,2011,17,GB,DET,4.0,9.32262982159545,86.0,44.59420751194887,26.95841866677216,17.635788845176712,45.0,41.0
2011_17_TEN_HOU,2011,17,HOU,TEN,-1.0,5.653622433030736,45.0,41.869504358647866,23.7615633958393,18.107940962808566,22.0,23.0
2011_17_IND_JAX,2011,17,JAX,IND,6.0,0.0824380920167738,32.0,40.505613784798655,20.294025938407714,20.21158784639094,19.0,13.0
2011_17_NYJ_MIA,2011,17,MIA,NYJ,2.0,1.12832264905607,36.0,39.2458734445752,20.187098046815635,19.058775397759568,19.0,17.0
2011_17_CHI_MIN,2011,17,MIN,CHI,-4.0,-1.7667297968411668,30.0,41.6808855011446,19.957077852151716,21.723807648992885,13.0,17.0
2011_17_BUF_NE,2011,17,NE,BUF,28.0,13.216541152915104,70.0,44.60940470261395,28.912972927764528,15.696431774849422,49.0,21.0
2011_17_CAR_NO,2011,17,NO,CAR,28.0,7.5618669178622895,62.0,47.4052724536076,27.483569685734945,19.921702767872656,45.0,17.0
2011_17_WAS_PHI,2011,17,PHI,WAS,24.0,8.79740895529745,44.0,42.09598956334341,25.44669925932043,16.64929030402298,34.0,10.0
2011_17_SF_STL,2011,17,STL,SF,-7.0,-6.717773394488973,61.0,43.64299167727256,18.462609141391795,25.180382535880767,27.0,34.0
2011_17_SEA_ARI,2011,17,ARI,SEA,3.0,-2.222856835182919,43.0,41.12356641580361,19.450354790310346,21.673211625493263,23.0,20.0
2011_17_TB_ATL,2011,17,ATL,TB,21.0,8.222073762987899,69.0,43.0711995348012,25.64663664889455,17.424562885906653,45.0,24.0
2011_17_BAL_CIN,2011,17,CIN,BAL,-8.0,-3.099101894417484,40.0,39.40631464714595,18.15360637636423,21.252708270781717,16.0,24.0
2011_17_PIT_CLE,2011,17,CLE,PIT,-4.0,-5.949835225439967,22.0,40.640235686017256,17.345200230288643,23.295035455728613,9.0,13.0
2011_17_KC_DEN,2011,17,DEN,KC,-4.0,2.566700144547855,10.0,40.32903826098813,21.44786920276799,18.881169058220138,3.0,7.0
2011_17_SD_OAK,2011,17,OAK,SD,-12.0,0.1312164048737661,64.0,44.44104714927532,22.286131777074544,22.154915372200776,26.0,38.0
2011_17_DAL_NYG,2011,17,NYG,DAL,17.0,2.8438043735399496,45.0,44.03055904839645,23.437181710968197,20.59337733742825,31.0,14.0
2012_01_DAL_NYG,2012,1,NYG,DAL,-7.0,2.808080113309724,41.0,45.025376773843384,23.916728443576552,21.10864833026683,17.0,24.0
2012_01_IND_CHI,2012,1,CHI,IND,20.0,8.686380037829535,62.0,40.574807865915616,24.630593951872576,15.94421391404304,41.0,21.0
2012_01_PHI_CLE,2012,1,CLE,PHI,-1.0,-3.137017683145304,33.0,41.503200666441025,19.18309149164786,22.320109174793163,16.0,17.0
2012_01_STL_DET,2012,1,DET,STL,4.0,8.504683940307197,50.0,42.69738120668203,25.601032573494614,17.096348633187418,27.0,23.0
2012_01_MIA_HOU,2012,1,HOU,MIA,20.0,3.5109367389085118,40.0,41.47247722401337,22.49170698146094,18.980770242552428,30.0,10.0
2012_01_ATL_KC,2012,1,KC,ATL,-16.0,-1.9281391943192756,64.0,42.501737150381025,20.286798978030873,22.214938172350152,24.0,40.0
2012_01_JAX_MIN,2012,1,MIN,JAX,3.0,3.353033419715314,49.0,37.64254701223296,20.49779021597414,17.14475679625882,26.0,23.0
2012_01_WAS_NO,2012,1,NO,WAS,-8.0,12.342960505758318,72.0,44.11087919479827,28.226919850278296,15.883959344519976,32.0,40.0
2012_01_BUF_NYJ,2012,1,NYJ,BUF,20.0,4.237765366410546,76.0,42.76131868606835,23.499542026239446,19.261776659828904,48.0,28.0
2012_01_NE_TEN,2012,1,TEN,NE,-21.0,-4.237983859134883,47.0,46.14412782623632,20.953071983550718,25.191055842685603,13.0,34.0
2012_01_SEA_ARI,2012,1,ARI,SEA,4.0,1.754904441596501,36.0,39.37968226080539,20.567293351200945,18.812388909604444,20.0,16.0
2012_01_SF_GB,2012,1,GB,SF,-8.0,5.77487941342411,52.0,45.57394304336081,25.67441122839246,19.899531814968352,22.0,30.0
2012_01_CAR_TB,2012,1,TB,CAR,6.0,0.5010406962987887,26.0,45.02098972238829,22.76101520934354,22.259974513044753,16.0,10.0
2012_01_PIT_DEN,2012,1,DEN,PIT,12.0,-4.053164619522579,50.0,41.84242103739923,18.894628208938325,22.9477928284609,31.0,19.0
2012_01_CIN_BAL,2012,1,BAL,CIN,31.0,5.947212074993296,57.0,39.92952763646354,22.938369855728418,16.991157780735122,44.0,13.0
2012_01_SD_OAK,2012,1,OAK,SD,-8.0,-2.3423082067196304,36.0,43.958888785043506,20.80829028916194,23.150598495881567,14.0,22.0
2012_02_CHI_GB,2012,2,GB,CHI,13.0,5.194197083360096,33.0,55.65844730020864,30.42632219178437,25.232125108424274,23.0,10.0
2012_02_KC_BUF,2012,2,BUF,KC,18.0,3.014915142381581,52.0,48.91290525025446,25.96391019631802,22.94899505393644,35.0,17.0
2012_02_NO_CAR,2012,2,CAR,NO,8.0,-3.5563169679737023,62.0,42.76241235249612,19.60304769226121,23.15936466023491,35.0,27.0
2012_02_CLE_CIN,2012,2,CIN,CLE,7.0,6.806559940296372,61.0,42.71722641174559,24.761893176020983,17.95533323572461,34.0,27.0
2012_02_MIN_IND,2012,2,IND,MIN,3.0,0.8069270237545458,43.0,46.101123036539505,23.454025030147026,22.64709800639248,23.0,20.0
2012_02_HOU_JAX,2012,2,JAX,HOU,-20.0,0.8151823640497646,34.0,49.99205606553004,25.403619214789906,24.588436850740138,7.0,27.0
2012_02_OAK_MIA,2012,2,MIA,OAK,22.0,2.760315837923496,48.0,43.260789312211784,23.010552575067642,20.250236737144142,35.0,13.0
2012_02_ARI_NE,2012,2,NE,ARI,-2.0,9.865936553005502,38.0,38.27138935338252,24.06866295319401,14.202726400188507,18.0,20.0
2012_02_TB_NYG,2012,2,NYG,TB,7.0,8.558501845131213,75.0,41.31157961267663,24.93504072890392,16.37653888377271,41.0,34.0
2012_02_BAL_PHI,2012,2,PHI,BAL,1.0,0.891730135141839,47.0,46.291482817662775,23.59160647640231,22.699876341260467,24.0,23.0
2012_02_DAL_SEA,2012,2,SEA,DAL,20.0,-0.5453355953620882,34.0,48.35766436660505,23.90616438562148,24.45149998098357,27.0,7.0
2012_02_WAS_STL,2012,2,STL,WAS,3.0,-3.246907481415937,59.0,48.99392768148868,22.87351010003637,26.12041758145231,31.0,28.0
2012_02_NYJ_PIT,2012,2,PIT,NYJ,17.0,3.308372335043379,37.0,48.44575353024432,25.87706293264385,22.56869059760047,27.0,10.0
2012_02_TEN_SD,2012,2,SD,TEN,28.0,6.137576323065681,48.0,43.59517300310965,24.866374663087665,18.728798340021985,38.0,10.0
2012_02_DET_SF,2012,2,SF,DET,8.0,6.57094164259278,46.0,44.476310935529085,25.523626289060932,18.952684646468153,27.0,19.0
2012_02_DEN_ATL,2012,2,ATL,DEN,6.0,5.536126300285319,48.0,53.131596696564884,29.3338614984251,23.797735198139783,27.0,21.0
2012_03_NYG_CAR,2012,3,CAR,NYG,-29.0,2.178993668031436,43.0,46.330088610517805,24.25454113927462,22.075547471243183,7.0,36.0
2012_03_STL_CHI,2012,3,CHI,STL,17.0,8.799914917345774,29.0,46.31104914120352,27.555482029274646,18.755567111928872,23.0,6.0
2012_03_BUF_CLE,2012,3,CLE,BUF,-10.0,-0.4172676440737961,38.0,49.33696834131523,24.459850348620716,24.87711799269451,14.0,24.0
2012_03_TB_DAL,2012,3,DAL,TB,6.0,9.338533010567716,26.0,46.46917355617205,27.903853283369884,18.56532027280217,16.0,10.0
2012_03_JAX_IND,2012,3,IND,JAX,-5.0,3.289683695173156,39.0,43.956285945757905,23.62298482046553,20.333301125292376,17.0,22.0
2012_03_NYJ_MIA,2012,3,MIA,NYJ,-3.0,2.2568078188187566,43.0,46.343685529269,24.30024667404388,22.043438855225123,20.0,23.0
2012_03_SF_MIN,2012,3,MIN,SF,11.0,-5.116327045841072,37.0,51.06479298002984,22.974232967094384,28.09056001293546,24.0,13.0
2012_03_KC_NO,2012,3,NO,KC,-3.0,8.78367969476282,51.0,49.80150402328743,29.292591859025123,20.508912164262306,24.0,27.0
2012_03_DET_TEN,2012,3,TEN,DET,3.0,-2.7101319848976395,85.0,46.265704304588006,21.777786159845185,24.48791814474282,44.0,41.0
2012_03_CIN_WAS,2012,3,WAS,CIN,-7.0,-1.1669229514454749,69.0,47.45255798650986,23.142817517532194,24.309740468977665,31.0,38.0
2012_03_PHI_ARI,2012,3,ARI,PHI,21.0,-2.1614495176292463,33.0,41.847799305914975,19.843174894142866,22.00462441177211,27.0,6.0
2012_03_ATL_SD,2012,3,SD,ATL,-24.0,3.6227151581951857,30.0,46.94217425597317,25.282444707084178,21.659729548888993,3.0,27.0
2012_03_HOU_DEN,2012,3,DEN,HOU,-6.0,1.0508849851458328,56.0,49.137610492586475,25.094247738866155,24.04336275372032,25.0,31.0
2012_03_PIT_OAK,2012,3,OAK,PIT,3.0,-5.539512938193409,65.0,45.12639827444551,19.79344266812605,25.332955606319462,34.0,31.0
2012_03_NE_BAL,2012,3,BAL,NE,1.0,-0.2526048438626005,61.0,45.589761962505804,22.668578559321602,22.9211834031842,31.0,30.0
2012_03_GB_SEA,2012,3,SEA,GB,2.0,-3.7356921231849456,26.0,41.67178610586584,18.968046991340447,22.703739114525394,14.0,12.0
2012_04_CLE_BAL,2012,4,BAL,CLE,7.0,9.421549750197975,39.0,43.311274218356296,26.366411984277136,16.94486223407916,23.0,16.0
2012_04_CAR_ATL,2012,4,ATL,CAR,2.0,8.279902873905376,58.0,48.20415390038705,28.242028387146213,19.962125513240835,30.0,28.0
2012_04_NE_BUF,2012,4,BUF,NE,-24.0,-0.5151312504952512,80.0,48.2791519067141,23.882010328109423,24.397141578604675,28.0,52.0
2012_04_MIN_DET,2012,4,DET,MIN,-7.0,2.965790906223848,33.0,45.858273778293345,24.4120323422586,21.446241436034747,13.0,20.0
2012_04_TEN_HOU,2012,4,HOU,TEN,24.0,9.482152240989803,52.0,44.61275778955678,27.047455015273293,17.565302774283488,38.0,14.0
2012_04_SD_KC,2012,4,KC,SD,-17.0,1.117797366377415,57.0,45.60824572078181,23.363021543579613,22.245224177202196,20.0,37.0
2012_04_SF_NYJ,2012,4,NYJ,SF,-34.0,-0.4918950594975755,34.0,45.88856483067142,22.698334885586924,23.190229945084496,0.0,34.0
2012_04_SEA_STL,2012,4,STL,SEA,6.0,-5.78204260662686,32.0,40.43780182377091,17.327879608572026,23.109922215198885,19.0,13.0
2012_04_MIA_ARI,2012,4,ARI,MIA,3.0,1.8396638710776727,45.0,41.48728335603201,21.663473613554842,19.823809742477167,24.0,21.0
2012_04_OAK_DEN,2012,4,DEN,OAK,31.0,4.571577784698665,43.0,45.22720141388214,24.8993895992904,20.32781181459174,37.0,6.0
2012_04_CIN_JAX,2012,4,JAX,CIN,-17.0,-3.199900685229759,37.0,45.24151663466802,21.02080797471913,24.220708659948887,10.0,27.0
2012_04_NO_GB,2012,4,GB,NO,1.0,5.255730470160113,55.0,45.616749886741864,25.436240178450987,20.180509708290877,28.0,27.0
2012_04_WAS_TB,2012,4,TB,WAS,-2.0,-0.689030803960562,46.0,44.43015156516269,21.870560380601063,22.559591184561626,22.0,24.0
2012_04_NYG_PHI,2012,4,PHI,NYG,2.0,3.971667925082317,36.0,46.319079006787355,25.145373465934835,21.17370554085252,19.0,17.0
2012_04_CHI_DAL,2012,4,DAL,CHI,-16.0,3.265657815815106,52.0,45.340442504648955,24.30305016023203,21.037392344416926,18.0,34.0
2012_05_ARI_STL,2012,5,STL,ARI,14.0,-4.685182268077805,20.0,42.0645779352277,18.68969783357495,23.374880101652753,17.0,3.0
2012_05_MIA_CIN,2012,5,CIN,MIA,-4.0,3.067764006894796,30.0,45.8252409987044,24.4465025027996,21.378738495904802,13.0,17.0
2012_05_GB_IND,2012,5,IND,GB,3.0,-3.3901997636545995,57.0,46.94690725743829,21.778353746891845,25.168553510546445,30.0,27.0
2012_05_BAL_KC,2012,5,KC,BAL,-3.0,-0.8498943476637607,15.0,45.949178702572034,22.549642177454135,23.3995365251179,6.0,9.0
2012_05_CLE_NYG,2012,5,NYG,CLE,14.0,8.364837122762093,68.0,44.30368336779345,26.33426024527777,17.96942312251568,41.0,27.0
2012_05_PHI_PIT,2012,5,PIT,PHI,2.0,3.812470195497452,30.0,45.89542536677714,24.853947781137297,21.041477585639843,16.0,14.0
2012_05_ATL_WAS,2012,5,WAS,ATL,-7.0,-4.0471755919928425,41.0,52.649280121081176,24.30105226454417,28.348227856537008,17.0,24.0
2012_05_SEA_CAR,2012,5,CAR,SEA,-4.0,-0.0218400478486977,28.0,41.27022809139556,20.62419402177343,20.64603406962213,12.0,16.0
2012_05_CHI_JAX,2012,5,JAX,CHI,-38.0,-6.15885927381834,44.0,43.32560408206665,18.583372404124155,24.742231677942492,3.0,41.0
2012_05_TEN_MIN,2012,5,MIN,TEN,23.0,3.3640890827745107,37.0,43.82975506116397,23.596922071969242,20.23283298919473,30.0,7.0
2012_05_DEN_NE,2012,5,NE,DEN,10.0,7.246027776298574,52.0,45.91489033161081,26.580459053954694,19.33443127765612,31.0,21.0
2012_05_BUF_SF,2012,5,SF,BUF,42.0,7.63962660713738,48.0,46.049263414998144,26.844445011067762,19.204818403930382,45.0,3.0
2012_05_SD_NO,2012,5,NO,SD,7.0,4.875830368929519,55.0,44.68255758325696,24.77919397609324,19.90336360716372,31.0,24.0
2012_05_HOU_NYJ,2012,5,NYJ,HOU,-6.0,-2.5218025133338933,40.0,46.490467816960034,21.98433265181307,24.506135165146965,17.0,23.0
2012_06_PIT_TEN,2012,6,TEN,PIT,3.0,-4.001401369868476,49.0,46.0102665165321,21.004432573331812,25.005833943200287,26.0,23.0
2012_06_OAK_ATL,2012,6,ATL,OAK,3.0,10.991721074041775,43.0,46.36297362188713,28.677347347964453,17.685626273922676,23.0,20.0
2012_06_DAL_BAL,2012,6,BAL,DAL,2.0,6.671117880611682,60.0,43.51703799390829,25.094077937259986,18.422960056648304,31.0,29.0
2012_06_CIN_CLE,2012,6,CLE,CIN,10.0,-4.087396631060417,58.0,42.028435942988395,18.97051965596399,23.057916287024405,34.0,24.0
2012_06_STL_MIA,2012,6,MIA,STL,3.0,6.194756907282184,31.0,37.77638895858829,21.985572932935238,15.790816025653054,17.0,14.0
2012_06_IND_NYJ,2012,6,NYJ,IND,26.0,2.1550384958616573,44.0,42.37812236893837,22.266580432400016,20.111541936538355,35.0,9.0
2012_06_DET_PHI,2012,6,PHI,DET,-3.0,3.1614651620232816,49.0,40.386253844753746,21.773859503388515,18.61239434136523,23.0,26.0
2012_06_KC_TB,2012,6,TB,KC,28.0,-0.411311005126153,48.0,43.4213083740375,21.504998684455675,21.916309689581826,38.0,10.0
2012_06_BUF_ARI,2012,6,ARI,BUF,-3.0,3.9222206131018735,35.0,43.31671533169095,23.61946797239641,19.69724735929454,16.0,19.0
2012_06_NE_SEA,2012,6,SEA,NE,1.0,-5.490699354969336,47.0,45.969797803281814,20.23954922415624,25.730248579125576,24.0,23.0
2012_06_NYG_SF,2012,6,SF,NYG,-23.0,4.818910110933159,29.0,48.46478153950055,26.641845825216855,21.822935714283695,3.0,26.0
2012_06_MIN_WAS,2012,6,WAS,MIN,12.0,-2.0839740622527105,64.0,45.436537392976355,21.676281665361824,23.76025572761453,38.0,26.0
2012_06_GB_HOU,2012,6,HOU,GB,-18.0,5.984010728272348,66.0,46.851627242655496,26.41781898546392,20.433808257191576,24.0,42.0
2012_06_DEN_SD,2012,6,SD,DEN,-11.0,5.6923478998584605,59.0,44.0667315568714,24.879539728364932,19.18719182850647,24.0,35.0
2012_07_SEA_SF,2012,7,SF,SEA,7.0,6.326103218203274,19.0,37.15190816500474,21.739005691604007,15.412902473400734,13.0,6.0
2012_07_TEN_BUF,2012,7,BUF,TEN,-1.0,4.367733897562848,69.0,42.32499913896476,23.346366518263807,18.978632620700957,34.0,35.0
2012_07_DAL_CAR,2012,7,CAR,DAL,-5.0,0.2294660387019269,33.0,42.6751824162672,21.452324227484564,21.222858188782634,14.0,19.0
2012_07_BAL_HOU,2012,7,HOU,BAL,30.0,2.7588672974560438,56.0,46.69745503253152,24.728161164993782,21.96929386753774,43.0,13.0
2012_07_CLE_IND,2012,7,IND,CLE,4.0,3.004797445757759,30.0,44.24449977690183,23.624648611329796,20.619851165572037,17.0,13.0
2012_07_ARI_MIN,2012,7,MIN,ARI,7.0,3.7307334965506014,35.0,42.558510120007035,23.144621808278817,19.41388831172822,21.0,14.0
2012_07_WAS_NYG,2012,7,NYG,WAS,4.0,6.11305650013542,50.0,50.302378987941474,28.207717744038447,22.094661243903026,27.0,23.0
2012_07_GB_STL,2012,7,STL,GB,-10.0,-3.573444092336785,50.0,43.63698022373974,20.031768065701478,23.605212158038263,20.0,30.0
2012_07_NO_TB,2012,7,TB,NO,-7.0,-4.791872050016007,63.0,46.87988063261452,21.04400429129926,25.835876341315263,28.0,35.0
2012_07_NYJ_NE,2012,7,NE,NYJ,3.0,11.392165055404806,55.0,44.10562365076711,27.74889435308596,16.35672929768115,29.0,26.0
2012_07_JAX_OAK,2012,7,OAK,JAX,3.0,2.0252550415758024,49.0,41.4575545985535,21.741404820064652,19.716149778488848,26.0,23.0
2012_07_PIT_CIN,2012,7,CIN,PIT,-7.0,-2.5437959328465825,41.0,49.80674338480936,23.631473725981387,26.175269658827972,17.0,24.0
2012_07_DET_CHI,2012,7,CHI,DET,6.0,5.19229602231698,20.0,42.264619157243295,23.728457589780138,18.536161567463157,13.0,7.0
2012_08_TB_MIN,2012,8,MIN,TB,-19.0,8.392401915986463,53.0,43.42578688098672,25.90909439848659,17.51669248250013,17.0,36.0
2012_08_CAR_CHI,2012,8,CHI,CAR,1.0,10.99232247246788,45.0,38.83691330218746,24.914617887327672,13.922295414859791,23.0,22.0
2012_08_SD_CLE,2012,8,CLE,SD,1.0,-4.208813004593911,13.0,39.107776002208,17.449481498807042,21.658294503400956,7.0,6.0
2012_08_SEA_DET,2012,8,DET,SEA,4.0,1.8689182917645129,52.0,42.48135629213356,22.17513729194904,20.306219000184523,28.0,24.0
2012_08_JAX_GB,2012,8,GB,JAX,9.0,11.079182016095055,39.0,43.30172596387907,27.190453989987063,16.11127197389201,24.0,15.0
2012_08_MIA_NYJ,2012,8,NYJ,MIA,-21.0,2.266339690057534,39.0,42.479456534910376,22.372898112483956,20.10655842242642,9.0,30.0
2012_08_ATL_PHI,2012,8,PHI,ATL,-13.0,-1.8609124393465295,47.0,43.8122817484745,20.975684654563985,22.836597093910513,17.0,30.0
2012_08_WAS_PIT,2012,8,PIT,WAS,15.0,7.225717526459885,39.0,49.22122794451722,28.22347273548855,20.997755209028668,27.0,12.0
2012_08_NE_STL,2012,8,STL,NE,-38.0,-5.513134713252973,52.0,46.777973604294374,20.6324194455207,26.145554158773674,7.0,45.0
2012_08_IND_TEN,2012,8,TEN,IND,-6.0,3.0129713113943337,32.0,39.231024389090656,21.121997850242494,18.109026538848163,13.0,19.0
2012_08_OAK_KC,2012,8,KC,OAK,-10.0,1.9279298585160056,42.0,42.37055792069816,22.149243889607085,20.221314031091076,16.0,26.0
2012_08_NYG_DAL,2012,8,DAL,NYG,-5.0,0.1943937475150493,53.0,49.490119357731935,24.842256552623493,24.647862805108442,24.0,29.0
2012_08_NO_DEN,2012,8,DEN,NO,20.0,0.9697267064613656,48.0,49.68338401955606,25.326555363008712,24.356828656547346,34.0,14.0
2012_08_SF_ARI,2012,8,ARI,SF,-21.0,-5.515247893266469,27.0,42.20669751984419,18.34572481328886,23.86097270655533,3.0,24.0
2012_09_KC_SD,2012,9,SD,KC,18.0,8.99509589429557,44.0,41.7861197668025,25.390607830549037,16.395511936253463,31.0,13.0
2012_09_DEN_CIN,2012,9,CIN,DEN,-8.0,-2.790870285566319,54.0,50.52267025699748,23.86589998571558,26.6567702712819,23.0,31.0
2012_09_BAL_CLE,2012,9,CLE,BAL,-10.0,-5.422487096339985,40.0,45.840820241650185,20.2091665726551,25.631653668995085,15.0,25.0
2012_09_ARI_GB,2012,9,GB,ARI,14.0,12.300680253392708,48.0,42.3619342562754,27.33130725483405,15.030627001441346,31.0,17.0
2012_09_BUF_HOU,2012,9,HOU,BUF,12.0,10.114823898706629,30.0,48.2078600252709,29.16134196198876,19.046518063282136,21.0,9.0
2012_09_MIA_IND,2012,9,IND,MIA,3.0,0.127113830409258,43.0,44.157164116215625,22.14213897331244,22.015025142903184,23.0,20.0
2012_09_DET_JAX,2012,9,JAX,DET,-17.0,-5.833706827841573,45.0,41.50172288417641,17.834008028167418,23.667714856008992,14.0,31.0
2012_09_CHI_TEN,2012,9,TEN,CHI,-31.0,-3.3860952207421207,71.0,42.45360511962331,19.533754949440596,22.919850170182716,20.0,51.0
2012_09_CAR_WAS,2012,9,WAS,CAR,-8.0,2.50402124072294,34.0,45.53502744213413,24.019524341428536,21.515503100705594,13.0,21.0
2012_09_TB_OAK,2012,9,OAK,TB,-10.0,3.4232447876086933,74.0,43.88347730447671,23.653361046042704,20.23011625843401,32.0,42.0
2012_09_MIN_SEA,2012,9,SEA,MIN,10.0,3.4029652513160835,50.0,41.795132076528446,22.599048663922265,19.196083412606182,30.0,20.0
2012_09_PIT_NYG,2012,9,NYG,PIT,-4.0,3.554089630169394,44.0,48.380684691756656,25.967387160963025,22.41329753079363,20.0,24.0
2012_09_DAL_ATL,2012,9,ATL,DAL,6.0,7.920703580393653,32.0,45.86740773425228,26.894055657322966,18.973352076929316,19.0,13.0
2012_09_PHI_NO,2012,9,NO,PHI,15.0,2.41831976667504,41.0,48.52927824136411,25.473799004019575,23.055479237344535,28.0,13.0
2012_10_IND_JAX,2012,10,JAX,IND,-17.0,-3.561133782697385,37.0,44.47170518303638,20.455285700169497,24.01641948286688,10.0,27.0
2012_10_OAK_BAL,2012,10,BAL,OAK,35.0,9.090294291821136,75.0,44.81435035320658,26.952322322513858,17.86202803069272,55.0,20.0
2012_10_DEN_CAR,2012,10,CAR,DEN,-22.0,-1.5043688447583177,50.0,47.494863019036195,22.99524708713894,24.499615931897257,14.0,36.0
2012_10_NYG_CIN,2012,10,CIN,NYG,18.0,-4.335760527814781,44.0,41.143573090204335,18.40390628119478,22.739666809009556,31.0,13.0
2012_10_TEN_MIA,2012,10,MIA,TEN,-34.0,9.803646833607225,40.0,38.65121749117755,24.227432162392386,14.423785328785161,3.0,37.0
2012_10_DET_MIN,2012,10,MIN,DET,10.0,-1.4268222723654642,58.0,46.49565849521857,22.534418111426554,23.961240383792017,34.0,24.0
2012_10_BUF_NE,2012,10,NE,BUF,6.0,11.927153075253516,68.0,47.14883443623094,29.537993755742228,17.610840680488714,37.0,31.0
2012_10_ATL_NO,2012,10,NO,ATL,4.0,-0.1685973218277985,58.0,49.44754814327171,24.639475410721957,24.808072732549753,31.0,27.0
2012_10_SD_TB,2012,10,TB,SD,10.0,0.1636938278058155,58.0,43.49237112262705,21.828032475216432,21.664338647410617,34.0,24.0
2012_10_NYJ_SEA,2012,10,SEA,NYJ,21.0,2.5533843092128765,35.0,40.8888531602526,21.721118734732737,19.167734425519864,28.0,7.0
2012_10_DAL_PHI,2012,10,PHI,DAL,-15.0,2.358276177975407,61.0,44.400891487906186,23.379583832940796,21.02130765496539,23.0,38.0
2012_10_STL_SF,2012,10,SF,STL,0.0,11.399039687744084,48.0,41.558027600152585,26.478533643948335,15.07949395620425,24.0,24.0
2012_10_HOU_CHI,2012,10,CHI,HOU,-7.0,4.351105686930608,19.0,42.87173642800514,23.611421057467876,19.260315370537267,6.0,13.0
2012_10_KC_PIT,2012,10,PIT,KC,3.0,12.70132783420848,29.0,41.260244129998334,26.980785982103406,14.279458147894928,16.0,13.0
2012_11_MIA_BUF,2012,11,BUF,MIA,5.0,3.843408235650317,33.0,42.58319697533333,23.213302605491823,19.369894369841507,19.0,14.0
2012_11_ARI_ATL,2012,11,ATL,ARI,4.0,11.776989063554849,42.0,45.461820062038335,28.619404562796593,16.842415499241742,23.0,19.0
2012_11_TB_CAR,2012,11,CAR,TB,-6.0,-1.2614745604890336,48.0,47.08200131029635,22.910263374903657,24.17173793539269,21.0,27.0
2012_11_CLE_DAL,2012,11,DAL,CLE,3.0,8.784252727321237,43.0,41.81309929990372,25.29867601361248,16.51442328629124,23.0,20.0
2012_11_GB_DET,2012,11,DET,GB,-4.0,-1.3144501018193544,44.0,46.9293670046308,22.807458451405722,24.121908553225076,20.0,24.0
2012_11_JAX_HOU,2012,11,HOU,JAX,6.0,11.04606156336727,80.0,41.26811674991626,26.157089156641764,15.111027593274496,43.0,37.0
2012_11_CIN_KC,2012,11,KC,CIN,-22.0,-2.396316503080622,34.0,41.51478310344783,19.559233300183607,21.955549803264226,6.0,28.0
2012_11_NYJ_STL,2012,11,STL,NYJ,-14.0,-2.0885082380532265,40.0,44.82093826688481,21.36621501441579,23.45472325246902,13.0,27.0
2012_11_PHI_WAS,2012,11,WAS,PHI,25.0,0.0252871817501769,37.0,45.937788860416056,22.981538021083118,22.956250839332938,31.0,6.0
2012_11_NO_OAK,2012,11,OAK,NO,-21.0,-3.599813263185764,55.0,47.71247908774079,22.05633291227751,25.656146175463277,17.0,38.0
2012_11_SD_DEN,2012,11,DEN,SD,7.0,6.995326322159487,53.0,45.35725662569739,26.176291473928437,19.18096515176895,30.0,23.0
2012_11_IND_NE,2012,11,NE,IND,35.0,9.657890390917592,83.0,49.49207333139768,29.574981861157635,19.91709147024004,59.0,24.0
2012_11_BAL_PIT,2012,11,PIT,BAL,-3.0,2.896183499853964,23.0,47.815526325737444,25.355854912795703,22.45967141294174,10.0,13.0
2012_11_CHI_SF,2012,11,SF,CHI,25.0,4.238822266384828,39.0,39.714670621951235,21.976746444168032,17.737924177783203,32.0,7.0
2012_12_HOU_DET,2012,12,DET,HOU,-3.0,-0.0411041809464939,65.0,45.23926888560364,22.599082352328576,22.640186533275067,31.0,34.0
2012_12_WAS_DAL,2012,12,DAL,WAS,-7.0,3.492593727452357,69.0,43.4597648353331,23.476179281392728,19.98358555394037,31.0,38.0
2012_12_NE_NYJ,2012,12,NYJ,NE,-30.0,-5.8603557344111366,68.0,49.068859768769656,21.60425201717926,27.464607751590396,19.0,49.0
2012_12_MIN_CHI,2012,12,CHI,MIN,18.0,6.87746747883408,38.0,43.40218239217351,25.139824935503793,18.262357456669715,28.0,10.0
2012_12_OAK_CIN,2012,12,CIN,OAK,24.0,9.432931992529118,44.0,43.86400810360015,26.648470048064635,17.215538055535514,34.0,10.0
2012_12_PIT_CLE,2012,12,CLE,PIT,6.0,-3.8860720074782464,34.0,44.39769375024359,20.25581087138267,24.14188287886092,20.0,14.0
2012_12_BUF_IND,2012,12,IND,BUF,7.0,2.1141471260832576,33.0,46.80864837061891,24.461397748351086,22.347250622267826,20.0,13.0
2012_12_TEN_JAX,2012,12,JAX,TEN,5.0,-5.593301691239546,43.0,45.29917051268005,19.852934410720252,25.446236101959798,24.0,19.0
2012_12_DEN_KC,2012,12,KC,DEN,-8.0,-3.7123634245628105,26.0,45.96085839980702,21.124247487622107,24.836610912184916,9.0,17.0
2012_12_SEA_MIA,2012,12,MIA,SEA,3.0,-4.047708338905729,45.0,42.68118733926861,19.31673950018144,23.36444783908717,24.0,21.0
2012_12_ATL_TB,2012,12,TB,ATL,-1.0,-0.677690557092522,47.0,45.448061958872685,22.38518570089008,23.062876257982605,23.0,24.0
2012_12_BAL_SD,2012,12,SD,BAL,-3.0,-4.167980162535729,29.0,44.205013399223205,20.01851661834374,24.186496780879466,13.0,16.0
2012_12_STL_ARI,2012,12,ARI,STL,-14.0,4.354717200687123,48.0,41.51535792789294,22.935037564290035,18.580320363602908,17.0,31.0
2012_12_SF_NO,2012,12,NO,SF,-10.0,0.4580614896656271,52.0,53.107315041786244,26.782688265725934,26.32462677606031,21.0,31.0
2012_12_GB_NYG,2012,12,NYG,GB,28.0,0.1920423394821627,48.0,40.82005284224503,20.5060475908636,20.314005251381435,38.0,10.0
2012_12_CAR_PHI,2012,12,PHI,CAR,-8.0,3.841679281772137,52.0,44.7371677811287,24.289423531450417,20.44774424967828,22.0,30.0
2012_13_NO_ATL,2012,13,ATL,NO,10.0,6.204211445578533,36.0,50.113930342800955,28.159070894189746,21.95485944861121,23.0,13.0
2012_13_JAX_BUF,2012,13,BUF,JAX,16.0,6.720424964947032,52.0,41.42320615482127,24.07181555988415,17.351390594937122,34.0,18.0
2012_13_SEA_CHI,2012,13,CHI,SEA,-6.0,3.28741087103726,40.0,43.92610305943513,23.606756965236194,20.319346094198934,17.0,23.0
2012_13_IND_DET,2012,13,DET,IND,-2.0,3.1787231203528474,68.0,45.40784817232414,24.293285646338493,21.114562525985644,33.0,35.0
2012_13_MIN_GB,2012,13,GB,MIN,9.0,10.977650556726188,37.0,43.0169097154929,26.997280136109545,16.019629579383356,23.0,14.0
2012_13_CAR_KC,2012,13,KC,CAR,6.0,-0.0933959198949321,48.0,42.22467910690757,21.06564159350632,21.159037513401252,27.0,21.0
2012_13_NE_MIA,2012,13,MIA,NE,-7.0,-7.228846380493524,39.0,44.93277395127303,18.851963785389753,26.080810165883275,16.0,23.0
2012_13_ARI_NYJ,2012,13,NYJ,ARI,1.0,3.7050614506904913,13.0,38.244611884987755,20.974836667839124,17.26977521714863,7.0,6.0
2012_13_SF_STL,2012,13,STL,SF,3.0,-6.147971310418126,29.0,45.11708112356102,19.484554906571447,25.632526216989575,16.0,13.0
2012_13_HOU_TEN,2012,13,TEN,HOU,-14.0,-1.9799700917376355,34.0,40.377545112288104,19.198787510275235,21.17875760201287,10.0,24.0
2012_13_TB_DEN,2012,13,DEN,TB,8.0,4.570577658614607,54.0,50.44725390440665,27.50891578151063,22.93833812289602,31.0,23.0
2012_13_PIT_BAL,2012,13,BAL,PIT,-3.0,7.141714454267997,43.0,42.43036561983039,24.786040037049194,17.644325582781196,20.0,23.0
2012_13_CLE_OAK,2012,13,OAK,CLE,-3.0,3.050481975421426,37.0,39.74529839954884,21.39789018748513,18.347408212063705,17.0,20.0
2012_13_CIN_SD,2012,13,SD,CIN,-7.0,-2.737378321350036,33.0,44.473046223182244,20.867833950916104,23.60521227226614,13.0,20.0
2012_13_PHI_DAL,2012,13,DAL,PHI,5.0,7.046659021111284,71.0,44.777672994951,25.91216600803114,18.865506986919858,38.0,33.0
2012_13_NYG_WAS,2012,13,WAS,NYG,1.0,-1.9097950866473687,33.0,46.920158702023585,22.505181807688107,24.414976894335478,17.0,16.0
2012_14_DEN_OAK,2012,14,OAK,DEN,-13.0,-6.096534778518199,39.0,46.31220935997829,20.107837290730046,26.204372069248244,13.0,26.0
2012_14_STL_BUF,2012,14,BUF,STL,-3.0,4.4806961505149046,27.0,42.519661457595156,23.50017880405503,19.019482653540127,12.0,15.0
2012_14_ATL_CAR,2012,14,CAR,ATL,10.0,-2.274021893398582,50.0,46.732337878730554,22.229157992665986,24.50317988606457,30.0,20.0
2012_14_DAL_CIN,2012,14,CIN,DAL,-1.0,3.863922044813151,39.0,47.06103605054627,25.46247904767971,21.59855700286656,19.0,20.0
2012_14_KC_CLE,2012,14,CLE,KC,23.0,4.231948862533014,37.0,39.39782410372315,21.814886483128085,17.582937620595068,30.0,7.0
2012_14_TEN_IND,2012,14,IND,TEN,4.0,3.5076037306214274,50.0,45.07758730344141,24.29259551703142,20.784991786409993,27.0,23.0
2012_14_NYJ_JAX,2012,14,JAX,NYJ,-7.0,-4.1009574436605,27.0,41.62319756766974,18.761120062004622,22.86207750566512,10.0,17.0
2012_14_CHI_MIN,2012,14,MIN,CHI,7.0,-0.7338322327266346,35.0,43.750264863643544,21.508216315458455,22.24204854818509,21.0,14.0
2012_14_SD_PIT,2012,14,PIT,SD,-10.0,6.931612249345351,58.0,40.08128393782214,23.506448093583746,16.574835844238397,24.0,34.0
2012_14_PHI_TB,2012,14,TB,PHI,-2.0,8.646739487889661,44.0,46.35717415170493,27.501956819797297,18.855217331907635,21.0,23.0
2012_14_BAL_WAS,2012,14,WAS,BAL,3.0,-0.9162374771770804,59.0,44.61473810926872,21.849250316045822,22.7654877932229,31.0,28.0
2012_14_MIA_SF,2012,14,SF,MIA,14.0,10.963573935028885,40.0,39.67734364070759,25.320458787868237,14.356884852839354,27.0,13.0
2012_14_NO_NYG,2012,14,NYG,NO,25.0,3.992333312239784,79.0,46.4493497197806,25.220841516010193,21.228508203770406,52.0,27.0
2012_14_ARI_SEA,2012,14,SEA,ARI,58.0,8.364910430809427,58.0,37.55633285718038,22.960621643994905,14.595711213185476,58.0,0.0
2012_14_DET_GB,2012,14,GB,DET,7.0,11.369410774134035,47.0,45.09786439606848,28.233637585101256,16.864226810967224,27.0,20.0
2012_14_HOU_NE,2012,14,NE,HOU,28.0,5.2578159813039775,56.0,47.04940115997924,26.15360857064161,20.89579258933763,42.0,14.0
2012_15_CIN_PHI,2012,15,PHI,CIN,-21.0,-2.1102780725329837,47.0,46.75467659025515,22.322199258861083,24.432477331394068,13.0,34.0
2012_15_NYG_ATL,2012,15,ATL,NYG,34.0,3.1611244411827832,34.0,49.715160108424584,26.438142274803685,23.2770178336209,34.0,0.0
2012_15_DEN_BAL,2012,15,BAL,DEN,-17.0,2.0561646367148287,51.0,45.18258013849482,23.619372387604823,21.563207750889998,17.0,34.0
2012_15_GB_CHI,2012,15,CHI,GB,-8.0,-1.4405760104327774,34.0,43.102248033334604,20.830836011450913,22.27141202188369,13.0,21.0
2012_15_WAS_CLE,2012,15,CLE,WAS,-17.0,-0.909526129977077,59.0,42.336781715075695,20.71362779254931,21.623153922526384,21.0,38.0
2012_15_IND_HOU,2012,15,HOU,IND,12.0,8.381421221452536,46.0,49.90237123172441,29.14189622658847,20.760475005135937,29.0,17.0
2012_15_JAX_MIA,2012,15,MIA,JAX,21.0,7.483602791165876,27.0,42.03059188354709,24.757097337356484,17.273494546190605,24.0,3.0
2012_15_TB_NO,2012,15,NO,TB,41.0,3.778082556623474,41.0,48.01142160394926,25.894752080286366,22.116669523662893,41.0,0.0
2012_15_MIN_STL,2012,15,STL,MIN,-14.0,1.3092696496268574,58.0,42.034867623813,21.672068636719928,20.362798987093072,22.0,36.0
2012_15_DET_ARI,2012,15,ARI,DET,28.0,-3.3766435602498133,48.0,43.50041943750991,20.06188793863005,23.43853149887986,38.0,10.0
2012_15_SEA_BUF,2012,15,BUF,SEA,-33.0,-1.6270656386890423,67.0,46.69281631806725,22.532875339689106,24.159940978378145,17.0,50.0
2012_15_CAR_SD,2012,15,SD,CAR,-24.0,3.9003537015894394,38.0,45.84794663065834,24.87415016612389,20.973796464534452,7.0,31.0
2012_15_PIT_DAL,2012,15,DAL,PIT,3.0,1.1205756258959148,51.0,49.203483557162755,25.162029591529336,24.04145396563342,27.0,24.0
2012_15_KC_OAK,2012,15,OAK,KC,15.0,1.5985070717907952,15.0,41.63062938411782,21.614568227954308,20.01606115616351,15.0,0.0
2012_15_SF_NE,2012,15,NE,SF,-7.0,5.381721234215862,75.0,46.46110868047324,25.92141495734455,20.53969372312869,34.0,41.0
2012_15_NYJ_TEN,2012,15,TEN,NYJ,4.0,0.5590867094933941,24.0,39.61755756045018,20.088322134971786,19.529235425478394,14.0,10.0
2012_16_ATL_DET,2012,16,DET,ATL,-13.0,-2.389742561421839,49.0,47.16573536218179,22.387996400379976,24.777738961801816,18.0,31.0
2012_16_OAK_CAR,2012,16,CAR,OAK,11.0,8.269630596605921,23.0,45.05420795002348,26.6619192733147,18.39228867670878,17.0,6.0
2012_16_NO_DAL,2012,16,DAL,NO,-3.0,1.4456154417757854,65.0,47.39248572728603,24.419050584530908,22.97343514275512,31.0,34.0
2012_16_TEN_GB,2012,16,GB,TEN,48.0,12.915611491337756,62.0,42.51023714597189,27.712924318654824,14.797312827317068,55.0,7.0
2012_16_MIN_HOU,2012,16,HOU,MIN,-17.0,8.905928282656841,29.0,44.9809053772675,26.943416829962167,18.03748854730533,6.0,23.0
2012_16_NE_JAX,2012,16,JAX,NE,-7.0,-6.762918262509125,39.0,49.01783621750925,21.127458977500062,27.890377240009187,16.0,23.0
2012_16_IND_KC,2012,16,KC,IND,-7.0,-3.351104376470416,33.0,45.02669599745601,20.837795810492796,24.188900186963213,13.0,20.0
2012_16_BUF_MIA,2012,16,MIA,BUF,14.0,3.107435127273335,34.0,43.74425229447336,23.425843710873348,20.318408583600014,24.0,10.0
2012_16_SD_NYJ,2012,16,NYJ,SD,-10.0,3.723522961410861,44.0,39.34483763919745,21.534180300304158,17.810657338893293,17.0,27.0
2012_16_WAS_PHI,2012,16,PHI,WAS,-7.0,-4.069621095126683,47.0,48.937028901129565,22.43370390300144,26.503324998128125,20.0,27.0
2012_16_CIN_PIT,2012,16,PIT,CIN,-3.0,2.364621176992693,23.0,40.69530117502916,21.529961176010925,19.165339999018233,10.0,13.0
2012_16_STL_TB,2012,16,TB,STL,-15.0,4.91775760575552,41.0,44.710165180157986,24.813961392956752,19.896203787201234,13.0,28.0
2012_16_CLE_DEN,2012,16,DEN,CLE,22.0,11.408452333920213,46.0,41.087406149566156,26.247929241743186,14.839476907822972,34.0,12.0
2012_16_CHI_ARI,2012,16,ARI,CHI,-15.0,-2.9189020509075863,41.0,42.582623485024804,19.83186071705861,22.750762767966194,13.0,28.0
2012_16_NYG_BAL,2012,16,BAL,NYG,19.0,2.467535739727057,47.0,45.2841550816487,23.875845410687877,21.408309670960822,33.0,14.0
2012_16_SF_SEA,2012,16,SEA,SF,29.0,2.214992262778136,55.0,44.43289849663527,23.323945379706704,21.108953116928564,42.0,13.0
2012_17_TB_ATL,2012,17,ATL,TB,-5.0,10.548848397926893,39.0,46.46346907592603,28.50615873692646,17.95731033899957,17.0,22.0
2012_17_NYJ_BUF,2012,17,BUF,NYJ,19.0,2.6914793925727563,37.0,38.14439605575919,20.417937724165974,17.726458331593214,28.0,9.0
2012_17_BAL_CIN,2012,17,CIN,BAL,6.0,2.959323851401492,40.0,41.69739804585847,22.32836094862998,19.36903709722849,23.0,17.0
2012_17_CHI_DET,2012,17,DET,CHI,-2.0,-0.700989349956252,50.0,43.98731351276062,21.643162081402185,22.344151431358437,24.0,26.0
2012_17_HOU_IND,2012,17,IND,HOU,12.0,-0.9844000247760492,44.0,42.866996186590576,20.941298080907263,21.925698105683313,28.0,16.0
2012_17_CAR_NO,2012,17,NO,CAR,-6.0,5.01263096974183,82.0,50.70606935451285,27.85935016212734,22.84671919238551,38.0,44.0
2012_17_PHI_NYG,2012,17,NYG,PHI,35.0,8.501967128944168,49.0,43.43960776194516,25.970787445444664,17.468820316500498,42.0,7.0
2012_17_CLE_PIT,2012,17,PIT,CLE,14.0,7.423878264056689,34.0,39.09549625901686,23.259687261536776,15.835808997480086,24.0,10.0
2012_17_JAX_TEN,2012,17,TEN,JAX,18.0,6.350011116858667,58.0,41.106713180301085,23.728362148579876,17.37835103172121,38.0,20.0
2012_17_KC_DEN,2012,17,DEN,KC,35.0,11.002277164027316,41.0,41.931573644636536,26.466925404331924,15.46464824030461,38.0,3.0
2012_17_GB_MIN,2012,17,MIN,GB,3.0,-0.8687850419403882,71.0,46.768919730589765,22.950067344324687,23.81885238626508,37.0,34.0
2012_17_MIA_NE,2012,17,NE,MIA,28.0,11.365487658771686,28.0,41.59278478048106,26.479136219626373,15.113648560854688,28.0,0.0
2012_17_OAK_SD,2012,17,SD,OAK,3.0,7.481219098539964,45.0,42.6274510465411,25.054335072540532,17.573115974000565,24.0,21.0
2012_17_STL_SEA,2012,17,SEA,STL,7.0,10.453448988195545,33.0,41.27160570910389,25.862527348649717,15.40907836045417,20.0,13.0
2012_17_ARI_SF,2012,17,SF,ARI,14.0,8.61794708406783,40.0,40.60823445280387,24.61309076843585,15.99514368436802,27.0,13.0
2012_17_DAL_WAS,2012,17,WAS,DAL,10.0,3.7020653079206447,46.0,50.13553259009541,26.91879894900803,23.21673364108738,28.0,18.0
2013_01_BAL_DEN,2013,1,DEN,BAL,22.0,4.549985410047427,76.0,43.23780665000996,23.893896030028692,19.343910619981266,49.0,27.0
2013_01_NE_BUF,2013,1,BUF,NE,-2.0,-4.211498045658626,44.0,47.22848633570891,21.50849414502514,25.71999219068377,21.0,23.0
2013_01_SEA_CAR,2013,1,CAR,SEA,-5.0,1.079868334762443,19.0,43.68051145533491,22.380189895048677,21.300321560286232,7.0,12.0
2013_01_CIN_CHI,2013,1,CHI,CIN,3.0,1.6510007117180296,45.0,40.796109730928826,21.223555221323426,19.5725545096054,24.0,21.0
2013_01_MIA_CLE,2013,1,CLE,MIA,-13.0,-0.7505327091355186,33.0,40.46723495188473,19.858351121374604,20.608883830510123,10.0,23.0
2013_01_MIN_DET,2013,1,DET,MIN,10.0,0.5775060214617297,58.0,43.776761067599836,22.177133544530783,21.599627523069053,34.0,24.0
2013_01_OAK_IND,2013,1,IND,OAK,4.0,7.774880668919716,38.0,44.904431003998965,26.33965583645934,18.564775167539626,21.0,17.0
2013_01_KC_JAX,2013,1,JAX,KC,-26.0,1.9831829129918608,30.0,40.49340468946309,21.238293801227474,19.255110888235617,2.0,28.0
2013_01_ATL_NO,2013,1,NO,ATL,6.0,3.200446600984354,40.0,47.5338978391531,25.367172220068728,22.16672561908437,23.0,17.0
2013_01_TB_NYJ,2013,1,NYJ,TB,1.0,2.001590110331669,35.0,40.63776294704721,21.31967652868944,19.31808641835777,18.0,17.0
2013_01_TEN_PIT,2013,1,PIT,TEN,-7.0,4.1137841936971,25.0,40.66905858071739,22.391421387207245,18.277637193510145,9.0,16.0
2013_01_GB_SF,2013,1,SF,GB,6.0,4.037815952552732,62.0,44.264831131336784,24.15132354194476,20.113507589392025,34.0,28.0
2013_01_ARI_STL,2013,1,STL,ARI,3.0,3.5724702564706785,51.0,40.81949990950659,22.195985082988635,18.623514826517955,27.0,24.0
2013_01_NYG_DAL,2013,1,DAL,NYG,5.0,2.309958459368785,67.0,47.59228200698586,24.951120233177324,22.641161773808538,36.0,31.0
2013_01_PHI_WAS,2013,1,WAS,PHI,-6.0,8.574814617387148,60.0,43.990789307902816,26.28280196264498,17.707987345257834,27.0,33.0
2013_01_HOU_SD,2013,1,SD,HOU,-3.0,-2.3216217484800645,59.0,42.66950640262766,20.1739423270738,22.49556407555386,28.0,31.0
2013_02_NYJ_NE,2013,2,NE,NYJ,3.0,8.21863049969988,23.0,40.534178423269,24.37640446148444,16.157773961784557,13.0,10.0
2013_02_STL_ATL,2013,2,ATL,STL,7.0,7.585604960967514,55.0,44.68443669680723,26.135020828887374,18.54941586791986,31.0,24.0
2013_02_CLE_BAL,2013,2,BAL,CLE,8.0,7.000701091107328,20.0,43.10988219127506,25.055291641191197,18.054590550083866,14.0,6.0
2013_02_CAR_BUF,2013,2,BUF,CAR,1.0,0.0703301890187274,47.0,42.839778953955886,21.455054571487306,21.38472438246858,24.0,23.0
2013_02_MIN_CHI,2013,2,CHI,MIN,1.0,4.439893178282705,61.0,45.26826571461846,24.85407944645058,20.414186268167878,31.0,30.0
2013_02_WAS_GB,2013,2,GB,WAS,18.0,4.035780962607182,58.0,48.793796493824125,26.414788728215655,22.37900776560847,38.0,20.0
2013_02_TEN_HOU,2013,2,HOU,TEN,6.0,6.900314365547774,54.0,41.612911527975704,24.256612946761738,17.356298581213967,30.0,24.0
2013_02_MIA_IND,2013,2,IND,MIA,-4.0,4.361053655975347,44.0,44.4334245025541,24.397239079264722,20.036185423289375,20.0,24.0
2013_02_DAL_KC,2013,2,KC,DAL,1.0,0.0139530838081841,33.0,43.223727401987695,21.61884024289794,21.604887159089756,17.0,16.0
2013_02_SD_PHI,2013,2,PHI,SD,-3.0,1.9674316700959744,63.0,48.21491391517821,25.091172792637092,23.123741122541116,30.0,33.0
2013_02_DET_ARI,2013,2,ARI,DET,4.0,1.5741036648225073,46.0,47.71079540702839,24.64244953592545,23.06834587110294,25.0,21.0
2013_02_NO_TB,2013,2,TB,NO,-2.0,-0.822869704164155,30.0,40.38146479998178,19.77929754790881,20.602167252072967,14.0,16.0
2013_02_DEN_NYG,2013,2,NYG,DEN,-18.0,-2.39256916463236,64.0,53.605659248455574,25.606545041911605,27.999114206543968,23.0,41.0
2013_02_JAX_OAK,2013,2,OAK,JAX,10.0,4.934465332546802,28.0,41.60366810330136,23.26906671792408,18.33460138537728,19.0,9.0
2013_02_SF_SEA,2013,2,SEA,SF,26.0,2.443572879482664,32.0,50.51855202306661,26.48106245127464,24.037489571791973,29.0,3.0
2013_02_PIT_CIN,2013,2,CIN,PIT,10.0,3.4737220319348188,30.0,42.91617626407561,23.194949148005215,19.721227116070395,20.0,10.0
2013_03_KC_PHI,2013,3,PHI,KC,-10.0,5.581117345177434,42.0,43.70831499507632,24.644716170126877,19.063598824949445,16.0,26.0
2013_03_HOU_BAL,2013,3,BAL,HOU,21.0,1.884797262663982,39.0,44.333884708674006,23.109340985668993,21.224543723005013,30.0,9.0
2013_03_NYG_CAR,2013,3,CAR,NYG,38.0,1.9252161525583085,38.0,41.592574118635696,21.758895135597,19.833678983038695,38.0,0.0
2013_03_GB_CIN,2013,3,CIN,GB,4.0,-1.0201118917424672,64.0,51.61643870423071,25.29816340624412,26.318275297986588,34.0,30.0
2013_03_STL_DAL,2013,3,DAL,STL,24.0,3.193473190566392,38.0,44.6278344604402,23.910653825503296,20.717180634936902,31.0,7.0
2013_03_CLE_MIN,2013,3,MIN,CLE,-4.0,5.794871810642106,58.0,42.81183908602149,24.3033554483318,18.508483637689693,27.0,31.0
2013_03_TB_NE,2013,3,NE,TB,20.0,9.848568765422284,26.0,39.5818934581883,24.71523111180529,14.866662346383006,23.0,3.0
2013_03_ARI_NO,2013,3,NO,ARI,24.0,7.318783174621548,38.0,42.20902816272917,24.76390566867536,17.44512249405381,31.0,7.0
2013_03_SD_TEN,2013,3,TEN,SD,3.0,1.9516633307493496,37.0,43.789389286424125,22.870526308586737,20.91886297783739,20.0,17.0
2013_03_DET_WAS,2013,3,WAS,DET,-7.0,3.626138628886506,47.0,46.91096359872212,25.268551113804314,21.642412484917806,20.0,27.0
2013_03_ATL_MIA,2013,3,MIA,ATL,4.0,0.0964055883672124,50.0,43.12667829927367,21.61154194382044,21.51513635545323,27.0,23.0
2013_03_BUF_NYJ,2013,3,NYJ,BUF,7.0,3.842636972753239,47.0,36.997072648852786,20.419854810803013,16.577217838049773,27.0,20.0
2013_03_JAX_SEA,2013,3,SEA,JAX,28.0,11.829012148035792,62.0,38.2866196187303,25.057815883383046,13.228803735347253,45.0,17.0
2013_03_IND_SF,2013,3,SF,IND,-20.0,2.1964835653293147,34.0,47.67725301856371,24.936868291946514,22.740384726617197,7.0,27.0
2013_03_CHI_PIT,2013,3,PIT,CHI,-17.0,-3.303478517473887,63.0,43.16432721331338,19.930424347919747,23.23390286539363,23.0,40.0
2013_03_OAK_DEN,2013,3,DEN,OAK,16.0,10.223309431383951,58.0,43.19730945364525,26.710309442514603,16.48700001113065,37.0,21.0
2013_04_SF_STL,2013,4,STL,SF,-24.0,-2.200579122409432,46.0,43.604339253762326,20.70188006567645,22.902459188085878,11.0,35.0
2013_04_BAL_BUF,2013,4,BUF,BAL,3.0,-3.915602899284808,43.0,41.85583675100749,18.97011692586134,22.885719825146147,23.0,20.0
2013_04_CIN_CLE,2013,4,CLE,CIN,11.0,-5.445334357871582,23.0,41.29747155003359,17.926068596081006,23.371402953952586,17.0,6.0
2013_04_CHI_DET,2013,4,DET,CHI,8.0,-0.031626639671345,72.0,47.411680079590425,23.69002671995954,23.721653359630885,40.0,32.0
2013_04_SEA_HOU,2013,4,HOU,SEA,-3.0,0.1826984387951815,43.0,44.83335776284362,22.5080281008194,22.32532966202422,20.0,23.0
2013_04_IND_JAX,2013,4,JAX,IND,-34.0,-5.139331201468438,40.0,45.068163714109296,19.96441625632043,25.103747457788867,3.0,37.0
2013_04_NYG_KC,2013,4,KC,NYG,24.0,2.1281979842735645,38.0,40.3278799160503,21.22803895016193,19.09984096588837,31.0,7.0
2013_04_PIT_MIN,2013,4,MIN,PIT,7.0,3.891206136964105,61.0,42.682629902098846,23.286918019531477,19.39571188256737,34.0,27.0
2013_04_ARI_TB,2013,4,TB,ARI,-3.0,2.656918625687735,23.0,39.690567725000356,21.173743175344047,18.51682454965631,10.0,13.0
2013_04_NYJ_TEN,2013,4,TEN,NYJ,25.0,2.3030263747006865,51.0,39.2181933691455,20.760609871923094,18.45758349722241,38.0,13.0
2013_04_PHI_DEN,2013,4,DEN,PHI,32.0,6.896476027693775,72.0,48.085707819372594,27.491091923533183,20.59461589583941,52.0,20.0
2013_04_WAS_OAK,2013,4,OAK,WAS,-10.0,-1.8250945976730704,38.0,47.07808481460636,22.626495108466646,24.451589706139718,14.0,24.0
2013_04_DAL_SD,2013,4,SD,DAL,9.0,2.406788579733135,51.0,46.34491861900009,24.375853599366614,21.969065019633476,30.0,21.0
2013_04_NE_ATL,2013,4,ATL,NE,-7.0,1.6429709663028902,53.0,44.222138841139504,22.932554903721197,21.289583937418307,23.0,30.0
2013_04_MIA_NO,2013,4,NO,MIA,21.0,3.2938233418156297,55.0,44.86222990566265,24.07802662373914,20.78420328192351,38.0,17.0
2013_05_BUF_CLE,2013,5,CLE,BUF,13.0,4.242254729496239,61.0,39.430060872456416,21.836157800976327,17.59390307148009,37.0,24.0
2013_05_NO_CHI,2013,5,CHI,NO,-8.0,2.2969259222609497,44.0,45.529604851428225,23.913265386844586,21.61633946458364,18.0,26.0
2013_05_NE_CIN,2013,5,CIN,NE,7.0,-1.930414245890156,19.0,40.752577817217905,19.411081785663875,21.34149603155403,13.0,6.0
2013_05_DET_GB,2013,5,GB,DET,13.0,2.1436556871247547,31.0,48.32087429235198,25.23226498973837,23.088609302613612,22.0,9.0
2013_05_SEA_IND,2013,5,IND,SEA,6.0,4.043643751207744,62.0,43.564844887377745,23.804244319292746,19.760600568085,34.0,28.0
2013_05_BAL_MIA,2013,5,MIA,BAL,-3.0,1.6871667214157509,49.0,43.22382065816362,22.455493689789684,20.768326968373934,23.0,26.0
2013_05_PHI_NYG,2013,5,NYG,PHI,-15.0,1.2120745466538785,57.0,47.13868520004586,24.175379873349872,22.96330532669599,21.0,36.0
2013_05_JAX_STL,2013,5,STL,JAX,14.0,6.972447919864441,54.0,44.064189357521634,25.51831863869304,18.545870718828596,34.0,20.0
2013_05_KC_TEN,2013,5,TEN,KC,-9.0,4.703341728415454,43.0,40.058419416083275,22.380880572249364,17.67753884383391,17.0,26.0
2013_05_CAR_ARI,2013,5,ARI,CAR,16.0,-3.823718806279431,28.0,42.89952758541341,19.53790438956699,23.36162319584642,22.0,6.0
2013_05_DEN_DAL,2013,5,DAL,DEN,-3.0,-6.03737797139385,99.0,49.508010346996926,21.735316187801537,27.77269415919539,48.0,51.0
2013_05_HOU_SF,2013,5,SF,HOU,31.0,1.6880991646468153,37.0,40.829352495210586,21.2587258299287,19.570626665281885,34.0,3.0
2013_05_SD_OAK,2013,5,OAK,SD,10.0,-3.26905859536796,44.0,45.9030648094648,21.31700310704842,24.58606170241638,27.0,17.0
2013_05_NYJ_ATL,2013,5,ATL,NYJ,-2.0,8.223169479825598,58.0,43.84890103433739,26.036035257081494,17.812865777255894,28.0,30.0
2013_06_NYG_CHI,2013,6,CHI,NYG,6.0,6.800074778294386,48.0,43.66966753559364,25.234871156944013,18.434796378649626,27.0,21.0
2013_06_GB_BAL,2013,6,BAL,GB,-2.0,1.5295783320477412,36.0,48.83947285629696,25.18452559417235,23.654947262124608,17.0,19.0
2013_06_CIN_BUF,2013,6,BUF,CIN,-3.0,-2.779973105519109,51.0,40.83984175297634,19.029934323728614,21.809907429247726,24.0,27.0
2013_06_DET_CLE,2013,6,CLE,DET,-14.0,2.7931546671239724,48.0,40.834451240970495,21.813802954047233,19.02064828692326,17.0,31.0
2013_06_STL_HOU,2013,6,HOU,STL,-25.0,6.933596611960688,51.0,41.88983129876304,24.411713955361865,17.478117343401177,13.0,38.0
2013_06_OAK_KC,2013,6,KC,OAK,17.0,6.338108922392781,31.0,41.386518900737464,23.862313911565124,17.52420498917234,24.0,7.0
2013_06_CAR_MIN,2013,6,MIN,CAR,-25.0,3.844867873543453,45.0,46.72219525034991,25.28353156194668,21.43866368840323,10.0,35.0
2013_06_PIT_NYJ,2013,6,NYJ,PIT,-13.0,3.9961042271490905,25.0,40.89807765643634,22.447090941792716,18.450986714643626,6.0,19.0
2013_06_PHI_TB,2013,6,TB,PHI,-11.0,2.856578209779501,51.0,43.96373637646799,23.410157293123746,20.553579083344246,20.0,31.0
2013_06_JAX_DEN,2013,6,DEN,JAX,16.0,10.295213774159658,54.0,43.6424353939061,26.968824584032877,16.67361080987322,35.0,19.0
2013_06_TEN_SEA,2013,6,SEA,TEN,7.0,9.470210208791702,33.0,42.05081983743291,25.760515023112305,16.290304814320606,20.0,13.0
2013_06_NO_NE,2013,6,NE,NO,3.0,2.963922201573747,57.0,44.73104964816019,23.847485924866966,20.88356372329322,30.0,27.0
2013_06_ARI_SF,2013,6,SF,ARI,12.0,6.981461297102027,52.0,40.30386499464667,23.64266314587435,16.661201848772322,32.0,20.0
2013_06_WAS_DAL,2013,6,DAL,WAS,15.0,3.928783600417923,47.0,48.724165375132415,26.32647448777517,22.397690887357246,31.0,16.0
2013_06_IND_SD,2013,6,SD,IND,10.0,-3.517216318006445,28.0,47.69499684665298,22.088890264323265,25.606106582329712,19.0,9.0
2013_07_SEA_ARI,2013,7,ARI,SEA,-12.0,-4.798267885672233,56.0,41.779356301516856,18.490544207922312,23.288812093594544,22.0,34.0
2013_07_TB_ATL,2013,7,ATL,TB,8.0,9.341154987004137,54.0,44.338829112003346,26.839992049503742,17.498837062499604,31.0,23.0
2013_07_STL_CAR,2013,7,CAR,STL,15.0,4.769368971677829,45.0,42.35907889110586,23.564223931391844,18.794854959714016,30.0,15.0
2013_07_CIN_DET,2013,7,DET,CIN,-3.0,1.489541325823101,51.0,45.23328722946872,23.361414277645913,21.87187295182281,24.0,27.0
2013_07_SD_JAX,2013,7,JAX,SD,-18.0,-2.585502997145795,30.0,43.16107062715245,20.287783815003326,22.87328681214912,6.0,24.0
2013_07_BUF_MIA,2013,7,MIA,BUF,-2.0,4.580543481634988,44.0,42.718512465382936,23.649527973508963,19.068984491873973,21.0,23.0
2013_07_NE_NYJ,2013,7,NYJ,NE,3.0,-3.3291268703808368,57.0,42.010632548077375,19.340752838848267,22.669879709229107,30.0,27.0
2013_07_DAL_PHI,2013,7,PHI,DAL,-14.0,0.8651862669090818,20.0,50.154738541048516,25.5099624039788,24.644776137069716,3.0,17.0
2013_07_CHI_WAS,2013,7,WAS,CHI,4.0,-1.716338624922566,86.0,43.56997953215399,20.92682045361571,22.643159078538275,45.0,41.0
2013_07_SF_TEN,2013,7,TEN,SF,-14.0,-2.030462502826534,48.0,42.350679369119135,20.1601084331463,22.190570935972836,17.0,31.0
2013_07_CLE_GB,2013,7,GB,CLE,18.0,6.984255306172082,44.0,43.60297284571459,25.293614075943335,18.309358769771254,31.0,13.0
2013_07_HOU_KC,2013,7,KC,HOU,1.0,3.826526650983874,33.0,39.49842411984063,21.66247538541225,17.835948734428378,17.0,16.0
2013_07_BAL_PIT,2013,7,PIT,BAL,3.0,-0.8083462267032083,35.0,41.74001094559709,20.465832359446942,21.27417858615015,19.0,16.0
2013_07_DEN_IND,2013,7,IND,DEN,6.0,-3.3889218360501907,72.0,52.04035514843824,24.325716656194025,27.714638492244212,39.0,33.0
2013_07_MIN_NYG,2013,7,NYG,MIN,16.0,-0.889635139926226,30.0,44.16076948424369,21.63556717215873,22.525202312084957,23.0,7.0
2013_08_CAR_TB,2013,8,TB,CAR,-18.0,-4.397041196453338,44.0,41.49539357762562,18.54917619058614,22.94621738703948,13.0,31.0
2013_08_DAL_DET,2013,8,DET,DAL,1.0,2.697738140884676,61.0,49.2848837815568,25.991310961220737,23.293572820336063,31.0,30.0
2013_08_SF_JAX,2013,8,JAX,SF,-32.0,-5.29013465164656,52.0,41.383620897949264,18.04674312315135,23.336877774797912,10.0,42.0
2013_08_CLE_KC,2013,8,KC,CLE,6.0,5.612539022359631,40.0,41.50448597709652,23.558512499728078,17.945973477368444,23.0,17.0
2013_08_MIA_NE,2013,8,NE,MIA,10.0,9.001129945373119,44.0,42.97576614986708,25.988448047620096,16.98731810224698,27.0,17.0
2013_08_BUF_NO,2013,8,NO,BUF,18.0,8.699599317369213,52.0,43.480907196385935,26.090253256877574,17.39065393950836,35.0,17.0
2013_08_NYG_PHI,2013,8,PHI,NYG,-8.0,3.753380402675779,22.0,42.46612318012293,23.109751791399354,19.356371388723574,7.0,15.0
2013_08_NYJ_CIN,2013,8,CIN,NYJ,40.0,7.748254021575475,58.0,41.53126429257809,24.639759157076785,16.89150513550131,49.0,9.0
2013_08_PIT_OAK,2013,8,OAK,PIT,3.0,-2.2732899882922286,39.0,40.94159123010613,19.33415062090695,21.607440609199177,21.0,18.0
2013_08_ATL_ARI,2013,8,ARI,ATL,14.0,-1.451885934137123,40.0,47.392293105537355,22.970203585700116,24.42208951983724,27.0,13.0
2013_08_WAS_DEN,2013,8,DEN,WAS,24.0,5.541932636921781,66.0,47.99948854670631,26.770710591814044,21.228777954892266,45.0,21.0
2013_08_GB_MIN,2013,8,MIN,GB,-13.0,-3.044275421799906,75.0,46.02259011229895,21.489157345249524,24.533432767049426,31.0,44.0
2013_08_SEA_STL,2013,8,STL,SEA,-5.0,-7.45674701172257,23.0,43.023049557767045,17.783151273022238,25.239898284744807,9.0,14.0
2013_09_CIN_MIA,2013,9,MIA,CIN,2.0,-4.430771242802164,42.0,43.56124979339695,19.56523927529739,23.996010518099556,22.0,20.0
2013_09_KC_BUF,2013,9,BUF,KC,-10.0,-0.5066651517324644,36.0,40.58801529610987,20.040675072188705,20.547340223921168,13.0,23.0
2013_09_ATL_CAR,2013,9,CAR,ATL,24.0,4.907000018897509,44.0,43.410356170430646,24.158678094664076,19.25167807576657,34.0,10.0
2013_09_MIN_DAL,2013,9,DAL,MIN,4.0,8.095163883293994,50.0,46.31209380135279,27.20362884232339,19.108464959029398,27.0,23.0
2013_09_NO_NYJ,2013,9,NYJ,NO,6.0,-3.784357058115847,46.0,44.843917154891514,20.529780048387835,24.31413710650368,26.0,20.0
2013_09_TEN_STL,2013,9,STL,TEN,-7.0,2.520348004208647,49.0,42.86779242586397,22.69407021503631,20.17372221082766,21.0,28.0
2013_09_SD_WAS,2013,9,WAS,SD,6.0,1.788868784821177,54.0,43.81447978818643,22.801674286503804,21.012805501682628,30.0,24.0
2013_09_PHI_OAK,2013,9,OAK,PHI,-29.0,3.831511763390526,69.0,42.46397476541957,23.147743264405047,19.316231501014524,20.0,49.0
2013_09_TB_SEA,2013,9,SEA,TB,3.0,9.814230219903582,51.0,41.10172951071083,25.45797986530721,15.643749645403625,27.0,24.0
2013_09_BAL_CLE,2013,9,CLE,BAL,6.0,-5.201527756820191,42.0,41.81966181963131,18.309067031405558,23.51059478822575,24.0,18.0
2013_09_PIT_NE,2013,9,NE,PIT,24.0,7.481384200458959,86.0,42.01675548226861,24.749069841363784,17.267685640904823,55.0,31.0
2013_09_IND_HOU,2013,9,HOU,IND,-3.0,-3.2913746593082496,51.0,44.18772756945809,20.448176455074922,23.73955111438317,24.0,27.0
2013_09_CHI_GB,2013,9,GB,CHI,-7.0,5.634451727894995,47.0,46.667202432493504,26.15082708019425,20.516375352299253,20.0,27.0
2013_10_WAS_MIN,2013,10,MIN,WAS,7.0,-0.4826751817586465,61.0,47.87680825988075,23.69706653906105,24.179741720819695,34.0,27.0
2013_10_SEA_ATL,2013,10,ATL,SEA,-23.0,-0.95278104348158,43.0,45.519413563414716,22.28331625996657,23.236097303448147,10.0,33.0
2013_10_CIN_BAL,2013,10,BAL,CIN,3.0,-2.777974602663517,37.0,41.82209959570114,19.52206249651881,22.30003709918233,20.0,17.0
2013_10_DET_CHI,2013,10,CHI,DET,-2.0,3.791367793535532,40.0,46.692268993789106,25.24181839366232,21.450450600126786,19.0,21.0
2013_10_PHI_GB,2013,10,GB,PHI,-14.0,5.944336469736695,40.0,46.47292338661857,26.208629928177633,20.264293458440935,13.0,27.0
2013_10_STL_IND,2013,10,IND,STL,-30.0,9.621703067422136,46.0,43.30225779562577,26.461980431523955,16.840277364101816,8.0,38.0
2013_10_OAK_NYG,2013,10,NYG,OAK,4.0,5.295436860440685,44.0,40.31557674499847,22.805506802719577,17.51006994227889,24.0,20.0
2013_10_BUF_PIT,2013,10,PIT,BUF,13.0,3.56650677074954,33.0,40.06131846257335,21.813912616661444,18.247405845911903,23.0,10.0
2013_10_JAX_TEN,2013,10,TEN,JAX,-2.0,7.836398515735967,56.0,43.03068423369013,25.433541374713048,17.597142858977083,27.0,29.0
2013_10_CAR_SF,2013,10,SF,CAR,-1.0,4.8112279375554,19.0,46.52891714972833,25.670072543641865,20.858844606086464,9.0,10.0
2013_10_HOU_ARI,2013,10,ARI,HOU,3.0,1.5000806754353968,51.0,42.20631999299431,21.853200334214854,20.353119658779455,27.0,24.0
2013_10_DEN_SD,2013,10,SD,DEN,-8.0,-9.3881802819406,48.0,48.643662823120444,19.627741270589922,29.01592155253052,20.0,28.0
2013_10_DAL_NO,2013,10,NO,DAL,32.0,4.8058590063097535,66.0,44.090559897390726,24.44820945185024,19.642350445540487,49.0,17.0
2013_10_MIA_TB,2013,10,TB,MIA,3.0,-4.437398863485282,41.0,42.96061229286021,19.261606714687463,23.69900557817275,22.0,19.0
2013_11_IND_TEN,2013,11,TEN,IND,-3.0,-0.3561763737547587,57.0,42.54962054897915,21.096722087612196,21.452898461366953,27.0,30.0
2013_11_NYJ_BUF,2013,11,BUF,NYJ,23.0,-1.4000800913156537,51.0,40.42462476280978,19.512272335747063,20.912352427062714,37.0,14.0
2013_11_BAL_CHI,2013,11,CHI,BAL,3.0,4.710648093178457,43.0,42.89048388422641,23.800565988702434,19.08991789552398,23.0,20.0
2013_11_CLE_CIN,2013,11,CIN,CLE,21.0,8.288119645766947,61.0,42.72121334628363,25.50466649602529,17.216546850258343,41.0,20.0
2013_11_OAK_HOU,2013,11,HOU,OAK,-5.0,4.797148212591879,51.0,42.65842739849187,23.727787805541873,18.930639592949994,23.0,28.0
2013_11_ARI_JAX,2013,11,JAX,ARI,-13.0,-4.47729174403133,41.0,40.00607702662626,17.764392641297462,22.241684385328796,14.0,27.0
2013_11_WAS_PHI,2013,11,PHI,WAS,8.0,3.742890933535146,40.0,47.69043568740088,25.71666331046801,21.973772376932867,24.0,16.0
2013_11_DET_PIT,2013,11,PIT,DET,10.0,1.4162667169126215,64.0,45.366933561074276,23.39160013899345,21.975333422080826,37.0,27.0
2013_11_ATL_TB,2013,11,TB,ATL,13.0,-1.6148866841776366,69.0,42.492170720012304,20.438642017917335,22.05352870209497,41.0,28.0
2013_11_SD_MIA,2013,11,MIA,SD,4.0,2.308806142462561,36.0,42.60209763476574,22.45545188861415,20.14664574615159,20.0,16.0
2013_11_SF_NO,2013,11,NO,SF,3.0,4.7320245063101325,43.0,45.61466668145489,25.173345593882512,20.44132108757238,23.0,20.0
2013_11_GB_NYG,2013,11,NYG,GB,14.0,-1.0082015180511497,40.0,46.775904433123394,22.88385145753612,23.892052975587273,27.0,13.0
2013_11_MIN_SEA,2013,11,SEA,MIN,21.0,10.275885544230585,61.0,42.934996701625955,26.60544112292827,16.329555578697686,41.0,20.0
2013_11_KC_DEN,2013,11,DEN,KC,10.0,7.528532608002385,44.0,42.226254439526414,24.8773935237644,17.348860915762014,27.0,17.0
2013_11_NE_CAR,2013,11,CAR,NE,4.0,-0.5946310174028289,44.0,41.61981260754934,20.512590795073258,21.107221812476084,24.0,20.0
2013_12_NO_ATL,2013,12,ATL,NO,-4.0,-2.8941685973837625,30.0,49.82554708295276,23.4656892427845,26.35985784016826,13.0,17.0
2013_12_NYJ_BAL,2013,12,BAL,NYJ,16.0,7.929471888036271,22.0,36.78556802751803,22.35751995777715,14.42804806974088,19.0,3.0
2013_12_PIT_CLE,2013,12,CLE,PIT,-16.0,-1.809927600127874,38.0,38.206116185835455,18.198094292853792,20.008021892981663,11.0,27.0
2013_12_TB_DET,2013,12,DET,TB,-3.0,6.400023950654932,45.0,44.41238917920121,25.406206564928073,19.00618261427314,21.0,24.0
2013_12_MIN_GB,2013,12,GB,MIN,0.0,8.181273872027816,52.0,47.077319487775064,27.62929667990144,19.448022807873624,26.0,26.0
2013_12_JAX_HOU,2013,12,HOU,JAX,-7.0,6.639382661992405,19.0,42.405595217820064,24.522488939906236,17.88310627791383,6.0,13.0
2013_12_SD_KC,2013,12,KC,SD,-3.0,4.311421474518022,79.0,43.52310802953336,23.91726475202569,19.60584327750767,38.0,41.0
2013_12_CAR_MIA,2013,12,MIA,CAR,-4.0,-3.8885386140572185,36.0,41.91164236326058,19.011551874601682,22.9000904886589,16.0,20.0
2013_12_CHI_STL,2013,12,STL,CHI,21.0,-1.7050396643698131,63.0,46.624752418276614,22.4598563769534,24.164896041323214,42.0,21.0
2013_12_IND_ARI,2013,12,ARI,IND,29.0,-2.0960897149019284,51.0,43.94185151590245,20.92288090050026,23.01897061540219,40.0,11.0
2013_12_TEN_OAK,2013,12,OAK,TEN,-4.0,-3.4073905091493675,42.0,45.0388346705022,20.815722080676416,24.22311258982578,19.0,23.0
2013_12_DAL_NYG,2013,12,NYG,DAL,-3.0,1.8804295755441829,45.0,41.60918363511018,21.74480660532718,19.864377029782997,21.0,24.0
2013_12_DEN_NE,2013,12,NE,DEN,3.0,0.8770945664075692,65.0,44.83715371238344,22.857124139395506,21.980029572987934,34.0,31.0
2013_12_SF_WAS,2013,12,WAS,SF,-21.0,-0.713175163135714,33.0,46.010953643893686,22.648889240378985,23.3620644035147,6.0,27.0
2013_13_GB_DET,2013,13,DET,GB,30.0,1.1265299531662736,50.0,47.21173546515327,24.169132709159772,23.042602755993496,40.0,10.0
2013_13_OAK_DAL,2013,13,DAL,OAK,7.0,8.717644835613198,55.0,45.95687422472208,27.33725953016764,18.61961469455444,31.0,24.0
2013_13_PIT_BAL,2013,13,BAL,PIT,2.0,2.46961045219408,42.0,40.940113150542906,21.704861801368494,19.235251349174412,22.0,20.0
2013_13_TB_CAR,2013,13,CAR,TB,21.0,9.734805813419252,33.0,42.77239377150712,26.253599792463184,16.518793979043934,27.0,6.0
2013_13_JAX_CLE,2013,13,CLE,JAX,-4.0,6.065243208015632,60.0,39.3989906648454,22.732116936430515,16.666873728414885,28.0,32.0
2013_13_NE_HOU,2013,13,HOU,NE,-3.0,-4.959577518052103,65.0,45.55669121055586,20.29855684625188,25.25813436430398,31.0,34.0
2013_13_TEN_IND,2013,13,IND,TEN,8.0,2.891110574296812,36.0,49.29879644937978,26.094953511838295,23.203842937541484,22.0,14.0
2013_13_CHI_MIN,2013,13,MIN,CHI,3.0,0.2365568803705724,43.0,46.102065660945904,23.169311270658238,22.932754390287666,23.0,20.0
2013_13_MIA_NYJ,2013,13,NYJ,MIA,-20.0,-2.0309744488549533,26.0,40.41734340180606,19.19318447647555,21.224158925330507,3.0,23.0
2013_13_ARI_PHI,2013,13,PHI,ARI,3.0,4.181783971966615,45.0,43.51677065115749,23.849277311562055,19.66749333959544,24.0,21.0
2013_13_ATL_BUF,2013,13,BUF,ATL,-3.0,2.603144929130912,65.0,43.88599017172834,23.244567550429625,20.641422621298712,31.0,34.0
2013_13_STL_SF,2013,13,SF,STL,10.0,6.851930174048944,36.0,42.29835571009796,24.57514294207345,17.723212768024506,23.0,13.0
2013_13_DEN_KC,2013,13,KC,DEN,-7.0,-3.2575229846120903,63.0,46.60772336504338,21.675100190215645,24.932623174827732,28.0,35.0
2013_13_CIN_SD,2013,13,SD,CIN,-7.0,-4.29529418636762,27.0,44.17803900244124,19.94137240803681,24.23666659440443,10.0,17.0
2013_13_NYG_WAS,2013,13,WAS,NYG,-7.0,2.239780791102141,41.0,43.34468181949567,22.792231305298905,20.552450514196764,17.0,24.0
2013_13_NO_SEA,2013,13,SEA,NO,27.0,3.90227074801826,41.0,49.22947433735072,26.56587254268449,22.66360179466623,34.0,7.0
2013_14_HOU_JAX,2013,14,JAX,HOU,7.0,-1.481862219411282,47.0,40.2008391573463,19.35948846896751,20.841350688378792,27.0,20.0
2013_14_MIN_BAL,2013,14,BAL,MIN,3.0,7.4814292157105395,55.0,42.18322265996864,24.83232593783959,17.35089672212905,29.0,26.0
2013_14_IND_CIN,2013,14,CIN,IND,14.0,5.010403666048326,70.0,42.7812779770115,23.895840821529912,18.885437155481586,42.0,28.0
2013_14_ATL_GB,2013,14,GB,ATL,1.0,3.646182828687822,43.0,45.921321278904834,24.783752053796327,21.137569225108507,22.0,21.0
2013_14_CLE_NE,2013,14,NE,CLE,1.0,7.333232174312735,53.0,42.68582091276005,25.009526543536392,17.67629436922366,27.0,26.0
2013_14_OAK_NYJ,2013,14,NYJ,OAK,10.0,3.84946609764172,64.0,41.493019336983295,22.67124271731251,18.821776619670786,37.0,27.0
2013_14_DET_PHI,2013,14,PHI,DET,14.0,2.635569293284341,54.0,44.51348973037195,23.574529511828146,20.938960218543805,34.0,20.0
2013_14_MIA_PIT,2013,14,PIT,MIA,-6.0,4.012268789678647,62.0,41.53021936779762,22.771244078738135,18.758975289059485,28.0,34.0
2013_14_BUF_TB,2013,14,TB,BUF,21.0,3.311222095656194,33.0,39.96425819322016,21.637740144438176,18.326518048781985,27.0,6.0
2013_14_KC_WAS,2013,14,WAS,KC,-35.0,0.4164989297874495,55.0,43.585567256429236,22.001033093108344,21.584534163320892,10.0,45.0
2013_14_TEN_DEN,2013,14,DEN,TEN,23.0,3.080348133395259,79.0,44.78827670305671,23.934312418225986,20.853964284830724,51.0,28.0
2013_14_STL_ARI,2013,14,ARI,STL,20.0,3.0312167345500893,40.0,42.266103822753536,22.648660278651814,19.61744354410172,30.0,10.0
2013_14_NYG_SD,2013,14,SD,NYG,23.0,1.500899805913356,51.0,43.11179574195736,22.306347773935357,20.805447968022,37.0,14.0
2013_14_SEA_SF,2013,14,SF,SEA,2.0,-0.263982077086905,36.0,44.83863006122548,22.287323992069286,22.551306069156194,19.0,17.0
2013_14_CAR_NO,2013,14,NO,CAR,18.0,4.907293320013332,44.0,45.78303972756595,25.34516652378964,20.43787320377631,31.0,13.0
2013_14_DAL_CHI,2013,14,CHI,DAL,17.0,2.797557635590492,73.0,46.15726734041028,24.477412488000386,21.679854852409893,45.0,28.0
2013_15_SD_DEN,2013,15,DEN,SD,-7.0,7.99330280138613,47.0,46.73753979333904,27.365421297362584,19.372118495976455,20.0,27.0
2013_15_WAS_ATL,2013,15,ATL,WAS,1.0,4.086780896049898,53.0,45.61201012069251,24.849395508371202,20.762614612321308,27.0,26.0
2013_15_CHI_CLE,2013,15,CLE,CHI,-7.0,-3.231512417062448,69.0,45.2449673619063,21.006727472421925,24.238239889484372,31.0,38.0
2013_15_HOU_IND,2013,15,IND,HOU,22.0,7.557042103067339,28.0,44.488560307643496,26.022801205355417,18.46575910228808,25.0,3.0
2013_15_BUF_JAX,2013,15,JAX,BUF,-7.0,1.826041289501576,47.0,37.17013993822197,19.498090613861773,17.6720493243602,20.0,27.0
2013_15_NE_MIA,2013,15,MIA,NE,4.0,-3.586273032260616,44.0,43.679932217881735,20.04682959281056,23.633102625071174,24.0,20.0
2013_15_PHI_MIN,2013,15,MIN,PHI,18.0,-0.6919539750731755,78.0,45.00951768583832,22.15878185538257,22.850735830455747,48.0,30.0
2013_15_SEA_NYG,2013,15,NYG,SEA,-23.0,-4.934315951888972,23.0,43.10087910431167,19.083281576211352,24.01759752810032,0.0,23.0
2013_15_SF_TB,2013,15,TB,SF,-19.0,-5.629537905549859,47.0,41.289466053699755,17.829964074074947,23.459501979624807,14.0,33.0
2013_15_NYJ_CAR,2013,15,CAR,NYJ,10.0,10.845662886736068,50.0,41.58380284771762,26.214732867226843,15.369069980490776,30.0,20.0
2013_15_KC_OAK,2013,15,OAK,KC,-25.0,-4.452985738098329,87.0,42.29157785349053,18.9192960576961,23.37228179579443,31.0,56.0
2013_15_GB_DAL,2013,15,DAL,GB,-1.0,3.756333980838173,73.0,49.16934141180457,26.46283769632137,22.706503715483198,36.0,37.0
2013_15_NO_STL,2013,15,STL,NO,11.0,-5.496000906370373,43.0,45.67517982537605,20.08958945950284,25.58559036587321,27.0,16.0
2013_15_ARI_TEN,2013,15,TEN,ARI,-3.0,0.5913532152764297,71.0,43.44419288502931,22.01777305015287,21.42641983487644,34.0,37.0
2013_15_CIN_PIT,2013,15,PIT,CIN,10.0,-0.7307342935284998,50.0,41.568269175089185,20.418767440780343,21.149501734308842,30.0,20.0
2013_15_BAL_DET,2013,15,DET,BAL,-2.0,2.1316871894547464,34.0,43.02409453878052,22.57789086411763,20.446203674662886,16.0,18.0
2013_16_MIA_BUF,2013,16,BUF,MIA,19.0,-2.864210084993115,19.0,39.774460926015074,18.455125420510978,21.319335505504096,19.0,0.0
2013_16_NO_CAR,2013,16,CAR,NO,4.0,2.801560783258605,30.0,40.99693836985799,21.899249576558297,19.097688793299696,17.0,13.0
2013_16_MIN_CIN,2013,16,CIN,MIN,28.0,8.131838682033912,56.0,43.757066695011794,25.94445268852285,17.812614006488943,42.0,14.0
2013_16_DEN_HOU,2013,16,HOU,DEN,-24.0,-4.71241944369614,50.0,49.097050581752264,22.19231556902806,26.904735012724203,13.0,37.0
2013_16_TEN_JAX,2013,16,JAX,TEN,-4.0,-1.3529260601918676,36.0,41.79162325941466,20.219348599611397,21.572274659803266,16.0,20.0
2013_16_IND_KC,2013,16,KC,IND,-16.0,5.053893580607977,30.0,43.28474304850089,24.169318314554435,19.11542473394646,7.0,23.0
2013_16_CLE_NYJ,2013,16,NYJ,CLE,11.0,3.714252808138411,37.0,41.46322041756394,22.588736612851175,18.874483804712764,24.0,13.0
2013_16_TB_STL,2013,16,STL,TB,10.0,6.490985781238913,36.0,44.52139525999634,25.506190520617626,19.015204739378714,23.0,13.0
2013_16_DAL_WAS,2013,16,WAS,DAL,-1.0,-3.311789971963896,47.0,49.701828828425455,23.19501942823078,26.506809400194676,23.0,24.0
2013_16_NYG_DET,2013,16,DET,NYG,-3.0,4.043558319210638,43.0,41.85858418464353,22.951071251927086,18.907512932716447,20.0,23.0
2013_16_ARI_SEA,2013,16,SEA,ARI,-7.0,7.9293966938450975,27.0,41.73879669762133,24.834096695733216,16.904700001888116,10.0,17.0
2013_16_NE_BAL,2013,16,BAL,NE,-34.0,-1.7483110271048754,48.0,44.37464871615143,21.313168844523275,23.06147987162815,7.0,41.0
2013_16_PIT_GB,2013,16,GB,PIT,-7.0,2.537072954594512,69.0,43.428811837626,22.982942396110257,20.445869441515743,31.0,38.0
2013_16_OAK_SD,2013,16,SD,OAK,13.0,11.820972894315632,39.0,46.24569513371136,29.033334014013494,17.212361119697864,26.0,13.0
2013_16_CHI_PHI,2013,16,PHI,CHI,43.0,2.1367331864198285,65.0,49.634781282680166,25.88575723455,23.749024048130167,54.0,11.0
2013_16_ATL_SF,2013,16,SF,ATL,10.0,8.708020883697204,58.0,42.11150687812446,25.40976388091083,16.70174299721363,34.0,24.0
2013_17_CAR_ATL,2013,17,ATL,CAR,-1.0,-2.7456967709801763,41.0,45.81593060163385,21.53511691532684,24.280813686307013,20.0,21.0
2013_17_BAL_CIN,2013,17,CIN,BAL,17.0,4.926594182198746,51.0,41.7631124390773,23.344853310638022,18.418259128439274,34.0,17.0
2013_17_JAX_IND,2013,17,IND,JAX,20.0,11.061608673368552,40.0,42.938687283976066,27.00014797867231,15.938539305303756,30.0,10.0
2013_17_NYJ_MIA,2013,17,MIA,NYJ,-13.0,6.470288983836395,27.0,40.49726775226455,23.483778368050473,17.013489384214076,7.0,20.0
2013_17_DET_MIN,2013,17,MIN,DET,1.0,2.768510422395281,27.0,44.49447429550322,23.63149235894925,20.862981936553968,14.0,13.0
2013_17_WAS_NYG,2013,17,NYG,WAS,14.0,6.171222948467258,26.0,41.94179228613241,24.056507617299836,17.885284668832576,20.0,6.0
2013_17_CLE_PIT,2013,17,PIT,CLE,13.0,6.050451255257671,27.0,43.12791406792019,24.58918266158893,18.53873140633126,20.0,7.0
2013_17_HOU_TEN,2013,17,TEN,HOU,6.0,6.76274106649722,26.0,42.46626930886084,24.61450518767903,17.85176412118181,16.0,10.0
2013_17_SF_ARI,2013,17,ARI,SF,-3.0,0.2693690958633157,43.0,44.23485506380549,22.252112079834404,21.982742983971086,20.0,23.0
2013_17_GB_CHI,2013,17,CHI,GB,-5.0,5.003183515458831,61.0,45.99337497577897,25.4982792456189,20.49509573016007,28.0,33.0
2013_17_BUF_NE,2013,17,NE,BUF,14.0,8.489985394158747,54.0,41.77893300549772,25.134459199828235,16.644473805669485,34.0,20.0
2013_17_TB_NO,2013,17,NO,TB,25.0,11.270676790458502,59.0,42.80661266382726,27.03864472714288,15.767967936684379,42.0,17.0
2013_17_DEN_OAK,2013,17,OAK,DEN,-20.0,-6.2755028236583374,48.0,48.491284829454685,21.107891002898175,27.38339382655651,14.0,34.0
2013_17_KC_SD,2013,17,SD,KC,3.0,3.607612189125579,51.0,46.553401319369456,25.080506754247516,21.47289456512194,27.0,24.0
2013_17_STL_SEA,2013,17,SEA,STL,18.0,8.220689993147046,36.0,40.97394205024749,24.597316021697267,16.37662602855022,27.0,9.0
2013_17_PHI_DAL,2013,17,DAL,PHI,-2.0,2.8947729848785038,46.0,49.81441446105241,26.354593722965454,23.459820738086954,22.0,24.0
2014_01_GB_SEA,2014,1,SEA,GB,20.0,6.990496873015739,52.0,42.11068188446633,24.550589378741034,17.560092505725297,36.0,16.0
2014_01_NO_ATL,2014,1,ATL,NO,3.0,0.3420384770199118,71.0,47.88002686027695,24.11103266864843,23.76899419162852,37.0,34.0
2014_01_CIN_BAL,2014,1,BAL,CIN,-7.0,-1.4831789004308156,39.0,40.37817630951952,19.44749870454435,20.930677604975166,16.0,23.0
2014_01_BUF_CHI,2014,1,CHI,BUF,-3.0,4.37968753077573,43.0,42.41942794319991,23.399557736987823,19.01987020621209,20.0,23.0
2014_01_WAS_HOU,2014,1,HOU,WAS,11.0,2.2321640444878423,23.0,44.955505661660794,23.59383485307432,21.361670808586474,17.0,6.0
2014_01_TEN_KC,2014,1,KC,TEN,-16.0,5.4263861826097965,36.0,42.386437240364394,23.906411711487095,18.4800255288773,10.0,26.0
2014_01_NE_MIA,2014,1,MIA,NE,13.0,-5.030967753174054,53.0,41.84930559677938,18.409168921802664,23.440136674976717,33.0,20.0
2014_01_OAK_NYJ,2014,1,NYJ,OAK,5.0,7.369090493015017,33.0,41.20817945776738,24.288634975391197,16.919544482376182,19.0,14.0
2014_01_JAX_PHI,2014,1,PHI,JAX,17.0,7.901961238776255,51.0,42.709994048483445,25.30597764362985,17.404016404853596,34.0,17.0
2014_01_CLE_PIT,2014,1,PIT,CLE,3.0,7.966415143904243,57.0,43.13609179570007,25.551253469802155,17.584838325897913,30.0,27.0
2014_01_MIN_STL,2014,1,STL,MIN,-28.0,2.629573295710217,40.0,45.49156757314033,24.060570434425273,21.430997138715057,6.0,34.0
2014_01_SF_DAL,2014,1,DAL,SF,-11.0,-1.2535970927602078,45.0,46.56570742762342,22.656055167431607,23.909652260191816,17.0,28.0
2014_01_CAR_TB,2014,1,TB,CAR,-6.0,-4.573401782614536,34.0,41.100763247321474,18.263680732353468,22.837082514968007,14.0,20.0
2014_01_IND_DEN,2014,1,DEN,IND,7.0,6.085795779014806,55.0,48.30911322818954,27.197454503602174,21.111658724587365,31.0,24.0
2014_01_NYG_DET,2014,1,DET,NYG,21.0,3.689595439746459,49.0,42.96512978993664,23.32736261484155,19.63776717509509,35.0,14.0
2014_01_SD_ARI,2014,1,ARI,SD,1.0,3.0743433404759166,35.0,44.569472979674075,23.821908160074997,20.747564819599077,18.0,17.0
2014_02_PIT_BAL,2014,2,BAL,PIT,20.0,0.722796690700444,32.0,53.84259816148413,27.282697426092287,26.559900735391846,26.0,6.0
2014_02_MIA_BUF,2014,2,BUF,MIA,19.0,1.1400392203672325,39.0,44.47701170243936,22.8085254614033,21.668486241036064,29.0,10.0
2014_02_DET_CAR,2014,2,CAR,DET,17.0,8.045472864773595,31.0,44.66766917123143,26.356571018002512,18.31109815322892,24.0,7.0
2014_02_ATL_CIN,2014,2,CIN,ATL,14.0,7.683442674856262,34.0,52.09567360311095,29.889558138983606,22.206115464127347,24.0,10.0
2014_02_NO_CLE,2014,2,CLE,NO,2.0,-4.4963234731331285,50.0,54.90364183095687,25.20365917891187,29.699982652045,26.0,24.0
2014_02_NE_MIN,2014,2,MIN,NE,-23.0,0.280580513093203,37.0,45.3020124345393,22.791296473816253,22.510715960723047,7.0,30.0
2014_02_ARI_NYG,2014,2,NYG,ARI,-11.0,-2.081310629067474,39.0,43.05680091658038,20.487745143756452,22.569055772823926,14.0,25.0
2014_02_DAL_TEN,2014,2,TEN,DAL,-16.0,3.502459484010899,36.0,43.47444842129104,23.488453952650968,19.98599446864007,10.0,26.0
2014_02_JAX_WAS,2014,2,WAS,JAX,31.0,4.617131458970561,51.0,38.26969860330967,21.443415031140116,16.826283572169555,41.0,10.0
2014_02_SEA_SD,2014,2,SD,SEA,9.0,-4.837539469688071,51.0,43.54922047570017,19.35584050300605,24.193379972694117,30.0,21.0
2014_02_STL_TB,2014,2,TB,STL,-2.0,2.199596433334692,36.0,40.207162751494764,21.203379592414727,19.003783159080037,17.0,19.0
2014_02_KC_DEN,2014,2,DEN,KC,7.0,9.39342955502952,41.0,43.567870564245474,26.480650059637497,17.087220504607977,24.0,17.0
2014_02_NYJ_GB,2014,2,GB,NYJ,7.0,2.704538903974671,55.0,39.82863962831315,21.26658926614391,18.562050362169238,31.0,24.0
2014_02_HOU_OAK,2014,2,OAK,HOU,-16.0,0.8296278276300258,44.0,40.42476756275386,20.627197695191942,19.797569867561915,14.0,30.0
2014_02_CHI_SF,2014,2,SF,CHI,-8.0,6.288563118700885,48.0,45.344040005866994,25.81630156228394,19.527738443583054,20.0,28.0
2014_02_PHI_IND,2014,2,IND,PHI,-3.0,2.2075645207667,57.0,45.235510551185534,23.72153753597612,21.513973015209416,27.0,30.0
2014_03_TB_ATL,2014,3,ATL,TB,42.0,2.428848308488482,70.0,47.49562579971674,24.962237054102612,22.53338874561413,56.0,14.0
2014_03_SD_BUF,2014,3,BUF,SD,-12.0,0.655080501132508,32.0,38.61613148552664,19.635605993329573,18.980525492197064,10.0,22.0
2014_03_TEN_CIN,2014,3,CIN,TEN,26.0,4.362449008777562,40.0,38.83946077821823,21.600954893497896,17.238505884720336,33.0,7.0
2014_03_BAL_CLE,2014,3,CLE,BAL,-2.0,-2.669558335330957,44.0,41.424837395974144,19.377639530321595,22.04719786565255,21.0,23.0
2014_03_GB_DET,2014,3,DET,GB,12.0,2.5172479958683924,26.0,46.20502754907276,24.361137772470578,21.843889776602182,19.0,7.0
2014_03_IND_JAX,2014,3,JAX,IND,-27.0,-4.871649855055752,61.0,42.89516303032452,19.011756587634384,23.883406442690134,17.0,44.0
2014_03_OAK_NE,2014,3,NE,OAK,7.0,11.26497340159406,25.0,41.266999248168275,26.26598632488117,15.001012923287107,16.0,9.0
2014_03_MIN_NO,2014,3,NO,MIN,11.0,3.914396973922028,29.0,46.101289729212645,25.007843351567338,21.093446377645307,20.0,9.0
2014_03_HOU_NYG,2014,3,NYG,HOU,13.0,4.455199570350744,47.0,42.99988307806301,23.727541324206875,19.272341753856132,30.0,17.0
2014_03_WAS_PHI,2014,3,PHI,WAS,3.0,4.044349810683169,71.0,43.90883871120521,23.97659426094419,19.932244450261024,37.0,34.0
2014_03_DAL_STL,2014,3,STL,DAL,-3.0,0.0843289137417734,65.0,46.214757710636874,23.149543312189323,23.06521439844755,31.0,34.0
2014_03_SF_ARI,2014,3,ARI,SF,9.0,2.0037760723247406,37.0,42.92274862627954,22.46326234930214,20.4594862769774,23.0,14.0
2014_03_KC_MIA,2014,3,MIA,KC,-19.0,3.242060210095241,49.0,38.8079631850014,21.02501169754832,17.78295148745308,15.0,34.0
2014_03_DEN_SEA,2014,3,SEA,DEN,6.0,2.2535983383383225,46.0,54.45884305984198,28.35622069909015,26.10262236075183,26.0,20.0
2014_03_PIT_CAR,2014,3,CAR,PIT,-18.0,5.80710854518192,56.0,42.58984773154892,24.19847813836542,18.3913695931835,19.0,37.0
2014_03_CHI_NYJ,2014,3,NYJ,CHI,-8.0,-1.425009614039663,46.0,43.010830999380254,20.792910692670294,22.21792030670996,19.0,27.0
2014_04_NYG_WAS,2014,4,WAS,NYG,-31.0,1.5737803312373222,59.0,42.82236637764297,22.198073354440147,20.624293023202824,14.0,45.0
2014_04_CAR_BAL,2014,4,BAL,CAR,28.0,1.736698407627332,48.0,42.95100281118198,22.343850609404655,20.607152201777325,38.0,10.0
2014_04_GB_CHI,2014,4,CHI,GB,-21.0,2.3913086611250427,55.0,45.30090868989906,23.846108675512053,21.454800014387008,17.0,38.0
2014_04_BUF_HOU,2014,4,HOU,BUF,6.0,0.415281409903726,40.0,42.71480158772452,21.565041498814125,21.149760088910398,23.0,17.0
2014_04_TEN_IND,2014,4,IND,TEN,24.0,5.040483428240647,58.0,45.156186584006576,25.098335006123612,20.057851577882964,41.0,17.0
2014_04_DET_NYJ,2014,4,NYJ,DET,-7.0,1.1065775710728196,41.0,41.689873689368866,21.398225630220843,20.291648059148024,17.0,24.0
2014_04_MIA_OAK,2014,4,OAK,MIA,-24.0,-3.263367915946521,52.0,39.65879310277795,18.197712593415716,21.461080509362233,14.0,38.0
2014_04_TB_PIT,2014,4,PIT,TB,-3.0,8.83095994631425,51.0,43.22947346163809,26.03021670397617,17.199256757661917,24.0,27.0
2014_04_JAX_SD,2014,4,SD,JAX,19.0,11.85803527385118,47.0,43.28337721832916,27.570706246090168,15.712670972238989,33.0,14.0
2014_04_ATL_MIN,2014,4,MIN,ATL,13.0,1.6727668946504206,69.0,44.244528074519565,22.958647484584993,21.28588058993457,41.0,28.0
2014_04_PHI_SF,2014,4,SF,PHI,5.0,3.698789059367106,47.0,47.954062010251576,25.826425534809342,22.127636475442234,26.0,21.0
2014_04_NO_DAL,2014,4,DAL,NO,21.0,2.461473204421317,55.0,53.990272779599124,28.22587299201022,25.764399787588903,38.0,17.0
2014_04_NE_KC,2014,4,KC,NE,27.0,-4.146890873959885,55.0,42.14793909013988,19.000524108089998,23.14741498204988,41.0,14.0
2014_05_MIN_GB,2014,5,GB,MIN,32.0,2.6720751773378475,52.0,47.76918901305965,25.22063209519875,22.548556917860903,42.0,10.0
2014_05_CHI_CAR,2014,5,CAR,CHI,7.0,2.608997142014864,55.0,44.433520788950474,23.52125896548267,20.912261823467805,31.0,24.0
2014_05_HOU_DAL,2014,5,DAL,HOU,3.0,7.901798942022926,37.0,46.67299500233331,27.28739697217812,19.38559803015519,20.0,17.0
2014_05_BUF_DET,2014,5,DET,BUF,-3.0,3.788867150241947,31.0,39.94571750731572,21.867292328778834,18.078425178536886,14.0,17.0
2014_05_BAL_IND,2014,5,IND,BAL,7.0,3.162185175750802,33.0,54.60370155383677,28.882943364793785,25.720758189042986,20.0,13.0
2014_05_PIT_JAX,2014,5,JAX,PIT,-8.0,-3.692632010219216,26.0,42.38881618607395,19.34809208792737,23.040724098146583,9.0,17.0
2014_05_TB_NO,2014,5,NO,TB,6.0,8.197484483803597,68.0,47.093521462126844,27.64550297296522,19.448018489161623,37.0,31.0
2014_05_ATL_NYG,2014,5,NYG,ATL,10.0,3.281268139220699,50.0,43.80645219074536,23.54386016498303,20.26259202576233,30.0,20.0
2014_05_STL_PHI,2014,5,PHI,STL,6.0,6.0382308486525,62.0,42.35070148313339,24.194466165892948,18.156235317240444,34.0,28.0
2014_05_CLE_TEN,2014,5,TEN,CLE,-1.0,2.300660358296887,57.0,49.48284285949925,25.89175160889807,23.59109125060118,28.0,29.0
2014_05_ARI_DEN,2014,5,DEN,ARI,21.0,4.918992836810037,61.0,47.15304225949824,26.03601754815414,21.117024711344104,41.0,20.0
2014_05_NYJ_SD,2014,5,SD,NYJ,31.0,10.409110851549803,31.0,43.60728606946863,27.008198460509217,16.59908760895941,31.0,0.0
2014_05_KC_SF,2014,5,SF,KC,5.0,3.5545087705897878,39.0,43.26853139965946,23.41152008512462,19.857011314534837,22.0,17.0
2014_05_CIN_NE,2014,5,NE,CIN,26.0,0.8113488637593362,60.0,42.0434886654698,21.42741876461457,20.616069900855233,43.0,17.0
2014_05_SEA_WAS,2014,5,WAS,SEA,-10.0,-5.994932208157434,44.0,50.60759999836168,22.30633389510212,28.301266103259557,17.0,27.0
2014_06_IND_HOU,2014,6,HOU,IND,-5.0,-3.394837070634434,61.0,45.490138866786694,21.047650898076128,24.442487968710566,28.0,33.0
2014_06_NE_BUF,2014,6,BUF,NE,-15.0,-3.930298042327195,59.0,41.10536227289561,18.58753211528421,22.517830157611403,22.0,37.0
2014_06_CAR_CIN,2014,6,CIN,CAR,0.0,4.2879738356470565,74.0,43.34113444317696,23.81455413941201,19.526580303764952,37.0,37.0
2014_06_PIT_CLE,2014,6,CLE,PIT,21.0,-1.2821445615932507,41.0,46.219787988001485,22.468821713204118,23.750966274797367,31.0,10.0
2014_06_GB_MIA,2014,6,MIA,GB,-3.0,-0.0379997772832189,51.0,42.96250970219081,21.462254962453795,21.500254739737013,24.0,27.0
2014_06_DET_MIN,2014,6,MIN,DET,-14.0,1.1829236262801637,20.0,43.82000681148683,22.501465218883496,21.31854159260333,3.0,17.0
2014_06_DEN_NYJ,2014,6,NYJ,DEN,-14.0,-5.22192149444184,48.0,47.208707661013385,20.993393083285774,26.21531457772761,17.0,31.0
2014_06_BAL_TB,2014,6,TB,BAL,-31.0,-5.165718411453983,65.0,41.96853997706794,18.40141078280698,23.56712919426096,17.0,48.0
2014_06_JAX_TEN,2014,6,TEN,JAX,2.0,6.698910190246456,30.0,42.6387240765071,24.66881713337678,17.969906943130322,16.0,14.0
2014_06_SD_OAK,2014,6,OAK,SD,-3.0,-4.693439634226279,59.0,43.659107551929324,19.482833958851522,24.176273593077802,28.0,31.0
2014_06_WAS_ARI,2014,6,ARI,WAS,10.0,10.165969997594487,50.0,43.883018532878054,27.02449426523627,16.858524267641783,30.0,20.0
2014_06_CHI_ATL,2014,6,ATL,CHI,-14.0,4.002394259521193,40.0,48.26156609941301,26.1319801794671,22.12958591994591,13.0,27.0
2014_06_DAL_SEA,2014,6,SEA,DAL,-7.0,5.981226223973288,53.0,50.350324242704076,28.16577523333868,22.184549009365394,23.0,30.0
2014_06_NYG_PHI,2014,6,PHI,NYG,27.0,4.026753990587884,27.0,45.07258176169948,24.549667876143683,20.5229138855558,27.0,0.0
2014_06_SF_STL,2014,6,STL,SF,-14.0,-6.917714325231337,48.0,46.393061422163925,19.737673548466294,26.65538787369763,17.0,31.0
2014_07_NYJ_NE,2014,7,NE,NYJ,2.0,10.757318953179611,52.0,42.680688605711985,26.7190037794458,15.961684826266186,27.0,25.0
2014_07_ATL_BAL,2014,7,BAL,ATL,22.0,8.018610683820034,36.0,45.61156464600427,26.815087664912152,18.796476981092116,29.0,7.0
2014_07_MIN_BUF,2014,7,BUF,MIN,1.0,2.8886033241144724,33.0,39.45104544568037,21.16982438489742,18.28122106078295,17.0,16.0
2014_07_MIA_CHI,2014,7,CHI,MIA,-13.0,1.9101329452480973,41.0,45.66635753351208,23.788245239380085,21.87811229413199,14.0,27.0
2014_07_NO_DET,2014,7,DET,NO,1.0,0.6286566861132277,47.0,44.65131917093557,22.6399879285244,22.011331242411174,24.0,23.0
2014_07_CAR_GB,2014,7,GB,CAR,21.0,5.42961954631314,55.0,45.68266061780908,25.55614008206111,20.126520535747968,38.0,17.0
2014_07_CIN_IND,2014,7,IND,CIN,27.0,4.0565478358824105,27.0,51.09114314788957,27.57384549188599,23.517297656003578,27.0,0.0
2014_07_CLE_JAX,2014,7,JAX,CLE,18.0,-4.170159502782919,30.0,48.97882657676146,22.40433353698927,26.574493039772193,24.0,6.0
2014_07_SEA_STL,2014,7,STL,SEA,2.0,-5.631600279810744,54.0,45.798475431907654,20.083437576048453,25.7150378558592,28.0,26.0
2014_07_TEN_WAS,2014,7,WAS,TEN,2.0,-0.5768398174816717,36.0,43.484597214997905,21.453878698758118,22.030718516239787,19.0,17.0
2014_07_KC_SD,2014,7,SD,KC,-3.0,7.431306386094359,43.0,44.977458862911845,26.204382624503104,18.77307623840874,20.0,23.0
2014_07_NYG_DAL,2014,7,DAL,NYG,10.0,3.77243035848716,52.0,46.67061598340844,25.221523170947798,21.44909281246064,31.0,21.0
2014_07_ARI_OAK,2014,7,OAK,ARI,-11.0,-5.783741768557662,37.0,44.2984699365349,19.25736408398862,25.04110585254628,13.0,24.0
2014_07_SF_DEN,2014,7,DEN,SF,25.0,5.68205506681536,59.0,45.584777784692285,25.633416425753822,19.951361358938463,42.0,17.0
2014_07_HOU_PIT,2014,7,PIT,HOU,7.0,7.403478692153322,53.0,44.620640546283056,26.01205961921819,18.608580927064867,30.0,23.0
2014_08_SD_DEN,2014,8,DEN,SD,14.0,8.456081151907787,56.0,47.91076638339235,28.18342376765007,19.72734261574228,35.0,21.0
2014_08_DET_ATL,2014,8,ATL,DET,-1.0,-1.993855666461324,43.0,42.375405938797385,20.190775136168032,22.184630802629353,21.0,22.0
2014_08_SEA_CAR,2014,8,CAR,SEA,-4.0,0.0762385235022553,22.0,44.123451012997,22.09984476824963,22.023606244747373,9.0,13.0
2014_08_BAL_CIN,2014,8,CIN,BAL,3.0,2.262771198970926,51.0,46.632093272644504,24.447432235807714,22.18466103683679,27.0,24.0
2014_08_MIA_JAX,2014,8,JAX,MIA,-14.0,-3.4461494836517925,40.0,40.27095766614505,18.41240409124663,21.858553574898423,13.0,27.0
2014_08_STL_KC,2014,8,KC,STL,27.0,7.92436559099067,41.0,45.52575774576917,26.72506166837992,18.80069607738925,34.0,7.0
2014_08_CHI_NE,2014,8,NE,CHI,28.0,7.809499590757989,74.0,44.919150544589215,26.3643250676736,18.554825476915614,51.0,23.0
2014_08_BUF_NYJ,2014,8,NYJ,BUF,-20.0,-0.3923487087400528,66.0,37.80916218484804,18.708406738053995,19.100755446794047,23.0,43.0
2014_08_MIN_TB,2014,8,TB,MIN,-6.0,-0.3073211082153136,32.0,39.21602527707933,19.45435208443201,19.761673192647322,13.0,19.0
2014_08_HOU_TEN,2014,8,TEN,HOU,-14.0,3.5117842277327243,46.0,41.165751172240036,22.33876769998638,18.826983472253655,16.0,30.0
2014_08_PHI_ARI,2014,8,ARI,PHI,4.0,3.1490093769316307,44.0,47.298624048722736,25.223816712827183,22.074807335895553,24.0,20.0
2014_08_OAK_CLE,2014,8,CLE,OAK,10.0,7.742812231784685,36.0,40.783158324818025,24.262985278301354,16.52017304651667,23.0,13.0
2014_08_IND_PIT,2014,8,PIT,IND,17.0,1.5209941870474175,85.0,45.03536909325905,23.278181640153235,21.757187453105814,51.0,34.0
2014_08_GB_NO,2014,8,NO,GB,21.0,-0.1616419620494645,67.0,52.98393318098675,26.411145609468644,26.57278757151811,44.0,23.0
2014_08_WAS_DAL,2014,8,DAL,WAS,-3.0,9.628681671732163,37.0,47.64065302213921,28.634667346935686,19.005985675203526,17.0,20.0
2014_09_NO_CAR,2014,9,CAR,NO,-18.0,0.2460790194857161,38.0,49.53400737034348,24.890043194914597,24.643964175428884,10.0,28.0
2014_09_JAX_CIN,2014,9,CIN,JAX,10.0,10.215364784401109,56.0,41.9929768930404,26.104170838720755,15.888806054319645,33.0,23.0
2014_09_TB_CLE,2014,9,CLE,TB,5.0,4.572231080922711,39.0,43.4047484027609,23.988489741841807,19.416258660919095,22.0,17.0
2014_09_ARI_DAL,2014,9,DAL,ARI,-11.0,4.036053001865036,45.0,48.490904768175305,26.26347888502017,22.227425883155135,17.0,28.0
2014_09_PHI_HOU,2014,9,HOU,PHI,-10.0,-0.5954358413793449,52.0,45.119934470163926,22.262249314392292,22.857685155771634,21.0,31.0
2014_09_NYJ_KC,2014,9,KC,NYJ,14.0,10.231772019187623,34.0,40.03804645120122,25.13490923519442,14.903137216006797,24.0,10.0
2014_09_SD_MIA,2014,9,MIA,SD,37.0,0.9283965209226896,37.0,43.646593642675654,22.28749508179917,21.359098560876483,37.0,0.0
2014_09_WAS_MIN,2014,9,MIN,WAS,3.0,2.121025535191475,55.0,39.43468976505559,20.777857650123533,18.656832114932055,29.0,26.0
2014_09_STL_SF,2014,9,SF,STL,-3.0,11.064656589924436,23.0,43.830782606378705,27.447719598151572,16.383063008227133,10.0,13.0
2014_09_DEN_NE,2014,9,NE,DEN,22.0,0.7048821518001323,64.0,50.380747992332246,25.54281507206619,24.837932920266056,43.0,21.0
2014_09_OAK_SEA,2014,9,SEA,OAK,6.0,12.62374939106897,54.0,42.000472736062356,27.312111063565663,14.688361672496693,30.0,24.0
2014_09_BAL_PIT,2014,9,PIT,BAL,20.0,3.3685991734920115,66.0,45.93629536557619,24.6524472695341,21.283848096042092,43.0,23.0
2014_09_IND_NYG,2014,9,NYG,IND,-16.0,0.3312304452770877,64.0,44.84838015275068,22.589805299013882,22.258574853736796,24.0,40.0
2014_10_CLE_CIN,2014,10,CIN,CLE,-21.0,9.232107021953814,27.0,41.20517813309828,25.218642577526047,15.986535555572232,3.0,24.0
2014_10_TEN_BAL,2014,10,BAL,TEN,14.0,8.40039000419824,28.0,44.07855571627725,26.239472860237747,17.839082856039504,21.0,7.0
2014_10_KC_BUF,2014,10,BUF,KC,-4.0,-0.7886396902145536,30.0,44.148010632510164,21.679685471147806,22.46832516136236,13.0,17.0
2014_10_MIA_DET,2014,10,DET,MIA,4.0,1.5681980635189767,36.0,42.723225722277945,22.14571189289846,20.577513829379484,20.0,16.0
2014_10_DAL_JAX,2014,10,JAX,DAL,-14.0,-4.449612553260822,48.0,43.26694806081827,19.408667753778726,23.858280307039546,17.0,31.0
2014_10_SF_NO,2014,10,NO,SF,-3.0,3.4073060752552973,51.0,48.62528616639032,26.01629612082281,22.60899004556751,24.0,27.0
2014_10_PIT_NYJ,2014,10,NYJ,PIT,7.0,-2.645811533157449,33.0,44.05739972799125,20.705794097416902,23.35160563057435,20.0,13.0
2014_10_ATL_TB,2014,10,TB,ATL,-10.0,-2.5693705185307856,44.0,45.47898339290138,21.454806437185297,24.02417695571608,17.0,27.0
2014_10_DEN_OAK,2014,10,OAK,DEN,-24.0,-4.269601409074832,58.0,48.143581875959704,21.936990233442437,26.206591642517267,17.0,41.0
2014_10_STL_ARI,2014,10,ARI,STL,17.0,8.930900041636306,45.0,43.52671385719629,26.2288069494163,17.297906907779993,31.0,14.0
2014_10_NYG_SEA,2014,10,SEA,NYG,21.0,9.65139276233682,55.0,43.95160838169725,26.801500572017034,17.150107809680215,38.0,17.0
2014_10_CHI_GB,2014,10,GB,CHI,41.0,7.312674733257567,69.0,49.378534148481116,28.34560444086934,21.032929707611775,55.0,14.0
2014_10_CAR_PHI,2014,10,PHI,CAR,24.0,5.970857559074374,66.0,45.07422992945249,25.522543744263434,19.55168618518906,45.0,21.0
2014_11_BUF_MIA,2014,11,MIA,BUF,13.0,5.271836906797515,31.0,41.592986958830956,23.432411932814237,18.16057502601672,22.0,9.0
2014_11_ATL_CAR,2014,11,CAR,ATL,-2.0,2.3246758977534405,36.0,45.659413090901516,23.99204449432748,21.667368596574036,17.0,19.0
2014_11_MIN_CHI,2014,11,CHI,MIN,8.0,2.7315625428403494,34.0,42.52304039255593,22.62730146769814,19.89573892485779,21.0,13.0
2014_11_HOU_CLE,2014,11,CLE,HOU,-16.0,3.5461363395527745,30.0,41.830729020806885,22.68843268017983,19.142296340627055,7.0,23.0
2014_11_SEA_KC,2014,11,KC,SEA,4.0,2.091474424844863,44.0,46.947099184790815,24.51928680481784,22.427812379972977,24.0,20.0
2014_11_CIN_NO,2014,11,NO,CIN,-17.0,4.316198395615694,37.0,46.9958886140028,25.656043504809247,21.339845109193554,10.0,27.0
2014_11_SF_NYG,2014,11,NYG,SF,-6.0,-4.054638105431981,26.0,44.21358614625377,20.079474020410892,24.134112125842876,10.0,16.0
2014_11_DEN_STL,2014,11,STL,DEN,15.0,-3.1882340227685853,29.0,49.60595790598787,23.208861941609644,26.397095964378227,22.0,7.0
2014_11_TB_WAS,2014,11,WAS,TB,-20.0,2.718320781235034,34.0,43.00896452998954,22.86364265561229,20.145321874377252,7.0,27.0
2014_11_OAK_SD,2014,11,SD,OAK,7.0,10.905361568441313,19.0,45.88625895650999,28.395810262475653,17.490448694034338,13.0,6.0
2014_11_DET_ARI,2014,11,ARI,DET,8.0,6.637761184589087,20.0,43.61796131533368,25.127861249961384,18.490100065372296,14.0,6.0
2014_11_PHI_GB,2014,11,GB,PHI,33.0,4.179013879548196,73.0,48.42538138102339,26.302197630285793,22.1231837507376,53.0,20.0
2014_11_NE_IND,2014,11,IND,NE,-22.0,1.0496145411342586,62.0,56.081976570404684,28.565795555769473,27.51618101463521,20.0,42.0
2014_11_PIT_TEN,2014,11,TEN,PIT,-3.0,-3.5071446974845446,51.0,42.3849364983584,19.43889590043693,22.94604059792147,24.0,27.0
2014_12_KC_OAK,2014,12,OAK,KC,4.0,-4.855935091079367,44.0,46.51888655092339,20.831475729922012,25.68741082100138,24.0,20.0
2014_12_CLE_ATL,2014,12,ATL,CLE,-2.0,3.731972147347773,50.0,43.60830025869704,23.67013620302241,19.938164055674633,24.0,26.0
2014_12_TB_CHI,2014,12,CHI,TB,8.0,7.959869890196746,34.0,42.62800282491499,25.293936357555864,17.334066467359122,21.0,13.0
2014_12_CIN_HOU,2014,12,HOU,CIN,-9.0,0.091508054014521,35.0,43.89031708208174,21.990912568048127,21.89940451403361,13.0,22.0
2014_12_JAX_IND,2014,12,IND,JAX,20.0,11.775080076233689,26.0,44.16866870833224,27.971874392282963,16.196794316049278,23.0,3.0
2014_12_GB_MIN,2014,12,MIN,GB,-3.0,-2.691240247676713,45.0,45.38872758554653,21.34874366893491,24.03998391661162,21.0,24.0
2014_12_DET_NE,2014,12,NE,DET,25.0,10.12032269177354,43.0,45.3593428679489,27.739832779861217,17.61951008808768,34.0,9.0
2014_12_TEN_PHI,2014,12,PHI,TEN,19.0,10.230706028940492,67.0,43.32907146574033,26.779888747340408,16.54918271839992,43.0,24.0
2014_12_STL_SD,2014,12,SD,STL,3.0,3.843321541861641,51.0,45.24195046768238,24.54263600477201,20.69931446291037,27.0,24.0
2014_12_ARI_SEA,2014,12,SEA,ARI,16.0,2.9470465529977123,22.0,44.03536460729174,23.491205580144726,20.544159027147014,19.0,3.0
2014_12_MIA_DEN,2014,12,DEN,MIA,3.0,6.063224881243024,75.0,47.57634477888502,26.819784830064023,20.756559948821,39.0,36.0
2014_12_WAS_SF,2014,12,SF,WAS,4.0,9.48613236700961,30.0,41.6917507158048,25.588941541407205,16.102809174397596,17.0,13.0
2014_12_DAL_NYG,2014,12,NYG,DAL,-3.0,-6.15043788466928,59.0,44.87094205392718,19.36025208462895,25.51068996929823,28.0,31.0
2014_12_NYJ_BUF,2014,12,BUF,NYJ,35.0,3.752082030430658,41.0,43.53711366777378,23.64459784910222,19.892515818671562,38.0,3.0
2014_12_BAL_NO,2014,12,NO,BAL,-7.0,3.152783845514854,61.0,47.27379087173779,25.21328735862632,22.060503513111467,27.0,34.0
2014_13_CHI_DET,2014,13,DET,CHI,17.0,3.2713262017128595,51.0,43.38625481714038,23.32879050942662,20.05746430771376,34.0,17.0
2014_13_PHI_DAL,2014,13,DAL,PHI,-23.0,3.423304822421182,43.0,49.5482960152316,26.48580041882639,23.06249559640521,10.0,33.0
2014_13_SEA_SF,2014,13,SF,SEA,-16.0,1.2708123929076736,22.0,42.99295775922357,22.131885076065622,20.86107268315795,3.0,19.0
2014_13_SD_BAL,2014,13,BAL,SD,-1.0,3.257104320627615,67.0,45.60700425668841,24.432054288658016,21.174949968030397,33.0,34.0
2014_13_CLE_BUF,2014,13,BUF,CLE,16.0,4.517025617395845,36.0,38.97004183692569,21.743533727160766,17.22650810976492,26.0,10.0
2014_13_TEN_HOU,2014,13,HOU,TEN,24.0,4.708439794730359,66.0,43.545072110242074,24.126755952486217,19.418316157755857,45.0,21.0
2014_13_WAS_IND,2014,13,IND,WAS,22.0,10.628974900930835,76.0,44.667550779031785,27.64826283998131,17.019287939050475,49.0,27.0
2014_13_NYG_JAX,2014,13,JAX,NYG,1.0,-4.820774301411155,49.0,43.609361159503806,19.394293429046325,24.21506773045748,25.0,24.0
2014_13_CAR_MIN,2014,13,MIN,CAR,18.0,1.31050020015604,44.0,40.008272558122655,20.65938637913935,19.348886178983307,31.0,13.0
2014_13_NO_PIT,2014,13,PIT,NO,-3.0,3.3322831129067345,67.0,47.95989079159459,25.646086952250663,22.313803839343926,32.0,35.0
2014_13_OAK_STL,2014,13,STL,OAK,52.0,10.310435983444275,52.0,44.12916314414046,27.21979956379237,16.909363580348092,52.0,0.0
2014_13_CIN_TB,2014,13,TB,CIN,-1.0,-3.571213036795493,27.0,40.23466148839994,18.331724225802223,21.902937262597714,13.0,14.0
2014_13_ARI_ATL,2014,13,ATL,ARI,11.0,-0.1088787254056426,47.0,45.956957805505326,22.92403954004984,23.032918265455486,29.0,18.0
2014_13_NE_GB,2014,13,GB,NE,5.0,1.192673634803856,47.0,52.563646185923524,26.87815991036369,25.685486275559835,26.0,21.0
2014_13_DEN_KC,2014,13,KC,DEN,-13.0,0.9408611042814868,45.0,47.590942382818305,24.265901743549897,23.32504063926841,16.0,29.0
2014_13_MIA_NYJ,2014,13,NYJ,MIA,-3.0,-6.126310726579098,29.0,45.9316413702493,19.9026653218351,26.0289760484142,13.0,16.0
2014_14_DAL_CHI,2014,14,CHI,DAL,-13.0,-0.0310613501278522,69.0,44.69329591105082,22.331117280461484,22.362178630589334,28.0,41.0
2014_14_PIT_CIN,2014,14,CIN,PIT,-21.0,3.4581870959064243,63.0,43.742436936994785,23.600312016450605,20.14212492054418,21.0,42.0
2014_14_IND_CLE,2014,14,CLE,IND,-1.0,-4.048318767736483,49.0,42.456887928225,19.20428458024426,23.25260334798074,24.0,25.0
2014_14_TB_DET,2014,14,DET,TB,17.0,9.667243854543075,51.0,41.00144829720951,25.33434607587629,15.667102221333217,34.0,17.0
2014_14_HOU_JAX,2014,14,JAX,HOU,-14.0,-5.269345433046626,40.0,40.74532642943084,17.737990498192108,23.00733593123873,13.0,27.0
2014_14_BAL_MIA,2014,14,MIA,BAL,-15.0,3.105973583346817,41.0,45.44143724160262,24.27370541247472,21.167731829127902,13.0,28.0
2014_14_NYJ_MIN,2014,14,MIN,NYJ,6.0,7.859443403759474,54.0,39.156457778420624,23.507950591090047,15.648507187330575,30.0,24.0
2014_14_CAR_NO,2014,14,NO,CAR,-31.0,6.924469269317344,51.0,47.725178549702704,27.324823909510023,20.40035464019268,10.0,41.0
2014_14_NYG_TEN,2014,14,TEN,NYG,-29.0,-1.5150751121341222,43.0,44.60673464883706,21.54582976835147,23.06090488048559,7.0,36.0
2014_14_STL_WAS,2014,14,WAS,STL,-24.0,-2.845857741456812,24.0,41.75759253056785,19.45586739455552,22.30172513601233,0.0,24.0
2014_14_KC_ARI,2014,14,ARI,KC,3.0,3.23064116739278,31.0,43.42261526306486,23.326628215228823,20.09598704783604,17.0,14.0
2014_14_BUF_DEN,2014,14,DEN,BUF,7.0,9.94885043519601,41.0,43.46335225709913,26.70610134614757,16.757250910951562,24.0,17.0
2014_14_SF_OAK,2014,14,OAK,SF,11.0,-5.778498706234309,37.0,41.58975736357168,17.905629328668685,23.684128034902994,24.0,13.0
2014_14_SEA_PHI,2014,14,PHI,SEA,-10.0,0.9368130807776152,38.0,44.202053602864666,22.569433341821142,21.632620261043524,14.0,24.0
2014_14_NE_SD,2014,14,SD,NE,-9.0,-3.452914029184159,37.0,48.02571831429317,22.286402142554508,25.739316171738665,14.0,23.0
2014_14_ATL_GB,2014,14,GB,ATL,6.0,9.141919187060914,80.0,50.721003411776515,29.931461299418714,20.7895421123578,43.0,37.0
2014_15_ARI_STL,2014,15,STL,ARI,-6.0,-1.010145230635615,18.0,42.609580348856355,20.79971755911037,21.809862789745985,6.0,12.0
2014_15_PIT_ATL,2014,15,ATL,PIT,-7.0,1.407698220296938,47.0,50.46401808237983,25.935858151338383,24.528159931041447,20.0,27.0
2014_15_JAX_BAL,2014,15,BAL,JAX,8.0,11.093488377925455,32.0,41.42614065236563,26.259814515145543,15.16632613722009,20.0,12.0
2014_15_GB_BUF,2014,15,BUF,GB,8.0,-3.671025467101338,34.0,46.99266903026188,21.66082178158027,25.33184724868161,21.0,13.0
2014_15_TB_CAR,2014,15,CAR,TB,2.0,8.46177413176241,36.0,41.890655692092636,25.176214911927524,16.714440780165113,19.0,17.0
2014_15_CIN_CLE,2014,15,CLE,CIN,-30.0,-3.1197449385283096,30.0,40.927291272318776,18.903773166895235,22.02351810542354,0.0,30.0
2014_15_HOU_IND,2014,15,IND,HOU,7.0,6.93218557779175,27.0,44.88726656379048,25.909726070791116,18.977540492999367,17.0,10.0
2014_15_OAK_KC,2014,15,KC,OAK,18.0,10.77065378694615,44.0,41.71832589864884,26.244489842797496,15.473836055851347,31.0,13.0
2014_15_MIA_NE,2014,15,NE,MIA,28.0,6.458178979553956,54.0,47.141694448490085,26.79993671402202,20.341757734468064,41.0,13.0
2014_15_WAS_NYG,2014,15,NYG,WAS,11.0,8.051756136588079,37.0,42.422181604417574,25.236968870502828,17.185212733914746,24.0,13.0
2014_15_DEN_SD,2014,15,SD,DEN,-12.0,-2.593214179430952,32.0,47.62786885808805,22.51732733932855,25.1105415187595,10.0,22.0
2014_15_NYJ_TEN,2014,15,TEN,NYJ,-5.0,0.589720016408946,27.0,43.61903948108065,22.104379748744797,21.51465973233585,11.0,16.0
2014_15_MIN_DET,2014,15,DET,MIN,2.0,6.12445374358572,30.0,42.41207550822202,24.268264625903868,18.14381088231815,16.0,14.0
2014_15_SF_SEA,2014,15,SEA,SF,10.0,9.01043184109578,24.0,39.00563676841634,24.00803430475606,14.997602463660279,17.0,7.0
2014_15_DAL_PHI,2014,15,PHI,DAL,-11.0,3.2662005032155577,65.0,46.93270130724812,25.099450905231837,21.83325040201628,27.0,38.0
2014_15_NO_CHI,2014,15,CHI,NO,-16.0,-0.066280309291083,46.0,48.2941275866449,24.11392363867691,24.18020394796799,15.0,31.0
2014_16_TEN_JAX,2014,16,JAX,TEN,8.0,0.6032769737099064,34.0,42.19732103810727,21.400299005908586,20.797022032198683,21.0,13.0
2014_16_PHI_WAS,2014,16,WAS,PHI,3.0,-3.6731395517338505,51.0,42.68363225256038,19.505246350413266,23.178385902147113,27.0,24.0
2014_16_SD_SF,2014,16,SF,SD,-3.0,2.600197455746699,73.0,41.35051256345479,21.975355009600747,19.375157553854045,35.0,38.0
2014_16_CLE_CAR,2014,16,CAR,CLE,4.0,5.356726156142264,30.0,41.211904214657224,23.284315185399745,17.92758902925748,17.0,13.0
2014_16_DET_CHI,2014,16,CHI,DET,-6.0,-3.3539337784780066,34.0,42.090717416226965,19.36839181887448,22.722325597352487,14.0,20.0
2014_16_BAL_HOU,2014,16,HOU,BAL,12.0,-1.351990215263618,38.0,44.44123768206284,21.54462373339961,22.89661394866323,25.0,13.0
2014_16_MIN_MIA,2014,16,MIA,MIN,2.0,3.3790698644418637,72.0,44.48212913933886,23.930599501890363,20.551529637448496,37.0,35.0
2014_16_ATL_NO,2014,16,NO,ATL,-16.0,3.7551811148429777,44.0,49.90324316178173,26.829212138312354,23.074031023469377,14.0,30.0
2014_16_NE_NYJ,2014,16,NYJ,NE,-1.0,-4.479478514820822,33.0,43.89819721583386,19.70935935050652,24.18883786532734,16.0,17.0
2014_16_KC_PIT,2014,16,PIT,KC,8.0,5.222818431251968,32.0,48.04230769115777,26.632563061204866,21.4097446299529,20.0,12.0
2014_16_GB_TB,2014,16,TB,GB,-17.0,-3.8197990272419218,23.0,49.0009107366716,22.59055585471484,26.41035488195676,3.0,20.0
2014_16_NYG_STL,2014,16,STL,NYG,-10.0,3.4715670726067485,64.0,43.86224366975426,23.6669053711805,20.195338298573756,27.0,37.0
2014_16_IND_DAL,2014,16,DAL,IND,35.0,2.352294953295022,49.0,50.21303646342519,26.282665708360106,23.930370755065084,42.0,7.0
2014_16_BUF_OAK,2014,16,OAK,BUF,2.0,-4.226637727362128,50.0,40.57357839296539,18.173470332801628,22.40010806016376,26.0,24.0
2014_16_SEA_ARI,2014,16,ARI,SEA,-29.0,-1.4642631736400056,41.0,40.84196312868496,19.688849977522477,21.153113151162483,6.0,35.0
2014_16_DEN_CIN,2014,16,CIN,DEN,9.0,-0.2848621525011012,65.0,45.26296577425781,22.489051810878355,22.773913963379453,37.0,28.0
2014_17_CLE_BAL,2014,17,BAL,CLE,10.0,10.182259487968372,30.0,42.77539444171965,26.47882696484401,16.296567476875637,20.0,10.0
2014_17_JAX_HOU,2014,17,HOU,JAX,6.0,10.22015375402975,40.0,41.73483188685425,25.977492820442002,15.75733906641225,23.0,17.0
2014_17_SD_KC,2014,17,KC,SD,12.0,1.9362005623554508,26.0,43.83799635283796,22.887098457596707,20.950897895241255,19.0,7.0
2014_17_NYJ_MIA,2014,17,MIA,NYJ,-13.0,8.190450971074574,61.0,43.362567234851845,25.77650910296321,17.586058131888635,24.0,37.0
2014_17_CHI_MIN,2014,17,MIN,CHI,4.0,4.342435012037478,22.0,45.947659666245826,25.14504733914165,20.802612327104175,13.0,9.0
2014_17_BUF_NE,2014,17,NE,BUF,-8.0,10.630939114590197,26.0,44.226182314203506,27.428560714396852,16.797621599806654,9.0,17.0
2014_17_PHI_NYG,2014,17,NYG,PHI,-8.0,-0.098182517424769,60.0,43.59239283186963,21.747105157222432,21.8452876746472,26.0,34.0
2014_17_NO_TB,2014,17,TB,NO,-3.0,-3.93123779193865,43.0,43.02127983707718,19.545021022569266,23.476258814507915,20.0,23.0
2014_17_IND_TEN,2014,17,TEN,IND,-17.0,-2.801287813029773,37.0,43.886062907084536,20.54238754702738,23.343675360057155,10.0,27.0
2014_17_DAL_WAS,2014,17,WAS,DAL,-27.0,-4.299817161366093,61.0,46.08268625054728,20.891434544590595,25.191251705956688,17.0,44.0
2014_17_CAR_ATL,2014,17,ATL,CAR,-31.0,3.421022899215408,37.0,46.61677419213259,25.018898545674,21.59787564645859,3.0,34.0
2014_17_OAK_DEN,2014,17,DEN,OAK,33.0,12.084181294094703,61.0,42.71192671322107,27.398054003657887,15.313872709563181,47.0,14.0
2014_17_DET_GB,2014,17,GB,DET,10.0,6.85967449198243,50.0,45.95987119865513,26.40977284531878,19.55009835333635,30.0,20.0
2014_17_STL_SEA,2014,17,SEA,STL,14.0,11.83245711435491,26.0,40.56419088876251,26.19832400155871,14.3658668872038,20.0,6.0
2014_17_ARI_SF,2014,17,SF,ARI,3.0,0.5120379506896671,37.0,40.04952016649016,20.280779058589914,19.768741107900247,20.0,17.0
2014_17_CIN_PIT,2014,17,PIT,CIN,10.0,5.466343064456203,44.0,46.891888517112555,26.17911579078438,20.712772726328176,27.0,17.0
2015_01_PIT_NE,2015,1,NE,PIT,7.0,4.344037784409356,49.0,46.072640803632986,25.208339294021172,20.864301509611813,28.0,21.0
2015_01_IND_BUF,2015,1,BUF,IND,13.0,1.73443081708333,41.0,39.42839175591019,20.58141128649676,18.84698046941343,27.0,14.0
2015_01_GB_CHI,2015,1,CHI,GB,-8.0,-5.075087012022711,54.0,49.703710617128365,22.314311802552826,27.38939881457554,23.0,31.0
2015_01_KC_HOU,2015,1,HOU,KC,-7.0,1.0993353415844156,47.0,44.67946274698011,22.88939904428226,21.790063702697847,20.0,27.0
2015_01_CAR_JAX,2015,1,JAX,CAR,-11.0,-4.812391816327044,29.0,39.98844294297503,17.588025563323992,22.400417379651035,9.0,20.0
2015_01_CLE_NYJ,2015,1,NYJ,CLE,21.0,4.390795745636509,41.0,38.652402095745444,21.521598920690977,17.130803175054467,31.0,10.0
2015_01_SEA_STL,2015,1,STL,SEA,3.0,-4.225801360558224,65.0,45.005359968008,20.38977930372489,24.61558066428311,34.0,31.0
2015_01_MIA_WAS,2015,1,WAS,MIA,-7.0,-2.4414836614232454,27.0,43.029021219003056,20.293768778789904,22.735252440213152,10.0,17.0
2015_01_NO_ARI,2015,1,ARI,NO,12.0,2.794090852926223,50.0,46.860246303503175,24.8271685782147,22.033077725288475,31.0,19.0
2015_01_DET_SD,2015,1,SD,DET,5.0,1.653989003163444,61.0,41.2711874946119,21.462588248887673,19.808599245724228,33.0,28.0
2015_01_BAL_DEN,2015,1,DEN,BAL,6.0,5.431052427089124,32.0,43.441831095484126,24.436441761286623,19.005389334197503,19.0,13.0
2015_01_CIN_OAK,2015,1,OAK,CIN,-20.0,-4.664253317313416,46.0,41.76008847986374,18.54791758127516,23.212170898588578,13.0,33.0
2015_01_TEN_TB,2015,1,TB,TEN,-28.0,2.713562674029743,56.0,39.37976882295196,21.046665748490852,18.333103074461107,14.0,42.0
2015_01_NYG_DAL,2015,1,DAL,NYG,1.0,8.661443391225918,53.0,46.48265896768142,27.572051179453666,18.91060778822775,27.0,26.0
2015_01_PHI_ATL,2015,1,ATL,PHI,2.0,1.7303371849137703,50.0,47.12648884427024,24.428413014592007,22.698075829678235,26.0,24.0
2015_01_MIN_SF,2015,1,SF,MIN,17.0,2.534477738554717,23.0,42.048198331201725,22.291338034878223,19.756860296323502,20.0,3.0
2015_02_DEN_KC,2015,2,KC,DEN,-7.0,1.744323049634844,55.0,39.727357198897735,20.73584012426629,18.991517074631446,24.0,31.0
2015_02_NE_BUF,2015,2,BUF,NE,-8.0,-5.295639365569825,72.0,51.63559528043559,23.16997795743288,28.465617323002707,32.0,40.0
2015_02_HOU_CAR,2015,2,CAR,HOU,7.0,1.9643093047642084,41.0,39.67783827211387,20.821073788439037,18.85676448367483,24.0,17.0
2015_02_ARI_CHI,2015,2,CHI,ARI,-25.0,-2.0010836233740736,71.0,51.808582804174215,24.90374959040007,26.904833213774143,23.0,48.0
2015_02_SD_CIN,2015,2,CIN,SD,5.0,6.463766921927783,43.0,48.73678047449527,27.600273698211527,21.136506776283742,24.0,19.0
2015_02_TEN_CLE,2015,2,CLE,TEN,14.0,2.773387477072609,42.0,45.81741151416421,24.295399495618412,21.5220120185458,28.0,14.0
2015_02_DET_MIN,2015,2,MIN,DET,10.0,-2.6235794746837606,42.0,45.48713372856036,21.4317771269383,24.05535660162206,26.0,16.0
2015_02_TB_NO,2015,2,NO,TB,-7.0,7.4772376254573345,45.0,44.317136860796126,25.89718724312673,18.419949617669396,19.0,26.0
2015_02_ATL_NYG,2015,2,NYG,ATL,-4.0,3.548430827772415,44.0,46.009507145616524,24.77896898669447,21.230538158922055,20.0,24.0
2015_02_SF_PIT,2015,2,PIT,SF,25.0,3.146991546348198,61.0,51.39975961796876,27.27337558215848,24.126384035810283,43.0,18.0
2015_02_STL_WAS,2015,2,WAS,STL,14.0,-1.651410578492836,34.0,43.56666641361604,20.957627917561602,22.60903849605444,24.0,10.0
2015_02_MIA_JAX,2015,2,JAX,MIA,3.0,-5.61610699524446,43.0,39.55176452327553,16.967828764015536,22.583935759259994,23.0,20.0
2015_02_BAL_OAK,2015,2,OAK,BAL,4.0,-4.551785394857921,70.0,37.95605168429194,16.70213314471701,21.253918539574933,37.0,33.0
2015_02_DAL_PHI,2015,2,PHI,DAL,-10.0,-0.53858912495901,30.0,43.55216587797926,21.506788376510126,22.045377501469137,10.0,20.0
2015_02_SEA_GB,2015,2,GB,SEA,10.0,3.584770784817882,44.0,50.256160765048506,26.920465774933195,23.33569499011531,27.0,17.0
2015_02_NYJ_IND,2015,2,IND,NYJ,-13.0,2.3603374205549508,27.0,49.14453602399611,25.75243672227553,23.39209930172058,7.0,20.0
2015_03_WAS_NYG,2015,3,NYG,WAS,11.0,4.656646926257518,53.0,45.931808381534005,25.29422765389576,20.637580727638245,32.0,21.0
2015_03_CIN_BAL,2015,3,BAL,CIN,-4.0,-1.7439753360116117,52.0,43.931337922747275,21.093681293367833,22.837656629379442,24.0,28.0
2015_03_NO_CAR,2015,3,CAR,NO,5.0,8.864546607128824,49.0,40.90747627154226,24.88601143933554,16.021464832206718,27.0,22.0
2015_03_OAK_CLE,2015,3,CLE,OAK,-7.0,3.4374540257931074,47.0,42.09328173450156,22.765367880147334,19.327913854354225,20.0,27.0
2015_03_ATL_DAL,2015,3,DAL,ATL,-11.0,6.48915045758693,67.0,46.1662045881387,26.327677522862814,19.838527065275883,28.0,39.0
2015_03_TB_HOU,2015,3,HOU,TB,10.0,7.777868670810033,28.0,45.786707082837914,26.782287876823972,19.004419206013942,19.0,9.0
2015_03_SD_MIN,2015,3,MIN,SD,17.0,1.7413141821980755,45.0,41.49432371071719,21.617818946457632,19.876504764259558,31.0,14.0
2015_03_JAX_NE,2015,3,NE,JAX,34.0,10.343141208598784,68.0,46.144493577525395,28.243817393062088,17.900676184463308,51.0,17.0
2015_03_PHI_NYJ,2015,3,NYJ,PHI,-7.0,4.072840579466106,41.0,40.0338293558271,22.053334967646602,17.9804943881805,17.0,24.0
2015_03_PIT_STL,2015,3,STL,PIT,-6.0,-9.197087823772655,18.0,52.34200596307214,21.572459069649742,30.769546893422397,6.0,12.0
2015_03_IND_TEN,2015,3,TEN,IND,-2.0,1.3198248568701396,68.0,44.47141756961614,22.895621213243142,21.575796356373,33.0,35.0
2015_03_SF_ARI,2015,3,ARI,SF,40.0,5.000559353310485,54.0,54.10595935722707,29.55325935526878,24.552700001958293,47.0,7.0
2015_03_BUF_MIA,2015,3,MIA,BUF,-27.0,-0.3149394843351045,55.0,43.14650129016912,21.415780902917007,21.730720387252113,14.0,41.0
2015_03_CHI_SEA,2015,3,SEA,CHI,26.0,9.644857540572763,26.0,47.29174121788238,28.468299379227574,18.82344183865481,26.0,0.0
2015_03_DEN_DET,2015,3,DET,DEN,-12.0,-2.3224811957283555,36.0,41.45138629064724,19.564452547459442,21.8869337431878,12.0,24.0
2015_03_KC_GB,2015,3,GB,KC,10.0,8.733421800750317,66.0,45.982955590070176,27.35818869541025,18.624766894659928,38.0,28.0
2015_04_BAL_PIT,2015,4,PIT,BAL,-3.0,8.950270224623717,43.0,45.62514278713448,27.287706505879097,18.337436281255382,20.0,23.0
2015_04_NYJ_MIA,2015,4,MIA,NYJ,-13.0,2.0684252603179343,41.0,42.27505409053452,22.171739675426227,20.10331441510829,14.0,27.0
2015_04_HOU_ATL,2015,4,ATL,HOU,27.0,4.287654050790558,69.0,44.451227313348475,24.369440682069516,20.08178663127896,48.0,21.0
2015_04_NYG_BUF,2015,4,BUF,NYG,-14.0,9.30893278889402,34.0,48.97011454799187,29.139523668442944,19.830590879548925,10.0,24.0
2015_04_OAK_CHI,2015,4,CHI,OAK,2.0,0.7201368655029958,42.0,43.43324315360902,22.076690009556007,21.356553144053013,22.0,20.0
2015_04_KC_CIN,2015,4,CIN,KC,15.0,6.752532339425336,57.0,42.919302325988646,24.83591733270699,18.083384993281655,36.0,21.0
2015_04_JAX_IND,2015,4,IND,JAX,3.0,7.909655431788452,29.0,44.455386431418034,26.182520931603243,18.27286549981479,16.0,13.0
2015_04_CAR_TB,2015,4,TB,CAR,-14.0,-5.56630958891313,60.0,41.768129583750444,18.100909997418658,23.667219586331786,23.0,37.0
2015_04_PHI_WAS,2015,4,WAS,PHI,3.0,-2.7442838793115167,43.0,39.10281131919439,18.179263719941435,20.923547599252952,23.0,20.0
2015_04_CLE_SD,2015,4,SD,CLE,3.0,8.314345958944767,57.0,44.57818455393446,26.446265256439617,18.131919297494846,30.0,27.0
2015_04_STL_ARI,2015,4,ARI,STL,-2.0,10.38817292032432,46.0,46.68714948305432,28.53766120168932,18.149488281365,22.0,24.0
2015_04_MIN_DEN,2015,4,DEN,MIN,3.0,8.999380525325822,43.0,41.09969198795071,25.04953625663827,16.050155731312444,23.0,20.0
2015_04_GB_SF,2015,4,SF,GB,-14.0,-3.7539184339352194,20.0,52.918777348698775,24.582429457381778,28.336347891316997,3.0,17.0
2015_04_DAL_NO,2015,4,NO,DAL,6.0,-4.16672282398507,46.0,46.62890517142724,21.231091173721087,25.397813997706155,26.0,20.0
2015_04_DET_SEA,2015,4,SEA,DET,3.0,7.15102834429501,23.0,42.26442658089838,24.707727462596694,17.556699118301687,13.0,10.0
2015_05_IND_HOU,2015,5,HOU,IND,-7.0,-0.7613543771682152,47.0,46.081673447120444,22.660159534976113,23.42151391214433,20.0,27.0
2015_05_WAS_ATL,2015,5,ATL,WAS,6.0,10.371081034145591,44.0,48.44185151041304,29.406466272279314,19.035385238133724,25.0,19.0
2015_05_CLE_BAL,2015,5,BAL,CLE,-3.0,8.827895650998938,63.0,43.393643248190415,26.110769449594677,17.282873798595737,30.0,33.0
2015_05_SEA_CIN,2015,5,CIN,SEA,3.0,3.426521637289126,51.0,46.15833000385372,24.792425820571424,21.365904183282296,27.0,24.0
2015_05_STL_GB,2015,5,GB,STL,14.0,10.688755911367975,34.0,45.07143818035131,27.880097045859642,17.191341134491665,24.0,10.0
2015_05_CHI_KC,2015,5,KC,CHI,-1.0,7.005020026833522,35.0,45.22442531678052,26.11472267180702,19.1097026449735,17.0,18.0
2015_05_NO_PHI,2015,5,PHI,NO,22.0,3.1591187942271155,56.0,43.156145601664,23.15763219794556,19.99851340371844,39.0,17.0
2015_05_JAX_TB,2015,5,TB,JAX,7.0,2.0538561205300363,69.0,39.612523855302676,20.833189987916356,18.77933386738632,38.0,31.0
2015_05_BUF_TEN,2015,5,TEN,BUF,-1.0,1.3023099978712462,27.0,46.67228294713334,23.987296472502294,22.684986474631046,13.0,14.0
2015_05_ARI_DET,2015,5,DET,ARI,-25.0,0.1421461166953559,59.0,47.18633322135165,23.664239669023505,23.522093552328148,17.0,42.0
2015_05_NE_DAL,2015,5,DAL,NE,-24.0,-5.889273025645364,36.0,55.97156828915611,25.041147631755372,30.930420657400738,6.0,30.0
2015_05_DEN_OAK,2015,5,OAK,DEN,-6.0,-3.437487906595237,26.0,42.532443044982095,19.54747756919343,22.984965475788666,10.0,16.0
2015_05_SF_NYG,2015,5,NYG,SF,3.0,3.445382762765297,57.0,43.79402421881386,23.61970349078958,20.17432072802428,30.0,27.0
2015_05_PIT_SD,2015,5,SD,PIT,-4.0,-4.238901519563012,44.0,49.97680354720688,22.86895101382193,27.107852533384946,20.0,24.0
2015_06_ATL_NO,2015,6,NO,ATL,10.0,-1.7256485353813589,52.0,50.472627287214195,24.373489375916417,26.099137911297777,31.0,21.0
2015_06_CIN_BUF,2015,6,BUF,CIN,-13.0,0.3234478804562837,55.0,47.83930926906673,24.08137857476151,23.757930694305223,21.0,34.0
2015_06_DEN_CLE,2015,6,CLE,DEN,-3.0,-1.504264546284123,49.0,39.65950880557104,19.07762212964346,20.581886675927585,23.0,26.0
2015_06_CHI_DET,2015,6,DET,CHI,3.0,3.106928636534142,71.0,43.40590890825794,23.256418772396042,20.1494901358619,37.0,34.0
2015_06_HOU_JAX,2015,6,JAX,HOU,-11.0,-0.4778062629124957,51.0,38.81061139714564,19.166402567116574,19.64420883002907,20.0,31.0
2015_06_KC_MIN,2015,6,MIN,KC,6.0,1.9836343683847573,26.0,41.02201307077203,21.502823719578394,19.51918935119364,16.0,10.0
2015_06_WAS_NYJ,2015,6,NYJ,WAS,14.0,9.307048100963486,54.0,38.768132074582994,24.03759008777324,14.730541986809754,34.0,20.0
2015_06_ARI_PIT,2015,6,PIT,ARI,12.0,1.4357172354043168,38.0,49.81872098255246,25.62721910897839,24.191501873574072,25.0,13.0
2015_06_MIA_TEN,2015,6,TEN,MIA,-28.0,-0.1871029645316105,48.0,43.10697282102896,21.459934928248675,21.647037892780286,10.0,38.0
2015_06_CAR_SEA,2015,6,SEA,CAR,-4.0,3.624458537129618,50.0,43.84599702213033,23.735227779629973,20.110769242500353,23.0,27.0
2015_06_SD_GB,2015,6,GB,SD,7.0,11.529545806161696,47.0,43.537136552582176,27.533341179371938,16.003795373210238,27.0,20.0
2015_06_BAL_SF,2015,6,SF,BAL,5.0,0.3515481446661868,45.0,41.75977088802184,21.055659516344015,20.704111371677826,25.0,20.0
2015_06_NE_IND,2015,6,IND,NE,-7.0,-4.282433097986545,61.0,52.23116042377409,23.974363662893772,28.25679676088032,27.0,34.0
2015_06_NYG_PHI,2015,6,PHI,NYG,20.0,2.4372617086732693,34.0,43.27073759919432,22.853999653933794,20.416737945260525,27.0,7.0
2015_07_SEA_SF,2015,7,SF,SEA,-17.0,-1.94866896213754,23.0,42.369562411661676,20.21044672476207,22.159115686899607,3.0,20.0
2015_07_BUF_JAX,2015,7,JAX,BUF,3.0,-3.474395974338112,65.0,44.48471314654457,20.505158586103228,23.979554560441343,34.0,31.0
2015_07_MIN_DET,2015,7,DET,MIN,-9.0,2.265913296863237,47.0,43.27184896374809,22.768881130305665,20.502967833442426,19.0,28.0
2015_07_NO_IND,2015,7,IND,NO,-6.0,3.11875483783716,48.0,46.1331707627915,24.62596280031433,21.50720796247717,21.0,27.0
2015_07_PIT_KC,2015,7,KC,PIT,10.0,-4.452450708632566,36.0,43.307192407680795,19.427370849524113,23.87982155815668,23.0,13.0
2015_07_HOU_MIA,2015,7,MIA,HOU,18.0,1.286672765159642,70.0,40.583392001352166,20.935032383255905,19.64835961809626,44.0,26.0
2015_07_NYJ_NE,2015,7,NE,NYJ,7.0,11.52469470174449,53.0,46.85850312835056,29.19159891504753,17.666904213303035,30.0,23.0
2015_07_CLE_STL,2015,7,STL,CLE,18.0,3.894314957978849,30.0,43.981908176242484,23.938111567110667,20.043796609131817,24.0,6.0
2015_07_ATL_TEN,2015,7,TEN,ATL,-3.0,-2.282965508178017,17.0,46.55324351383256,22.135139002827273,24.41810451100529,7.0,10.0
2015_07_TB_WAS,2015,7,WAS,TB,1.0,3.324640172744011,61.0,42.37119197219526,22.847916072469637,19.523275899725625,31.0,30.0
2015_07_OAK_SD,2015,7,SD,OAK,-8.0,5.51933821207664,66.0,44.19442426879223,24.856881240434436,19.337543028357796,29.0,37.0
2015_07_DAL_NYG,2015,7,NYG,DAL,7.0,1.0284599847679108,47.0,44.331781842667105,22.68012091371751,21.651660928949596,27.0,20.0
2015_07_PHI_CAR,2015,7,CAR,PHI,11.0,5.2724783264711785,43.0,43.67584362098216,24.47416097372667,19.20168264725549,27.0,16.0
2015_07_BAL_ARI,2015,7,ARI,BAL,8.0,1.8526102123387231,44.0,44.29723999499318,23.07492510366595,21.222314891327226,26.0,18.0
2015_08_MIA_NE,2015,8,NE,MIA,29.0,7.364060318776274,43.0,49.99153337628788,28.67779684753208,21.313736528755804,36.0,7.0
2015_08_DET_KC,2015,8,KC,DET,35.0,4.705068854728319,55.0,42.98506428308253,23.845066568905423,19.139997714177106,45.0,10.0
2015_08_TB_ATL,2015,8,ATL,TB,-3.0,8.557715600586572,43.0,47.341390876899155,27.949553238742865,19.39183763815629,20.0,23.0
2015_08_SD_BAL,2015,8,BAL,SD,3.0,4.050143865573358,55.0,44.46595466745103,24.258049266512195,20.207905400938834,29.0,26.0
2015_08_MIN_CHI,2015,8,CHI,MIN,-3.0,-2.540154151293218,43.0,42.36608503959669,19.912965444151737,22.453119595444953,20.0,23.0
2015_08_ARI_CLE,2015,8,CLE,ARI,-14.0,-3.4344686951176837,54.0,44.403441766127514,20.484486535504914,23.9189552306226,20.0,34.0
2015_08_TEN_HOU,2015,8,HOU,TEN,14.0,6.27584765679372,26.0,45.79898468625793,26.037416171525827,19.761568514732105,20.0,6.0
2015_08_NYG_NO,2015,8,NO,NYG,3.0,1.8818833258436172,101.0,46.92029563319709,24.401089479520355,22.519206153676738,52.0,49.0
2015_08_CIN_PIT,2015,8,PIT,CIN,-6.0,-2.557711048652198,26.0,50.607306833075725,24.024797892211765,26.58250894086396,10.0,16.0
2015_08_SF_STL,2015,8,STL,SF,21.0,2.344991331479431,33.0,42.684002826289586,22.51449707888451,20.169505747405076,27.0,6.0
2015_08_NYJ_OAK,2015,8,OAK,NYJ,14.0,-2.477890284936773,54.0,45.75041453385824,21.636262124460735,24.114152409397505,34.0,20.0
2015_08_SEA_DAL,2015,8,DAL,SEA,-1.0,-1.3947733326140357,25.0,47.04000167401984,22.822614170702902,24.21738750331694,12.0,13.0
2015_08_GB_DEN,2015,8,DEN,GB,19.0,2.0554483942563926,39.0,42.91726424440211,22.486356319329253,20.43090792507286,29.0,10.0
2015_08_IND_CAR,2015,8,CAR,IND,3.0,8.022928686311172,55.0,43.14187188255406,25.582400284432616,17.55947159812144,29.0,26.0
2015_09_CLE_CIN,2015,9,CIN,CLE,21.0,12.186231856315334,41.0,44.693665402813274,28.439948629564306,16.253716773248968,31.0,10.0
2015_09_MIA_BUF,2015,9,BUF,MIA,16.0,3.671027970777866,50.0,43.78169084754824,23.726359409163052,20.05533143838519,33.0,17.0
2015_09_GB_CAR,2015,9,CAR,GB,8.0,3.1940956599486383,66.0,43.246541817711744,23.22031873883019,20.026223078881554,37.0,29.0
2015_09_STL_MIN,2015,9,MIN,STL,3.0,3.922530706851614,39.0,41.52554497436161,22.724037840606613,18.801507133754995,21.0,18.0
2015_09_WAS_NE,2015,9,NE,WAS,17.0,13.45494974143199,37.0,46.27500370704613,29.86497672423906,16.41002698280707,27.0,10.0
2015_09_TEN_NO,2015,9,NO,TEN,-6.0,7.6266733284846895,62.0,45.996563170610536,26.811618249547614,19.18494492106292,28.0,34.0
2015_09_JAX_NYJ,2015,9,NYJ,JAX,5.0,6.284024328603324,51.0,43.43443824540551,24.859231287004416,18.575206958401093,28.0,23.0
2015_09_OAK_PIT,2015,9,PIT,OAK,3.0,9.725730315720831,73.0,43.76152698925925,26.74362865249004,17.01789833676921,38.0,35.0
2015_09_ATL_SF,2015,9,SF,ATL,1.0,-2.6784436497984534,33.0,45.92352014703677,21.622538248619158,24.30098189841761,17.0,16.0
2015_09_NYG_TB,2015,9,TB,NYG,-14.0,-4.068935688405636,50.0,46.11098277108072,21.02102354133754,25.08995922974318,18.0,32.0
2015_09_DEN_IND,2015,9,IND,DEN,3.0,-2.11392966874676,51.0,42.9644393231915,20.425254827222368,22.53918449596913,27.0,24.0
2015_09_PHI_DAL,2015,9,DAL,PHI,-6.0,0.5522527002854922,60.0,42.19979570766685,21.376024203976172,20.82377150369068,27.0,33.0
2015_09_CHI_SD,2015,9,SD,CHI,-3.0,2.1972669307131767,41.0,46.44763388282134,24.32245040676726,22.125183476054083,19.0,22.0
2015_10_BUF_NYJ,2015,10,NYJ,BUF,-5.0,4.2986733278169496,39.0,43.545172168011746,23.921922747914348,19.623249420097398,17.0,22.0
2015_10_JAX_BAL,2015,10,BAL,JAX,-2.0,9.196830621430829,42.0,44.49826995990541,26.847550290668117,17.65071966923729,20.0,22.0
2015_10_DET_GB,2015,10,GB,DET,-2.0,10.299265141523575,34.0,43.84576971634622,27.072517428934898,16.77325228741132,16.0,18.0
2015_10_MIA_PHI,2015,10,PHI,MIA,-1.0,6.058682213182606,39.0,43.228114452193,24.643398332687802,18.584716119505195,19.0,20.0
2015_10_CLE_PIT,2015,10,PIT,CLE,21.0,11.354920013093391,39.0,44.82632716417232,28.090623588632855,16.735703575539464,30.0,9.0
2015_10_CHI_STL,2015,10,STL,CHI,-24.0,6.056500199047581,50.0,44.19444623104453,25.125473215046057,19.068973015998473,13.0,37.0
2015_10_DAL_TB,2015,10,TB,DAL,4.0,-1.3558450141364635,16.0,45.281760832630475,21.962957909247006,23.31880292338347,10.0,6.0
2015_10_CAR_TEN,2015,10,TEN,CAR,-17.0,-3.986613931722802,37.0,42.56074757059792,19.28706681943756,23.27368075116036,10.0,27.0
2015_10_NO_WAS,2015,10,WAS,NO,33.0,-1.877818370676546,61.0,48.09437728545022,23.10827945738684,24.986097828063382,47.0,14.0
2015_10_MIN_OAK,2015,10,OAK,MIN,-16.0,-1.697674870881523,44.0,39.09951502761041,18.700920078364444,20.398594949245965,14.0,30.0
2015_10_KC_DEN,2015,10,DEN,KC,-16.0,3.546429664468328,42.0,41.13219092326079,22.339310293864557,18.79288062939623,13.0,29.0
2015_10_NE_NYG,2015,10,NYG,NE,-1.0,-5.816634266075489,53.0,49.905112651661774,22.044239192793142,27.86087345886863,26.0,27.0
2015_10_ARI_SEA,2015,10,SEA,ARI,-7.0,2.2915596127899054,71.0,49.95600664720238,26.12378312999614,23.832223517206238,32.0,39.0
2015_10_HOU_CIN,2015,10,CIN,HOU,-4.0,12.999028773131986,16.0,44.673823783250725,28.836426278191354,15.83739750505937,6.0,10.0
2015_11_TEN_JAX,2015,11,JAX,TEN,6.0,2.846312691875696,32.0,40.58828570080413,21.717299196339912,18.870986504464216,19.0,13.0
2015_11_IND_ATL,2015,11,ATL,IND,-3.0,2.3944067919320937,45.0,45.764244391492575,24.079325591712333,21.68491879978024,21.0,24.0
2015_11_STL_BAL,2015,11,BAL,STL,3.0,5.761721806434696,29.0,42.85857574630706,24.310148776370877,18.548426969936184,16.0,13.0
2015_11_WAS_CAR,2015,11,CAR,WAS,28.0,11.702843013554554,60.0,44.216406766595796,27.959624890075176,16.25678187652062,44.0,16.0
2015_11_DEN_CHI,2015,11,CHI,DEN,-2.0,-1.9579907309259503,32.0,40.7473977020945,19.394703485584277,21.352694216510226,15.0,17.0
2015_11_OAK_DET,2015,11,DET,OAK,5.0,1.4730431727079452,31.0,46.248898464122576,23.86097081841526,22.387927645707315,18.0,13.0
2015_11_NYJ_HOU,2015,11,HOU,NYJ,7.0,2.9222020839358267,41.0,45.3646015017982,24.143401792867014,21.221199708931184,24.0,17.0
2015_11_DAL_MIA,2015,11,MIA,DAL,-10.0,1.6996637326231587,38.0,42.84797711837555,22.273820425499355,20.574156692876198,14.0,24.0
2015_11_TB_PHI,2015,11,PHI,TB,-28.0,4.886674090678742,62.0,41.94547978144781,23.416076936063277,18.52940284538453,17.0,45.0
2015_11_KC_SD,2015,11,SD,KC,-30.0,-3.699651197926047,36.0,43.838296114515835,20.069322458294895,23.76897365622094,3.0,33.0
2015_11_GB_MIN,2015,11,MIN,GB,-17.0,2.435712746420517,43.0,43.96614899350563,23.200930869963074,20.765218123542553,13.0,30.0
2015_11_SF_SEA,2015,11,SEA,SF,16.0,9.800049009396243,42.0,38.47564039119131,24.137844700293776,14.337795690897535,29.0,13.0
2015_11_CIN_ARI,2015,11,ARI,CIN,3.0,3.360212564847861,65.0,47.69593910290401,25.52807583387594,22.167863269028075,34.0,31.0
2015_11_BUF_NE,2015,11,NE,BUF,7.0,6.741529639844767,33.0,49.5157666530875,28.128648146466134,21.38711850662137,20.0,13.0
2015_12_PHI_DET,2015,12,DET,PHI,31.0,1.090227123646145,59.0,43.9561035278792,22.523165325762672,21.432938202116528,45.0,14.0
2015_12_CAR_DAL,2015,12,DAL,CAR,-19.0,-1.6001405161520803,47.0,45.7838966459553,22.09187806490161,23.69201858105369,14.0,33.0
2015_12_CHI_GB,2015,12,GB,CHI,-4.0,12.172563312316733,30.0,39.821561924203,25.997062618259868,13.824499305943135,13.0,17.0
2015_12_MIN_ATL,2015,12,ATL,MIN,-10.0,3.0911227999099307,30.0,44.364974990721386,23.72804889531566,20.636926095405727,10.0,20.0
2015_12_STL_CIN,2015,12,CIN,STL,24.0,11.792455508531855,38.0,45.47009576409407,28.631275636312964,16.838820127781105,31.0,7.0
2015_12_NO_HOU,2015,12,HOU,NO,18.0,4.297231727953985,30.0,47.92418928454005,26.110710506247017,21.81347877829303,24.0,6.0
2015_12_TB_IND,2015,12,IND,TB,13.0,7.093145380766598,37.0,46.11299446276206,26.60306992176433,19.50992454099773,25.0,12.0
2015_12_SD_JAX,2015,12,JAX,SD,-6.0,1.1533882625872125,56.0,41.45285083533525,21.30311954896123,20.149731286374017,25.0,31.0
2015_12_BUF_KC,2015,12,KC,BUF,8.0,7.080173582325813,52.0,42.14523637603089,24.61270497917835,17.532531396852537,30.0,22.0
2015_12_MIA_NYJ,2015,12,NYJ,MIA,18.0,3.387864448174588,58.0,43.540430640031104,23.464147544102847,20.076283095928257,38.0,20.0
2015_12_OAK_TEN,2015,12,TEN,OAK,-3.0,1.014520143213021,45.0,43.22624762904377,22.120383886128394,21.105863742915375,21.0,24.0
2015_12_NYG_WAS,2015,12,WAS,NYG,6.0,-3.939542500627173,34.0,48.03218361905999,22.04632055921641,25.98586305984358,20.0,14.0
2015_12_ARI_SF,2015,12,SF,ARI,-6.0,-5.443704474810034,32.0,45.96537115873129,20.260833341960627,25.70453781677066,13.0,19.0
2015_12_PIT_SEA,2015,12,SEA,PIT,9.0,4.258898108415388,69.0,44.115437776055884,24.187167942235636,19.92826983382025,39.0,30.0
2015_12_NE_DEN,2015,12,DEN,NE,6.0,-0.2431084524334896,54.0,45.28001744354639,22.51845449555645,22.76156294798994,30.0,24.0
2015_12_BAL_CLE,2015,12,CLE,BAL,-6.0,-3.4381903879291897,60.0,40.38467686976087,18.47324324091584,21.911433628845028,27.0,33.0
2015_13_GB_DET,2015,13,DET,GB,-4.0,-4.068613565290336,50.0,43.653046596913036,19.79221651581135,23.860830081101685,23.0,27.0
2015_13_HOU_BUF,2015,13,BUF,HOU,9.0,2.815471430262341,51.0,43.60169252921335,23.208581979737847,20.393110549475505,30.0,21.0
2015_13_SF_CHI,2015,13,CHI,SF,-6.0,2.607754568850734,46.0,42.026256517843024,22.31700554334688,19.709250974496143,20.0,26.0
2015_13_CIN_CLE,2015,13,CLE,CIN,-34.0,-4.874639554429447,40.0,43.38816696703657,19.25676370630356,24.13140326073301,3.0,37.0
2015_13_BAL_MIA,2015,13,MIA,BAL,2.0,-2.484815740345085,28.0,38.84322092757364,18.179202593614278,20.664018333959362,15.0,13.0
2015_13_SEA_MIN,2015,13,MIN,SEA,-31.0,1.2672223793919954,45.0,43.91574799747037,22.591485188431182,21.324262809039187,7.0,38.0
2015_13_NYJ_NYG,2015,13,NYG,NYJ,-3.0,3.867781986444277,43.0,44.14306537419519,24.005423680319733,20.137641693875455,20.0,23.0
2015_13_ARI_STL,2015,13,STL,ARI,-24.0,-5.174707017209583,30.0,44.876216827472554,19.850754905131485,25.02546192234107,3.0,27.0
2015_13_ATL_TB,2015,13,TB,ATL,4.0,0.3521006756057033,42.0,42.35499994456785,21.353550310086778,21.001449634481073,23.0,19.0
2015_13_JAX_TEN,2015,13,TEN,JAX,3.0,2.0754171182058694,81.0,42.253712963727594,22.164565040966732,20.089147922760862,42.0,39.0
2015_13_KC_OAK,2015,13,OAK,KC,-14.0,-3.424458233105188,54.0,45.36900432061551,20.97227304375516,24.39673127686035,20.0,34.0
2015_13_DEN_SD,2015,13,SD,DEN,-14.0,-4.321541491959707,20.0,43.21714781031872,19.447803159179507,23.769344651139214,3.0,17.0
2015_13_PHI_NE,2015,13,NE,PHI,-7.0,10.945216082656192,63.0,45.515527605298786,28.230371843977487,17.2851557613213,28.0,35.0
2015_13_CAR_NO,2015,13,NO,CAR,-3.0,-2.9667866013468087,79.0,47.78255099082062,22.407882194736903,25.374668796083714,38.0,41.0
2015_13_IND_PIT,2015,13,PIT,IND,35.0,4.502289166053583,55.0,44.15504564217075,24.328667404112167,19.82637823805858,45.0,10.0
2015_13_DAL_WAS,2015,13,WAS,DAL,-3.0,0.8258149629574866,35.0,43.90093441263256,22.363374687795023,21.537559724837536,16.0,19.0
2015_14_MIN_ARI,2015,14,ARI,MIN,3.0,8.974590764825324,43.0,45.0635267898959,27.019058777360613,18.04446801253529,23.0,20.0
2015_14_SEA_BAL,2015,14,BAL,SEA,-29.0,-2.598478233825687,41.0,45.86920246756552,21.635362116869917,24.233840350695605,6.0,35.0
2015_14_ATL_CAR,2015,14,CAR,ATL,38.0,10.847127310080232,38.0,44.47882591693487,27.662976613507553,16.81584930342732,38.0,0.0
2015_14_WAS_CHI,2015,14,CHI,WAS,-3.0,4.129626769032541,45.0,40.6337341499064,22.38168045946947,18.25205369043693,21.0,24.0
2015_14_PIT_CIN,2015,14,CIN,PIT,-13.0,4.3544062644300965,53.0,46.41551334686176,25.384959805645927,21.03055354121583,20.0,33.0
2015_14_SF_CLE,2015,14,CLE,SF,14.0,-2.093476344219521,34.0,40.88413464282554,19.395329149303013,21.48880549352253,24.0,10.0
2015_14_IND_JAX,2015,14,JAX,IND,35.0,-3.2633446482307558,67.0,42.61766430028103,19.677159826025136,22.940504474255892,51.0,16.0
2015_14_SD_KC,2015,14,KC,SD,7.0,11.921948708540272,13.0,43.28217177572246,27.602060242131365,15.680111533591095,10.0,3.0
2015_14_TEN_NYJ,2015,14,NYJ,TEN,22.0,9.920236961418455,38.0,44.524460338868764,27.22234865014361,17.302111688725155,30.0,8.0
2015_14_BUF_PHI,2015,14,PHI,BUF,3.0,1.641485689388131,43.0,44.37657096793584,23.009028328661987,21.367542639273854,23.0,20.0
2015_14_DET_STL,2015,14,STL,DET,7.0,-3.049434609757598,35.0,43.55594523247125,20.253255311356828,23.302689921114425,21.0,14.0
2015_14_NO_TB,2015,14,TB,NO,-7.0,4.71194971598732,41.0,43.50150753098677,24.106728623487044,19.394778907499727,17.0,24.0
2015_14_OAK_DEN,2015,14,DEN,OAK,-3.0,11.943062577811304,27.0,44.055999352666944,27.999530965239124,16.05646838742782,12.0,15.0
2015_14_DAL_GB,2015,14,GB,DAL,21.0,10.216001897991925,35.0,42.638965457996754,26.42748367799434,16.211481780002416,28.0,7.0
2015_14_NE_HOU,2015,14,HOU,NE,-21.0,-1.6735071256334682,33.0,47.526854527692045,22.926673701029287,24.600180826662758,6.0,27.0
2015_14_NYG_MIA,2015,14,MIA,NYG,-7.0,-3.005339649787567,55.0,41.36139830037801,19.178029325295224,22.18336897508279,24.0,31.0
2015_15_TB_STL,2015,15,STL,TB,8.0,2.566277623229123,54.0,43.61749836340554,23.09188799331733,20.52561037008821,31.0,23.0
2015_15_NYJ_DAL,2015,15,DAL,NYJ,-3.0,0.2308311837642672,35.0,45.33953526674169,22.78518322525298,22.554352041488713,16.0,19.0
2015_15_KC_BAL,2015,15,BAL,KC,-20.0,-4.6522153016192025,48.0,44.283453896557205,19.815619297469002,24.467834599088203,14.0,34.0
2015_15_HOU_IND,2015,15,IND,HOU,-6.0,1.6542571161860122,26.0,44.27355010339153,22.96390360978877,21.30964649360276,10.0,16.0
2015_15_ATL_JAX,2015,15,JAX,ATL,-6.0,0.2321316234687838,40.0,45.14521041199874,22.68867101773376,22.45653939426498,17.0,23.0
2015_15_CHI_MIN,2015,15,MIN,CHI,21.0,6.918091396745731,55.0,44.15348169170507,25.5357865442254,18.61769514747967,38.0,17.0
2015_15_TEN_NE,2015,15,NE,TEN,17.0,13.111337472241331,49.0,43.55197262248047,28.3316550473609,15.22031757511957,33.0,16.0
2015_15_CAR_NYG,2015,15,NYG,CAR,-3.0,-0.8838759509215066,73.0,48.175460977115215,23.645792513096854,24.52966846401836,35.0,38.0
2015_15_BUF_WAS,2015,15,WAS,BUF,10.0,0.6196741902513754,60.0,43.650884928619334,22.135279559435354,21.51560536918398,35.0,25.0
2015_15_GB_OAK,2015,15,OAK,GB,-10.0,-3.2043179139876075,50.0,41.74554851902029,19.27061530251634,22.47493321650395,20.0,30.0
2015_15_CLE_SEA,2015,15,SEA,CLE,17.0,13.181894137793416,43.0,43.63828350664289,28.410088822218153,15.22819468442474,30.0,13.0
2015_15_DEN_PIT,2015,15,PIT,DEN,7.0,5.461113080836912,61.0,43.31919424869261,24.39015366476476,18.92904058392785,34.0,27.0
2015_15_MIA_SD,2015,15,SD,MIA,16.0,1.4064018262007938,44.0,41.71656041396915,21.56148112008497,20.155079293884178,30.0,14.0
2015_15_CIN_SF,2015,15,SF,CIN,-10.0,-6.995027905912455,38.0,43.83246060049394,18.41871634729074,25.4137442532032,14.0,24.0
2015_15_ARI_PHI,2015,15,PHI,ARI,-23.0,-2.281617101082976,57.0,50.652725676630055,24.185554287773538,26.467171388856517,17.0,40.0
2015_15_DET_NO,2015,15,NO,DET,-8.0,2.4016960665874456,62.0,44.87873816155295,23.6402171140702,21.238521047482752,27.0,35.0
2015_16_SD_OAK,2015,16,OAK,SD,3.0,3.1440664837767103,43.0,37.77566721561096,20.459866849693835,17.315800365917124,23.0,20.0
2015_16_WAS_PHI,2015,16,PHI,WAS,-14.0,3.843783972464499,62.0,44.44104151941012,24.14241274593731,20.29862877347281,24.0,38.0
2015_16_CAR_ATL,2015,16,ATL,CAR,7.0,-1.4440448596260185,33.0,46.15312153223156,22.35453833630277,23.79858319592879,20.0,13.0
2015_16_PIT_BAL,2015,16,BAL,PIT,3.0,-6.618597880448691,37.0,44.4521118238671,18.916756971709205,25.535354852157894,20.0,17.0
2015_16_DAL_BUF,2015,16,BUF,DAL,10.0,3.582663069969488,22.0,44.75574653651832,24.169204803243908,20.586541733274416,16.0,6.0
2015_16_SF_DET,2015,16,DET,SF,15.0,4.778629911629652,49.0,41.78118128799877,23.27990559981421,18.50127568818456,32.0,17.0
2015_16_CLE_KC,2015,16,KC,CLE,4.0,12.058479323673131,30.0,42.40428653787489,27.23138293077401,15.172903607100878,17.0,13.0
2015_16_IND_MIA,2015,16,MIA,IND,-6.0,-2.102476767305689,30.0,38.50985606717847,18.20368964993639,20.30616641724208,12.0,18.0
2015_16_NE_NYJ,2015,16,NYJ,NE,6.0,0.6310900351789155,46.0,41.9432933455639,21.287191690371408,20.656101655192494,26.0,20.0
2015_16_CHI_TB,2015,16,TB,CHI,-5.0,2.764021064221412,47.0,43.190230113278524,22.977125588749967,20.213104524528557,21.0,26.0
2015_16_HOU_TEN,2015,16,TEN,HOU,-28.0,-4.469350911052136,40.0,39.269023579169975,17.399836334058918,21.869187245111057,6.0,34.0
2015_16_JAX_NO,2015,16,NO,JAX,11.0,4.2313422430980125,65.0,46.22126760532403,25.22630492421102,20.99496268111301,38.0,27.0
2015_16_GB_ARI,2015,16,ARI,GB,30.0,5.722537164446324,46.0,46.41757863935631,26.070057901901315,20.347520737454992,38.0,8.0
2015_16_STL_SEA,2015,16,SEA,STL,-6.0,12.595722168715412,40.0,44.94851362635475,28.772117897535082,16.17639572881967,17.0,23.0
2015_16_NYG_MIN,2015,16,MIN,NYG,32.0,2.945417375780406,66.0,44.438760933502444,23.692089154641426,20.746671778861018,49.0,17.0
2015_16_CIN_DEN,2015,16,DEN,CIN,3.0,2.89973762430082,37.0,41.79333056773596,22.346534096018388,19.44679647171757,20.0,17.0
2015_17_NO_ATL,2015,17,ATL,NO,-3.0,4.002872149494461,37.0,48.92459371716036,26.463732933327414,22.46086078383295,17.0,20.0
2015_17_NYJ_BUF,2015,17,BUF,NYJ,5.0,3.401505958411888,39.0,42.1486519110598,22.775078934735845,19.373572976323956,22.0,17.0
2015_17_DET_CHI,2015,17,CHI,DET,-4.0,0.4404692954040151,44.0,42.882327661119085,21.66139847826155,21.220929182857535,20.0,24.0
2015_17_BAL_CIN,2015,17,CIN,BAL,8.0,9.11570036161083,40.0,41.736010564279134,25.42585546294498,16.310155101334153,24.0,16.0
2015_17_PIT_CLE,2015,17,CLE,PIT,-16.0,-4.056758722178897,40.0,40.46208728099624,18.202664279408673,22.25942300158757,12.0,28.0
2015_17_WAS_DAL,2015,17,DAL,WAS,-11.0,-0.4058269904042732,57.0,45.44631653326356,22.520244771429645,22.926071761833917,23.0,34.0
2015_17_JAX_HOU,2015,17,HOU,JAX,24.0,7.431086780230913,36.0,45.4539554496891,26.442521114960005,19.011434334729092,30.0,6.0
2015_17_TEN_IND,2015,17,IND,TEN,6.0,6.868569139538204,54.0,43.930500297375936,25.39953471845707,18.530965578918867,30.0,24.0
2015_17_NE_MIA,2015,17,MIA,NE,10.0,-4.778776788083072,30.0,42.890636276950104,19.055929744433517,23.834706532516588,20.0,10.0
2015_17_PHI_NYG,2015,17,NYG,PHI,-5.0,3.766516386081812,65.0,43.98114374095242,23.873830063517115,20.107313677435304,30.0,35.0
2015_17_SEA_ARI,2015,17,ARI,SEA,-30.0,5.14358256199274,42.0,49.44079670661798,27.29218963430536,22.148607072312622,6.0,36.0
2015_17_TB_CAR,2015,17,CAR,TB,28.0,5.598200408517168,48.0,44.87212580464522,25.235163106581194,19.63696269806403,38.0,10.0
2015_17_SD_DEN,2015,17,DEN,SD,7.0,10.725379037979936,47.0,41.091382962054624,25.90838100001728,15.183001962037345,27.0,20.0
2015_17_OAK_KC,2015,17,KC,OAK,6.0,12.546321069477886,40.0,41.139993625584744,26.843157347531314,14.29683627805343,23.0,17.0
2015_17_STL_SF,2015,17,SF,STL,3.0,-0.8959444029768397,35.0,43.068999854453274,21.086527725738218,21.982472128715056,19.0,16.0
2015_17_MIN_GB,2015,17,GB,MIN,-7.0,3.852286336038487,33.0,43.42201556414633,23.63715095009241,19.78486461405392,13.0,20.0
2016_01_CAR_DEN,2016,1,DEN,CAR,1.0,1.142505634335509,41.0,42.87334329098013,22.00792446265782,20.865418828322312,21.0,20.0
2016_01_TB_ATL,2016,1,ATL,TB,-7.0,5.152914548931864,55.0,44.22905766917332,24.690986109052595,19.538071560120727,24.0,31.0
2016_01_BUF_BAL,2016,1,BAL,BUF,6.0,0.9825641167851548,20.0,43.19364614241448,22.088105129599818,21.105541012814662,13.0,7.0
2016_01_CHI_HOU,2016,1,HOU,CHI,9.0,4.710611571878857,37.0,43.415211361114885,24.06291146649687,19.352299894618014,23.0,14.0
2016_01_GB_JAX,2016,1,JAX,GB,-4.0,-3.4575460580523143,50.0,43.043179915505895,19.79281692872679,23.250362986779106,23.0,27.0
2016_01_SD_KC,2016,1,KC,SD,6.0,10.426981150232038,60.0,43.01409602672992,26.72053858848098,16.293557438248943,33.0,27.0
2016_01_OAK_NO,2016,1,NO,OAK,-1.0,4.346355255398716,69.0,44.491629979157146,24.41899261727793,20.072637361879217,34.0,35.0
2016_01_CIN_NYJ,2016,1,NYJ,CIN,-1.0,1.479043519538554,45.0,41.85483811863914,21.666940819088847,20.18789729955029,22.0,23.0
2016_01_CLE_PHI,2016,1,PHI,CLE,19.0,6.290959825283286,39.0,43.0492038357757,24.670081830529494,18.379122005246206,29.0,10.0
2016_01_MIN_TEN,2016,1,TEN,MIN,-9.0,-4.288422666660154,41.0,41.95030469562714,18.830941014483493,23.119363681143646,16.0,25.0
2016_01_MIA_SEA,2016,1,SEA,MIA,2.0,10.211852640659195,22.0,42.084515685399516,26.148184163029356,15.93633152237016,12.0,10.0
2016_01_NYG_DAL,2016,1,DAL,NYG,-1.0,1.5194050803791312,39.0,43.71974752801044,22.619576304194783,21.100171223815654,19.0,20.0
2016_01_DET_IND,2016,1,IND,DET,-4.0,1.166376843392315,74.0,43.30175393526947,22.23406538933089,21.067688545938577,35.0,39.0
2016_01_NE_ARI,2016,1,ARI,NE,-2.0,5.147010329277491,44.0,47.23905219790131,26.1930312635894,21.04602093431191,21.0,23.0
2016_01_PIT_WAS,2016,1,WAS,PIT,-22.0,1.8394244572417808,54.0,45.52600956048075,23.682717008861268,21.843292551619484,16.0,38.0
2016_01_LA_SF,2016,1,SF,LA,28.0,-1.1582869935815123,28.0,40.575270022838545,19.708491514628516,20.86677850821003,28.0,0.0
2016_02_NYJ_BUF,2016,2,BUF,NYJ,-6.0,1.595381743094629,68.0,41.950197392128075,21.77278956761135,20.177407824516724,31.0,37.0
2016_02_TB_ARI,2016,2,ARI,TB,33.0,6.104015744615303,47.0,48.50274697213524,27.303381358375272,21.19936561375997,40.0,7.0
2016_02_SF_CAR,2016,2,CAR,SF,19.0,9.831859332327268,73.0,42.229905960307185,26.030882646317227,16.199023313989958,46.0,27.0
2016_02_BAL_CLE,2016,2,CLE,BAL,-5.0,-3.134163119375028,45.0,40.31530128702124,18.590569083823105,21.724732203198137,20.0,25.0
2016_02_TEN_DET,2016,2,DET,TEN,-1.0,8.663377461961964,31.0,46.95949887233467,27.811438167148317,19.148060705186353,15.0,16.0
2016_02_KC_HOU,2016,2,HOU,KC,7.0,-2.692510225589087,31.0,45.97255034607673,21.64002006024382,24.33253028583291,19.0,12.0
2016_02_MIA_NE,2016,2,NE,MIA,7.0,11.340125278371456,55.0,42.52300795070055,26.931566614536003,15.591441336164548,31.0,24.0
2016_02_NO_NYG,2016,2,NYG,NO,3.0,4.778066812468104,29.0,47.22664915611459,26.002357984291347,21.224291171823243,16.0,13.0
2016_02_CIN_PIT,2016,2,PIT,CIN,8.0,3.270849446106744,40.0,51.28006038103749,27.275454913572116,24.00460546746537,24.0,16.0
2016_02_DAL_WAS,2016,2,WAS,DAL,-4.0,2.5681988548617296,50.0,44.36073826245023,23.46446855865598,20.896269703794253,23.0,27.0
2016_02_SEA_LA,2016,2,LA,SEA,6.0,-5.9743104959078055,12.0,41.50344084006949,17.76456517208084,23.738875667988648,9.0,3.0
2016_02_IND_DEN,2016,2,DEN,IND,14.0,7.536743987054471,54.0,49.65552482324804,28.596134405151254,21.059390418096783,34.0,20.0
2016_02_ATL_OAK,2016,2,OAK,ATL,-7.0,4.440821305361174,63.0,46.979479085876555,25.710150195618866,21.26932889025769,28.0,35.0
2016_02_JAX_SD,2016,2,SD,JAX,24.0,3.0867635738435726,52.0,44.6811640458721,23.883963809857836,20.797200236014266,38.0,14.0
2016_02_GB_MIN,2016,2,MIN,GB,3.0,3.129460462443999,31.0,45.31764292659597,24.223551694519987,21.094091232075986,17.0,14.0
2016_02_PHI_CHI,2016,2,CHI,PHI,-15.0,-3.623658266408909,43.0,41.617722672826275,18.997032203208683,22.620690469617593,14.0,29.0
2016_03_HOU_NE,2016,3,NE,HOU,27.0,5.264061463802501,27.0,43.56624003787072,24.41515075083661,19.15108928703411,27.0,0.0
2016_03_ARI_BUF,2016,3,BUF,ARI,15.0,-6.312484148918863,51.0,45.335921797541985,19.51171882431156,25.824202973230424,33.0,18.0
2016_03_MIN_CAR,2016,3,CAR,MIN,-12.0,5.545770732051682,32.0,42.45901642456841,24.002393578310045,18.456622846258366,10.0,22.0
2016_03_DEN_CIN,2016,3,CIN,DEN,-12.0,-1.6668383484998082,46.0,44.0340155652197,21.183588608359944,22.850426956859753,17.0,29.0
2016_03_DET_GB,2016,3,GB,DET,7.0,2.2783376672885134,61.0,47.86560014246276,25.071968904875636,22.793631237587125,34.0,27.0
2016_03_BAL_JAX,2016,3,JAX,BAL,-2.0,-5.349712191333715,36.0,41.732133448407275,18.19121062853678,23.540922819870495,17.0,19.0
2016_03_CLE_MIA,2016,3,MIA,CLE,6.0,3.9186703230049593,54.0,39.88667451142498,21.90267241721497,17.98400209421001,30.0,24.0
2016_03_WAS_NYG,2016,3,NYG,WAS,-2.0,3.2838666380357053,56.0,45.85610889302395,24.569987765529827,21.286121127494123,27.0,29.0
2016_03_OAK_TEN,2016,3,TEN,OAK,-7.0,0.4237159113678737,27.0,44.728730840145694,22.576223375756783,22.15250746438891,10.0,17.0
2016_03_SF_SEA,2016,3,SEA,SF,19.0,10.871867590655636,55.0,40.309235066998404,25.59055132882702,14.718683738171384,37.0,18.0
2016_03_LA_TB,2016,3,TB,LA,-5.0,0.1321325790105307,69.0,39.84277851231822,19.987455545664375,19.855322966653844,32.0,37.0
2016_03_SD_IND,2016,3,IND,SD,4.0,5.083490396925312,48.0,46.115622711665964,25.59955655429564,20.516066157370325,26.0,22.0
2016_03_NYJ_KC,2016,3,KC,NYJ,21.0,3.3796464986152777,27.0,45.48992372073825,24.434785109676763,21.055138611061484,24.0,3.0
2016_03_PIT_PHI,2016,3,PHI,PIT,31.0,-0.8006582661501045,37.0,48.52008258621526,23.85971216003258,24.66037042618268,34.0,3.0
2016_03_CHI_DAL,2016,3,DAL,CHI,14.0,3.755690202465269,48.0,43.02769781210848,23.391694007286873,19.636003804821605,31.0,17.0
2016_03_ATL_NO,2016,3,NO,ATL,-13.0,1.3095464162725576,77.0,47.84713621474909,24.578341315510826,23.268794899238266,32.0,45.0
2016_04_MIA_CIN,2016,4,CIN,MIA,15.0,5.720628601823595,29.0,42.83187580681338,24.27625220431849,18.55562360249489,22.0,7.0
2016_04_IND_JAX,2016,4,JAX,IND,3.0,-2.793605189730353,57.0,43.79046247529387,20.49842864278176,23.29203383251211,30.0,27.0
2016_04_CAR_ATL,2016,4,ATL,CAR,15.0,2.04451564890167,81.0,46.55205928614743,24.298287467524553,22.25377181862288,48.0,33.0
2016_04_OAK_BAL,2016,4,BAL,OAK,-1.0,4.858619703611561,55.0,42.53978313154373,23.699201417577644,18.840581713966085,27.0,28.0
2016_04_DET_CHI,2016,4,CHI,DET,3.0,-2.7807781461998275,31.0,48.275255126559244,22.747238490179708,25.528016636379537,17.0,14.0
2016_04_TEN_HOU,2016,4,HOU,TEN,7.0,6.268506401541171,47.0,42.14147918202053,24.204992791780853,17.93648639023968,27.0,20.0
2016_04_BUF_NE,2016,4,NE,BUF,-16.0,8.060721910752422,16.0,43.018781564379765,25.539751737566093,17.479029826813672,0.0,16.0
2016_04_SEA_NYJ,2016,4,NYJ,SEA,-10.0,-0.7686020567333218,44.0,41.45789839379342,20.34464816853005,21.11325022526337,17.0,27.0
2016_04_CLE_WAS,2016,4,WAS,CLE,11.0,6.979885595141216,51.0,44.47908841129364,25.72948700321743,18.74960140807621,31.0,20.0
2016_04_DEN_TB,2016,4,TB,DEN,-20.0,-5.00275854970921,34.0,43.898985047246434,19.448113248768614,24.45087179847782,7.0,27.0
2016_04_LA_ARI,2016,4,ARI,LA,-4.0,4.804896021799697,30.0,42.36403181336724,23.58446391758347,18.77956789578377,13.0,17.0
2016_04_NO_SD,2016,4,SD,NO,-1.0,4.497650056485744,69.0,47.681838763037085,26.089744409761416,21.59209435327567,34.0,35.0
2016_04_DAL_SF,2016,4,SF,DAL,-7.0,2.325943699155532,41.0,47.01945371510935,24.67269870713244,22.34675500797691,17.0,24.0
2016_04_KC_PIT,2016,4,PIT,KC,29.0,3.0206784996993985,57.0,41.599809069509604,22.310243784604502,19.289565284905102,43.0,14.0
2016_04_NYG_MIN,2016,4,MIN,NYG,14.0,4.942662934659445,34.0,43.747511921790846,24.345087428225145,19.4024244935657,24.0,10.0
2016_05_ARI_SF,2016,5,SF,ARI,-12.0,-4.142512836985593,54.0,42.05926376699615,18.95837546500528,23.100888301990874,21.0,33.0
2016_05_WAS_BAL,2016,5,BAL,WAS,-6.0,2.289534406384389,26.0,43.376150429938996,22.832842418161693,20.543308011777302,10.0,16.0
2016_05_NE_CLE,2016,5,CLE,NE,-20.0,-5.190369389312808,46.0,43.0310305424722,18.920330576579698,24.110699965892504,13.0,33.0
2016_05_PHI_DET,2016,5,DET,PHI,1.0,0.1480716056362207,47.0,49.113847855164785,24.6309597304005,24.482888124764283,24.0,23.0
2016_05_CHI_IND,2016,5,IND,CHI,6.0,3.807128539105853,52.0,45.54031654964144,24.673722544373646,20.866594005267793,29.0,23.0
2016_05_TEN_MIA,2016,5,MIA,TEN,-13.0,5.128091588128329,47.0,39.21657831273535,22.17233495043184,17.04424336230351,17.0,30.0
2016_05_HOU_MIN,2016,5,MIN,HOU,18.0,6.4252086350321065,44.0,40.31250933425599,23.36885898464405,16.943650349611943,31.0,13.0
2016_05_NYJ_PIT,2016,5,PIT,NYJ,18.0,9.345906265055866,44.0,43.49306792200136,26.419487093528613,17.073580828472746,31.0,13.0
2016_05_ATL_DEN,2016,5,DEN,ATL,-7.0,5.554537624360984,39.0,48.458127111515715,27.00633236793835,21.451794743577366,16.0,23.0
2016_05_CIN_DAL,2016,5,DAL,CIN,14.0,0.4331357240690042,42.0,45.02647102007518,22.72980337207209,22.296667648003087,28.0,14.0
2016_05_BUF_LA,2016,5,LA,BUF,-11.0,-0.5584327259119893,49.0,41.042761082007665,20.242164178047837,20.80059690395983,19.0,30.0
2016_05_SD_OAK,2016,5,OAK,SD,3.0,4.1847559388905,65.0,44.81814354419536,24.501449741542928,20.31669380265243,34.0,31.0
2016_05_NYG_GB,2016,5,GB,NYG,7.0,6.199014954987783,39.0,43.56633754520709,24.882676250097436,18.683661295109655,23.0,16.0
2016_05_TB_CAR,2016,5,CAR,TB,-3.0,7.324102807370904,31.0,43.174902392214925,25.249502599792915,17.92539979242201,14.0,17.0
2016_06_DEN_SD,2016,6,SD,DEN,8.0,-5.022524896765403,34.0,45.11542612962276,20.04645061642868,25.068975513194083,21.0,13.0
2016_06_SF_BUF,2016,6,BUF,SF,29.0,9.757978021112644,61.0,40.61305065827962,25.18551433969613,15.427536318583488,45.0,16.0
2016_06_JAX_CHI,2016,6,CHI,JAX,-1.0,3.2982019825308484,33.0,43.16442283807666,23.231312410303754,19.933110427772906,16.0,17.0
2016_06_LA_DET,2016,6,DET,LA,3.0,3.330939368701671,59.0,43.61332952332865,23.47213444601516,20.14119507731349,31.0,28.0
2016_06_PIT_MIA,2016,6,MIA,PIT,15.0,-4.576647491912135,45.0,43.21765291520529,19.32050271164658,23.897150203558713,30.0,15.0
2016_06_CIN_NE,2016,6,NE,CIN,18.0,4.257734321614301,52.0,42.71751736187553,23.487625841744915,19.229891520130614,35.0,17.0
2016_06_CAR_NO,2016,6,NO,CAR,3.0,2.033144908192615,79.0,46.06025481021619,24.046699859204406,22.013554951011788,41.0,38.0
2016_06_BAL_NYG,2016,6,NYG,BAL,4.0,1.927828437324524,50.0,40.84245912561052,21.38514378146752,19.457315344142998,27.0,23.0
2016_06_CLE_TEN,2016,6,TEN,CLE,2.0,3.1962043152157564,54.0,41.546233408940594,22.371218862078177,19.175014546862418,28.0,26.0
2016_06_PHI_WAS,2016,6,WAS,PHI,7.0,1.743732575546287,47.0,47.94622370376984,24.844978139658064,23.101245564111775,27.0,20.0
2016_06_KC_OAK,2016,6,OAK,KC,-16.0,-4.598998241422085,36.0,43.746006481050735,19.573504119814324,24.17250236123641,10.0,26.0
2016_06_DAL_GB,2016,6,GB,DAL,-14.0,4.201782717241877,46.0,47.760354709495836,25.981068713368856,21.77928599612698,16.0,30.0
2016_06_ATL_SEA,2016,6,SEA,ATL,2.0,3.2817549267425337,50.0,46.66282838310973,24.972291654926135,21.6905367281836,26.0,24.0
2016_06_IND_HOU,2016,6,HOU,IND,3.0,3.3522075950462447,49.0,43.02368787779875,23.187947736422498,19.835740141376252,26.0,23.0
2016_06_NYJ_ARI,2016,6,ARI,NYJ,25.0,4.32522947548206,31.0,44.57037096988423,24.447800222683146,20.122570747201085,28.0,3.0
2016_07_CHI_GB,2016,7,GB,CHI,16.0,7.177943118924669,36.0,44.665474066640385,25.921708592782526,18.74376547385786,26.0,10.0
2016_07_NYG_LA,2016,7,LA,NYG,-7.0,2.601552580239745,27.0,41.13688445533966,21.869218517789704,19.267665937549957,10.0,17.0
2016_07_CLE_CIN,2016,7,CIN,CLE,14.0,10.268363893668797,48.0,42.725007289974755,26.496685591821777,16.22832169815298,31.0,17.0
2016_07_WAS_DET,2016,7,DET,WAS,3.0,1.6341358235875003,37.0,47.77385731971434,24.70399657165092,23.06986074806342,20.0,17.0
2016_07_OAK_JAX,2016,7,JAX,OAK,-17.0,0.7223489828916647,49.0,42.29969770379562,21.511023343343645,20.788674360451978,16.0,33.0
2016_07_NO_KC,2016,7,KC,NO,6.0,8.662030143715537,48.0,44.609931404131764,26.63598077392365,17.973950630208115,27.0,21.0
2016_07_BUF_MIA,2016,7,MIA,BUF,3.0,-4.785895727516326,53.0,43.44165870969592,19.327881491089798,24.113777218606124,28.0,25.0
2016_07_BAL_NYJ,2016,7,NYJ,BAL,8.0,2.3149644035854764,40.0,37.99467238752199,20.154818395553733,17.839853991968255,24.0,16.0
2016_07_MIN_PHI,2016,7,PHI,MIN,11.0,1.5217959656901523,31.0,38.76906601843626,20.145430992063208,18.623635026373055,21.0,10.0
2016_07_IND_TEN,2016,7,TEN,IND,-8.0,1.9614400771367,60.0,43.89111185622924,22.92627596668297,20.96483588954627,26.0,34.0
2016_07_SD_ATL,2016,7,ATL,SD,-3.0,8.720350403293727,63.0,48.02879556157091,28.37457298243232,19.65422257913859,30.0,33.0
2016_07_TB_SF,2016,7,SF,TB,-17.0,1.393388870376103,51.0,42.3323668484981,21.8628778594371,20.469488989061,17.0,34.0
2016_07_NE_PIT,2016,7,PIT,NE,-11.0,3.8514959592359,43.0,45.53662253014039,24.694059244688145,20.842563285452247,16.0,27.0
2016_07_SEA_ARI,2016,7,ARI,SEA,0.0,2.846304561487289,12.0,43.339478048018755,23.09289130475302,20.246586743265734,6.0,6.0
2016_07_HOU_DEN,2016,7,DEN,HOU,18.0,4.773335145034288,36.0,42.722827406515414,23.74808127577485,18.974746130740563,27.0,9.0
2016_08_JAX_TEN,2016,8,TEN,JAX,14.0,4.234488122147224,58.0,42.0985830756422,23.166535598894715,18.93204747674749,36.0,22.0
2016_08_WAS_CIN,2016,8,CIN,WAS,0.0,2.0428629712053814,54.0,45.9210868238809,23.98197489754314,21.93911192633776,27.0,27.0
2016_08_NE_BUF,2016,8,BUF,NE,-16.0,1.89732173922432,66.0,45.203931347265105,23.55062654324471,21.653304804020394,25.0,41.0
2016_08_ARI_CAR,2016,8,CAR,ARI,10.0,0.3816892889953333,50.0,45.019078734251316,22.700384011623324,22.318694722627992,30.0,20.0
2016_08_NYJ_CLE,2016,8,CLE,NYJ,-3.0,-3.3715230341250675,59.0,39.91542603215458,18.271951499014754,21.643474533139823,28.0,31.0
2016_08_DET_HOU,2016,8,HOU,DET,7.0,0.9283345890894146,33.0,45.43687257340047,23.182603581244944,22.254268992155527,20.0,13.0
2016_08_KC_IND,2016,8,IND,KC,-16.0,-1.3003324923994826,44.0,46.24166502328568,22.470666265443096,23.77099875784258,14.0,30.0
2016_08_SEA_NO,2016,8,NO,SEA,5.0,-2.471714671013337,45.0,45.5461427117566,21.537214020371632,24.00892869138497,25.0,20.0
2016_08_OAK_TB,2016,8,TB,OAK,-6.0,1.027524585670259,54.0,41.51022608527194,21.268875335471098,20.24135074980084,24.0,30.0
2016_08_SD_DEN,2016,8,DEN,SD,8.0,10.948665794910957,46.0,42.80039607865922,26.87453093678509,15.92586514187413,27.0,19.0
2016_08_GB_ATL,2016,8,ATL,GB,1.0,2.913077199621594,65.0,47.54267054821672,25.227873873919158,22.31479667429756,33.0,32.0
2016_08_PHI_DAL,2016,8,DAL,PHI,6.0,4.9607180344604345,52.0,45.33583679815257,25.148277416306502,20.187559381846068,29.0,23.0
2016_08_MIN_CHI,2016,8,CHI,MIN,10.0,-4.079772483854483,30.0,39.396776900381454,17.658502208263485,21.73827469211797,20.0,10.0
2016_09_ATL_TB,2016,9,TB,ATL,-15.0,-2.9771633223050884,71.0,46.58637739261519,21.80460703515505,24.78177035746014,28.0,43.0
2016_09_PIT_BAL,2016,9,BAL,PIT,7.0,-5.286422747947726,35.0,43.332800225228326,19.0231887386403,24.309611486588025,21.0,14.0
2016_09_DAL_CLE,2016,9,CLE,DAL,-25.0,-7.061244583506022,45.0,49.09093322390834,21.014844320201156,28.07608890370718,10.0,35.0
2016_09_JAX_KC,2016,9,KC,JAX,5.0,10.094217553982912,33.0,44.01285159411019,27.05353457404655,16.959317020063637,19.0,14.0
2016_09_NYJ_MIA,2016,9,MIA,NYJ,4.0,1.2506685213269766,50.0,40.79068994613683,21.020679233731904,19.770010712404925,27.0,23.0
2016_09_DET_MIN,2016,9,MIN,DET,-6.0,6.20201784748117,38.0,43.88739066319561,25.04470425533839,18.84268640785722,16.0,22.0
2016_09_PHI_NYG,2016,9,NYG,PHI,5.0,-1.066634722691964,51.0,41.515219560355135,20.224292418831585,21.29092714152355,28.0,23.0
2016_09_CAR_LA,2016,9,LA,CAR,-3.0,-2.114299186859152,23.0,43.72725350944431,20.80647716129258,22.92077634815173,10.0,13.0
2016_09_NO_SF,2016,9,SF,NO,-18.0,-1.8124692340355328,64.0,46.50867734240443,22.34810405418445,24.160573288219982,23.0,41.0
2016_09_IND_GB,2016,9,GB,IND,-5.0,5.175712625866243,57.0,44.67125609986012,24.923484362863185,19.74777173699694,26.0,31.0
2016_09_TEN_SD,2016,9,SD,TEN,8.0,4.12977308918021,78.0,46.818483863922104,25.474128476551158,21.344355387370946,43.0,35.0
2016_09_DEN_OAK,2016,9,OAK,DEN,10.0,-2.4539590746663,50.0,44.06919497717251,20.807617951253103,23.261577025919404,30.0,20.0
2016_09_BUF_SEA,2016,9,SEA,BUF,6.0,5.346000497570132,56.0,43.10431233315488,24.225156415362505,18.879155917792374,31.0,25.0
2016_10_CLE_BAL,2016,10,BAL,CLE,21.0,8.981058221550922,35.0,42.41286347839194,25.696960849971433,16.71590262842051,28.0,7.0
2016_10_KC_CAR,2016,10,CAR,KC,-3.0,-0.4570573422464274,37.0,44.05448898130266,21.798715819528116,22.255773161774545,17.0,20.0
2016_10_HOU_JAX,2016,10,JAX,HOU,-3.0,-4.783308041863137,45.0,40.86939232309543,18.043042140616148,22.826350182479285,21.0,24.0
2016_10_DEN_NO,2016,10,NO,DEN,-2.0,1.6269771925947718,48.0,45.77743614395252,23.702206668273647,22.075229475678874,23.0,25.0
2016_10_LA_NYJ,2016,10,NYJ,LA,-3.0,1.5337238312164734,15.0,40.76290333632517,21.14831358377082,19.614589752554348,6.0,9.0
2016_10_ATL_PHI,2016,10,PHI,ATL,9.0,1.2644058220754195,39.0,47.52252114827522,24.393463485175317,23.1290576630999,24.0,15.0
2016_10_CHI_TB,2016,10,TB,CHI,26.0,3.0477279446244894,46.0,44.63585780255086,23.841792873587675,20.794064928963184,36.0,10.0
2016_10_GB_TEN,2016,10,TEN,GB,22.0,-1.0793734264679875,72.0,46.253795514735295,22.587211044133653,23.66658447060164,47.0,25.0
2016_10_MIN_WAS,2016,10,WAS,MIN,6.0,3.957766617318113,46.0,43.42851671363369,23.693141665475903,19.73537504815779,26.0,20.0
2016_10_MIA_SD,2016,10,SD,MIA,-7.0,3.048423642811943,55.0,43.98956197583639,23.518992809324164,20.470569166512224,24.0,31.0
2016_10_SF_ARI,2016,10,ARI,SF,3.0,10.46442934518638,43.0,42.90149224435233,26.682960794769357,16.218531449582976,23.0,20.0
2016_10_DAL_PIT,2016,10,PIT,DAL,-5.0,-0.0900563593920387,65.0,48.57300159152968,24.241472616068823,24.33152897546086,30.0,35.0
2016_10_SEA_NE,2016,10,NE,SEA,-7.0,4.409459271790903,55.0,45.87596453002211,25.142711900906505,20.733252629115604,24.0,31.0
2016_10_CIN_NYG,2016,10,NYG,CIN,1.0,-0.2836187208780885,41.0,45.07614616070136,22.396263719911637,22.679882440789726,21.0,20.0
2016_11_NO_CAR,2016,11,CAR,NO,3.0,3.312736208113586,43.0,47.64721357196208,25.47997489003783,22.167238681924246,23.0,20.0
2016_11_BUF_CIN,2016,11,CIN,BUF,-4.0,0.9814557157964442,28.0,44.9886411226971,22.985048419246773,22.00359270345033,12.0,16.0
2016_11_PIT_CLE,2016,11,CLE,PIT,-15.0,-6.360491067921796,33.0,40.081227701246895,16.86036831666255,23.220859384584344,9.0,24.0
2016_11_BAL_DAL,2016,11,DAL,BAL,10.0,10.185856096599965,44.0,44.35198189119473,27.268918993897348,17.083062897297385,27.0,17.0
2016_11_JAX_DET,2016,11,DET,JAX,7.0,8.61625989568141,45.0,44.65452143923872,26.635390667460065,18.019130771778656,26.0,19.0
2016_11_TEN_IND,2016,11,IND,TEN,7.0,5.475300048704285,41.0,48.62241780631891,27.048858927511596,21.57355887880731,24.0,17.0
2016_11_TB_KC,2016,11,KC,TB,-2.0,10.100435325604378,36.0,43.211211602318656,26.655823463961518,16.555388138357138,17.0,19.0
2016_11_ARI_MIN,2016,11,MIN,ARI,6.0,0.931355645958468,54.0,42.40908211092518,21.670218878441826,20.738863232483357,30.0,24.0
2016_11_CHI_NYG,2016,11,NYG,CHI,6.0,8.662552370708669,38.0,40.12285961312467,24.392705991916667,15.730153621208,22.0,16.0
2016_11_MIA_LA,2016,11,LA,MIA,-4.0,0.4616272956706889,24.0,42.20064670492031,21.3311370002955,20.86950970462481,10.0,14.0
2016_11_PHI_SEA,2016,11,SEA,PHI,11.0,7.276055301665623,41.0,43.32144127312422,25.298748287394922,18.0226929857293,26.0,15.0
2016_11_NE_SF,2016,11,SF,NE,-13.0,-5.642130882809369,47.0,47.548767452299195,20.953318284744913,26.595449167554282,17.0,30.0
2016_11_GB_WAS,2016,11,WAS,GB,18.0,4.254622897328372,66.0,44.495568091846124,24.37509549458725,20.120472597258875,42.0,24.0
2016_11_HOU_OAK,2016,11,OAK,HOU,7.0,2.1817691274260302,47.0,43.53048837746461,22.85612875244532,20.67435962501929,27.0,20.0
2016_12_MIN_DET,2016,12,DET,MIN,3.0,2.795776369890718,29.0,43.81850935824146,23.307142864066087,20.51136649417537,16.0,13.0
2016_12_WAS_DAL,2016,12,DAL,WAS,5.0,5.626511242015543,57.0,50.91756293809223,28.27203709005389,22.645525848038343,31.0,26.0
2016_12_PIT_IND,2016,12,IND,PIT,-21.0,2.796594690535489,35.0,46.330353795366776,24.56347424295113,21.766879552415645,7.0,28.0
2016_12_ARI_ATL,2016,12,ATL,ARI,19.0,4.614642021540044,57.0,46.41447997092297,25.514560996231506,20.899918974691463,38.0,19.0
2016_12_CIN_BAL,2016,12,BAL,CIN,5.0,1.300270550291711,33.0,42.21749584598731,21.75888319813951,20.458612647847797,19.0,14.0
2016_12_JAX_BUF,2016,12,BUF,JAX,7.0,9.915807100588482,49.0,42.91206709258102,26.41393709658475,16.49812999599627,28.0,21.0
2016_12_TEN_CHI,2016,12,CHI,TEN,-6.0,0.4754257881718385,48.0,44.71180096520017,22.593613376686005,22.118187588514164,21.0,27.0
2016_12_NYG_CLE,2016,12,CLE,NYG,-14.0,-4.9869081568830325,40.0,41.97648313528499,18.494787489200977,23.48169564608401,13.0,27.0
2016_12_SD_HOU,2016,12,HOU,SD,-8.0,5.213169894736176,34.0,43.185582136816016,24.199376015776096,18.98620612103992,13.0,21.0
2016_12_SF_MIA,2016,12,MIA,SF,7.0,10.934495117875178,55.0,41.86659269288119,26.400543905378186,15.466048787503006,31.0,24.0
2016_12_LA_NO,2016,12,NO,LA,28.0,5.053069402257323,70.0,43.65643745954567,24.354753430901496,19.301684028644175,49.0,21.0
2016_12_SEA_TB,2016,12,TB,SEA,9.0,-3.920501898376448,19.0,46.56732407911041,21.32341109036698,25.243912988743432,14.0,5.0
2016_12_NE_NYJ,2016,12,NYJ,NE,-5.0,-3.48012323278965,39.0,46.98864811977638,21.754262443493364,25.234385676283015,17.0,22.0
2016_12_CAR_OAK,2016,12,OAK,CAR,3.0,2.1426493791100443,67.0,43.75577765833763,22.949213518723838,20.80656413961379,35.0,32.0
2016_12_KC_DEN,2016,12,DEN,KC,-3.0,2.093701083738273,57.0,39.41204768661747,20.752874385177872,18.659173301439598,27.0,30.0
2016_12_GB_PHI,2016,12,PHI,GB,-14.0,4.313850673212796,40.0,46.25636477756163,25.285107725387213,20.971257052174415,13.0,27.0
2016_13_DAL_MIN,2016,13,MIN,DAL,-2.0,-5.5202544223366505,32.0,47.300605349812685,20.890175463738018,26.410429886074667,15.0,17.0
2016_13_KC_ATL,2016,13,ATL,KC,-1.0,2.2105037072035154,57.0,45.73652061285129,23.9735121600274,21.763008452823886,28.0,29.0
2016_13_MIA_BAL,2016,13,BAL,MIA,32.0,1.1705673676979862,44.0,41.50369728322396,21.33713232546097,20.166564957762986,38.0,6.0
2016_13_SF_CHI,2016,13,CHI,SF,20.0,2.82133743073321,32.0,42.95322975052315,22.88728359062818,20.06594615989497,26.0,6.0
2016_13_PHI_CIN,2016,13,CIN,PHI,18.0,1.8154674314573225,46.0,42.58834348461432,22.20190545803582,20.3864380265785,32.0,14.0
2016_13_HOU_GB,2016,13,GB,HOU,8.0,4.501464980920568,34.0,43.55798204329236,24.029723512106465,19.528258531185898,21.0,13.0
2016_13_DEN_JAX,2016,13,JAX,DEN,-10.0,-4.21786591537209,30.0,41.41703352890411,18.599583806766013,22.8174497221381,10.0,20.0
2016_13_LA_NE,2016,13,NE,LA,16.0,13.938706654627676,36.0,42.18645736178486,28.06258200820627,14.123875353578592,26.0,10.0
2016_13_DET_NO,2016,13,NO,DET,-15.0,0.3137021738359653,41.0,46.13300246056036,23.223352317198163,22.9096501433622,13.0,28.0
2016_13_BUF_OAK,2016,13,OAK,BUF,14.0,1.6551934623949665,62.0,45.59229191741546,23.623742689905214,21.968549227510245,38.0,24.0
2016_13_WAS_ARI,2016,13,ARI,WAS,8.0,-0.0189634718445428,54.0,47.79919704069237,23.890116784423913,23.909080256268457,31.0,23.0
2016_13_NYG_PIT,2016,13,PIT,NYG,10.0,5.3091759172245805,38.0,39.58425711105035,22.446716514137464,17.137540596912885,24.0,14.0
2016_13_TB_SD,2016,13,SD,TB,-7.0,1.805077733441094,49.0,44.75793161523645,23.281504674338773,21.476426940897678,21.0,28.0
2016_13_CAR_SEA,2016,13,SEA,CAR,33.0,10.188385274058328,47.0,42.366000758392026,26.277193016225176,16.08880774216685,40.0,7.0
2016_13_IND_NYJ,2016,13,NYJ,IND,-31.0,1.1893959901124806,51.0,42.69527613157398,21.942336060843232,20.75294007073075,10.0,41.0
2016_14_OAK_KC,2016,14,KC,OAK,8.0,6.7900917364725215,34.0,44.25003810765413,25.520064922063323,18.729973185590804,21.0,13.0
2016_14_PIT_BUF,2016,14,BUF,PIT,-7.0,3.3511275229058497,47.0,46.38304376323943,24.867085643072638,21.51595812016679,20.0,27.0
2016_14_SD_CAR,2016,14,CAR,SD,12.0,4.745143793731824,44.0,44.78580173925392,24.76547276649287,20.02032897276105,28.0,16.0
2016_14_CIN_CLE,2016,14,CLE,CIN,-13.0,-4.781401542237892,33.0,41.521847100976466,18.370222779369286,23.15162432160718,10.0,23.0
2016_14_CHI_DET,2016,14,DET,CHI,3.0,10.125766279827245,37.0,44.44623088234802,27.285998581087632,17.160232301260386,20.0,17.0
2016_14_HOU_IND,2016,14,IND,HOU,-5.0,3.546623888513354,39.0,44.16047061871804,23.853547253615695,20.306923365102342,17.0,22.0
2016_14_MIN_JAX,2016,14,JAX,MIN,-9.0,-4.534387097474918,41.0,41.61569596521697,18.540654433871026,23.075041531345946,16.0,25.0
2016_14_ARI_MIA,2016,14,MIA,ARI,3.0,-0.7485965285474793,49.0,39.40231125335199,19.326857362402254,20.075453890949735,26.0,23.0
2016_14_WAS_PHI,2016,14,PHI,WAS,-5.0,0.0324896031204045,49.0,46.83847249635038,23.43548104973539,23.402991446614987,22.0,27.0
2016_14_DEN_TEN,2016,14,TEN,DEN,3.0,-0.9829859511444746,23.0,44.745311907240016,21.88116297804777,22.864148929192247,13.0,10.0
2016_14_NYJ_SF,2016,14,SF,NYJ,-6.0,-2.2539087789544925,40.0,41.00622524211173,19.37615823157862,21.63006701053311,17.0,23.0
2016_14_SEA_GB,2016,14,GB,SEA,28.0,-1.129464275051861,48.0,44.435126700852926,21.652831212900534,22.782295487952393,38.0,10.0
2016_14_ATL_LA,2016,14,LA,ATL,-28.0,-5.859493752548883,56.0,45.46195345835674,19.801229852903926,25.660723605452812,14.0,42.0
2016_14_NO_TB,2016,14,TB,NO,5.0,1.1899433343463293,27.0,44.376258720104936,22.783101027225634,21.593157692879302,16.0,11.0
2016_14_DAL_NYG,2016,14,NYG,DAL,3.0,-7.1718912041929865,17.0,47.7140873217304,20.271098058768708,27.442989262961696,10.0,7.0
2016_14_BAL_NE,2016,14,NE,BAL,7.0,7.162685155189649,53.0,43.79771678998407,25.48020097258686,18.31751581739721,30.0,23.0
2016_15_LA_SEA,2016,15,SEA,LA,21.0,12.146903513889889,27.0,39.999480871237964,26.073192192563926,13.926288678674037,24.0,3.0
2016_15_MIA_NYJ,2016,15,NYJ,MIA,-21.0,-1.7011720837689357,47.0,41.855121992628845,20.076974954429954,21.77814703819889,13.0,34.0
2016_15_PHI_BAL,2016,15,BAL,PHI,1.0,2.527909945173937,53.0,41.752236095638466,22.140073020406202,19.612163075232264,27.0,26.0
2016_15_CLE_BUF,2016,15,BUF,CLE,20.0,11.4261345104481,46.0,42.91480609992125,27.170470305184676,15.744335794736575,33.0,13.0
2016_15_GB_CHI,2016,15,CHI,GB,-3.0,-6.016387323140684,57.0,45.3016696820929,19.642641179476108,25.659028502616792,27.0,30.0
2016_15_PIT_CIN,2016,15,CIN,PIT,-4.0,0.785574999784141,44.0,45.97465335570974,23.38011417774694,22.5945391779628,20.0,24.0
2016_15_JAX_HOU,2016,15,HOU,JAX,1.0,8.163100648767436,41.0,41.198175281567394,24.680637965167413,16.51753731639998,21.0,20.0
2016_15_TEN_KC,2016,15,KC,TEN,-2.0,11.05791352908636,36.0,46.29054436876872,28.674228948927542,17.61631541984118,17.0,19.0
2016_15_IND_MIN,2016,15,MIN,IND,-28.0,3.5815984546014974,40.0,42.977043761866454,23.279321108233976,19.69772265363248,6.0,34.0
2016_15_DET_NYG,2016,15,NYG,DET,11.0,0.5048576070706634,23.0,42.00934764551704,21.25710262629385,20.75224501922319,17.0,6.0
2016_15_NO_ARI,2016,15,ARI,NO,-7.0,3.103136770088951,89.0,45.30592840323632,24.204532586662637,21.101395816573685,41.0,48.0
2016_15_SF_ATL,2016,15,ATL,SF,28.0,11.520402736085716,54.0,44.94570156439645,28.233052150241083,16.71264941415537,41.0,13.0
2016_15_NE_DEN,2016,15,DEN,NE,-13.0,-0.4492375407929715,19.0,45.178612477636,22.364687468421515,22.813925009214486,3.0,16.0
2016_15_OAK_SD,2016,15,SD,OAK,-3.0,-2.842666813628542,35.0,44.7619368967806,20.95963504157603,23.80230185520457,16.0,19.0
2016_15_TB_DAL,2016,15,DAL,TB,6.0,5.088642666647852,46.0,45.71324316955956,25.400942918103706,20.312300251455856,26.0,20.0
2016_15_CAR_WAS,2016,15,WAS,CAR,-11.0,5.59556836670633,41.0,46.40367999347677,25.99962418009155,20.40405581338522,15.0,26.0
2016_16_NYG_PHI,2016,16,PHI,NYG,5.0,0.7399888627405597,43.0,42.40691049156979,21.573449677155175,20.833460814414615,24.0,19.0
2016_16_MIA_BUF,2016,16,BUF,MIA,-3.0,4.5553198978552505,65.0,43.531756706840916,24.043538302348082,19.488218404492834,31.0,34.0
2016_16_ATL_CAR,2016,16,CAR,ATL,-17.0,0.8891331066680646,49.0,49.75883485862546,25.323983982646762,24.4348508759787,16.0,33.0
2016_16_WAS_CHI,2016,16,CHI,WAS,-20.0,-4.620621918286751,62.0,45.168438226611826,20.273908154162537,24.89453007244929,21.0,41.0
2016_16_SD_CLE,2016,16,CLE,SD,3.0,-1.9129067934939177,37.0,43.25340479156174,20.670248999033912,22.58315579252783,20.0,17.0
2016_16_MIN_GB,2016,16,GB,MIN,13.0,7.655997782499845,63.0,43.7969135557671,25.726455669133472,18.070457886633626,38.0,25.0
2016_16_TEN_JAX,2016,16,JAX,TEN,21.0,-3.5289863936416466,55.0,43.35870126744096,19.91485743689966,23.443843830541304,38.0,17.0
2016_16_NYJ_NE,2016,16,NE,NYJ,38.0,11.30815435532976,44.0,41.80498852960372,26.55657144246674,15.248417087136978,41.0,3.0
2016_16_IND_OAK,2016,16,OAK,IND,8.0,5.236889873657732,58.0,44.65268018893636,24.944785031297044,19.707895157639314,33.0,25.0
2016_16_SF_LA,2016,16,LA,SF,-1.0,5.079745152912186,43.0,42.37758812942272,23.728666641167454,18.648921488255265,21.0,22.0
2016_16_TB_NO,2016,16,NO,TB,7.0,2.4129380836839145,55.0,46.41454721919573,24.413742651439822,22.00080456775591,31.0,24.0
2016_16_ARI_SEA,2016,16,SEA,ARI,-3.0,5.386708272465992,65.0,43.53604322206968,24.461375747267837,19.074667474801842,31.0,34.0
2016_16_CIN_HOU,2016,16,HOU,CIN,2.0,1.3855056148159597,22.0,43.45370977251334,22.419607693664652,21.03410207884869,12.0,10.0
2016_16_BAL_PIT,2016,16,PIT,BAL,4.0,8.223147268342787,58.0,43.20208071932703,25.712613993834907,17.48946672549212,31.0,27.0
2016_16_DEN_KC,2016,16,KC,DEN,23.0,8.058437079024054,43.0,42.96314635292574,25.510791715974896,17.452354636950844,33.0,10.0
2016_16_DET_DAL,2016,16,DAL,DET,21.0,6.16536790236694,63.0,45.22632901327658,25.69584845782176,19.530480555454822,42.0,21.0
2016_17_BAL_CIN,2016,17,CIN,BAL,17.0,2.224530882171488,37.0,43.469374694007634,22.84695278808956,20.622421905918074,27.0,10.0
2016_17_JAX_IND,2016,17,IND,JAX,4.0,9.532752101572198,44.0,43.41534732874966,26.47404971516093,16.94129761358873,24.0,20.0
2016_17_NE_MIA,2016,17,MIA,NE,-21.0,-1.4679197561585553,49.0,43.230190803887254,20.881135523864348,22.349055280022906,14.0,35.0
2016_17_CHI_MIN,2016,17,MIN,CHI,28.0,4.987912779426093,48.0,43.890159086728566,24.439035933077328,19.45112315365124,38.0,10.0
2016_17_BUF_NYJ,2016,17,NYJ,BUF,20.0,-4.015572527198806,40.0,45.28569764416014,20.635062558480666,24.650635085679472,30.0,10.0
2016_17_DAL_PHI,2016,17,PHI,DAL,14.0,-2.3669454163280457,40.0,44.121226426779806,20.87714050522588,23.244085921553925,27.0,13.0
2016_17_CLE_PIT,2016,17,PIT,CLE,3.0,12.3624443248401,51.0,45.235871532244786,28.799157928542442,16.436713603702344,27.0,24.0
2016_17_CAR_TB,2016,17,TB,CAR,1.0,1.782277162869866,33.0,44.369423631595474,23.07585039723267,21.293573234362803,17.0,16.0
2016_17_HOU_TEN,2016,17,TEN,HOU,7.0,0.3198030205924626,41.0,43.82423918650836,22.07202110355041,21.75221808295795,24.0,17.0
2016_17_NO_ATL,2016,17,ATL,NO,6.0,8.019093086282421,70.0,50.375528553354016,29.19731081981822,21.178217733535796,38.0,32.0
2016_17_OAK_DEN,2016,17,DEN,OAK,18.0,-1.4983449200472745,30.0,42.55237465425452,20.527014867103624,22.025359787150897,24.0,6.0
2016_17_ARI_LA,2016,17,LA,ARI,-38.0,-7.531308041457148,50.0,43.37811070746915,17.923401333005998,25.45470937446315,6.0,44.0
2016_17_KC_SD,2016,17,SD,KC,-10.0,-5.491460188193818,64.0,44.38320294246708,19.44587137713663,24.93733156533045,27.0,37.0
2016_17_SEA_SF,2016,17,SF,SEA,-2.0,-5.363990935881189,48.0,43.1882442677362,18.912126665927506,24.276117601808696,23.0,25.0
2016_17_NYG_WAS,2016,17,WAS,NYG,-9.0,4.28703450513118,29.0,44.666690851894835,24.476862678513008,20.189828173381827,10.0,19.0
2016_17_GB_DET,2016,17,DET,GB,-7.0,-0.0228846487263043,55.0,46.77640078399958,23.376758067636636,23.39964271636294,24.0,31.0
2017_01_KC_NE,2017,1,NE,KC,-15.0,5.056331006084463,69.0,44.68736582103777,24.871848413561118,19.815517407476655,27.0,42.0
2017_01_NYJ_BUF,2017,1,BUF,NYJ,9.0,4.358688448502929,33.0,43.59618936280909,23.97743890565601,19.61875045715308,21.0,12.0
2017_01_ATL_CHI,2017,1,CHI,ATL,-6.0,-5.901681015673174,40.0,47.65995937097939,20.879139177653105,26.78082019332628,17.0,23.0
2017_01_BAL_CIN,2017,1,CIN,BAL,-20.0,3.089897796145614,20.0,41.98364407112191,22.53677093363376,19.446873137488147,0.0,20.0
2017_01_PIT_CLE,2017,1,CLE,PIT,-3.0,-6.432387469466656,39.0,43.87632768642755,18.72197010848045,25.154357577947103,18.0,21.0
2017_01_ARI_DET,2017,1,DET,ARI,12.0,2.317306516034414,58.0,44.56558087577803,23.441443695906223,21.12413717987181,35.0,23.0
2017_01_JAX_HOU,2017,1,HOU,JAX,-22.0,6.507438228047368,36.0,40.57196530081096,23.539701764429164,17.032263536381794,7.0,29.0
2017_01_OAK_TEN,2017,1,TEN,OAK,-10.0,0.914284070318184,42.0,45.25319652432917,23.083740297323676,22.169456227005494,16.0,26.0
2017_01_PHI_WAS,2017,1,WAS,PHI,-13.0,3.906710330807421,47.0,44.77978508219812,24.34324770650277,20.436537375695348,17.0,30.0
2017_01_IND_LA,2017,1,LA,IND,37.0,-1.8369200658517384,55.0,43.990911687835116,21.07699581099169,22.913915876843426,46.0,9.0
2017_01_SEA_GB,2017,1,GB,SEA,8.0,5.693568106390071,26.0,45.495585994823,25.59457705060654,19.901008944216464,17.0,9.0
2017_01_CAR_SF,2017,1,SF,CAR,-20.0,-4.984104471828726,26.0,41.2489561866817,18.13242585742649,23.116530329255212,3.0,23.0
2017_01_NYG_DAL,2017,1,DAL,NYG,16.0,6.0501865112355695,22.0,44.146351301467064,25.098268906351315,19.04808239511575,19.0,3.0
2017_01_NO_MIN,2017,1,MIN,NO,10.0,1.815592180066235,48.0,44.92268528393871,23.369138732002472,21.55354655193624,29.0,19.0
2017_01_LAC_DEN,2017,1,DEN,LAC,3.0,3.503681669341874,45.0,39.74248078930662,21.623081229324246,18.119399559982373,24.0,21.0
2017_02_HOU_CIN,2017,2,CIN,HOU,-4.0,3.4319678092007635,22.0,42.42328204139426,22.92762492529751,19.495657116096748,9.0,13.0
2017_02_CLE_BAL,2017,2,BAL,CLE,14.0,8.722252250311577,34.0,39.95503051158532,24.33864138094845,15.616389130636872,24.0,10.0
2017_02_BUF_CAR,2017,2,CAR,BUF,6.0,3.796381182996261,12.0,42.336889345948336,23.0666352644723,19.270254081476036,9.0,3.0
2017_02_ARI_IND,2017,2,IND,ARI,-3.0,1.441640030916476,29.0,42.67409134265807,22.057865686787274,20.6162256558708,13.0,16.0
2017_02_TEN_JAX,2017,2,JAX,TEN,-21.0,4.104912818589175,53.0,42.891649685258926,23.498281251924052,19.393368433334874,16.0,37.0
2017_02_PHI_KC,2017,2,KC,PHI,7.0,7.455512672694371,47.0,46.134555872762235,26.7950342727283,19.339521600033933,27.0,20.0
2017_02_NE_NO,2017,2,NO,NE,-16.0,-1.200833653350947,56.0,46.019169055552155,22.409167701100603,23.61000135445155,20.0,36.0
2017_02_MIN_PIT,2017,2,PIT,MIN,17.0,4.428473432330936,35.0,45.79137120759885,25.109922319964895,20.681448887633955,26.0,9.0
2017_02_CHI_TB,2017,2,TB,CHI,22.0,5.435450138391005,36.0,43.94039886128308,24.68792449983704,19.252474361446037,29.0,7.0
2017_02_MIA_LAC,2017,2,LAC,MIA,-2.0,1.2845043150998523,36.0,43.053208155318075,22.168856235208963,20.88435192010911,17.0,19.0
2017_02_NYJ_OAK,2017,2,OAK,NYJ,25.0,8.567935243458784,65.0,43.262442659420515,25.91518895143965,17.347253707980865,45.0,20.0
2017_02_DAL_DEN,2017,2,DEN,DAL,25.0,0.7716755008016677,59.0,46.688188055592924,23.729931778197297,22.958256277395627,42.0,17.0
2017_02_WAS_LA,2017,2,LA,WAS,-7.0,6.342596743967587,47.0,42.20470850382455,24.27365262389607,17.93105587992848,20.0,27.0
2017_02_SF_SEA,2017,2,SEA,SF,3.0,9.291362805146962,21.0,39.217576462813,24.25446963397998,14.96310682883302,12.0,9.0
2017_02_GB_ATL,2017,2,ATL,GB,11.0,5.599204830044799,57.0,45.14561273154757,25.372408780796185,19.773203950751387,34.0,23.0
2017_02_DET_NYG,2017,2,NYG,DET,-14.0,2.539460077116732,34.0,43.338614285565306,22.939037181341018,20.39957710422429,10.0,24.0
2017_03_LA_SF,2017,3,SF,LA,-2.0,-1.596678601425379,80.0,42.636553967513464,20.51993768304404,22.116616284469423,39.0,41.0
2017_03_DEN_BUF,2017,3,BUF,DEN,10.0,-2.44103970141286,42.0,41.88786614917855,19.723413223882844,22.164452925295706,26.0,16.0
2017_03_NO_CAR,2017,3,CAR,NO,-21.0,5.206808548300989,47.0,43.71764692682686,24.462227737563925,19.255419189262934,13.0,34.0
2017_03_PIT_CHI,2017,3,CHI,PIT,6.0,-5.535939534106257,40.0,42.23020779442968,18.347134130161713,23.883073664267968,23.0,17.0
2017_03_ATL_DET,2017,3,DET,ATL,-4.0,-1.805332810026508,56.0,47.03028717284726,22.612477181410377,24.417809991436883,26.0,30.0
2017_03_CLE_IND,2017,3,IND,CLE,3.0,4.150785340226126,59.0,41.26012029216264,22.705452816194384,18.554667475968255,31.0,28.0
2017_03_TB_MIN,2017,3,MIN,TB,17.0,1.3143212946683696,51.0,45.69941955822536,23.506870426446863,22.192549131778495,34.0,17.0
2017_03_HOU_NE,2017,3,NE,HOU,3.0,9.363036437744118,69.0,43.13780457353892,26.25042050564152,16.8873840678974,36.0,33.0
2017_03_MIA_NYJ,2017,3,NYJ,MIA,14.0,-0.3423238041318867,26.0,44.56895166992847,22.11331393289829,22.455637737030177,20.0,6.0
2017_03_NYG_PHI,2017,3,PHI,NYG,3.0,3.3362893708088834,51.0,43.20968565777968,23.272987514294282,19.936698143485398,27.0,24.0
2017_03_SEA_TEN,2017,3,TEN,SEA,6.0,2.515268981854583,60.0,42.286385991792685,22.400827486823633,19.88555850496905,33.0,27.0
2017_03_CIN_GB,2017,3,GB,CIN,3.0,6.951483928795224,51.0,41.18176410387227,24.066624016333748,17.11514008753852,27.0,24.0
2017_03_KC_LAC,2017,3,LAC,KC,-14.0,-6.745016285412071,34.0,48.13933217042587,20.697157942506898,27.44217422791897,10.0,24.0
2017_03_OAK_WAS,2017,3,WAS,OAK,17.0,1.0330681682069496,37.0,44.61152934336495,22.82229875578595,21.789230587579,27.0,10.0
2017_03_BAL_JAX,2017,3,JAX,BAL,37.0,-0.5376452222761492,51.0,39.777760796576175,19.620057787150014,20.15770300942616,44.0,7.0
2017_03_DAL_ARI,2017,3,ARI,DAL,-11.0,1.5113040227756582,45.0,44.024313312696634,22.767808667736148,21.256504644960486,17.0,28.0
2017_04_CHI_GB,2017,4,GB,CHI,21.0,10.93042440685836,49.0,43.67141926791599,27.300921837387172,16.370497430528815,35.0,14.0
2017_04_BUF_ATL,2017,4,ATL,BUF,-6.0,7.294832178696624,40.0,44.631502938158256,25.96316755842744,18.668335379730816,17.0,23.0
2017_04_PIT_BAL,2017,4,BAL,PIT,-17.0,-1.6192724597006625,35.0,41.13181818876919,19.756272864534264,21.375545324234924,9.0,26.0
2017_04_CIN_CLE,2017,4,CLE,CIN,-24.0,-1.6996924065280117,38.0,39.959936216034585,19.130121904753288,20.829814311281297,7.0,31.0
2017_04_LA_DAL,2017,4,DAL,LA,-5.0,10.689953029009777,65.0,45.75234296931022,28.22114799916,17.53119497015022,30.0,35.0
2017_04_TEN_HOU,2017,4,HOU,TEN,43.0,0.9350909968634616,71.0,44.802425467399374,22.868758232131416,21.933667235267958,57.0,14.0
2017_04_DET_MIN,2017,4,MIN,DET,-7.0,3.2364336850073414,21.0,44.644141905536344,23.940287795271843,20.7038541102645,7.0,14.0
2017_04_CAR_NE,2017,4,NE,CAR,-3.0,9.87767414569974,63.0,42.875166763823074,26.37642045476141,16.498746309061666,30.0,33.0
2017_04_JAX_NYJ,2017,4,NYJ,JAX,3.0,3.5786343844503703,43.0,44.3522907982838,23.965462591367086,20.386828206916718,23.0,20.0
2017_04_SF_ARI,2017,4,ARI,SF,3.0,9.414960145935952,33.0,42.58521880953413,26.00008947773504,16.58512933179909,18.0,15.0
2017_04_PHI_LAC,2017,4,LAC,PHI,-2.0,-0.5465902835200107,50.0,44.93089707441256,22.192153395446276,22.738743678966287,24.0,26.0
2017_04_NYG_TB,2017,4,TB,NYG,2.0,3.1646013181173123,48.0,43.18297557525123,23.17378844668427,20.009187128566957,25.0,23.0
2017_04_OAK_DEN,2017,4,DEN,OAK,6.0,3.266687765707499,26.0,44.72086601026945,23.993776887988474,20.727089122280972,16.0,10.0
2017_04_IND_SEA,2017,4,SEA,IND,28.0,5.932147149029519,64.0,40.42997697641746,23.181062062723488,17.24891491369397,46.0,18.0
2017_04_NO_MIA,2017,4,MIA,NO,-20.0,1.0071206168171545,20.0,43.926781646938345,22.46695113187775,21.459830515060595,0.0,20.0
2017_04_WAS_KC,2017,4,KC,WAS,9.0,10.0370099081558,49.0,44.65463238046666,27.34582114431123,17.308811236155428,29.0,20.0
2017_05_NE_TB,2017,5,TB,NE,-5.0,0.3288531509346413,33.0,47.9909364047835,24.15989477785907,23.831041626924428,14.0,19.0
2017_05_BUF_CIN,2017,5,CIN,BUF,4.0,-0.8104049135444971,36.0,40.40573316453081,19.797664125493156,20.60806903903765,20.0,16.0
2017_05_NYJ_CLE,2017,5,CLE,NYJ,-3.0,-5.391482517253629,31.0,40.69459868433098,17.651558083538674,23.043040600792303,14.0,17.0
2017_05_CAR_DET,2017,5,DET,CAR,-3.0,4.240650657940973,51.0,43.39703499694351,23.818842827442243,19.578192169501268,24.0,27.0
2017_05_SF_IND,2017,5,IND,SF,3.0,2.577964624211169,49.0,42.260649903022724,22.419307263616947,19.841342639405777,26.0,23.0
2017_05_TEN_MIA,2017,5,MIA,TEN,6.0,1.785864457248472,26.0,42.481145651878485,22.13350505456348,20.347640597315007,16.0,10.0
2017_05_LAC_NYG,2017,5,NYG,LAC,-5.0,2.7081835931885108,49.0,42.92377768151448,22.815980637351494,20.107797044162986,22.0,27.0
2017_05_ARI_PHI,2017,5,PHI,ARI,27.0,3.888985456107649,41.0,43.74568985557591,23.81733765584178,19.92835219973413,34.0,7.0
2017_05_JAX_PIT,2017,5,PIT,JAX,-21.0,6.879916137442965,39.0,42.738794726470296,24.809355431956632,17.929439294513664,9.0,30.0
2017_05_SEA_LA,2017,5,LA,SEA,-6.0,0.8425049710902238,26.0,47.869224893765235,24.35586493242773,23.513359961337507,10.0,16.0
2017_05_BAL_OAK,2017,5,OAK,BAL,-13.0,5.240087305483553,47.0,42.768612379957844,24.0043498427207,18.764262537237144,17.0,30.0
2017_05_GB_DAL,2017,5,DAL,GB,-4.0,1.697985673553292,66.0,46.129979647531144,23.913982660542217,22.215996986988927,31.0,35.0
2017_05_KC_HOU,2017,5,HOU,KC,-8.0,-4.565709769814809,76.0,46.609781163362335,21.022035696773763,25.587745466588572,34.0,42.0
2017_05_MIN_CHI,2017,5,CHI,MIN,-3.0,-1.4751895345464483,37.0,42.43142481605564,20.478117640754597,21.953307175301042,17.0,20.0
2017_06_PHI_CAR,2017,6,CAR,PHI,-5.0,1.050297985749057,51.0,45.520226717742155,23.285262351745605,22.23496436599655,23.0,28.0
2017_06_MIA_ATL,2017,6,ATL,MIA,-3.0,9.502496446420665,37.0,43.41629828495152,26.459397365686094,16.95690091926543,17.0,20.0
2017_06_CHI_BAL,2017,6,BAL,CHI,-3.0,5.924084428404403,51.0,41.0809910776753,23.502537753039853,17.578453324635447,24.0,27.0
2017_06_CLE_HOU,2017,6,HOU,CLE,16.0,7.127377324360315,50.0,42.82580177625123,24.976589550305775,17.849212225945458,33.0,17.0
2017_06_GB_MIN,2017,6,MIN,GB,13.0,-3.1657876487951597,33.0,47.212435610047216,22.023323980626028,25.189111629421188,23.0,10.0
2017_06_DET_NO,2017,6,NO,DET,14.0,3.173432589101231,90.0,44.63067517077119,23.90205387993621,20.72862129083498,52.0,38.0
2017_06_NE_NYJ,2017,6,NYJ,NE,-7.0,-5.441871639798092,41.0,44.551266914067455,19.55469763713468,24.996569276932775,17.0,24.0
2017_06_SF_WAS,2017,6,WAS,SF,2.0,10.223047594832094,50.0,43.87275436961087,27.04790098222148,16.824853387389386,26.0,24.0
2017_06_TB_ARI,2017,6,ARI,TB,5.0,1.5900964297710278,71.0,43.23507661065171,22.41258652021137,20.82249009044034,38.0,33.0
2017_06_LA_JAX,2017,6,JAX,LA,-10.0,4.599385267231513,44.0,43.834506186766035,24.216945726998773,19.61756045976726,17.0,27.0
2017_06_PIT_KC,2017,6,KC,PIT,-6.0,8.503102988710905,32.0,45.1327579931112,26.817930490911053,18.314827502200146,13.0,19.0
2017_06_LAC_OAK,2017,6,OAK,LAC,-1.0,2.2693694023501045,33.0,44.45397946802578,23.361674435187943,21.092305032837835,16.0,17.0
2017_06_NYG_DEN,2017,6,DEN,NYG,-13.0,7.206337337499666,33.0,42.94946992226993,25.077903629884798,17.87156629238513,10.0,23.0
2017_06_IND_TEN,2017,6,TEN,IND,14.0,1.751993020972478,58.0,41.88710968596224,21.819551353467357,20.06755833249488,36.0,22.0
2017_07_KC_OAK,2017,7,OAK,KC,1.0,-3.350426399553779,61.0,46.623046452041294,21.636310026243756,24.986736425797538,31.0,30.0
2017_07_TB_BUF,2017,7,BUF,TB,3.0,4.127978848804142,57.0,42.427380041265984,23.277679445035062,19.14970059623092,30.0,27.0
2017_07_CAR_CHI,2017,7,CHI,CAR,14.0,-4.214209610257225,20.0,41.703125966153834,18.744458177948303,22.95866778820553,17.0,3.0
2017_07_TEN_CLE,2017,7,CLE,TEN,-3.0,-4.10945754819678,21.0,40.67568451134591,18.283113481574564,22.392571029771343,9.0,12.0
2017_07_NO_GB,2017,7,GB,NO,-9.0,5.392022221462527,43.0,45.61204320505594,25.502032713259233,20.110010491796707,17.0,26.0
2017_07_JAX_IND,2017,7,IND,JAX,-27.0,1.650154664361887,27.0,43.86914485526927,22.759649759815577,21.109495095453692,0.0,27.0
2017_07_ARI_LA,2017,7,LA,ARI,33.0,2.262034115830384,33.0,43.5121418115966,22.88708796371349,20.62505384788311,33.0,0.0
2017_07_NYJ_MIA,2017,7,MIA,NYJ,3.0,2.642058790324803,59.0,39.98374143363915,21.31290011198198,18.670841321657175,31.0,28.0
2017_07_BAL_MIN,2017,7,MIN,BAL,8.0,3.388042474095216,40.0,42.2586790248152,22.823360749455208,19.435318275359993,24.0,16.0
2017_07_DAL_SF,2017,7,SF,DAL,-30.0,-5.507604604478153,50.0,43.20596300110178,18.849179198311813,24.356783802789966,10.0,40.0
2017_07_DEN_LAC,2017,7,LAC,DEN,21.0,0.850695737552598,21.0,41.43481740976479,21.142756573658694,20.292060836106096,21.0,0.0
2017_07_SEA_NYG,2017,7,NYG,SEA,-17.0,-2.3072892904683275,31.0,40.81077105077351,19.251740880152592,21.559030170620918,7.0,24.0
2017_07_CIN_PIT,2017,7,PIT,CIN,15.0,6.735137892499199,43.0,41.25433776825538,23.99473783037729,17.259599937878093,29.0,14.0
2017_07_ATL_NE,2017,7,NE,ATL,16.0,5.398180016748142,30.0,46.71972197244176,26.05895099459495,20.66077097784681,23.0,7.0
2017_07_WAS_PHI,2017,7,PHI,WAS,10.0,6.406335945197595,58.0,44.29707068267806,25.35170331393783,18.945367368740232,34.0,24.0
2017_08_MIA_BAL,2017,8,BAL,MIA,40.0,2.0536735322420707,40.0,40.319796744373974,21.186735138308023,19.13306160606595,40.0,0.0
2017_08_OAK_BUF,2017,8,BUF,OAK,20.0,3.995631708873657,48.0,42.35242035279015,23.174026030831904,19.178394321958244,34.0,14.0
2017_08_IND_CIN,2017,8,CIN,IND,1.0,4.955592426928723,47.0,41.91575017676907,23.4356713018489,18.480078874920174,24.0,23.0
2017_08_LAC_NE,2017,8,NE,LAC,8.0,9.56976535220652,34.0,45.17530397863005,27.372534665418286,17.802769313211762,21.0,13.0
2017_08_CHI_NO,2017,8,NO,CHI,8.0,9.45942019075322,32.0,42.555102915606895,26.007261553180058,16.547841362426837,20.0,12.0
2017_08_ATL_NYJ,2017,8,NYJ,ATL,-5.0,-1.9722959303064596,45.0,43.89475367627666,20.9612288729851,22.933524803291558,20.0,25.0
2017_08_SF_PHI,2017,8,PHI,SF,23.0,11.479615067798656,43.0,44.75292208218287,28.116268574990762,16.636653507192108,33.0,10.0
2017_08_CAR_TB,2017,8,TB,CAR,-14.0,2.3934493621941275,20.0,43.77972563474825,23.08658749847119,20.693138136277064,3.0,17.0
2017_08_HOU_SEA,2017,8,SEA,HOU,3.0,5.70960109865737,79.0,42.89218097074108,24.300891034699227,18.591289936041854,41.0,38.0
2017_08_DAL_WAS,2017,8,WAS,DAL,-14.0,1.572279989939209,52.0,47.63118649330571,24.601733241622462,23.02945325168325,19.0,33.0
2017_08_PIT_DET,2017,8,DET,PIT,-5.0,-0.5888504156858948,35.0,44.04565915493043,21.728404369622268,22.317254785308165,15.0,20.0
2017_08_MIN_CLE,2017,8,CLE,MIN,-17.0,-4.544940418977942,49.0,40.88728345688502,18.17117151895354,22.716111937931483,16.0,33.0
2017_08_DEN_KC,2017,8,KC,DEN,10.0,11.691237513645977,48.0,43.99178039712938,27.84150895538768,16.1502714417417,29.0,19.0
2017_09_BUF_NYJ,2017,9,NYJ,BUF,13.0,-3.958052114206047,55.0,42.580474797746845,19.3112113417704,23.269263455976446,34.0,21.0
2017_09_ATL_CAR,2017,9,CAR,ATL,3.0,-0.7263044832574759,37.0,42.19789048073487,20.735792998738695,21.462097481996175,20.0,17.0
2017_09_IND_HOU,2017,9,HOU,IND,-6.0,4.381080209899123,34.0,45.212756135412654,24.79691817265589,20.415837962756765,14.0,20.0
2017_09_CIN_JAX,2017,9,JAX,CIN,16.0,4.246677518956362,30.0,41.56467077444214,22.90567414669925,18.65899662774289,23.0,7.0
2017_09_TB_NO,2017,9,NO,TB,20.0,8.504019530157468,40.0,45.20976381406629,26.856891672111878,18.352872141954414,30.0,10.0
2017_09_LA_NYG,2017,9,NYG,LA,-34.0,0.8077676833644043,68.0,42.90144180464855,21.854604744006476,21.046837060642073,17.0,51.0
2017_09_DEN_PHI,2017,9,PHI,DEN,28.0,9.015503028713251,74.0,42.403333458473085,25.70941824359317,16.693915214879915,51.0,23.0
2017_09_BAL_TEN,2017,9,TEN,BAL,3.0,1.311672198743129,43.0,41.60822557399331,21.45994888636822,20.14827668762509,23.0,20.0
2017_09_WAS_SEA,2017,9,SEA,WAS,-3.0,7.031104502297778,31.0,42.85075068531655,24.940927593807164,17.909823091509384,14.0,17.0
2017_09_ARI_SF,2017,9,SF,ARI,-10.0,-6.29948393836913,30.0,40.534008050378056,17.117262056004463,23.416745994373592,10.0,20.0
2017_09_KC_DAL,2017,9,DAL,KC,11.0,2.795605478963555,45.0,47.32001742992968,25.057811454446615,22.262205975483063,28.0,17.0
2017_09_OAK_MIA,2017,9,MIA,OAK,-3.0,0.9750263994355876,51.0,42.5083737554677,21.741700077451643,20.76667367801606,24.0,27.0
2017_09_DET_GB,2017,9,GB,DET,-13.0,4.4975186363979445,47.0,43.71090819881733,24.104213417607635,19.606694781209693,17.0,30.0
2017_10_SEA_ARI,2017,10,ARI,SEA,-6.0,-2.1173513672908904,38.0,42.10650295231073,19.99457579250992,22.111927159800807,16.0,22.0
2017_10_NO_BUF,2017,10,BUF,NO,-37.0,-0.418356618532577,57.0,44.0235777968622,21.80261058916481,22.220967207697388,10.0,47.0
2017_10_GB_CHI,2017,10,CHI,GB,-7.0,-0.7199662557471035,39.0,42.63215738389694,20.956095564074918,21.67606181982202,16.0,23.0
2017_10_CLE_DET,2017,10,DET,CLE,14.0,7.013664097577273,62.0,42.90162559443487,24.95764484600607,17.9439807484288,38.0,24.0
2017_10_PIT_IND,2017,10,IND,PIT,-3.0,-6.870569119458164,37.0,43.620697604093785,18.375064242317812,25.245633361775973,17.0,20.0
2017_10_LAC_JAX,2017,10,JAX,LAC,3.0,3.9501894376721816,37.0,41.92425618560685,22.937222811639515,18.987033373967336,20.0,17.0
2017_10_NYJ_TB,2017,10,TB,NYJ,5.0,0.6029309323062072,25.0,41.64727993268889,21.12510543249755,20.52217450019134,15.0,10.0
2017_10_CIN_TEN,2017,10,TEN,CIN,4.0,3.3049426869543392,44.0,41.21135131214951,22.258146999551926,18.953204312597585,24.0,20.0
2017_10_MIN_WAS,2017,10,WAS,MIN,-8.0,-0.257327558842718,68.0,41.82003464015989,20.781353540658586,21.038681099501304,30.0,38.0
2017_10_HOU_LA,2017,10,LA,HOU,26.0,8.592820419130506,40.0,46.11437015828834,27.35359528870942,18.760774869578917,33.0,7.0
2017_10_DAL_ATL,2017,10,ATL,DAL,20.0,1.4497138490054162,34.0,47.37400066122651,24.41185725511596,22.96214340611055,27.0,7.0
2017_10_NYG_SF,2017,10,SF,NYG,10.0,-4.79800386938167,52.0,40.92179958792539,18.06189785927186,22.859901728653533,31.0,21.0
2017_10_NE_DEN,2017,10,DEN,NE,-25.0,-6.465399956705309,57.0,46.061070058197046,19.797835050745867,26.26323500745118,16.0,41.0
2017_10_MIA_CAR,2017,10,CAR,MIA,24.0,4.491859307350978,66.0,40.755411429294014,22.623635368322496,18.131776060971518,45.0,21.0
2017_11_TEN_PIT,2017,11,PIT,TEN,23.0,6.478192661095095,57.0,40.338050839772535,23.408121750433814,16.92992908933872,40.0,17.0
2017_11_DET_CHI,2017,11,CHI,DET,-3.0,-4.855911498368976,51.0,40.93734873272685,18.04071861717894,22.896630115547914,24.0,27.0
2017_11_JAX_CLE,2017,11,CLE,JAX,-12.0,-5.589483638177101,26.0,41.71461076996531,18.062563565894106,23.652047204071206,7.0,19.0
2017_11_BAL_GB,2017,11,GB,BAL,-23.0,3.819477369941864,23.0,43.812655643115214,23.81606650652854,19.996589136586675,0.0,23.0
2017_11_ARI_HOU,2017,11,HOU,ARI,10.0,1.2794230642515456,52.0,43.590521536058176,22.43497230015486,21.155549235903315,31.0,21.0
2017_11_TB_MIA,2017,11,MIA,TB,-10.0,1.8140631022694509,50.0,41.08125575489401,21.44765942858173,19.63359632631228,20.0,30.0
2017_11_LA_MIN,2017,11,MIN,LA,17.0,3.4575665293223103,31.0,46.718836312048644,25.08820142068548,21.630634891363165,24.0,7.0
2017_11_WAS_NO,2017,11,NO,WAS,3.0,11.038840477593151,65.0,45.33761789584725,28.1882291867202,17.149388709127052,34.0,31.0
2017_11_KC_NYG,2017,11,NYG,KC,3.0,-5.476805264059079,21.0,42.15862550634339,18.340910121142155,23.817715385201236,12.0,9.0
2017_11_BUF_LAC,2017,11,LAC,BUF,30.0,2.724260847189848,78.0,42.53705811285116,22.630659480020505,19.90639863283066,54.0,24.0
2017_11_CIN_DEN,2017,11,DEN,CIN,-3.0,1.9852086447605588,37.0,40.11258703968451,21.048897842222537,19.063689197461976,17.0,20.0
2017_11_NE_OAK,2017,11,OAK,NE,-25.0,-3.872580823281691,41.0,47.62888868818511,21.87815393245171,25.750734755733397,8.0,33.0
2017_11_PHI_DAL,2017,11,DAL,PHI,-28.0,4.118364236005919,46.0,45.34982485988024,24.73409454794308,20.615730311937163,9.0,37.0
2017_11_ATL_SEA,2017,11,SEA,ATL,-3.0,4.327108088874804,65.0,43.66745585200755,23.997281970441176,19.670173881566374,31.0,34.0
2017_12_MIN_DET,2017,12,DET,MIN,-7.0,2.058392023933291,53.0,44.76298390894853,23.41068796644091,21.352295942507617,23.0,30.0
2017_12_LAC_DAL,2017,12,DAL,LAC,-22.0,3.597000270975532,34.0,45.178580761222065,24.3877905160988,20.790790245123265,6.0,28.0
2017_12_NYG_WAS,2017,12,WAS,NYG,10.0,3.752563366440832,30.0,43.836744573959514,23.794653970200173,20.04209060375934,20.0,10.0
2017_12_TB_ATL,2017,12,ATL,TB,14.0,10.698063144513831,54.0,44.24708942494226,27.472576284728046,16.774513140214214,34.0,20.0
2017_12_CLE_CIN,2017,12,CIN,CLE,14.0,9.251400171349069,46.0,40.28055515777493,24.765977664561998,15.51457749321293,30.0,16.0
2017_12_TEN_IND,2017,12,IND,TEN,-4.0,-2.373374103432749,36.0,42.36709735684303,19.99686162670514,22.370235730137892,16.0,20.0
2017_12_BUF_KC,2017,12,KC,BUF,-6.0,9.925327090932376,26.0,44.50981627075797,27.217571680845175,17.292244589912798,10.0,16.0
2017_12_MIA_NE,2017,12,NE,MIA,18.0,12.786800576208275,52.0,43.62001161068805,28.203406093448166,15.416605517239889,35.0,17.0
2017_12_CAR_NYJ,2017,12,NYJ,CAR,-8.0,-1.818155171140396,62.0,39.22260517999207,18.702225004425838,20.520380175566235,27.0,35.0
2017_12_CHI_PHI,2017,12,PHI,CHI,28.0,14.207842583517332,34.0,42.11324256560978,28.160542574563557,13.952699991046224,31.0,3.0
2017_12_SEA_SF,2017,12,SF,SEA,-11.0,-5.539014996619263,37.0,41.67691250156942,18.068948752475077,23.607963749094342,13.0,24.0
2017_12_JAX_ARI,2017,12,ARI,JAX,3.0,-2.5611502039976504,51.0,41.883306582072905,19.661078189037628,22.222228393035277,27.0,24.0
2017_12_NO_LA,2017,12,LA,NO,6.0,0.0331808401627501,46.0,44.96670836641267,22.49994460328771,22.46676376312496,26.0,20.0
2017_12_DEN_OAK,2017,12,OAK,DEN,7.0,3.759054598592477,35.0,41.65688084010501,22.707967719348744,18.948913120756266,21.0,14.0
2017_12_GB_PIT,2017,12,PIT,GB,3.0,5.782641942360008,59.0,42.74118554703887,24.261913744699438,18.47927180233943,31.0,28.0
2017_12_HOU_BAL,2017,12,BAL,HOU,7.0,5.830840570655556,39.0,42.20775323329646,24.019296901976006,18.188456331320452,23.0,16.0
2017_13_WAS_DAL,2017,13,DAL,WAS,24.0,3.13948633655281,52.0,45.09602114196604,24.117753739259424,20.978267402706617,38.0,14.0
2017_13_MIN_ATL,2017,13,ATL,MIN,-5.0,3.986895415670667,23.0,45.593153689743694,24.79002455270718,20.803129137036514,9.0,14.0
2017_13_DET_BAL,2017,13,BAL,DET,24.0,2.4279792647502685,64.0,42.93398149530445,22.68098038002736,20.25300111527709,44.0,20.0
2017_13_NE_BUF,2017,13,BUF,NE,-20.0,-6.545981765986912,26.0,46.04910796268037,19.75156309834673,26.297544864333638,3.0,23.0
2017_13_SF_CHI,2017,13,CHI,SF,-1.0,4.895657246198637,29.0,41.61223969710295,23.253948471650794,18.358291225452156,14.0,15.0
2017_13_TB_GB,2017,13,GB,TB,6.0,3.0741009685495557,46.0,42.60019390410235,22.837147436325953,19.763046467776395,26.0,20.0
2017_13_IND_JAX,2017,13,JAX,IND,20.0,6.8916064544728926,40.0,42.41460946654103,24.65310796050696,17.76150150603407,30.0,10.0
2017_13_DEN_MIA,2017,13,MIA,DEN,26.0,1.8127145259759772,44.0,40.99983117159267,21.406272848784322,19.593558322808345,35.0,9.0
2017_13_KC_NYJ,2017,13,NYJ,KC,7.0,-2.3584575644654064,69.0,43.68974598134081,20.665644208437705,23.02410177290311,38.0,31.0
2017_13_HOU_TEN,2017,13,TEN,HOU,11.0,3.230646821311961,37.0,41.46158340441747,22.346115112864716,19.11546829155275,24.0,13.0
2017_13_CLE_LAC,2017,13,LAC,CLE,9.0,11.206181441975822,29.0,42.50592109884329,26.856051270409555,15.649869828433733,19.0,10.0
2017_13_LA_ARI,2017,13,ARI,LA,-16.0,-1.9595322771980408,48.0,44.23512554506165,21.137796633931803,23.097328911129846,16.0,32.0
2017_13_CAR_NO,2017,13,NO,CAR,10.0,6.546652512320066,52.0,45.370218381133085,25.958435446726575,19.41178293440651,31.0,21.0
2017_13_NYG_OAK,2017,13,OAK,NYG,7.0,5.371188513551533,41.0,42.495800905550304,23.933494709550917,18.562306195999387,24.0,17.0
2017_13_PHI_SEA,2017,13,SEA,PHI,14.0,2.3847213787291284,34.0,44.09602866199796,23.240375020363544,20.85565364163442,24.0,10.0
2017_13_PIT_CIN,2017,13,CIN,PIT,-3.0,-5.254854813892623,43.0,42.78423859632612,18.76469189121675,24.01954670510937,20.0,23.0
2017_14_NO_ATL,2017,14,ATL,NO,3.0,2.193467344511754,37.0,48.896194039720726,25.54483069211624,23.351363347604487,20.0,17.0
2017_14_IND_BUF,2017,14,BUF,IND,6.0,5.266963741443807,20.0,40.370429463962495,22.818696602703152,17.551732861259342,13.0,7.0
2017_14_MIN_CAR,2017,14,CAR,MIN,7.0,0.0103378204002796,55.0,44.02562286498505,22.017980342692667,22.007642522292386,31.0,24.0
2017_14_CHI_CIN,2017,14,CIN,CHI,-26.0,7.245023851556617,40.0,40.95173457903141,24.098379215294013,16.853355363737396,7.0,33.0
2017_14_GB_CLE,2017,14,CLE,GB,-6.0,-4.409286689688583,48.0,40.64436249407988,18.117537902195647,22.526824591884232,21.0,27.0
2017_14_SF_HOU,2017,14,HOU,SF,-10.0,4.9299761905438855,42.0,44.56332203893563,24.746649114739757,19.816672924195874,16.0,26.0
2017_14_OAK_KC,2017,14,KC,OAK,11.0,5.2037428763722176,41.0,44.340467371440106,24.77210512390616,19.568362247533944,26.0,15.0
2017_14_DAL_NYG,2017,14,NYG,DAL,-20.0,-4.554668127217505,40.0,42.363468330141494,18.904400101461995,23.4590682286795,10.0,30.0
2017_14_DET_TB,2017,14,TB,DET,-3.0,0.7672411438961485,45.0,42.79399807719127,21.78061961054371,21.01337846664756,21.0,24.0
2017_14_TEN_ARI,2017,14,ARI,TEN,5.0,-0.7196830692113225,19.0,43.238569152836604,21.25944304181264,21.979126111023962,12.0,7.0
2017_14_NYJ_DEN,2017,14,DEN,NYJ,23.0,-1.1741359566824834,23.0,42.247838962435424,20.53685150287647,21.710987459558954,23.0,0.0
2017_14_WAS_LAC,2017,14,LAC,WAS,17.0,7.84396348709789,43.0,42.22016427369234,25.032063880395114,17.188100393297226,30.0,13.0
2017_14_SEA_JAX,2017,14,JAX,SEA,6.0,0.1624086875700238,54.0,42.067164770428334,21.114786728999178,20.952378041429156,30.0,24.0
2017_14_PHI_LA,2017,14,LA,PHI,-8.0,1.900564847886456,78.0,44.293919062525596,23.097241955206027,21.19667710731957,35.0,43.0
2017_14_BAL_PIT,2017,14,PIT,BAL,1.0,6.612048319488241,77.0,42.63275476286116,24.6224015411747,18.01035322168646,39.0,38.0
2017_14_NE_MIA,2017,14,MIA,NE,7.0,-8.01985072052107,47.0,46.930798504137165,19.455473891808047,27.475324612329118,27.0,20.0
2017_15_DEN_IND,2017,15,IND,DEN,-12.0,-0.3855946221204411,38.0,41.7536907453203,20.684048061599928,21.06964268372037,13.0,25.0
2017_15_CHI_DET,2017,15,DET,CHI,10.0,3.7999743237206474,30.0,43.192687175157786,23.496330749439217,19.69635642571857,20.0,10.0
2017_15_LAC_KC,2017,15,KC,LAC,17.0,4.847583086125044,43.0,45.216993606816615,25.03228834647083,20.184705260345787,30.0,13.0
2017_15_MIA_BUF,2017,15,BUF,MIA,8.0,3.519667521527576,40.0,39.89198451074318,21.705826016135376,18.186158494607803,24.0,16.0
2017_15_GB_CAR,2017,15,CAR,GB,7.0,6.363533187766884,55.0,44.20957646629884,25.286554827032862,18.92302163926598,31.0,24.0
2017_15_BAL_CLE,2017,15,CLE,BAL,-17.0,-4.645474355658125,37.0,41.89001149140356,18.62226856787272,23.267742923530843,10.0,27.0
2017_15_HOU_JAX,2017,15,JAX,HOU,38.0,8.588783619099681,52.0,42.37337556338434,25.48107959124201,16.892295972142332,45.0,7.0
2017_15_CIN_MIN,2017,15,MIN,CIN,27.0,10.637145614841884,41.0,43.31269307662476,26.974919345733323,16.33777373089144,34.0,7.0
2017_15_NYJ_NO,2017,15,NO,NYJ,12.0,9.8305270098386,50.0,44.849002418191574,27.339764714015086,17.50923770417649,31.0,19.0
2017_15_PHI_NYG,2017,15,NYG,PHI,-5.0,-5.095629138080397,63.0,43.56026416070004,19.23231751130982,24.327946649390217,29.0,34.0
2017_15_ARI_WAS,2017,15,WAS,ARI,5.0,1.9443795678389235,35.0,41.50509508818744,21.72473732801318,19.780357760174258,20.0,15.0
2017_15_LA_SEA,2017,15,SEA,LA,-35.0,4.860496976182937,49.0,43.17577873480771,24.018137855495322,19.157640879312385,7.0,42.0
2017_15_NE_PIT,2017,15,PIT,NE,-3.0,2.5888514226570933,51.0,47.463730851682165,25.02629113716963,22.437439714512536,24.0,27.0
2017_15_TEN_SF,2017,15,SF,TEN,2.0,-3.1266146183803905,48.0,40.096864103596864,18.485124742608235,21.61173936098863,25.0,23.0
2017_15_DAL_OAK,2017,15,OAK,DAL,-3.0,-2.7935624734057423,37.0,45.71318448730951,21.459811006951885,24.253373480357627,17.0,20.0
2017_15_ATL_TB,2017,15,TB,ATL,-3.0,-3.400394859948118,45.0,44.58957851122806,20.594591825639974,23.99498668558809,21.0,24.0
2017_16_IND_BAL,2017,16,BAL,IND,7.0,11.125307954700354,39.0,42.8220052198859,26.973656587293128,15.848348632592774,23.0,16.0
2017_16_MIN_GB,2017,16,GB,MIN,-16.0,-1.6838660767965885,16.0,45.397706116242496,21.856920019722953,23.540786096519543,0.0,16.0
2017_16_TB_CAR,2017,16,CAR,TB,3.0,8.063657415964466,41.0,45.06510959282808,26.56438350439627,18.500726088431808,22.0,19.0
2017_16_CLE_CHI,2017,16,CHI,CLE,17.0,9.876173704648233,23.0,41.40766281308141,25.64191825886482,15.765744554216589,20.0,3.0
2017_16_DET_CIN,2017,16,CIN,DET,9.0,-4.02606327440707,43.0,42.41234586009443,19.19314129284368,23.219204567250753,26.0,17.0
2017_16_MIA_KC,2017,16,KC,MIA,16.0,12.2647773473952,42.0,43.68150328386042,27.97314031562781,15.708362968232612,29.0,13.0
2017_16_BUF_NE,2017,16,NE,BUF,21.0,11.74414773048872,53.0,44.23030153407328,27.987224632281,16.24307690179228,37.0,16.0
2017_16_ATL_NO,2017,16,NO,ATL,10.0,4.720579105563841,36.0,46.850775480266044,25.785677292914944,21.0650981873511,23.0,13.0
2017_16_LAC_NYJ,2017,16,NYJ,LAC,-7.0,-4.618878840724737,21.0,43.78572998104418,19.58342557015972,24.20230441088446,7.0,14.0
2017_16_LA_TEN,2017,16,TEN,LA,-4.0,-3.038729742609777,50.0,42.09426472817529,19.527767492782758,22.566497235392532,23.0,27.0
2017_16_DEN_WAS,2017,16,WAS,DEN,16.0,3.4984144241184,38.0,40.42736411319122,21.96288926865481,18.464474844536408,27.0,11.0
2017_16_JAX_SF,2017,16,SF,JAX,11.0,-4.031599310238743,77.0,43.15001535461939,19.559208022190326,23.590807332429065,44.0,33.0
2017_16_NYG_ARI,2017,16,ARI,NYG,23.0,2.652849818436426,23.0,42.15603627468102,22.404443046558725,19.751593228122296,23.0,0.0
2017_16_SEA_DAL,2017,16,DAL,SEA,-9.0,3.897008641850222,33.0,44.402444367090276,24.149726504470248,20.252717862620027,12.0,21.0
2017_16_PIT_HOU,2017,16,HOU,PIT,-28.0,-3.59814930176488,40.0,45.5572096582726,20.97953017825386,24.577679480018737,6.0,34.0
2017_16_OAK_PHI,2017,16,PHI,OAK,9.0,12.125969118651778,29.0,43.67864647327882,27.9023077959653,15.77633867731352,19.0,10.0
2017_17_GB_DET,2017,17,DET,GB,24.0,3.219740307796925,46.0,44.68144476854086,23.95059253816889,20.730852230371966,35.0,11.0
2017_17_HOU_IND,2017,17,IND,HOU,9.0,1.0850918388571789,35.0,41.96758853198423,21.526340185420704,20.441248346563523,22.0,13.0
2017_17_CHI_MIN,2017,17,MIN,CHI,13.0,11.45368233052628,33.0,43.816329432756206,27.63500588164124,16.181323551114964,23.0,10.0
2017_17_NYJ_NE,2017,17,NE,NYJ,20.0,13.16912580653296,32.0,43.99905560625658,28.584090706394772,15.414964899861811,26.0,6.0
2017_17_WAS_NYG,2017,17,NYG,WAS,8.0,-3.568719887250067,28.0,40.65703201765742,18.544156065203676,22.112875952453745,18.0,10.0
2017_17_DAL_PHI,2017,17,PHI,DAL,-6.0,6.753417463109464,6.0,43.16046667511623,24.95694206911285,18.203524606003384,0.0,6.0
2017_17_CLE_PIT,2017,17,PIT,CLE,4.0,11.113393465642853,52.0,43.25250143845119,27.18294745204702,16.06955398640417,28.0,24.0
2017_17_CAR_ATL,2017,17,ATL,CAR,12.0,3.7755605786507824,32.0,44.60742845197854,24.191494515314663,20.41593393666388,22.0,10.0
2017_17_CIN_BAL,2017,17,BAL,CIN,-4.0,11.418814692744588,58.0,43.09454272773613,27.25667871024036,15.837864017495772,27.0,31.0
2017_17_KC_DEN,2017,17,DEN,KC,-3.0,-3.747405465343413,51.0,43.74023626463677,19.99641539964668,23.74382086499009,24.0,27.0
2017_17_SF_LA,2017,17,LA,SF,-21.0,8.750731612895596,47.0,43.78395907086061,26.267345341878105,17.516613728982506,13.0,34.0
2017_17_OAK_LAC,2017,17,LAC,OAK,20.0,8.10622718044589,40.0,42.66265506271688,25.384441121581386,17.278213941135494,30.0,10.0
2017_17_BUF_MIA,2017,17,MIA,BUF,-6.0,-0.1396636612391121,38.0,41.012237160489406,20.436286749625147,20.57595041086426,16.0,22.0
2017_17_ARI_SEA,2017,17,SEA,ARI,-2.0,9.00273041858363,50.0,42.00470265574492,25.503716537164276,16.500986118580645,24.0,26.0
2017_17_NO_TB,2017,17,TB,NO,7.0,-3.4811712018445267,55.0,44.613172532190674,20.566000665173075,24.0471718670176,31.0,24.0
2017_17_JAX_TEN,2017,17,TEN,JAX,5.0,-0.981598483397743,25.0,44.16361529052324,21.59100840356275,22.57260688696049,15.0,10.0
2018_01_ATL_PHI,2018,1,PHI,ATL,6.0,4.5339520675654965,30.0,43.92378284263149,24.22886745509849,19.694915387532998,18.0,12.0
2018_01_BUF_BAL,2018,1,BAL,BUF,44.0,3.4320616551700964,50.0,42.26285791567848,22.847459785424288,19.415398130254193,47.0,3.0
2018_01_PIT_CLE,2018,1,CLE,PIT,0.0,-5.157440043889098,42.0,42.30510172875221,18.57383084243156,23.731270886320655,21.0,21.0
2018_01_CIN_IND,2018,1,IND,CIN,-11.0,-0.957318157597706,57.0,42.346482900261286,20.69458237133179,21.651900528929495,23.0,34.0
2018_01_TEN_MIA,2018,1,MIA,TEN,7.0,0.3691353031407592,47.0,41.461504079369654,20.915319691255206,20.546184388114447,27.0,20.0
2018_01_SF_MIN,2018,1,MIN,SF,8.0,9.627344718209068,40.0,42.661637838347815,26.14449127827844,16.517146560069374,24.0,16.0
2018_01_HOU_NE,2018,1,NE,HOU,7.0,12.054653624951197,47.0,44.141396242546165,28.098024933748682,16.043371308797482,27.0,20.0
2018_01_TB_NO,2018,1,NO,TB,-8.0,7.800753213126997,88.0,45.41377960935075,26.60726641123887,18.806513198111876,40.0,48.0
2018_01_JAX_NYG,2018,1,NYG,JAX,-5.0,-3.0602033579188053,35.0,42.874953976262105,19.90737530917165,22.967578667090457,15.0,20.0
2018_01_KC_LAC,2018,1,LAC,KC,-10.0,3.515031904975096,66.0,44.07538135457848,23.79520662977679,20.280174724801693,28.0,38.0
2018_01_WAS_ARI,2018,1,ARI,WAS,-18.0,2.242566508343754,30.0,42.655992194011375,22.449279351177566,20.20671284283381,6.0,24.0
2018_01_DAL_CAR,2018,1,CAR,DAL,8.0,1.717379503526285,24.0,43.08652338652309,22.40195144502469,20.6845719414984,16.0,8.0
2018_01_SEA_DEN,2018,1,DEN,SEA,3.0,-1.9384138207406465,51.0,41.94117824154814,20.001382210403744,21.939796031144393,27.0,24.0
2018_01_CHI_GB,2018,1,GB,CHI,1.0,3.629879158912898,47.0,41.83267599058917,22.731277574751036,19.101398415838137,24.0,23.0
2018_01_NYJ_DET,2018,1,DET,NYJ,-31.0,5.792282960651068,65.0,43.404126312756866,24.59820463670397,18.805921676052897,17.0,48.0
2018_01_LA_OAK,2018,1,OAK,LA,-20.0,-3.9120102231551295,46.0,43.94088613985409,20.014437958349482,23.92644818150461,13.0,33.0
2018_02_BAL_CIN,2018,2,CIN,BAL,11.0,1.105823672426895,57.0,46.91073527883866,24.008279475632776,22.902455803205882,34.0,23.0
2018_02_CAR_ATL,2018,2,ATL,CAR,7.0,0.291738908538815,55.0,42.07002308756187,21.180880998050345,20.889142089511527,31.0,24.0
2018_02_LAC_BUF,2018,2,BUF,LAC,-11.0,-1.6454710361312117,51.0,45.254479213882455,21.80450408887562,23.449975125006834,20.0,31.0
2018_02_MIN_GB,2018,2,GB,MIN,0.0,-0.4571882972506479,58.0,42.84867111236296,21.195741407556156,21.6529297048068,29.0,29.0
2018_02_CLE_NO,2018,2,NO,CLE,3.0,9.31949384748866,39.0,44.634475600742036,26.976984724115347,17.65749087662669,21.0,18.0
2018_02_MIA_NYJ,2018,2,NYJ,MIA,-8.0,5.237436704796782,32.0,46.744169376247534,25.99080304052216,20.753366335725374,12.0,20.0
2018_02_KC_PIT,2018,2,PIT,KC,-5.0,2.493351590772234,79.0,43.71518209839278,23.104266844582508,20.610915253810273,37.0,42.0
2018_02_PHI_TB,2018,2,TB,PHI,6.0,0.8525025100394006,48.0,44.099731261479285,22.476116885759343,21.623614375719942,27.0,21.0
2018_02_HOU_TEN,2018,2,TEN,HOU,3.0,3.07118557557322,37.0,41.05909853188406,22.06514205372864,18.99395647815542,20.0,17.0
2018_02_IND_WAS,2018,2,WAS,IND,-12.0,8.187196531788151,30.0,44.97234091577962,26.579768723783886,18.392572191995733,9.0,21.0
2018_02_ARI_LA,2018,2,LA,ARI,34.0,9.310008757441445,34.0,44.498441356051984,26.904225056746714,17.59421629930527,34.0,0.0
2018_02_DET_SF,2018,2,SF,DET,3.0,3.5950384184475284,57.0,41.562295805618966,22.578667112033248,18.983628693585718,30.0,27.0
2018_02_OAK_DEN,2018,2,DEN,OAK,1.0,5.79143960800106,39.0,44.378762728001554,25.08510116800131,19.293661560000245,20.0,19.0
2018_02_NE_JAX,2018,2,JAX,NE,11.0,-1.230506205255853,51.0,41.981558470110414,20.375526132427282,21.606032337683132,31.0,20.0
2018_02_NYG_DAL,2018,2,DAL,NYG,7.0,8.353991241633095,33.0,42.324286723811575,25.339138982722336,16.98514774108924,20.0,13.0
2018_02_SEA_CHI,2018,2,CHI,SEA,7.0,1.4306897574454471,41.0,44.24767097667666,22.839180367061054,21.408490609615605,24.0,17.0
2018_03_NYJ_CLE,2018,3,CLE,NYJ,4.0,-4.460061423198855,38.0,42.6567072196941,19.098322898247623,23.558384321446475,21.0,17.0
2018_03_NO_ATL,2018,3,ATL,NO,-6.0,4.013473460922049,80.0,45.81846047838207,24.91596696965206,20.90249350873001,37.0,43.0
2018_03_DEN_BAL,2018,3,BAL,DEN,13.0,3.0826836540144367,41.0,45.04517603056655,24.063929842290495,20.981246188276057,27.0,14.0
2018_03_CIN_CAR,2018,3,CAR,CIN,10.0,2.9529602422648846,52.0,45.38374242325936,24.168351332762125,21.21539109049724,31.0,21.0
2018_03_NYG_HOU,2018,3,HOU,NYG,-5.0,3.026872930388662,49.0,42.2581564808837,22.64251470563618,19.615641775247518,22.0,27.0
2018_03_TEN_JAX,2018,3,JAX,TEN,-3.0,5.443035393674566,15.0,42.77175534761516,24.107395370644863,18.6643599769703,6.0,9.0
2018_03_SF_KC,2018,3,KC,SF,11.0,8.66221345529243,65.0,45.82569059470046,27.243952024996446,18.581738569704015,38.0,27.0
2018_03_OAK_MIA,2018,3,MIA,OAK,8.0,5.558895807342682,48.0,43.55727021183496,24.55808300958882,18.99918720224614,28.0,20.0
2018_03_BUF_MIN,2018,3,MIN,BUF,-21.0,10.075891304898937,33.0,43.92739101337809,27.001641159138515,16.925749854239577,6.0,27.0
2018_03_IND_PHI,2018,3,PHI,IND,4.0,7.451949478583538,36.0,43.83727724194092,25.644613360262227,18.19266388167869,20.0,16.0
2018_03_GB_WAS,2018,3,WAS,GB,14.0,2.3466627307117927,48.0,44.07317211744054,23.209917424076167,20.863254693364375,31.0,17.0
2018_03_LAC_LA,2018,3,LA,LAC,12.0,3.9799911466699744,58.0,48.68270324376322,26.331347195216598,22.351356048546624,35.0,23.0
2018_03_CHI_ARI,2018,3,ARI,CHI,-2.0,-1.17733750840176,30.0,44.408020048515084,21.61534127005666,22.792678778458423,14.0,16.0
2018_03_DAL_SEA,2018,3,SEA,DAL,11.0,2.298388942960922,37.0,42.02967853028236,22.16403373662164,19.86564479366072,24.0,13.0
2018_03_NE_DET,2018,3,DET,NE,16.0,-4.828220498297156,36.0,44.0189090487486,19.59534427522572,24.423564773522877,26.0,10.0
2018_03_PIT_TB,2018,3,TB,PIT,-3.0,1.308668127723794,57.0,49.650678806846145,25.479673467284968,24.171005339561177,27.0,30.0
2018_04_MIN_LA,2018,4,LA,MIN,7.0,6.093113523970371,69.0,43.107032886586886,24.60007320527863,18.506959681308256,38.0,31.0
2018_04_CIN_ATL,2018,4,ATL,CIN,-1.0,5.168104055530731,73.0,47.14828956597635,26.15819681075354,20.990092755222808,36.0,37.0
2018_04_TB_CHI,2018,4,CHI,TB,38.0,2.640162040831983,58.0,44.31216966220799,23.476165851519987,20.836003810688005,48.0,10.0
2018_04_DET_DAL,2018,4,DAL,DET,2.0,3.125485233918054,50.0,43.25423036203514,23.189857797976597,20.06437256405854,26.0,24.0
2018_04_BUF_GB,2018,4,GB,BUF,22.0,0.3869070147633963,22.0,42.926353355976566,21.65663018536998,21.269723170606586,22.0,0.0
2018_04_HOU_IND,2018,4,IND,HOU,-3.0,3.37792773275026,71.0,43.27768307200445,23.327805402377354,19.949877669627096,34.0,37.0
2018_04_NYJ_JAX,2018,4,JAX,NYJ,19.0,6.9532308831734095,43.0,41.79804058129991,24.37563573223666,17.42240484906325,31.0,12.0
2018_04_MIA_NE,2018,4,NE,MIA,31.0,5.081219599432372,45.0,43.90195396360585,24.49158678151911,19.410367182086738,38.0,7.0
2018_04_PHI_TEN,2018,4,TEN,PHI,3.0,-2.5405431253619954,49.0,41.734223847389025,19.596840361013516,22.13738348637551,26.0,23.0
2018_04_SEA_ARI,2018,4,ARI,SEA,-3.0,-1.8569174895970144,37.0,43.345038196699306,20.744060353551145,22.60097784314816,17.0,20.0
2018_04_CLE_OAK,2018,4,OAK,CLE,3.0,4.512070979177274,87.0,42.76021478374493,23.6361428814611,19.124071902283827,45.0,42.0
2018_04_SF_LAC,2018,4,LAC,SF,2.0,5.528712127795736,56.0,45.61656847859691,25.572640303196323,20.043928175400588,29.0,27.0
2018_04_NO_NYG,2018,4,NYG,NO,-15.0,-5.645131151908432,51.0,45.390540028196895,19.872704438144233,25.517835590052663,18.0,33.0
2018_04_BAL_PIT,2018,4,PIT,BAL,-12.0,6.116341318041604,40.0,44.56787205581687,25.342106686929238,19.225765368887632,14.0,26.0
2018_04_KC_DEN,2018,4,DEN,KC,-4.0,-4.97839793532765,50.0,46.065096469033286,20.543349266852818,25.521747202180467,23.0,27.0
2018_05_IND_NE,2018,5,NE,IND,14.0,11.775587584244752,62.0,43.627414639354875,27.701501111799814,15.92591352755506,38.0,24.0
2018_05_TEN_BUF,2018,5,BUF,TEN,1.0,-0.9351013416522294,25.0,41.86740966854675,20.46615416344726,21.40125550509949,13.0,12.0
2018_05_NYG_CAR,2018,5,CAR,NYG,2.0,11.01958354307661,64.0,44.87983930934805,27.949711426212332,16.930127883135718,33.0,31.0
2018_05_MIA_CIN,2018,5,CIN,MIA,10.0,3.5590861878925444,44.0,44.18245336998893,23.870769778940737,20.31168359104819,27.0,17.0
2018_05_BAL_CLE,2018,5,CLE,BAL,3.0,-3.537853969498402,21.0,44.02491543690145,20.243530733701526,23.781384703199926,12.0,9.0
2018_05_GB_DET,2018,5,DET,GB,8.0,2.224611861816528,54.0,44.36285864693267,23.2937352543746,21.069123392558073,31.0,23.0
2018_05_JAX_KC,2018,5,KC,JAX,16.0,9.391147713340883,44.0,47.02743664830203,28.209292180821457,18.818144467480572,30.0,14.0
2018_05_DEN_NYJ,2018,5,NYJ,DEN,18.0,2.048035794245136,50.0,42.932166008580005,22.49010090141257,20.442065107167434,34.0,16.0
2018_05_ATL_PIT,2018,5,PIT,ATL,24.0,2.575795967875256,58.0,46.09521186101076,24.33550391444301,21.75970794656775,41.0,17.0
2018_05_OAK_LAC,2018,5,LAC,OAK,16.0,7.724170552924648,36.0,45.14848236959941,26.436326461262027,18.71215590833738,26.0,10.0
2018_05_MIN_PHI,2018,5,PHI,MIN,-2.0,3.535515201708761,44.0,42.727873686658846,23.131694444183804,19.596179242475042,21.0,23.0
2018_05_LA_SEA,2018,5,SEA,LA,-2.0,-6.767877055597089,64.0,44.397743391907916,18.814933168155413,25.582810223752503,31.0,33.0
2018_05_ARI_SF,2018,5,SF,ARI,-10.0,3.903876889532181,46.0,43.77532028430136,23.839598586916768,19.93572169738459,18.0,28.0
2018_05_DAL_HOU,2018,5,HOU,DAL,3.0,-1.7556753268916163,35.0,44.03925234014253,21.141788506625456,22.897463833517076,19.0,16.0
2018_05_WAS_NO,2018,5,NO,WAS,24.0,6.548954016187043,62.0,46.90498176405465,26.726967890120847,20.1780138739338,43.0,19.0
2018_06_PHI_NYG,2018,6,NYG,PHI,-21.0,-3.406693254229238,47.0,43.17359101612397,19.883448880947366,23.290142135176605,13.0,34.0
2018_06_TB_ATL,2018,6,ATL,TB,5.0,6.796477152617487,63.0,46.721196797274686,26.758836974946085,19.9623598223286,34.0,29.0
2018_06_PIT_CIN,2018,6,CIN,PIT,-7.0,-0.1464181879170989,49.0,46.441794278436575,23.147688045259738,23.294106233176837,21.0,28.0
2018_06_LAC_CLE,2018,6,CLE,LAC,-24.0,-5.481650902421255,52.0,44.698125524612415,19.60823731109558,25.089888213516836,14.0,38.0
2018_06_BUF_HOU,2018,6,HOU,BUF,7.0,0.8307886339706967,33.0,43.389248509119135,22.110018571544916,21.279229937574218,20.0,13.0
2018_06_CHI_MIA,2018,6,MIA,CHI,3.0,1.2418571241601082,59.0,44.269358179749766,22.755607651954936,21.51375052779483,31.0,28.0
2018_06_ARI_MIN,2018,6,MIN,ARI,10.0,7.523715318726188,44.0,43.906254809835005,25.714985064280597,18.191269745554408,27.0,17.0
2018_06_IND_NYJ,2018,6,NYJ,IND,8.0,3.994168660875137,76.0,43.985570813198756,23.989869737036948,19.995701076161808,42.0,34.0
2018_06_SEA_OAK,2018,6,OAK,SEA,-24.0,-4.084613098381089,30.0,43.78563660542721,19.850511753523058,23.93512485190415,3.0,27.0
2018_06_CAR_WAS,2018,6,WAS,CAR,6.0,0.9968105665831866,40.0,47.36958018681528,24.18319537669923,23.186384810116046,23.0,17.0
2018_06_LA_DEN,2018,6,DEN,LA,-3.0,-7.778904432572365,43.0,46.21826507520625,19.21968032131694,26.998584753889308,20.0,23.0
2018_06_JAX_DAL,2018,6,DAL,JAX,33.0,1.948389988305259,47.0,42.92485408685614,22.4366220375807,20.488232049275442,40.0,7.0
2018_06_BAL_TEN,2018,6,TEN,BAL,-21.0,-1.650656077065916,21.0,42.51966742231792,20.434505672626003,22.08516174969192,0.0,21.0
2018_06_KC_NE,2018,6,NE,KC,3.0,2.380774432808566,83.0,48.52506327419613,25.452918853502347,23.072144420693782,43.0,40.0
2018_06_SF_GB,2018,6,GB,SF,3.0,3.7762744127824384,63.0,46.304665993982844,25.04047020338264,21.264195790600205,33.0,30.0
2018_07_DEN_ARI,2018,7,ARI,DEN,-35.0,1.1085399409527914,55.0,43.64850260847547,22.378521274714128,21.26998133376134,10.0,45.0
2018_07_NE_CHI,2018,7,CHI,NE,-7.0,-0.7316002461560082,69.0,46.207266514790525,22.73783313431726,23.469433380473266,31.0,38.0
2018_07_BUF_IND,2018,7,IND,BUF,32.0,0.3258850925315381,42.0,43.46749214525938,21.896688618895457,21.57080352636392,37.0,5.0
2018_07_HOU_JAX,2018,7,JAX,HOU,-13.0,4.814502448510532,27.0,41.44339090280669,23.12894667565861,18.31444422714808,7.0,20.0
2018_07_DET_MIA,2018,7,MIA,DET,-11.0,1.2225497555067697,53.0,43.56954603258143,22.3960478940441,21.17349813853733,21.0,32.0
2018_07_MIN_NYJ,2018,7,NYJ,MIN,-20.0,0.2573580273146294,54.0,44.040009791098406,22.148683909206518,21.891325881891888,17.0,37.0
2018_07_CAR_PHI,2018,7,PHI,CAR,-4.0,3.9363311348926464,38.0,44.886414604915174,24.41137286990391,20.475041735011263,17.0,21.0
2018_07_CLE_TB,2018,7,TB,CLE,3.0,6.896956677818702,49.0,43.86966542767852,25.38331105274861,18.48635437492991,26.0,23.0
2018_07_NO_BAL,2018,7,BAL,NO,-1.0,3.5091454188755797,47.0,45.210197326536196,24.35967137270589,20.850525953830306,23.0,24.0
2018_07_LA_SF,2018,7,SF,LA,-29.0,-7.392125896510413,49.0,47.6956316251121,20.151752864300843,27.543878760811257,10.0,39.0
2018_07_DAL_WAS,2018,7,WAS,DAL,3.0,1.3664982898430775,37.0,42.03141969940402,21.69895899462355,20.33246070478047,20.0,17.0
2018_07_CIN_KC,2018,7,KC,CIN,35.0,8.872383867389626,55.0,48.64566775172994,28.75902580955978,19.886641942170158,45.0,10.0
2018_07_TEN_LAC,2018,7,LAC,TEN,1.0,9.162000878472751,39.0,44.33175693912496,26.746878908798855,17.584878030326102,20.0,19.0
2018_07_NYG_ATL,2018,7,ATL,NYG,3.0,7.942829020579608,43.0,45.092013082802296,26.517421051690953,18.574592031111344,23.0,20.0
2018_08_MIA_HOU,2018,8,HOU,MIA,19.0,2.13452203213828,65.0,42.52722942012869,22.330875726133485,20.196353693995206,42.0,23.0
2018_08_BAL_CAR,2018,8,CAR,BAL,15.0,4.985411832145712,57.0,45.676521826940665,25.33096682954319,20.345554997397475,36.0,21.0
2018_08_NYJ_CHI,2018,8,CHI,NYJ,14.0,4.605082478941761,34.0,44.90589675344778,24.75548961619477,20.15040713725301,24.0,10.0
2018_08_TB_CIN,2018,8,CIN,TB,3.0,5.231251196893151,71.0,45.802133284129816,25.51669224051148,20.285441043618334,37.0,34.0
2018_08_SEA_DET,2018,8,DET,SEA,-14.0,4.603420382988957,42.0,45.021943328087,24.812681855537978,20.20926147254902,14.0,28.0
2018_08_DEN_KC,2018,8,KC,DEN,7.0,11.332065554895822,53.0,45.871770219811104,28.601917887353462,17.269852332457642,30.0,23.0
2018_08_WAS_NYG,2018,8,NYG,WAS,-7.0,-3.730913549122366,33.0,42.46056456140252,19.36482550614008,23.09573905526244,13.0,20.0
2018_08_CLE_PIT,2018,8,PIT,CLE,15.0,11.385608791861532,51.0,44.70623542263515,28.045922107248344,16.66031331538681,33.0,18.0
2018_08_IND_OAK,2018,8,OAK,IND,-14.0,1.1105180400300887,70.0,45.07278455231347,23.09165129617178,21.981133256141693,28.0,42.0
2018_08_SF_ARI,2018,8,ARI,SF,3.0,0.5745468674536856,33.0,44.437368637375386,22.505957752414535,21.93141088496085,18.0,15.0
2018_08_GB_LA,2018,8,LA,GB,2.0,10.793106818987347,56.0,47.185695011323105,28.989400915155226,18.19629409616788,29.0,27.0
2018_08_NO_MIN,2018,8,MIN,NO,-10.0,2.4324878692350413,50.0,46.82292337698636,24.6277056231107,22.19521775387566,20.0,30.0
2018_08_PHI_JAX,2018,8,JAX,PHI,-6.0,-0.3898565607254944,42.0,42.37173895148415,20.990941195379328,21.38079775610482,18.0,24.0
2018_08_NE_BUF,2018,8,BUF,NE,-19.0,-8.784140019330794,31.0,43.457741874460226,17.336800927564717,26.12094094689551,6.0,25.0
2018_09_OAK_SF,2018,9,SF,OAK,31.0,4.074497460842887,37.0,43.67078933291466,23.87264339687877,19.798145936035887,34.0,3.0
2018_09_PIT_BAL,2018,9,BAL,PIT,-7.0,3.283644067229363,39.0,45.31975600655922,24.30170003689429,21.01805596966493,16.0,23.0
2018_09_CHI_BUF,2018,9,BUF,CHI,-32.0,-5.864736815594971,50.0,44.278760160513414,19.20701167245922,25.071748488054194,9.0,41.0
2018_09_TB_CAR,2018,9,CAR,TB,14.0,9.215219149325463,70.0,46.4036097194754,27.80941443440043,18.594195285074967,42.0,28.0
2018_09_KC_CLE,2018,9,CLE,KC,-16.0,-8.920674814440554,58.0,44.62292238381338,17.851123784686415,26.771798599126967,21.0,37.0
2018_09_NYJ_MIA,2018,9,MIA,NYJ,7.0,3.3088017873290827,19.0,42.35303896449477,22.830920375911926,19.522118588582845,13.0,6.0
2018_09_DET_MIN,2018,9,MIN,DET,15.0,4.399792650073807,33.0,44.50547826983589,24.45263545995485,20.052842809881042,24.0,9.0
2018_09_ATL_WAS,2018,9,WAS,ATL,-24.0,2.248167073577949,52.0,45.86270517031005,24.055436121944,21.807269048366052,14.0,38.0
2018_09_HOU_DEN,2018,9,DEN,HOU,-2.0,2.4875307228721004,36.0,43.71201432426145,23.099772523566777,20.612241800694676,17.0,19.0
2018_09_LAC_SEA,2018,9,SEA,LAC,-8.0,4.378508671855697,42.0,47.41408955803839,25.896299114947045,21.517790443091346,17.0,25.0
2018_09_LA_NO,2018,9,NO,LA,10.0,4.10274077480548,80.0,48.36174164400146,26.232241209403472,22.12950043459799,45.0,35.0
2018_09_GB_NE,2018,9,NE,GB,14.0,10.575440745905375,48.0,46.08791301879097,28.331676882348173,17.756236136442798,31.0,17.0
2018_09_TEN_DAL,2018,9,DAL,TEN,-14.0,3.4384930855692573,42.0,42.598661269240544,23.0185771774049,19.580084091835644,14.0,28.0
2018_10_CAR_PIT,2018,10,PIT,CAR,31.0,5.003659052896883,73.0,48.19026544063914,26.596962246768012,21.593303193871126,52.0,21.0
2018_10_DET_CHI,2018,10,CHI,DET,12.0,3.728428276315285,56.0,44.72460672381457,24.226517500064926,20.49808922374964,34.0,22.0
2018_10_NO_CIN,2018,10,CIN,NO,-37.0,-4.673152069670414,65.0,46.972375404435454,21.14961166738252,25.822763737052934,14.0,51.0
2018_10_ATL_CLE,2018,10,CLE,ATL,12.0,-8.475839137229187,44.0,45.16701419530106,18.345587529035935,26.821426666265122,28.0,16.0
2018_10_JAX_IND,2018,10,IND,JAX,3.0,2.2675394841054626,55.0,44.912221965020926,23.589880724563194,21.32234124045773,29.0,26.0
2018_10_ARI_KC,2018,10,KC,ARI,12.0,13.393996358010968,40.0,44.72206766529406,29.058032011652514,15.664035653641548,26.0,14.0
2018_10_BUF_NYJ,2018,10,NYJ,BUF,-31.0,4.5730970927296735,51.0,41.55024898682078,23.06167303977523,18.488575947045554,10.0,41.0
2018_10_WAS_TB,2018,10,TB,WAS,-13.0,3.743378871621773,19.0,44.708726433979194,24.226052652800483,20.48267378117871,3.0,16.0
2018_10_NE_TEN,2018,10,TEN,NE,24.0,-5.769112542824789,44.0,44.606183054388154,19.418535255781684,25.18764779860647,34.0,10.0
2018_10_LAC_OAK,2018,10,OAK,LAC,-14.0,-11.713110485916518,26.0,44.03266842439993,16.159778969241707,27.872889455158223,6.0,20.0
2018_10_MIA_GB,2018,10,GB,MIA,19.0,3.79135282097041,43.0,44.63767986956006,24.214516345265235,20.423163524294825,31.0,12.0
2018_10_SEA_LA,2018,10,LA,SEA,5.0,6.237035111352666,67.0,47.656194375518304,26.946614743435486,20.709579632082818,36.0,31.0
2018_10_DAL_PHI,2018,10,PHI,DAL,-7.0,8.580676595688773,47.0,42.76034771585809,25.67051215577343,17.08983556008466,20.0,27.0
2018_10_NYG_SF,2018,10,SF,NYG,-4.0,3.2493327856208807,50.0,44.18297046760009,23.716151626610486,20.466818840989607,23.0,27.0
2018_11_GB_SEA,2018,11,SEA,GB,3.0,4.260681358884126,51.0,46.19139622714183,25.22603879301298,20.96535743412885,27.0,24.0
2018_11_DAL_ATL,2018,11,ATL,DAL,-3.0,5.018010484739374,41.0,44.83179791171371,24.924904198226542,19.906893713487165,19.0,22.0
2018_11_CIN_BAL,2018,11,BAL,CIN,3.0,6.294675640905027,45.0,45.06789166652012,25.681283653712573,19.386608012807546,24.0,21.0
2018_11_CAR_DET,2018,11,DET,CAR,1.0,-2.85468420431857,39.0,46.238562627983036,21.691939211832235,24.5466234161508,20.0,19.0
2018_11_TEN_IND,2018,11,IND,TEN,28.0,1.0687413352013275,48.0,45.12755179123284,23.098146563217085,22.029405228015754,38.0,10.0
2018_11_PIT_JAX,2018,11,JAX,PIT,-4.0,-5.05481316683402,36.0,44.18725761350847,19.566222223337228,24.621035390171244,16.0,20.0
2018_11_TB_NYG,2018,11,NYG,TB,3.0,2.137129968341143,73.0,43.917427476277126,23.027278722309134,20.890148753967992,38.0,35.0
2018_11_HOU_WAS,2018,11,WAS,HOU,-2.0,2.467468391525185,44.0,42.83669343040525,22.652080910965218,20.18461251944003,21.0,23.0
2018_11_OAK_ARI,2018,11,ARI,OAK,-2.0,1.367369289074899,44.0,43.76342055662615,22.565394922850526,21.198025633775625,21.0,23.0
2018_11_DEN_LAC,2018,11,LAC,DEN,-1.0,12.511844112614718,45.0,45.48925190603031,29.000548009322515,16.488703896707797,22.0,23.0
2018_11_PHI_NO,2018,11,NO,PHI,41.0,7.334614722636019,55.0,47.512571110166824,27.42359291640142,20.088978193765403,48.0,7.0
2018_11_MIN_CHI,2018,11,CHI,MIN,5.0,4.073611767085548,45.0,43.96734462401887,24.020478195552208,19.946866428466663,25.0,20.0
2018_11_KC_LA,2018,11,LA,KC,3.0,5.029475439568107,105.0,49.34343756324088,27.186456501404496,22.156981061836387,54.0,51.0
2018_12_CHI_DET,2018,12,DET,CHI,-7.0,-1.4794676934267126,39.0,45.07512022472018,21.797826265646734,23.277293959073447,16.0,23.0
2018_12_WAS_DAL,2018,12,DAL,WAS,8.0,3.758599105445233,54.0,43.18450450386971,23.471551804657473,19.712952699212238,31.0,23.0
2018_12_ATL_NO,2018,12,NO,ATL,14.0,10.261639347380845,48.0,49.35972672660148,29.81068303699116,19.54904368961032,31.0,17.0
2018_12_OAK_BAL,2018,12,BAL,OAK,17.0,10.506260155980122,51.0,44.423547023562605,27.464903589771364,16.95864343379124,34.0,17.0
2018_12_JAX_BUF,2018,12,BUF,JAX,3.0,0.0491637692266456,45.0,41.75206008248736,20.900611925857003,20.851448156630358,24.0,21.0
2018_12_SEA_CAR,2018,12,CAR,SEA,-3.0,4.995653730542946,57.0,46.66520215855915,25.830427944551047,20.8347742140081,27.0,30.0
2018_12_CLE_CIN,2018,12,CIN,CLE,-15.0,5.699044566108447,55.0,44.64527820435079,25.172161385229618,19.47311681912117,20.0,35.0
2018_12_NE_NYJ,2018,12,NYJ,NE,-14.0,-7.491951419573645,40.0,43.30570165227895,17.90687511635265,25.398826535926297,13.0,27.0
2018_12_NYG_PHI,2018,12,PHI,NYG,3.0,5.602789121392059,47.0,43.245483149858174,24.424136135625115,18.82134701423306,25.0,22.0
2018_12_SF_TB,2018,12,TB,SF,18.0,3.329834778406257,36.0,45.083011830087926,24.206423304247092,20.876588525840834,27.0,9.0
2018_12_ARI_LAC,2018,12,LAC,ARI,35.0,10.341816725577935,55.0,44.3174554111692,27.329636068373567,16.987819342795632,45.0,10.0
2018_12_PIT_DEN,2018,12,DEN,PIT,7.0,-2.563641943989521,41.0,46.9379425342226,22.18715029511654,24.75079223910606,24.0,17.0
2018_12_MIA_IND,2018,12,IND,MIA,3.0,5.9832237918637245,51.0,44.52306267696984,25.253143234416783,19.26991944255306,27.0,24.0
2018_12_GB_MIN,2018,12,MIN,GB,7.0,3.123243609731719,41.0,44.60646728643411,23.864855448082913,20.741611838351197,24.0,17.0
2018_12_TEN_HOU,2018,12,HOU,TEN,17.0,1.9877162806139363,51.0,44.171898898692895,23.079807589653416,21.09209130903948,34.0,17.0
2018_13_NO_DAL,2018,13,DAL,NO,3.0,-5.8606010084507325,23.0,47.11065826801203,20.62502862978065,26.48562963823138,13.0,10.0
2018_13_BAL_ATL,2018,13,ATL,BAL,-10.0,2.881251152255397,42.0,46.59419000895338,24.73772058060439,21.856469428348994,16.0,26.0
2018_13_DEN_CIN,2018,13,CIN,DEN,-14.0,-1.502874345031996,34.0,45.09932972916803,21.798227692068018,23.301102037100016,10.0,24.0
2018_13_LA_DET,2018,13,DET,LA,-14.0,-6.198277164171791,46.0,45.96103070395574,19.881376769891975,26.079653934063767,16.0,30.0
2018_13_ARI_GB,2018,13,GB,ARI,-3.0,7.842377494611849,37.0,43.8091057381299,25.825741616370877,17.983364121759024,17.0,20.0
2018_13_CLE_HOU,2018,13,HOU,CLE,16.0,6.746686042658799,42.0,44.36671712909059,25.556701585874695,18.810015543215894,29.0,13.0
2018_13_IND_JAX,2018,13,JAX,IND,6.0,-4.146083482833782,6.0,45.61602527807429,20.734970897620254,24.881054380454035,6.0,0.0
2018_13_BUF_MIA,2018,13,MIA,BUF,4.0,2.5718470426786277,38.0,41.561752445401545,22.066799744040086,19.49495270136146,21.0,17.0
2018_13_CHI_NYG,2018,13,NYG,CHI,3.0,-3.797732691406683,57.0,45.51832286668511,20.860295087639216,24.658027779045895,30.0,27.0
2018_13_CAR_TB,2018,13,TB,CAR,7.0,-2.71433893657977,41.0,46.39299540101329,21.839328232216758,24.55366716879653,24.0,17.0
2018_13_KC_OAK,2018,13,OAK,KC,-7.0,-8.341453489966694,73.0,45.141409321332155,18.39997791568273,26.741431405649426,33.0,40.0
2018_13_NYJ_TEN,2018,13,TEN,NYJ,4.0,7.747080460593305,48.0,41.9602091667982,24.85364481369575,17.10656435310245,26.0,22.0
2018_13_MIN_NE,2018,13,NE,MIN,14.0,6.664072397050604,34.0,45.442185900581386,26.053129148815994,19.38905675176539,24.0,10.0
2018_13_SF_SEA,2018,13,SEA,SF,27.0,10.47263324300964,59.0,44.54738957960882,27.51001141130923,17.03737816829959,43.0,16.0
2018_13_LAC_PIT,2018,13,PIT,LAC,-3.0,3.8685100188895607,63.0,47.68236551185393,25.775437765371745,21.906927746482186,30.0,33.0
2018_13_WAS_PHI,2018,13,PHI,WAS,15.0,2.569515299203952,41.0,43.23624137689766,22.902878338050805,20.333363038846855,28.0,13.0
2018_14_JAX_TEN,2018,14,TEN,JAX,21.0,2.881112507126497,39.0,41.83732308079534,22.35921779396092,19.478105286834424,30.0,9.0
2018_14_NYJ_BUF,2018,14,BUF,NYJ,-4.0,5.127058096215477,50.0,41.423435599327725,23.2752468477716,18.148188751556123,23.0,27.0
2018_14_CAR_CLE,2018,14,CLE,CAR,6.0,-2.5926616785620102,46.0,45.446086984427595,21.426712652932792,24.019374331494802,26.0,20.0
2018_14_ATL_GB,2018,14,GB,ATL,14.0,3.71868971536624,54.0,46.607843878156174,25.163266796761206,21.444577081394968,34.0,20.0
2018_14_IND_HOU,2018,14,HOU,IND,-3.0,3.0051434609751766,45.0,46.09090462570151,24.548024043338344,21.542880582363168,21.0,24.0
2018_14_BAL_KC,2018,14,KC,BAL,3.0,7.491855058508606,51.0,47.047634101302684,27.269744579905645,19.77788952139704,27.0,24.0
2018_14_NE_MIA,2018,14,MIA,NE,1.0,-5.809372053413524,67.0,44.13637892537467,19.163503435980573,24.9728754893941,34.0,33.0
2018_14_NO_TB,2018,14,TB,NO,-14.0,-3.6377802280196256,42.0,47.34948120587754,21.855850488928958,25.49363071694858,14.0,28.0
2018_14_NYG_WAS,2018,14,WAS,NYG,-24.0,2.360400307980045,56.0,43.67027897807668,23.015339643028362,20.65493933504832,16.0,40.0
2018_14_CIN_LAC,2018,14,LAC,CIN,5.0,12.230983490804029,47.0,45.79866414859614,29.014823819700084,16.783840328896055,26.0,21.0
2018_14_DEN_SF,2018,14,SF,DEN,6.0,-2.270487810065055,34.0,43.79511134524633,20.76231176759064,23.032799577655695,20.0,14.0
2018_14_DET_ARI,2018,14,ARI,DET,-14.0,-0.5485596200177,20.0,43.15933648532435,21.305388432653327,21.853948052671026,3.0,17.0
2018_14_PHI_DAL,2018,14,DAL,PHI,6.0,3.288310304223624,52.0,44.37176396619104,23.83003713520733,20.54172683098371,29.0,23.0
2018_14_PIT_OAK,2018,14,OAK,PIT,3.0,-7.953612663864377,45.0,45.50459079069391,18.775489063414767,26.729101727279144,24.0,21.0
2018_14_LA_CHI,2018,14,CHI,LA,9.0,-0.1655165786735798,21.0,47.21594233145328,23.525212876389848,23.69072945506343,15.0,6.0
2018_14_MIN_SEA,2018,14,SEA,MIN,14.0,7.119937258006797,28.0,45.06692535552286,26.09343130676483,18.97349404875803,21.0,7.0
2018_15_LAC_KC,2018,15,KC,LAC,-1.0,4.172534688945066,57.0,49.76232201282041,26.967428350882738,22.794893661937675,28.0,29.0
2018_15_HOU_NYJ,2018,15,NYJ,HOU,-7.0,-5.679386217441796,51.0,42.54593751375858,18.433275648158393,24.112661865600188,22.0,29.0
2018_15_CLE_DEN,2018,15,DEN,CLE,-1.0,4.831583973141376,33.0,43.4770047343088,24.15429435372509,19.32271038058371,16.0,17.0
2018_15_ARI_ATL,2018,15,ATL,ARI,26.0,6.330590044678799,54.0,43.7800892287423,25.05533963671055,18.72474959203175,40.0,14.0
2018_15_TB_BAL,2018,15,BAL,TB,8.0,9.107935885336891,32.0,45.219243382758826,27.16358963404786,18.055653748710967,20.0,12.0
2018_15_DET_BUF,2018,15,BUF,DET,1.0,-0.5269548504974337,27.0,41.8062512807347,20.639648215118633,21.166603065616066,14.0,13.0
2018_15_GB_CHI,2018,15,CHI,GB,7.0,6.195879303988831,41.0,44.17103450864938,25.183456906319105,18.987577602330273,24.0,17.0
2018_15_OAK_CIN,2018,15,CIN,OAK,14.0,3.625110400681134,46.0,44.440667996313195,24.032889198497166,20.40777879781603,30.0,16.0
2018_15_DAL_IND,2018,15,IND,DAL,23.0,3.009654246156704,23.0,45.199171174566466,24.104412710361586,21.09475846420488,23.0,0.0
2018_15_WAS_JAX,2018,15,JAX,WAS,-3.0,3.0748562316482544,29.0,41.51293919760485,22.293897714626553,19.219041482978298,13.0,16.0
2018_15_MIA_MIN,2018,15,MIN,MIA,24.0,6.121549274006678,58.0,43.000784246752616,24.561166760379646,18.43961748637297,41.0,17.0
2018_15_TEN_NYG,2018,15,NYG,TEN,-17.0,-0.7262475718886071,17.0,44.25811114912697,21.76593178861918,22.492179360507787,0.0,17.0
2018_15_SEA_SF,2018,15,SF,SEA,3.0,-4.550131020354378,49.0,43.69830687907165,19.574087929358637,24.124218949713015,26.0,23.0
2018_15_NE_PIT,2018,15,PIT,NE,7.0,1.593733210932934,27.0,47.41931965649882,24.506526433715877,22.912793222782945,17.0,10.0
2018_15_PHI_LA,2018,15,LA,PHI,-7.0,4.797364185818724,53.0,46.35910724024994,25.57823571303433,20.78087152721561,23.0,30.0
2018_15_NO_CAR,2018,15,CAR,NO,-3.0,-2.2926107179652537,21.0,46.75641928362546,22.231904282830104,24.524515000795358,9.0,12.0
2018_16_WAS_TEN,2018,16,TEN,WAS,9.0,6.891697909559689,41.0,41.84086308976286,24.366280499661276,17.474582590101587,25.0,16.0
2018_16_BAL_LAC,2018,16,LAC,BAL,-12.0,6.594141264565597,32.0,46.84649524069325,26.720318252629426,20.126176988063825,10.0,22.0
2018_16_ATL_CAR,2018,16,CAR,ATL,-14.0,4.488656630650017,34.0,45.9475293501692,25.21809299040961,20.72943635975959,10.0,24.0
2018_16_CIN_CLE,2018,16,CLE,CIN,8.0,2.973635129176952,44.0,43.447953361645546,23.21079424541125,20.237159116234295,26.0,18.0
2018_16_TB_DAL,2018,16,DAL,TB,7.0,7.017876553560719,47.0,43.76736540833099,25.392620980945853,18.374744427385135,27.0,20.0
2018_16_MIN_DET,2018,16,DET,MIN,-18.0,-2.0438898170784605,36.0,42.72868498798225,20.342397585451895,22.386287402530353,9.0,27.0
2018_16_NYG_IND,2018,16,IND,NYG,1.0,6.941518236646285,55.0,44.83844218451798,25.88998021058213,18.94846197393585,28.0,27.0
2018_16_JAX_MIA,2018,16,MIA,JAX,-10.0,2.7193434457676564,24.0,42.30005349967181,22.509698472719734,19.790355026952078,7.0,17.0
2018_16_BUF_NE,2018,16,NE,BUF,12.0,12.173308568274654,36.0,43.99193780333514,28.0826231858049,15.909314617530242,24.0,12.0
2018_16_GB_NYJ,2018,16,NYJ,GB,-6.0,-1.9270104134636912,82.0,43.83995073625966,20.956470161397984,22.883480574861675,38.0,44.0
2018_16_HOU_PHI,2018,16,PHI,HOU,2.0,4.952180964637878,62.0,44.707247790971934,24.829714377804905,19.87753341316703,32.0,30.0
2018_16_LA_ARI,2018,16,ARI,LA,-22.0,-6.533197114827828,40.0,44.50668479456866,18.986743839870417,25.519940954698246,9.0,31.0
2018_16_CHI_SF,2018,16,SF,CHI,-5.0,-3.4177814265485997,23.0,43.439312446539724,20.01076550999556,23.428546936544162,9.0,14.0
2018_16_PIT_NO,2018,16,NO,PIT,3.0,5.049877530178517,59.0,48.21359884853822,26.631738189358366,21.581860659179853,31.0,28.0
2018_16_KC_SEA,2018,16,SEA,KC,7.0,0.4747769320650514,69.0,46.87618832286767,23.675482627466362,23.200705695401307,38.0,31.0
2018_16_DEN_OAK,2018,16,OAK,DEN,13.0,-6.318754348388878,41.0,42.74217848975983,18.211712070685476,24.530466419074354,27.0,14.0
2018_17_MIA_BUF,2018,17,BUF,MIA,25.0,2.749773636651472,59.0,41.545234710319605,22.147504173485537,19.397730536834068,42.0,17.0
2018_17_DET_GB,2018,17,GB,DET,-31.0,5.206259983124868,31.0,44.84567738003606,25.025968681580462,19.819708698455596,0.0,31.0
2018_17_JAX_HOU,2018,17,HOU,JAX,17.0,6.502707657449301,23.0,43.99244367419723,25.247575665823266,18.744868008373967,20.0,3.0
2018_17_NYJ_NE,2018,17,NE,NYJ,35.0,13.90946296863704,41.0,44.487706101903235,29.198584535270136,15.289121566633098,38.0,3.0
2018_17_CAR_NO,2018,17,NO,CAR,-19.0,13.357360941305474,47.0,46.006278615982815,29.681819778644144,16.32445883733867,14.0,33.0
2018_17_DAL_NYG,2018,17,NYG,DAL,-1.0,-2.207146036327473,71.0,43.41227241871622,20.602563191194374,22.809709227521846,35.0,36.0
2018_17_ATL_TB,2018,17,TB,ATL,-2.0,1.4249204075656428,66.0,45.38305589585269,23.403988151709168,21.979067744143524,32.0,34.0
2018_17_CLE_BAL,2018,17,BAL,CLE,2.0,9.677503217007592,50.0,43.24107322373918,26.459288220373384,16.781785003365794,26.0,24.0
2018_17_LAC_DEN,2018,17,DEN,LAC,-14.0,-3.467781166977269,32.0,45.95380951893049,21.24301417597661,24.71079534295388,9.0,23.0
2018_17_OAK_KC,2018,17,KC,OAK,32.0,10.980502762418336,38.0,46.01847899898408,28.49949088070121,17.51898811828287,35.0,3.0
2018_17_SF_LA,2018,17,LA,SF,16.0,11.533738953916616,80.0,44.48465767132374,28.00919831262018,16.47545935870356,48.0,32.0
2018_17_CHI_MIN,2018,17,MIN,CHI,-14.0,4.3255717338323,34.0,43.26827773819029,23.796924736011295,19.471353002178997,10.0,24.0
2018_17_CIN_PIT,2018,17,PIT,CIN,3.0,10.766443681974298,29.0,45.7340185964945,28.2502311392344,17.4837874572601,16.0,13.0
2018_17_ARI_SEA,2018,17,SEA,ARI,3.0,12.480112900571616,51.0,44.03578308976899,28.257947995170305,15.777835094598688,27.0,24.0
2018_17_PHI_WAS,2018,17,WAS,PHI,-24.0,-3.7133708706932,24.0,43.12632592673255,19.706477528019676,23.419848398712872,0.0,24.0
2018_17_IND_TEN,2018,17,TEN,IND,-16.0,2.881563971890305,50.0,44.31413386445638,23.59784891817334,20.71628494628304,17.0,33.0
2019_01_GB_CHI,2019,1,CHI,GB,-7.0,5.934802316441777,13.0,45.05349145151917,25.494146883980473,19.559344567538698,3.0,10.0
2019_01_LA_CAR,2019,1,CAR,LA,-3.0,-1.3074766990225763,57.0,51.321016460788115,25.006769880882768,26.314246579905348,27.0,30.0
2019_01_TEN_CLE,2019,1,CLE,TEN,-30.0,0.3809504808214423,56.0,43.332332676561585,21.856641578691512,21.475691097870072,13.0,43.0
2019_01_KC_JAX,2019,1,JAX,KC,-14.0,-6.408767765088598,66.0,44.7330333011626,19.162132768037,25.5709005331256,26.0,40.0
2019_01_BAL_MIA,2019,1,MIA,BAL,-49.0,-5.644542209683636,69.0,42.62339484239097,18.48942631635367,24.133968526037304,10.0,59.0
2019_01_ATL_MIN,2019,1,MIN,ATL,16.0,2.1149908015389487,40.0,46.66130639256735,24.38814859705315,22.273157795514198,28.0,12.0
2019_01_BUF_NYJ,2019,1,NYJ,BUF,-1.0,-1.0837929590066262,33.0,40.73329241235935,19.82474972667636,20.90854268568299,16.0,17.0
2019_01_WAS_PHI,2019,1,PHI,WAS,5.0,8.62594295519137,59.0,45.09746882768112,26.861705891436245,18.235762936244875,32.0,27.0
2019_01_IND_LAC,2019,1,LAC,IND,6.0,5.143637823881266,54.0,48.37135374693363,26.757495785407446,21.613857961526183,30.0,24.0
2019_01_CIN_SEA,2019,1,SEA,CIN,1.0,8.704030522353396,41.0,46.46183869478301,27.582934608568202,18.87890408621481,21.0,20.0
2019_01_DET_ARI,2019,1,ARI,DET,0.0,-2.042019482262332,54.0,42.63571079170616,20.296845654721913,22.338865136984246,27.0,27.0
2019_01_NYG_DAL,2019,1,DAL,NYG,18.0,6.192980459783682,52.0,45.39413266866783,25.793556564225756,19.600576104442073,35.0,17.0
2019_01_SF_TB,2019,1,TB,SF,-14.0,2.228421176175932,48.0,45.47747082242778,23.85294599930186,21.624524823125924,17.0,31.0
2019_01_PIT_NE,2019,1,NE,PIT,30.0,4.815185589543334,36.0,47.91679498985117,26.36599028969725,21.55080470015392,33.0,3.0
2019_01_HOU_NO,2019,1,NO,HOU,2.0,7.5532373357116755,58.0,47.08750453938488,27.32037093754828,19.7671336018366,30.0,28.0
2019_01_DEN_OAK,2019,1,OAK,DEN,8.0,-0.1414242349210656,40.0,41.6000282465078,20.729302005793365,20.870726240714433,24.0,16.0
2019_02_TB_CAR,2019,2,CAR,TB,-6.0,5.869264720614947,34.0,43.894492535043334,24.88187862782914,19.012613907214195,14.0,20.0
2019_02_ARI_BAL,2019,2,BAL,ARI,6.0,11.727204204522922,40.0,45.79513007503408,28.7611671397785,17.03396293525558,23.0,17.0
2019_02_SF_CIN,2019,2,CIN,SF,-24.0,2.44657181408183,58.0,42.59721319629465,22.52189250518824,20.075320691106413,17.0,41.0
2019_02_LAC_DET,2019,2,DET,LAC,3.0,-0.6952059013534969,23.0,48.935368015467716,24.12008105705711,24.815286958410606,13.0,10.0
2019_02_MIN_GB,2019,2,GB,MIN,5.0,-3.221317557885654,37.0,43.20323911502788,19.99096077857111,23.212278336456766,21.0,16.0
2019_02_JAX_HOU,2019,2,HOU,JAX,1.0,7.735226039814892,25.0,50.83518825235218,29.285207146083536,21.549981106268646,13.0,12.0
2019_02_NE_MIA,2019,2,MIA,NE,-43.0,-8.468102961498914,43.0,44.97174339388993,18.251820216195508,26.719923177694422,0.0,43.0
2019_02_BUF_NYG,2019,2,NYG,BUF,-14.0,2.3066227001557547,42.0,43.6033504701419,22.954986585148827,20.64836388499307,14.0,28.0
2019_02_SEA_PIT,2019,2,PIT,SEA,-2.0,0.4102753982935653,54.0,42.173017585717695,21.29164649200563,20.881371093712065,26.0,28.0
2019_02_IND_TEN,2019,2,TEN,IND,-2.0,2.9460017594813124,36.0,49.869397815493606,26.40769978748746,23.461698028006147,17.0,19.0
2019_02_DAL_WAS,2019,2,WAS,DAL,-10.0,-4.8434307604382365,52.0,50.803646683902194,22.980107961731978,27.823538722170216,21.0,31.0
2019_02_KC_OAK,2019,2,OAK,KC,-18.0,-6.493728544294311,38.0,48.43581492565844,20.971043190682064,27.464771734976377,10.0,28.0
2019_02_CHI_DEN,2019,2,DEN,CHI,-2.0,-0.0825565737328693,30.0,42.154567859280554,21.036005642773844,21.11856221650671,14.0,16.0
2019_02_NO_LA,2019,2,LA,NO,18.0,3.293955512576586,36.0,48.92621957411154,26.110087543344065,22.816132030767477,27.0,9.0
2019_02_PHI_ATL,2019,2,ATL,PHI,4.0,-1.051637078633738,44.0,47.00540024048419,22.976881580925227,24.028518659558966,24.0,20.0
2019_02_CLE_NYJ,2019,2,NYJ,CLE,-20.0,3.902807561964981,26.0,41.76527679813917,22.834042180052077,18.931234618087093,3.0,23.0
2019_03_TEN_JAX,2019,3,JAX,TEN,13.0,-0.1408514190374423,27.0,44.84752604238923,22.353337311675894,22.494188730713333,20.0,7.0
2019_03_CIN_BUF,2019,3,BUF,CIN,4.0,6.735757237428141,38.0,45.02259368906053,25.879175463244334,19.143418225816195,21.0,17.0
2019_03_MIA_DAL,2019,3,DAL,MIA,25.0,10.409700039814885,37.0,46.063931921851236,28.23681598083306,17.827115941018175,31.0,6.0
2019_03_DEN_GB,2019,3,GB,DEN,11.0,3.4617908185064103,43.0,41.22169622332443,22.34174352091542,18.87995270240901,27.0,16.0
2019_03_ATL_IND,2019,3,IND,ATL,3.0,4.176249135443259,51.0,44.27353166294298,24.224890399193118,20.04864126374986,27.0,24.0
2019_03_BAL_KC,2019,3,KC,BAL,5.0,5.473416195569061,61.0,53.195092666063665,29.33425443081636,23.860838235247304,33.0,28.0
2019_03_OAK_MIN,2019,3,MIN,OAK,20.0,8.366685293872294,48.0,43.535845895080755,25.951265594476524,17.58458030060423,34.0,14.0
2019_03_NYJ_NE,2019,3,NE,NYJ,16.0,11.65317672812802,44.0,41.95649086931418,26.8048337987211,15.15165707059308,30.0,14.0
2019_03_DET_PHI,2019,3,PHI,DET,-3.0,3.362417832882578,51.0,45.441422562437545,24.40192019766006,21.039502364777483,24.0,27.0
2019_03_CAR_ARI,2019,3,ARI,CAR,-18.0,-1.1537365053277464,58.0,43.04787658593777,20.94707004030501,22.10080654563276,20.0,38.0
2019_03_NYG_TB,2019,3,TB,NYG,-1.0,3.01847252404508,63.0,40.995818497879256,22.007145510962168,18.988672986917088,31.0,32.0
2019_03_HOU_LAC,2019,3,LAC,HOU,-7.0,5.491936118258037,47.0,46.402573562189495,25.947254840223767,20.455318721965728,20.0,27.0
2019_03_NO_SEA,2019,3,SEA,NO,-6.0,2.7823456679498406,60.0,46.17192843406993,24.477137051009887,21.694791383060046,27.0,33.0
2019_03_PIT_SF,2019,3,SF,PIT,4.0,4.35097660347731,44.0,43.60950328685577,23.980239945166538,19.62926334168923,24.0,20.0
2019_03_LA_CLE,2019,3,CLE,LA,-7.0,-4.709060573214961,33.0,45.21733030864671,20.254134867715873,24.963195440930836,13.0,20.0
2019_03_CHI_WAS,2019,3,WAS,CHI,-16.0,-3.063073786850415,46.0,44.097810314659675,20.51736826390463,23.580442050755046,15.0,31.0
2019_04_PHI_GB,2019,4,GB,PHI,-7.0,1.956231634319069,61.0,42.46648691690216,22.211359275610615,20.255127641291548,27.0,34.0
2019_04_TEN_ATL,2019,4,ATL,TEN,-14.0,3.1045887385214224,34.0,43.988525511579105,23.546557125050263,20.441968386528842,10.0,24.0
2019_04_CLE_BAL,2019,4,BAL,CLE,-15.0,9.907634075751195,65.0,44.66453019551283,27.286082135632014,17.378448059880817,25.0,40.0
2019_04_NE_BUF,2019,4,BUF,NE,-6.0,-1.281685736289547,26.0,44.528554910737334,21.623434587223894,22.90512032351344,10.0,16.0
2019_04_KC_DET,2019,4,DET,KC,-4.0,-3.996559150049368,64.0,47.082929567104124,21.543185208527376,25.539744358576748,30.0,34.0
2019_04_CAR_HOU,2019,4,HOU,CAR,-6.0,4.322967027988812,26.0,45.8884085532759,25.105687790632356,20.782720762643546,10.0,16.0
2019_04_OAK_IND,2019,4,IND,OAK,-7.0,8.800384918051856,55.0,47.23545518885485,28.017920053453352,19.217535135401498,24.0,31.0
2019_04_LAC_MIA,2019,4,MIA,LAC,-20.0,-6.418132656181512,40.0,44.10985722627499,18.84586228504674,25.26399494122825,10.0,30.0
2019_04_WAS_NYG,2019,4,NYG,WAS,21.0,2.756460716347653,27.0,45.40337589151273,24.079918303930192,21.32345758758254,24.0,3.0
2019_04_SEA_ARI,2019,4,ARI,SEA,-17.0,-3.756909388502044,37.0,43.60093628056636,19.922013446032157,23.6789228345342,10.0,27.0
2019_04_TB_LA,2019,4,LA,TB,-15.0,7.955416596314237,95.0,42.80719687511368,25.38130673571396,17.425890139399723,40.0,55.0
2019_04_MIN_CHI,2019,4,CHI,MIN,10.0,3.6276726889804713,22.0,43.31013606512882,23.46890437705465,19.841231688074174,16.0,6.0
2019_04_JAX_DEN,2019,4,DEN,JAX,-2.0,1.3147699346745974,50.0,44.54574880559611,22.930259370135353,21.61548943546076,24.0,26.0
2019_04_DAL_NO,2019,4,NO,DAL,2.0,3.48968199825098,22.0,51.62334284211945,27.556512420185214,24.066830421934235,12.0,10.0
2019_04_CIN_PIT,2019,4,PIT,CIN,24.0,4.362600555362023,30.0,44.02684517443255,24.194722864897287,19.832122309535265,27.0,3.0
2019_05_LA_SEA,2019,5,SEA,LA,1.0,3.5349548317963,59.0,46.30708526713799,24.921020049467145,21.386065217670847,30.0,29.0
2019_05_JAX_CAR,2019,5,CAR,JAX,7.0,3.858931229448073,61.0,44.05675452170098,23.957842875574528,20.098911646126453,34.0,27.0
2019_05_ARI_CIN,2019,5,CIN,ARI,-3.0,1.9553325312573693,49.0,42.55953162480657,22.257432078031968,20.3020995467746,23.0,26.0
2019_05_ATL_HOU,2019,5,HOU,ATL,21.0,3.818686426701012,85.0,44.6890018817036,24.253844154202305,20.43515772750129,53.0,32.0
2019_05_TB_NO,2019,5,NO,TB,7.0,8.358934565438483,55.0,46.91756734283087,27.638250954134676,19.279316388696195,31.0,24.0
2019_05_MIN_NYG,2019,5,NYG,MIN,-18.0,0.4539369948665302,38.0,44.8997220275008,22.676829511183666,22.222892516317135,10.0,28.0
2019_05_CHI_OAK,2019,5,OAK,CHI,3.0,-5.169974623086251,45.0,41.19408549766745,18.0120554372906,23.182030060376853,24.0,21.0
2019_05_NYJ_PHI,2019,5,PHI,NYJ,25.0,9.599688365596547,37.0,42.940177473856316,26.269932919726433,16.670244554129884,31.0,6.0
2019_05_BAL_PIT,2019,5,PIT,BAL,-3.0,0.8506202455584077,49.0,47.83706116263749,24.34384070409795,23.49322045853954,23.0,26.0
2019_05_BUF_TEN,2019,5,TEN,BUF,-7.0,3.336875955837745,21.0,42.78622024723975,23.061548101538747,19.724672145701,7.0,14.0
2019_05_NE_WAS,2019,5,WAS,NE,-26.0,-7.006730666254228,40.0,42.293699648297995,17.643484491021884,24.65021515727611,7.0,33.0
2019_05_DEN_LAC,2019,5,LAC,DEN,-7.0,8.308661750089682,33.0,45.051260043058065,26.679960896573874,18.37129914648419,13.0,20.0
2019_05_GB_DAL,2019,5,DAL,GB,-10.0,6.666654686126759,58.0,44.86209893800841,25.764376812067585,19.097722125940823,24.0,34.0
2019_05_IND_KC,2019,5,KC,IND,-6.0,8.803075584760967,32.0,51.92263284997196,30.362854217366465,21.559778632605497,13.0,19.0
2019_05_CLE_SF,2019,5,SF,CLE,28.0,4.634746126279158,34.0,43.14158226960389,23.88816419794152,19.253418071662367,31.0,3.0
2019_06_NYG_NE,2019,6,NE,NYG,21.0,12.8046160262212,49.0,42.860007230613554,27.83231162841738,15.027695602196177,35.0,14.0
2019_06_CAR_TB,2019,6,TB,CAR,-11.0,-0.1378082763903878,63.0,44.66985179858865,22.266021761099132,22.40383003748952,26.0,37.0
2019_06_CIN_BAL,2019,6,BAL,CIN,6.0,9.974376760788257,40.0,46.70196077288511,28.33816876683668,18.363792006048428,23.0,17.0
2019_06_SEA_CLE,2019,6,CLE,SEA,-4.0,-4.702657041357065,60.0,44.48029945424666,19.8888212064448,24.591478247801863,28.0,32.0
2019_06_NO_JAX,2019,6,JAX,NO,-7.0,-2.638315371115949,19.0,46.80277770371259,22.08223116629832,24.720546537414272,6.0,13.0
2019_06_HOU_KC,2019,6,KC,HOU,-7.0,7.456515719846116,55.0,47.78566576287712,27.62109074136162,20.164575021515503,24.0,31.0
2019_06_WAS_MIA,2019,6,MIA,WAS,-1.0,1.5171685443726164,33.0,41.843288678609426,21.68022861149102,20.163060067118405,16.0,17.0
2019_06_PHI_MIN,2019,6,MIN,PHI,18.0,3.4717363497545364,58.0,43.423963573171804,23.44784996146317,19.976113611708634,38.0,20.0
2019_06_ATL_ARI,2019,6,ARI,ATL,1.0,0.929177114038528,67.0,46.05319472736216,23.491185920700346,22.562008806661815,34.0,33.0
2019_06_SF_LA,2019,6,LA,SF,-13.0,3.442019473960316,27.0,48.30275161347272,25.87238554371652,22.430366069756204,7.0,20.0
2019_06_TEN_DEN,2019,6,DEN,TEN,16.0,-0.249376007280109,16.0,41.87653056276115,20.813577277740517,21.06295328502063,16.0,0.0
2019_06_DAL_NYJ,2019,6,NYJ,DAL,2.0,-5.327705580442117,46.0,43.11235766619632,18.8923260428771,24.220031623319215,24.0,22.0
2019_06_PIT_LAC,2019,6,LAC,PIT,-7.0,3.3083918895769058,41.0,42.42557055371926,22.866981221648082,19.55858933207118,17.0,24.0
2019_06_DET_GB,2019,6,GB,DET,1.0,3.776732277088795,45.0,45.25394107480635,24.515336675947573,20.738604398858776,23.0,22.0
2019_07_KC_DEN,2019,7,DEN,KC,-24.0,-3.65015673702838,36.0,47.0695281903566,21.70968572666411,25.35984246369249,6.0,30.0
2019_07_LA_ATL,2019,7,ATL,LA,-27.0,0.0864516879179765,47.0,46.73797182031801,23.412211754117994,23.325760066200015,10.0,37.0
2019_07_MIA_BUF,2019,7,BUF,MIA,10.0,8.029306530259687,52.0,40.536682113301225,24.282994321780457,16.25368779152077,31.0,21.0
2019_07_JAX_CIN,2019,7,CIN,JAX,-10.0,-0.0408820604480634,44.0,42.65227109281582,21.30569451618388,21.346576576631943,17.0,27.0
2019_07_MIN_DET,2019,7,DET,MIN,-12.0,0.3520031767431726,72.0,46.38262292167924,23.36731304921121,23.015309872468034,30.0,42.0
2019_07_OAK_GB,2019,7,GB,OAK,18.0,6.201971281245642,66.0,45.2115392586612,25.70675526995342,19.50478398870778,42.0,24.0
2019_07_HOU_IND,2019,7,IND,HOU,7.0,3.228979961563403,53.0,49.27294520297642,26.250962582269914,23.02198262070651,30.0,23.0
2019_07_ARI_NYG,2019,7,NYG,ARI,-6.0,1.9605986145024137,48.0,45.68782217976215,23.824210397132283,21.863611782629867,21.0,27.0
2019_07_SF_WAS,2019,7,WAS,SF,-9.0,-6.148428516756141,9.0,42.038188626466464,17.94488005485516,24.093308571611303,0.0,9.0
2019_07_LAC_TEN,2019,7,TEN,LAC,3.0,1.679842946756785,43.0,42.61210637317314,22.145974659964963,20.466131713208178,23.0,20.0
2019_07_NO_CHI,2019,7,CHI,NO,-11.0,-1.7304873667057707,61.0,42.091385442802775,20.1804490380485,21.910936404754274,25.0,36.0
2019_07_BAL_SEA,2019,7,SEA,BAL,-14.0,4.961579508800966,46.0,48.44333912652265,26.70245931766181,21.740879808860843,16.0,30.0
2019_07_PHI_DAL,2019,7,DAL,PHI,27.0,3.09432438757924,47.0,47.28341280793349,25.188868597756365,22.094544210177123,37.0,10.0
2019_07_NE_NYJ,2019,7,NYJ,NE,-33.0,-5.933044341114089,33.0,41.78618377682478,17.926569717855344,23.859614058969434,0.0,33.0
2019_08_WAS_MIN,2019,8,MIN,WAS,10.0,12.247544044852951,28.0,43.33357545638116,27.790559750617057,15.543015705764105,19.0,9.0
2019_08_SEA_ATL,2019,8,ATL,SEA,-7.0,-3.4518547897823937,47.0,47.639081407068076,22.09361330864284,25.545468098425236,20.0,27.0
2019_08_PHI_BUF,2019,8,BUF,PHI,-18.0,2.181191938713834,44.0,37.58855911810651,19.88487552841017,17.70368358969634,13.0,31.0
2019_08_LAC_CHI,2019,8,CHI,LAC,-1.0,3.562905537899195,33.0,41.626145972559485,22.59452575522934,19.031620217330143,16.0,17.0
2019_08_NYG_DET,2019,8,DET,NYG,5.0,4.823781047018869,57.0,44.99049188826486,24.907136467641866,20.083355420622997,31.0,26.0
2019_08_DEN_IND,2019,8,IND,DEN,2.0,8.711736930717292,28.0,45.30108330340069,27.00641011705899,18.294673186341697,15.0,13.0
2019_08_NYJ_JAX,2019,8,JAX,NYJ,14.0,6.90420901644096,44.0,40.8548962206295,23.87955261853523,16.97534360209427,29.0,15.0
2019_08_CIN_LA,2019,8,LA,CIN,14.0,10.340335698129431,34.0,45.07192158269421,27.70612864041182,17.36579294228239,24.0,10.0
2019_08_ARI_NO,2019,8,NO,ARI,22.0,9.445161852570784,40.0,47.11587311279098,28.28051748268088,18.835355630110097,31.0,9.0
2019_08_TB_TEN,2019,8,TEN,TB,4.0,3.636120188780323,50.0,43.2229439409122,23.429532064846263,19.79341187606594,27.0,23.0
2019_08_CAR_SF,2019,8,SF,CAR,38.0,4.346353286587539,64.0,42.31398426515703,23.330168775872284,18.983815489284748,51.0,13.0
2019_08_OAK_HOU,2019,8,HOU,OAK,3.0,7.6418712969198594,51.0,47.28993994435032,27.46590562063509,19.82403432371523,27.0,24.0
2019_08_CLE_NE,2019,8,NE,CLE,14.0,11.655323710245892,40.0,42.61886950821073,27.13709660922831,15.481772898982419,27.0,13.0
2019_08_GB_KC,2019,8,KC,GB,-7.0,6.080829366454162,55.0,48.47422453352025,27.277526949987205,21.196697583533044,24.0,31.0
2019_08_MIA_PIT,2019,8,PIT,MIA,13.0,9.635787278062422,41.0,42.014395494074265,25.825091386068344,16.18930410800592,27.0,14.0
2019_09_SF_ARI,2019,9,ARI,SF,-3.0,-3.6641435253286376,53.0,46.18618480288991,21.261020638780636,24.925164164109276,25.0,28.0
2019_09_HOU_JAX,2019,9,JAX,HOU,-23.0,-3.251141366683764,29.0,46.44848938632466,21.59867400982045,24.84981537650421,3.0,26.0
2019_09_WAS_BUF,2019,9,BUF,WAS,15.0,8.54049531763075,33.0,38.853903675845075,23.697199496737912,15.156704179107162,24.0,9.0
2019_09_TEN_CAR,2019,9,CAR,TEN,10.0,2.4812551329505848,50.0,42.379039322449984,22.430147227700285,19.9488920947497,30.0,20.0
2019_09_MIN_KC,2019,9,KC,MIN,3.0,4.486379436667024,49.0,48.30298970581085,26.394684571238937,21.908305134571915,26.0,23.0
2019_09_NYJ_MIA,2019,9,MIA,NYJ,8.0,1.3563107560534011,44.0,40.85316852035581,21.104739638204606,19.748428882151202,26.0,18.0
2019_09_CHI_PHI,2019,9,PHI,CHI,8.0,3.3822502847389595,36.0,41.425038103914936,22.403644194326947,19.02139390958799,22.0,14.0
2019_09_IND_PIT,2019,9,PIT,IND,2.0,1.62886527484038,50.0,42.673697863648684,22.15128156924453,20.522416294404152,26.0,24.0
2019_09_DET_OAK,2019,9,OAK,DET,7.0,-3.348473951890407,55.0,46.77971615860751,21.715621103358554,25.06409505524896,31.0,24.0
2019_09_TB_SEA,2019,9,SEA,TB,6.0,7.638014133382529,74.0,47.43435637583066,27.536185254606593,19.898171121224067,40.0,34.0
2019_09_CLE_DEN,2019,9,DEN,CLE,5.0,3.501357470684356,43.0,41.776693818792,22.639025644738176,19.13766817405382,24.0,19.0
2019_09_GB_LAC,2019,9,LAC,GB,15.0,-2.3781777148291385,37.0,46.60741003345729,22.114616159314078,24.492793874143214,26.0,11.0
2019_09_NE_BAL,2019,9,BAL,NE,17.0,0.9840370080678632,57.0,48.097515794207595,24.54077640113773,23.556739393069865,37.0,20.0
2019_09_DAL_NYG,2019,9,NYG,DAL,-19.0,-5.45520721568094,55.0,42.52854471298511,18.536668748652083,23.991875964333026,18.0,37.0
2019_10_LAC_OAK,2019,10,OAK,LAC,2.0,-2.3510705982312783,50.0,46.20644241762618,21.92768590969745,24.27875650792873,26.0,24.0
2019_10_DET_CHI,2019,10,CHI,DET,7.0,4.708994931429712,33.0,43.43109291481287,24.070043923121293,19.36104899169158,20.0,13.0
2019_10_BAL_CIN,2019,10,CIN,BAL,-36.0,-4.027239328152144,62.0,44.06680421776948,20.01978244480867,24.04702177296081,13.0,49.0
2019_10_BUF_CLE,2019,10,CLE,BUF,3.0,-2.744699477136634,35.0,40.99280149042648,19.124051006644923,21.868750483781557,19.0,16.0
2019_10_ATL_NO,2019,10,NO,ATL,-17.0,9.66941585348411,35.0,45.79285529870097,27.73113557609254,18.06171972260843,9.0,26.0
2019_10_NYG_NYJ,2019,10,NYJ,NYG,7.0,1.5195460493841717,61.0,42.317730211919326,21.91863813065175,20.399092081267575,34.0,27.0
2019_10_ARI_TB,2019,10,TB,ARI,3.0,2.325858728909885,57.0,46.59144116103748,24.458649944973683,22.132791216063797,30.0,27.0
2019_10_KC_TEN,2019,10,TEN,KC,3.0,-3.35774725371008,67.0,43.24786971145235,19.945061228871136,23.302808482581217,35.0,32.0
2019_10_MIA_IND,2019,10,IND,MIA,-4.0,10.888551616473524,28.0,44.83674656475559,27.86264909061456,16.974097474141033,12.0,16.0
2019_10_CAR_GB,2019,10,GB,CAR,8.0,5.558701249646165,40.0,46.657325910109,26.108013579877582,20.54931233023142,24.0,16.0
2019_10_LA_PIT,2019,10,PIT,LA,5.0,2.542140051418228,29.0,43.26918094175404,22.905660496586133,20.363520445167904,17.0,12.0
2019_10_MIN_DAL,2019,10,DAL,MIN,-4.0,4.738137604088703,52.0,49.513939906138056,27.126038755113377,22.38790115102468,24.0,28.0
2019_10_SEA_SF,2019,10,SF,SEA,-3.0,3.813653673273553,51.0,46.88044775319034,25.347050713231944,21.533397039958395,24.0,27.0
2019_11_PIT_CLE,2019,11,CLE,PIT,14.0,-3.269855374685392,28.0,41.13088127200414,18.930512948659374,22.200368323344765,21.0,7.0
2019_11_HOU_BAL,2019,11,BAL,HOU,34.0,6.822058300387488,48.0,50.45058748092867,28.63632289065808,21.81426459027059,41.0,7.0
2019_11_ATL_CAR,2019,11,CAR,ATL,-26.0,3.887662288507157,32.0,44.899106271596935,24.393384280052047,20.50572199154489,3.0,29.0
2019_11_DAL_DET,2019,11,DET,DAL,-8.0,0.0666436259025667,62.0,48.89067450734883,24.478659066625696,24.41201544072313,27.0,35.0
2019_11_JAX_IND,2019,11,IND,JAX,20.0,6.174949628597236,46.0,43.24440027357289,24.709674951085063,18.53472532248783,33.0,13.0
2019_11_BUF_MIA,2019,11,MIA,BUF,-17.0,-1.5288987394893143,57.0,40.76626857343755,19.618684916974118,21.147583656463432,20.0,37.0
2019_11_DEN_MIN,2019,11,MIN,DEN,4.0,10.202240269586076,50.0,43.69610008660882,26.94917017809745,16.746929908511373,27.0,23.0
2019_11_NO_TB,2019,11,TB,NO,-17.0,-4.954738308551974,51.0,47.21487053438374,21.130066112915884,26.084804421467858,17.0,34.0
2019_11_NYJ_WAS,2019,11,WAS,NYJ,-17.0,3.049193880919149,51.0,39.892638088811545,21.470915984865346,18.4217221039462,17.0,34.0
2019_11_ARI_SF,2019,11,SF,ARI,10.0,10.315693888345043,62.0,44.39994028604613,27.35781708719559,17.042123198850543,36.0,26.0
2019_11_CIN_OAK,2019,11,OAK,CIN,7.0,6.352713831363612,27.0,44.40665077001857,25.379682300691094,19.02696846932748,17.0,10.0
2019_11_NE_PHI,2019,11,PHI,NE,-7.0,-1.8850996074219564,27.0,44.42332311481684,21.26911175369744,23.154211361119398,10.0,17.0
2019_11_CHI_LA,2019,11,LA,CHI,10.0,3.518124371684338,24.0,41.35275696975744,22.43544067072089,18.917316299036553,17.0,7.0
2019_11_KC_LAC,2019,11,LAC,KC,-7.0,0.202845826566482,41.0,47.67051933728451,23.936682581925496,23.733836755359015,17.0,24.0
2019_12_IND_HOU,2019,12,HOU,IND,3.0,5.111191537533213,37.0,47.29412630986747,26.202658923700344,21.09146738616713,20.0,17.0
2019_12_TB_ATL,2019,12,ATL,TB,-13.0,5.736792397035328,57.0,45.044265053452904,25.390528725244117,19.653736328208787,22.0,35.0
2019_12_DEN_BUF,2019,12,BUF,DEN,17.0,4.860981557188061,23.0,40.1086899959383,22.48483577656318,17.62385421937512,20.0,3.0
2019_12_NYG_CHI,2019,12,CHI,NYG,5.0,9.734060751752304,33.0,41.42500281358859,25.579531782670447,15.845471030918144,19.0,14.0
2019_12_PIT_CIN,2019,12,CIN,PIT,-6.0,-4.7659209899684,26.0,40.701790236458876,17.967934623245238,22.73385561321364,10.0,16.0
2019_12_MIA_CLE,2019,12,CLE,MIA,17.0,7.682724130500673,65.0,39.770209676586774,23.726466903543724,16.04374277304305,41.0,24.0
2019_12_CAR_NO,2019,12,NO,CAR,3.0,9.24164426238096,65.0,44.395379494684214,26.818511878532586,17.576867616151628,34.0,31.0
2019_12_OAK_NYJ,2019,12,NYJ,OAK,31.0,0.0201244274474281,37.0,42.16576369381969,21.09294406063356,21.072819633186132,34.0,3.0
2019_12_SEA_PHI,2019,12,PHI,SEA,-8.0,-1.1058020573227902,26.0,45.02446256185223,21.95933025226472,23.06513230958751,9.0,17.0
2019_12_DET_WAS,2019,12,WAS,DET,3.0,-4.448947521398659,35.0,42.41856652617468,18.98480950238801,23.43375702378667,19.0,16.0
2019_12_JAX_TEN,2019,12,TEN,JAX,22.0,4.546363925116501,62.0,41.861457566854014,23.203910745985258,18.657546820868756,42.0,20.0
2019_12_DAL_NE,2019,12,NE,DAL,4.0,2.9161465844582786,22.0,46.298452989655374,24.607299787056824,21.69115320259855,13.0,9.0
2019_12_GB_SF,2019,12,SF,GB,29.0,3.019434835547176,45.0,46.522369506749264,24.77090217114822,21.751467335601046,37.0,8.0
2019_12_BAL_LA,2019,12,LA,BAL,-39.0,-2.8958023808325613,51.0,45.19167995142079,21.147938785294112,24.043741166126676,6.0,45.0
2019_13_CHI_DET,2019,13,DET,CHI,-4.0,0.5615018432446476,44.0,42.633960017062435,21.597730930153542,21.036229086908893,20.0,24.0
2019_13_BUF_DAL,2019,13,DAL,BUF,-11.0,4.116891638219313,41.0,46.57915807450615,25.34802485636273,21.231133218143416,15.0,26.0
2019_13_NO_ATL,2019,13,ATL,NO,-8.0,-2.5821419447633254,44.0,46.976433125767905,22.197145590502288,24.779287535265617,18.0,26.0
2019_13_SF_BAL,2019,13,BAL,SF,3.0,8.046945284179683,37.0,46.909305856087755,27.47812557013372,19.431180285954035,20.0,17.0
2019_13_WAS_CAR,2019,13,CAR,WAS,-8.0,6.851502746125302,50.0,42.103667878302616,24.47758531221396,17.626082566088655,21.0,29.0
2019_13_NYJ_CIN,2019,13,CIN,NYJ,16.0,-1.835276999410384,28.0,40.342590964933315,19.253656982761466,21.08893398217185,22.0,6.0
2019_13_TEN_IND,2019,13,IND,TEN,-14.0,2.434648087101696,48.0,45.37713525600208,23.905891671551885,21.471243584450193,17.0,31.0
2019_13_TB_JAX,2019,13,JAX,TB,-17.0,-0.058194522976007,39.0,42.94058869353792,21.441197085280955,21.499391608256964,11.0,28.0
2019_13_PHI_MIA,2019,13,MIA,PHI,6.0,-5.145246818878304,68.0,40.18360962262567,17.51918140187368,22.664428220751986,37.0,31.0
2019_13_GB_NYG,2019,13,NYG,GB,-18.0,-4.491830294504994,44.0,44.05836989056445,19.78326979802973,24.27510009253472,13.0,31.0
2019_13_CLE_PIT,2019,13,PIT,CLE,7.0,3.464006522679244,33.0,41.70868368723643,22.586345104957836,19.122338582278594,20.0,13.0
2019_13_LA_ARI,2019,13,ARI,LA,-27.0,-3.1662438477383974,41.0,44.16890918603392,20.50133266914776,23.66757651688616,7.0,34.0
2019_13_LAC_DEN,2019,13,DEN,LAC,3.0,-2.8714446976621444,43.0,41.38929512760994,19.2589252149739,22.13036991263604,23.0,20.0
2019_13_OAK_KC,2019,13,KC,OAK,31.0,10.666865440626095,49.0,44.052294682517406,27.35958006157175,16.692714620945655,40.0,9.0
2019_13_NE_HOU,2019,13,HOU,NE,6.0,1.4191820983067966,50.0,45.44920044980661,23.434191274056705,22.015009175749906,28.0,22.0
2019_13_MIN_SEA,2019,13,SEA,MIN,7.0,3.488061206212544,67.0,47.58336607025931,25.535713638235926,22.047652432023384,37.0,30.0
2019_14_DAL_CHI,2019,14,CHI,DAL,7.0,2.009099075514408,55.0,44.169937477489405,23.089518276501906,21.0804192009875,31.0,24.0
2019_14_CAR_ATL,2019,14,ATL,CAR,20.0,3.190793870281656,60.0,45.1435276293816,24.16716074983163,20.97636687954997,40.0,20.0
2019_14_BAL_BUF,2019,14,BUF,BAL,-7.0,-2.84838989816313,41.0,47.380726184135405,22.26616814298614,25.114558041149266,17.0,24.0
2019_14_CIN_CLE,2019,14,CLE,CIN,8.0,7.897180171899752,46.0,40.35742413736657,24.127302154633163,16.230121982733408,27.0,19.0
2019_14_WAS_GB,2019,14,GB,WAS,5.0,11.444704495522078,35.0,43.481895552753,27.46330002413754,16.018595528615464,20.0,15.0
2019_14_DEN_HOU,2019,14,HOU,DEN,-14.0,9.351797526101429,62.0,44.75912691074064,27.055462218421034,17.703664692319606,24.0,38.0
2019_14_DET_MIN,2019,14,MIN,DET,13.0,8.934559481264108,27.0,45.69589480860017,27.31522714493214,18.38066766366803,20.0,7.0
2019_14_SF_NO,2019,14,NO,SF,-2.0,5.055903354191642,94.0,46.110853111046914,25.58337823261928,20.527474878427636,46.0,48.0
2019_14_MIA_NYJ,2019,14,NYJ,MIA,1.0,3.904314856536468,43.0,41.21084031445458,22.557577585495522,18.653262728959056,22.0,21.0
2019_14_IND_TB,2019,14,TB,IND,3.0,2.6678590964916733,73.0,44.28319900013546,23.475529048313568,20.807669951821893,38.0,35.0
2019_14_LAC_JAX,2019,14,JAX,LAC,-35.0,-2.3468458999693267,55.0,41.687515071636476,19.670334585833576,22.0171804858029,10.0,45.0
2019_14_PIT_ARI,2019,14,ARI,PIT,-6.0,-4.468187544647622,40.0,41.20569598677479,18.368754221063586,22.836941765711206,17.0,23.0
2019_14_KC_NE,2019,14,NE,KC,-7.0,3.42004902680182,39.0,45.863576849358864,24.641812938080342,21.221763911278522,16.0,23.0
2019_14_TEN_OAK,2019,14,OAK,TEN,-21.0,-5.560762969999519,63.0,45.6582046658716,20.04872084793604,25.609483817935562,21.0,42.0
2019_14_SEA_LA,2019,14,LA,SEA,16.0,-0.5165368132906731,40.0,44.42970408297268,21.956583634841003,22.473120448131674,28.0,12.0
2019_14_NYG_PHI,2019,14,PHI,NYG,6.0,10.532120670931254,40.0,42.85503035504699,26.693575512989124,16.161454842057868,23.0,17.0
2019_15_NYJ_BAL,2019,15,BAL,NYJ,21.0,11.389765007757726,63.0,42.1418769238286,26.76582096579316,15.376055958035437,42.0,21.0
2019_15_SEA_CAR,2019,15,CAR,SEA,-6.0,-4.322514067229326,54.0,44.20681314103724,19.942149536903955,24.264663604133283,24.0,30.0
2019_15_NE_CIN,2019,15,CIN,NE,-21.0,-5.845333302278899,47.0,40.66466101913014,17.409663858425624,23.25499716070452,13.0,34.0
2019_15_TB_DET,2019,15,DET,TB,-21.0,-0.8875797565969823,55.0,45.41329256950107,22.26285640645204,23.150436163049026,17.0,38.0
2019_15_CHI_GB,2019,15,GB,CHI,8.0,4.063270881953733,34.0,43.18049690274976,23.621883892351747,19.558613010398012,21.0,13.0
2019_15_DEN_KC,2019,15,KC,DEN,20.0,10.39216991529856,26.0,45.401586733512126,27.896878324405343,17.504708409106783,23.0,3.0
2019_15_MIA_NYG,2019,15,NYG,MIA,16.0,-1.5865414790544543,56.0,40.67028737139511,19.54187294617033,21.128414425224783,36.0,20.0
2019_15_HOU_TEN,2019,15,TEN,HOU,-3.0,6.01159565804505,45.0,47.12027462212346,26.565935140084257,20.554339482039204,21.0,24.0
2019_15_PHI_WAS,2019,15,WAS,PHI,-10.0,-4.331794939406704,64.0,40.8297660101561,18.248985535374697,22.580780474781402,27.0,37.0
2019_15_CLE_ARI,2019,15,ARI,CLE,14.0,-4.2871003638137655,62.0,43.24798687886552,19.480443257525877,23.76754362133964,38.0,24.0
2019_15_MIN_LAC,2019,15,LAC,MIN,-29.0,1.5055654849212554,49.0,46.28691757534056,23.896241530130908,22.390676045209652,10.0,39.0
2019_15_JAX_OAK,2019,15,OAK,JAX,-4.0,2.35017366187261,36.0,43.317190513161435,22.833682087517023,20.483508425644413,16.0,20.0
2019_15_LA_DAL,2019,15,DAL,LA,23.0,0.976233585642684,65.0,46.8443354087576,23.91028449720014,22.93405091155746,44.0,21.0
2019_15_ATL_SF,2019,15,SF,ATL,-7.0,9.475225576341986,51.0,47.05395603014722,28.2645908032446,18.789365226902618,22.0,29.0
2019_15_BUF_PIT,2019,15,PIT,BUF,-7.0,3.414913137850956,27.0,41.34780738382105,22.381360260836004,18.966447122985045,10.0,17.0
2019_15_IND_NO,2019,15,NO,IND,27.0,8.120711417726884,41.0,47.26198952666116,27.691350472194024,19.570639054467136,34.0,7.0
2019_16_HOU_TB,2019,16,TB,HOU,-3.0,2.3795189210437786,43.0,44.91385117628484,23.646685048664306,21.26716612762053,20.0,23.0
2019_16_BUF_NE,2019,16,NE,BUF,7.0,6.203685191186445,41.0,41.90676092196623,24.055223056576338,17.851537865389894,24.0,17.0
2019_16_LA_SF,2019,16,SF,LA,3.0,4.299683655087661,65.0,44.777154004925805,24.538418830006734,20.23873517491907,34.0,31.0
2019_16_JAX_ATL,2019,16,ATL,JAX,12.0,7.371791386750064,36.0,45.7382937935792,26.555042590164632,19.18325120341457,24.0,12.0
2019_16_BAL_CLE,2019,16,CLE,BAL,-16.0,-4.307476125517244,46.0,48.359032190686236,22.025778032584498,26.333254158101738,15.0,31.0
2019_16_CAR_IND,2019,16,IND,CAR,32.0,3.29135582674145,44.0,47.06275048060174,25.177053153671597,21.885697326930146,38.0,6.0
2019_16_CIN_MIA,2019,16,MIA,CIN,3.0,2.650371814581959,73.0,41.131418011444595,21.890894913013277,19.240523098431318,38.0,35.0
2019_16_PIT_NYJ,2019,16,NYJ,PIT,6.0,-2.6669982656252325,26.0,40.136988429830446,18.734995082102607,21.40199334772784,16.0,10.0
2019_16_NO_TEN,2019,16,TEN,NO,-10.0,-0.2817660934771456,66.0,48.36089712738503,24.039565516953942,24.321331610431088,28.0,38.0
2019_16_NYG_WAS,2019,16,WAS,NYG,-6.0,2.6179999440079333,76.0,41.148338038624196,21.883168991316065,19.26516904730813,35.0,41.0
2019_16_DET_DEN,2019,16,DEN,DET,10.0,5.579423353652654,44.0,42.78456663556705,24.181994994609852,18.6025716409572,27.0,17.0
2019_16_OAK_LAC,2019,16,LAC,OAK,-7.0,7.023318351683059,41.0,45.29321586869982,26.15826711019144,19.13494875850838,17.0,24.0
2019_16_DAL_PHI,2019,16,PHI,DAL,8.0,1.880677324025848,26.0,47.311358681678314,24.59601800285208,22.715340678826234,17.0,9.0
2019_16_ARI_SEA,2019,16,SEA,ARI,-14.0,10.296163424993985,40.0,46.000958889770345,28.148561157382165,17.85239773238818,13.0,27.0
2019_16_KC_CHI,2019,16,CHI,KC,-23.0,-1.344043031742585,29.0,43.725316869810364,21.19063691903389,22.534679950776475,3.0,26.0
2019_16_GB_MIN,2019,16,MIN,GB,-13.0,6.2894642124962,33.0,44.09071629543184,25.19009025396402,18.90062604146782,10.0,23.0
2019_17_NYJ_BUF,2019,17,BUF,NYJ,-7.0,8.05423681431067,19.0,39.93944139689775,23.99683910560421,15.94260229129354,6.0,13.0
2019_17_NO_CAR,2019,17,CAR,NO,-32.0,-6.202026824526558,52.0,45.21794178848158,19.507957481977513,25.70998430650407,10.0,42.0
2019_17_CLE_CIN,2019,17,CIN,CLE,10.0,-3.498749838572906,56.0,41.589052879946294,19.045151520686694,22.5439013592596,33.0,23.0
2019_17_GB_DET,2019,17,DET,GB,-3.0,-3.9027133777888783,43.0,44.060797133884996,20.07904187804806,23.981755255836937,20.0,23.0
2019_17_LAC_KC,2019,17,KC,LAC,10.0,9.909693179439252,52.0,42.2411321903235,26.075412684881375,16.165719505442123,31.0,21.0
2019_17_CHI_MIN,2019,17,MIN,CHI,-2.0,4.966673198758494,40.0,41.88092561093537,23.423799404846932,18.45712620608844,19.0,21.0
2019_17_MIA_NE,2019,17,NE,MIA,-3.0,9.8334711736039,51.0,44.309407951117535,27.071439562360716,17.23796838875682,24.0,27.0
2019_17_ATL_TB,2019,17,TB,ATL,-6.0,3.0872622566033936,50.0,43.82018885202102,23.453725554312207,20.366463297708812,22.0,28.0
2019_17_PIT_BAL,2019,17,BAL,PIT,18.0,8.079546895591553,38.0,42.92607166234592,25.502809278968737,17.423262383377182,28.0,10.0
2019_17_WAS_DAL,2019,17,DAL,WAS,31.0,9.705527171228477,63.0,46.73204600050485,28.218786585866663,18.51325941463819,47.0,16.0
2019_17_OAK_DEN,2019,17,DEN,OAK,1.0,5.952270516289864,31.0,42.47298744420463,24.212628980247246,18.26035846395738,16.0,15.0
2019_17_TEN_HOU,2019,17,HOU,TEN,-21.0,4.401762478015433,49.0,47.4050974444612,25.903429961238317,21.50166748322288,14.0,35.0
2019_17_IND_JAX,2019,17,JAX,IND,18.0,-5.196342883015,58.0,44.38121756177693,19.592437339380965,24.788780222395964,38.0,20.0
2019_17_ARI_LA,2019,17,LA,ARI,7.0,7.469137091217005,55.0,44.70131362678841,26.08522535900271,18.616088267785702,31.0,24.0
2019_17_PHI_NYG,2019,17,NYG,PHI,-17.0,-3.465450120152328,51.0,43.60920277771128,20.071876328779478,23.537326448931804,17.0,34.0
2019_17_SF_SEA,2019,17,SEA,SF,-5.0,3.723229130814806,47.0,48.06793181892641,25.89558047487061,22.1723513440558,21.0,26.0
2020_01_HOU_KC,2020,1,KC,HOU,14.0,7.2870716077931075,54.0,47.15206873229283,27.21957017004297,19.93249856224986,34.0,20.0
2020_01_SEA_ATL,2020,1,ATL,SEA,-13.0,2.509377823072159,63.0,46.34921751359124,24.4292976683317,21.919919845259543,25.0,38.0
2020_01_CLE_BAL,2020,1,BAL,CLE,32.0,11.185913326849263,44.0,43.70224019617956,27.44407676151441,16.25816343466515,38.0,6.0
2020_01_NYJ_BUF,2020,1,BUF,NYJ,10.0,4.04054048837604,44.0,39.46324602333478,21.75189325585541,17.711352767479372,27.0,17.0
2020_01_LV_CAR,2020,1,CAR,LV,-4.0,-0.5113157289617571,64.0,41.13164843736256,20.3101663542004,20.821482083162156,30.0,34.0
2020_01_CHI_DET,2020,1,DET,CHI,-4.0,-1.0868040953730378,50.0,41.242936245810256,20.078066075218608,21.164870170591648,23.0,27.0
2020_01_IND_JAX,2020,1,JAX,IND,7.0,0.4508661618793465,47.0,43.66065547367771,22.055760817778527,21.60489465589918,27.0,20.0
2020_01_GB_MIN,2020,1,MIN,GB,-9.0,3.050417730255931,77.0,45.25355921891206,24.151988474583995,21.101570744328065,34.0,43.0
2020_01_MIA_NE,2020,1,NE,MIA,10.0,8.724161812942398,32.0,42.604619756106416,25.664390784524407,16.94022897158201,21.0,11.0
2020_01_PHI_WAS,2020,1,WAS,PHI,10.0,-5.851024349674503,44.0,42.963204634364494,18.556090142344996,24.4071144920195,27.0,17.0
2020_01_LAC_CIN,2020,1,CIN,LAC,-3.0,-1.3771477910011043,29.0,44.350707292863795,21.486779750931344,22.86392754193245,13.0,16.0
2020_01_TB_NO,2020,1,NO,TB,11.0,9.57007132063528,57.0,46.2993913712433,27.93473134593929,18.364660025304012,34.0,23.0
2020_01_ARI_SF,2020,1,SF,ARI,-4.0,9.328012869177474,44.0,43.91682975861045,26.62242131389396,17.29440844471649,20.0,24.0
2020_01_DAL_LA,2020,1,LA,DAL,3.0,2.0726329683800557,37.0,48.708218134251005,25.39042555131553,23.317792582935475,20.0,17.0
2020_01_PIT_NYG,2020,1,NYG,PIT,-10.0,-0.214724895711762,42.0,40.68075432172873,20.233014713008483,20.447739608720244,16.0,26.0
2020_01_TEN_DEN,2020,1,DEN,TEN,-2.0,-2.458744744200957,30.0,42.49400403579403,20.017629645796536,22.476374389997492,14.0,16.0
2020_02_CIN_CLE,2020,2,CLE,CIN,5.0,1.4255231724012176,65.0,39.68001214345008,20.55276765792565,19.12724448552443,35.0,30.0
2020_02_NYG_CHI,2020,2,CHI,NYG,4.0,8.751114617075142,30.0,46.39778993187821,27.574452274476677,18.82333765740153,17.0,13.0
2020_02_ATL_DAL,2020,2,DAL,ATL,1.0,4.786967606847575,79.0,45.85498592106167,25.320976763954622,20.534009157107047,40.0,39.0
2020_02_DET_GB,2020,2,GB,DET,21.0,12.074501738792888,63.0,47.14114003367061,29.60782088623175,17.53331914743886,42.0,21.0
2020_02_MIN_IND,2020,2,IND,MIN,17.0,0.7514531377209086,39.0,49.60989062293507,25.18067188032799,24.42921874260708,28.0,11.0
2020_02_BUF_MIA,2020,2,MIA,BUF,-3.0,-3.4011855339445782,59.0,44.16915078114152,20.38398262359847,23.785168157543048,28.0,31.0
2020_02_SF_NYJ,2020,2,NYJ,SF,-18.0,-1.77654146456771,44.0,42.90094754012162,20.562203037776957,22.338744502344664,13.0,31.0
2020_02_LA_PHI,2020,2,PHI,LA,-18.0,0.7786631658987979,56.0,41.24056938232507,21.009616274111934,20.230953108213136,19.0,37.0
2020_02_DEN_PIT,2020,2,PIT,DEN,5.0,5.086634668706581,47.0,43.287907149048095,24.187270908877338,19.100636240170758,26.0,21.0
2020_02_CAR_TB,2020,2,TB,CAR,14.0,4.00942222136324,48.0,43.75271524611061,23.881068733736925,19.871646512373687,31.0,17.0
2020_02_JAX_TEN,2020,2,TEN,JAX,3.0,4.866498492432224,63.0,47.561209548697875,26.213854020565048,21.347355528132827,33.0,30.0
2020_02_WAS_ARI,2020,2,ARI,WAS,15.0,6.163378477601647,45.0,45.16782549900542,25.665601988303532,19.502223510701885,30.0,15.0
2020_02_BAL_HOU,2020,2,HOU,BAL,-17.0,-6.075845229853458,49.0,49.773291320315906,21.848723045231225,27.92456827508468,16.0,33.0
2020_02_KC_LAC,2020,2,LAC,KC,-3.0,-5.494312346484913,43.0,45.03150779507246,19.768597724293773,25.262910070778684,20.0,23.0
2020_02_NE_SEA,2020,2,SEA,NE,5.0,4.610135035995732,65.0,51.88663115688228,28.248383096439007,23.638248060443274,35.0,30.0
2020_02_NO_LV,2020,2,LV,NO,10.0,-1.3198534158796815,58.0,45.33144312271772,22.00579485341902,23.325648269298703,34.0,24.0
2020_03_MIA_JAX,2020,3,JAX,MIA,-18.0,4.442440690143208,44.0,47.01295823367154,25.727699461907374,21.285258771764166,13.0,31.0
2020_03_CHI_ATL,2020,3,ATL,CHI,-4.0,2.268977446615001,56.0,46.80099526270137,24.534986354658187,22.266008908043183,26.0,30.0
2020_03_LA_BUF,2020,3,BUF,LA,3.0,1.573205586391369,67.0,50.63767918301442,26.105442384702894,24.532236798311526,35.0,32.0
2020_03_WAS_CLE,2020,3,CLE,WAS,14.0,2.787532518526397,54.0,40.37797015739562,21.58275133796101,18.795218819434613,34.0,20.0
2020_03_TEN_MIN,2020,3,MIN,TEN,-1.0,-0.038018419073961,61.0,49.23594614175911,24.598963861342572,24.636982280416536,30.0,31.0
2020_03_LV_NE,2020,3,NE,LV,16.0,6.324750650868773,56.0,49.93230981300887,28.12853023193882,21.80377958107005,36.0,20.0
2020_03_SF_NYG,2020,3,NYG,SF,-27.0,-3.074203912113896,45.0,44.721614820373844,20.823705454129975,23.89790936624387,9.0,36.0
2020_03_CIN_PHI,2020,3,PHI,CIN,0.0,4.7259999220287785,46.0,43.64908425399807,24.187542088013423,19.461542165984646,23.0,23.0
2020_03_HOU_PIT,2020,3,PIT,HOU,7.0,4.967085951814516,49.0,43.78230385285031,24.374694902332415,19.407608950517897,28.0,21.0
2020_03_NYJ_IND,2020,3,IND,NYJ,29.0,5.272348598977112,43.0,43.80345472047849,24.5379016597278,19.26555306075069,36.0,7.0
2020_03_CAR_LAC,2020,3,LAC,CAR,-5.0,5.709628796132552,37.0,44.89379561364017,25.301712204886364,19.59208340875381,16.0,21.0
2020_03_DET_ARI,2020,3,ARI,DET,-3.0,7.473911445468873,49.0,47.203839640404944,27.338875542936908,19.864964097468036,23.0,26.0
2020_03_TB_DEN,2020,3,DEN,TB,-18.0,1.5093034377987404,38.0,41.769787995131814,21.63954571646528,20.130242278666536,10.0,28.0
2020_03_DAL_SEA,2020,3,SEA,DAL,7.0,6.922467211689047,69.0,50.1107022211071,28.51658471639807,21.594117504709025,38.0,31.0
2020_03_GB_NO,2020,3,NO,GB,-7.0,2.778157322124178,67.0,49.28755357174255,26.032855446933365,23.254698124809185,30.0,37.0
2020_03_KC_BAL,2020,3,BAL,KC,-14.0,4.453513260710855,54.0,49.95029196889429,27.201902614802574,22.748389354091717,20.0,34.0
2020_04_DEN_NYJ,2020,4,NYJ,DEN,-9.0,1.0601297520198214,65.0,42.23720907823495,21.648669415127383,20.588539663107564,28.0,37.0
2020_04_ARI_CAR,2020,4,CAR,ARI,10.0,1.0684689094558746,52.0,45.28274515725681,23.175607033356343,22.10713812390047,31.0,21.0
2020_04_JAX_CIN,2020,4,CIN,JAX,8.0,0.316716284503472,58.0,46.5249808090159,23.420848546759686,23.104132262256215,33.0,25.0
2020_04_CLE_DAL,2020,4,DAL,CLE,-11.0,3.195730894693124,87.0,47.029381736256745,25.112556315474933,21.916825420781812,38.0,49.0
2020_04_NO_DET,2020,4,DET,NO,-6.0,-4.085792573351034,64.0,47.7828006197551,21.848504023202032,25.934296596553068,29.0,35.0
2020_04_MIN_HOU,2020,4,HOU,MIN,-8.0,2.751286648334515,54.0,47.51742375320841,25.134355200771463,22.38306855243695,23.0,31.0
2020_04_SEA_MIA,2020,4,MIA,SEA,-8.0,-3.1971510241758905,54.0,48.347641766065756,22.575245370944934,25.772396395120822,23.0,31.0
2020_04_LAC_TB,2020,4,TB,LAC,7.0,6.111392110491716,69.0,42.77050343798854,24.440947774240126,18.329555663748412,38.0,31.0
2020_04_BAL_WAS,2020,4,WAS,BAL,-14.0,-6.225573820842491,48.0,45.174480213594016,19.474453196375762,25.700027017218254,17.0,31.0
2020_04_NYG_LA,2020,4,LA,NYG,8.0,11.413055695551613,26.0,45.613598427505906,28.51332706152876,17.100271365977147,17.0,9.0
2020_04_IND_CHI,2020,4,CHI,IND,-8.0,4.00515168361861,30.0,46.204521795986004,25.10483673980231,21.099685056183695,11.0,19.0
2020_04_BUF_LV,2020,4,LV,BUF,-7.0,3.445592369906689,53.0,49.77638883757329,26.610990603739992,23.1653982338333,23.0,30.0
2020_04_PHI_SF,2020,4,SF,PHI,-5.0,9.463032061214502,45.0,43.978664346398816,26.72084820380666,17.257816142592155,20.0,25.0
2020_04_NE_KC,2020,4,KC,NE,16.0,6.310133857974375,36.0,50.98941343066748,28.64977364432093,22.339639786346552,26.0,10.0
2020_04_ATL_GB,2020,4,GB,ATL,14.0,12.208269759052785,46.0,50.1849958596706,31.19663280936169,18.98836305030891,30.0,16.0
2020_05_TB_CHI,2020,5,CHI,TB,1.0,1.6909990422587764,39.0,45.19744935194174,23.444224197100258,21.753225154841484,20.0,19.0
2020_05_CAR_ATL,2020,5,ATL,CAR,-7.0,3.326354307135769,39.0,47.80701375930639,25.56668403322108,22.240329726085314,16.0,23.0
2020_05_CIN_BAL,2020,5,BAL,CIN,24.0,10.758778981091858,30.0,45.85021478155655,28.304496881324205,17.545717900232347,27.0,3.0
2020_05_JAX_HOU,2020,5,HOU,JAX,16.0,4.289765958224446,44.0,47.662777575037154,25.9762717666308,21.686505808406356,30.0,14.0
2020_05_LV_KC,2020,5,KC,LV,-8.0,9.635975488919572,72.0,49.48483095268002,29.560403220799795,19.924427731880225,32.0,40.0
2020_05_ARI_NYJ,2020,5,NYJ,ARI,-20.0,-2.583923073224109,40.0,43.239334941065394,20.327705933920644,22.91162900714475,10.0,30.0
2020_05_PHI_PIT,2020,5,PIT,PHI,9.0,4.490955739817952,67.0,44.01745451384278,24.254205126830364,19.763249387012415,38.0,29.0
2020_05_LA_WAS,2020,5,WAS,LA,-20.0,-5.964267815320265,40.0,48.06561081681063,21.050671500745185,27.014939316065448,10.0,30.0
2020_05_MIA_SF,2020,5,SF,MIA,-26.0,7.214398323932984,60.0,47.74860597485605,27.481502149394515,20.267103825461533,17.0,43.0
2020_05_IND_CLE,2020,5,CLE,IND,9.0,3.1525728193546065,55.0,46.376943391085774,24.76475810522019,21.612185285865586,32.0,23.0
2020_05_NYG_DAL,2020,5,DAL,NYG,3.0,8.148570390325851,71.0,44.58089966703988,26.364735028682865,18.216164638357014,37.0,34.0
2020_05_MIN_SEA,2020,5,SEA,MIN,1.0,8.806159012167349,53.0,52.7701102769495,30.788134644558426,21.981975632391077,27.0,26.0
2020_05_LAC_NO,2020,5,NO,LAC,3.0,10.323446763237037,57.0,45.970130606610994,28.146788684924015,17.82334192168698,30.0,27.0
2020_05_BUF_TEN,2020,5,TEN,BUF,26.0,4.611434155329352,58.0,50.402435596599766,27.50693487596456,22.895500720635205,42.0,16.0
2020_06_CHI_CAR,2020,6,CAR,CHI,-7.0,1.4039412685898924,39.0,45.33430468033736,23.369122974463625,21.965181705873736,16.0,23.0
2020_06_CIN_IND,2020,6,IND,CIN,4.0,7.590450854544981,58.0,42.87318299482129,25.231816924683137,17.641366070138154,31.0,27.0
2020_06_DET_JAX,2020,6,JAX,DET,-18.0,2.9209717133260136,50.0,45.64020532719173,24.28058852025887,21.35961680693286,16.0,34.0
2020_06_ATL_MIN,2020,6,MIN,ATL,-17.0,4.337770811365275,63.0,47.44480278336784,25.891286797366558,21.553515986001283,23.0,40.0
2020_06_DEN_NE,2020,6,NE,DEN,-6.0,8.027273255256688,30.0,44.9255097352374,26.476391495247043,18.449118239990355,12.0,18.0
2020_06_WAS_NYG,2020,6,NYG,WAS,1.0,2.636536159782078,39.0,42.10986230631836,22.37319923305022,19.736663073268144,20.0,19.0
2020_06_BAL_PHI,2020,6,PHI,BAL,-2.0,-4.295194534097008,58.0,44.537502106058696,20.121153785980844,24.41634832007785,28.0,30.0
2020_06_CLE_PIT,2020,6,PIT,CLE,31.0,5.70608821292806,45.0,47.77199215226357,26.739040182595815,21.032951969667756,38.0,7.0
2020_06_HOU_TEN,2020,6,TEN,HOU,6.0,7.438625697052573,78.0,47.93665638957484,27.687641043313707,20.249015346261135,42.0,36.0
2020_06_NYJ_MIA,2020,6,MIA,NYJ,24.0,9.251880516710257,24.0,44.121963832105635,26.686922174407947,17.43504165769769,24.0,0.0
2020_06_GB_TB,2020,6,TB,GB,28.0,-3.1782121013728126,48.0,47.69770157253408,22.259744735580632,25.437956836953447,38.0,10.0
2020_06_LA_SF,2020,6,SF,LA,8.0,-1.528157738344797,40.0,47.60835441664447,23.040098339149836,24.56825607749463,24.0,16.0
2020_06_KC_BUF,2020,6,BUF,KC,-9.0,-0.454159221035856,43.0,50.71558854521551,25.130714662089826,25.584873883125685,17.0,26.0
2020_06_ARI_DAL,2020,6,DAL,ARI,-28.0,3.046882126555685,48.0,48.876314257683475,25.96159819211958,22.914716065563894,10.0,38.0
2020_07_NYG_PHI,2020,7,PHI,NYG,1.0,7.057252956134177,43.0,44.682910092609895,25.870081524372036,18.812828568237858,22.0,21.0
2020_07_DET_ATL,2020,7,ATL,DET,-1.0,4.669903592242799,45.0,47.728082120189214,26.198992856216005,21.52908926397321,22.0,23.0
2020_07_CLE_CIN,2020,7,CIN,CLE,-3.0,-1.6392035627672223,71.0,43.81886004463257,21.089828240932675,22.729031803699897,34.0,37.0
2020_07_GB_HOU,2020,7,HOU,GB,-15.0,-1.9412603816053375,55.0,48.405962858216895,23.232351238305778,25.173611619911117,20.0,35.0
2020_07_CAR_NO,2020,7,NO,CAR,3.0,11.626133310794229,51.0,46.98549134765984,29.305812329227034,17.679679018432804,27.0,24.0
2020_07_BUF_NYJ,2020,7,NYJ,BUF,-8.0,-7.824791592738661,28.0,44.16874080341136,18.17197460533635,25.99676619807501,10.0,18.0
2020_07_PIT_TEN,2020,7,TEN,PIT,-3.0,7.677740050592342,51.0,49.050720346648745,28.364230198620543,20.686490148028202,24.0,27.0
2020_07_DAL_WAS,2020,7,WAS,DAL,22.0,-3.0794277194261177,28.0,45.766869386155925,21.343720833364905,24.42314855279102,25.0,3.0
2020_07_TB_LV,2020,7,LV,TB,-25.0,3.348471444070128,65.0,47.28420711930817,25.31633928168915,21.96786783761902,20.0,45.0
2020_07_KC_DEN,2020,7,DEN,KC,-27.0,-6.432407400799186,59.0,46.05443291013763,19.81101275466922,26.243420155468407,16.0,43.0
2020_07_JAX_LAC,2020,7,LAC,JAX,10.0,4.845560880924736,68.0,45.504142159845784,25.17485152038526,20.329290639460524,39.0,29.0
2020_07_SF_NE,2020,7,NE,SF,-27.0,2.497480047302316,39.0,45.763861677002915,24.130670862152616,21.6331908148503,6.0,33.0
2020_07_SEA_ARI,2020,7,ARI,SEA,3.0,-0.6245969278268518,71.0,49.9483537009491,24.661878386561124,25.286475314387975,37.0,34.0
2020_07_CHI_LA,2020,7,LA,CHI,14.0,5.21725373667394,34.0,43.893939681900406,24.555596709287173,19.338342972613233,24.0,10.0
2020_08_ATL_CAR,2020,8,CAR,ATL,-8.0,3.2260651518940766,42.0,47.508416361528724,25.3672407567114,22.141175604817324,17.0,25.0
2020_08_PIT_BAL,2020,8,BAL,PIT,-4.0,4.624497434694938,52.0,45.126527508259834,24.875512471477386,20.251015036782448,24.0,28.0
2020_08_NE_BUF,2020,8,BUF,NE,3.0,4.428298752088818,45.0,45.64298874732903,25.035643749708925,20.607344997620103,24.0,21.0
2020_08_TEN_CIN,2020,8,CIN,TEN,11.0,-3.699471371852633,51.0,46.05943411202976,21.179981370088566,24.879452741941197,31.0,20.0
2020_08_LV_CLE,2020,8,CLE,LV,-10.0,4.1132891701495575,22.0,46.544376958057406,25.32883306410348,21.215543893953924,6.0,16.0
2020_08_IND_DET,2020,8,DET,IND,-20.0,-0.8198953522861462,62.0,46.56059989641559,22.87035227206472,23.690247624350867,21.0,41.0
2020_08_MIN_GB,2020,8,GB,MIN,-6.0,11.023914895932476,50.0,48.36529703923638,29.69460596758443,18.67069107165195,22.0,28.0
2020_08_NYJ_KC,2020,8,KC,NYJ,26.0,13.206116303122313,44.0,44.94616265692973,29.076139480026022,15.870023176903707,35.0,9.0
2020_08_LA_MIA,2020,8,MIA,LA,11.0,1.3330472957838602,45.0,48.14588709469366,24.73946719523876,23.406419899454903,28.0,17.0
2020_08_LAC_DEN,2020,8,DEN,LAC,1.0,1.772700725199958,61.0,43.41424056486019,22.593470645030074,20.820769919830113,31.0,30.0
2020_08_NO_CHI,2020,8,CHI,NO,-3.0,-3.987366006664996,49.0,46.05210002899603,21.032367011165515,25.019733017830514,23.0,26.0
2020_08_SF_SEA,2020,8,SEA,SF,10.0,6.271924776686864,64.0,49.894546103237,28.083235439961932,21.811310663275066,37.0,27.0
2020_08_DAL_PHI,2020,8,PHI,DAL,14.0,4.643097102865786,32.0,43.9414626244014,24.292279863633595,19.649182760767808,23.0,9.0
2020_08_TB_NYG,2020,8,NYG,TB,-2.0,-5.290575928785671,48.0,45.65904614696171,20.184235109088018,25.47481103787369,23.0,25.0
2020_09_GB_SF,2020,9,SF,GB,-17.0,3.387417901969116,51.0,49.93107778859667,26.65924784528289,23.271829943313776,17.0,34.0
2020_09_DEN_ATL,2020,9,ATL,DEN,7.0,5.059820589155068,61.0,45.45831793338095,25.259069261268007,20.19924867211294,34.0,27.0
2020_09_SEA_BUF,2020,9,BUF,SEA,10.0,-1.2222138595432748,78.0,49.22896400651262,24.003375073484673,25.225588933027947,44.0,34.0
2020_09_BAL_IND,2020,9,IND,BAL,-14.0,1.5584727896012054,34.0,46.020717741564106,23.789595265582655,22.23112247598145,10.0,24.0
2020_09_HOU_JAX,2020,9,JAX,HOU,-2.0,-3.898661587117714,52.0,46.13761262043234,21.119475516657314,25.01813710377503,25.0,27.0
2020_09_CAR_KC,2020,9,KC,CAR,2.0,11.797855198853927,64.0,47.213460255980536,29.50565772741723,17.707802528563306,33.0,31.0
2020_09_DET_MIN,2020,9,MIN,DET,14.0,4.687994744192666,54.0,46.86134618822689,25.774670466209777,21.086675722017112,34.0,20.0
2020_09_CHI_TEN,2020,9,TEN,CHI,7.0,5.02932874801055,41.0,45.008210736167705,25.018769742089127,19.989440994078578,24.0,17.0
2020_09_NYG_WAS,2020,9,WAS,NYG,-3.0,2.656644879888633,43.0,43.99453044996018,23.325587664924406,20.668942785035775,20.0,23.0
2020_09_LV_LAC,2020,9,LAC,LV,-5.0,-0.1255084145209124,57.0,47.82611717901517,23.850304382247128,23.975812796768043,26.0,31.0
2020_09_MIA_ARI,2020,9,ARI,MIA,-3.0,4.796804925645125,65.0,47.74274262081066,26.269773773227893,21.472968847582766,31.0,34.0
2020_09_PIT_DAL,2020,9,DAL,PIT,-5.0,-6.263849775522632,43.0,45.387224030635146,19.561687127556258,25.825536903078888,19.0,24.0
2020_09_NO_TB,2020,9,TB,NO,-35.0,4.394357623209937,41.0,47.714453926343495,26.054405774776715,21.66004815156678,3.0,38.0
2020_09_NE_NYJ,2020,9,NYJ,NE,-3.0,-4.308615026835937,57.0,43.659345872245794,19.675365422704928,23.983980449540866,27.0,30.0
2020_10_IND_TEN,2020,10,TEN,IND,-17.0,5.964577744035465,51.0,47.63883156976261,26.801704656899037,20.83712691286357,17.0,34.0
2020_10_TB_CAR,2020,10,CAR,TB,-23.0,-3.73945056602543,69.0,45.66702881779953,20.96378912588705,24.703239691912483,23.0,46.0
2020_10_HOU_CLE,2020,10,CLE,HOU,3.0,2.953471177804447,17.0,44.61415840817189,23.783814792988167,20.830343615183722,10.0,7.0
2020_10_WAS_DET,2020,10,DET,WAS,3.0,2.343857792652126,57.0,44.530861053878716,23.43735942326542,21.093501630613297,30.0,27.0
2020_10_JAX_GB,2020,10,GB,JAX,4.0,13.258087303333008,44.0,45.46654545252049,29.36231637792675,16.104229074593743,24.0,20.0
2020_10_PHI_NYG,2020,10,NYG,PHI,10.0,-4.302464233804267,44.0,40.003023380706104,17.85027957345092,22.152743807255185,27.0,17.0
2020_10_BUF_ARI,2020,10,ARI,BUF,2.0,0.1879648966818033,62.0,50.125101208999105,25.156533052840455,24.96856815615865,32.0,30.0
2020_10_DEN_LV,2020,10,LV,DEN,25.0,6.12837441421015,49.0,44.84419857708622,25.486286495648184,19.357912081438034,37.0,12.0
2020_10_LAC_MIA,2020,10,MIA,LAC,8.0,5.86666930339883,50.0,44.28925090460158,25.077960104000205,19.211290800601375,29.0,21.0
2020_10_SEA_LA,2020,10,LA,SEA,7.0,4.088123127161041,39.0,47.02222432518921,25.555173726175124,21.467050599014083,23.0,16.0
2020_10_SF_NO,2020,10,NO,SF,14.0,6.087155604616936,40.0,48.080439320662705,27.083797462639822,20.996641858022883,27.0,13.0
2020_10_CIN_PIT,2020,10,PIT,CIN,26.0,9.95783607555244,46.0,44.72305933407419,27.340447704813315,17.38261162926088,36.0,10.0
2020_10_BAL_NE,2020,10,NE,BAL,6.0,-4.904084078267068,40.0,45.67610070139035,20.38600831156164,25.290092389828708,23.0,17.0
2020_10_MIN_CHI,2020,10,CHI,MIN,-6.0,1.5988778349603008,32.0,45.507038704435935,23.552958269698117,21.95408043473782,13.0,19.0
2020_11_ARI_SEA,2020,11,SEA,ARI,7.0,5.2779536627064765,49.0,49.9730254547085,27.625489558707486,22.347535896001013,28.0,21.0
2020_11_TEN_BAL,2020,11,BAL,TEN,-6.0,5.991994509780405,54.0,48.016017426578856,27.00400596817963,21.012011458399225,24.0,30.0
2020_11_DET_CAR,2020,11,CAR,DET,20.0,4.113281729853897,20.0,47.39952517632654,25.75640345309022,21.643121723236323,20.0,0.0
2020_11_PHI_CLE,2020,11,CLE,PHI,5.0,4.5244919784852815,39.0,45.648007020569935,25.086249499527607,20.561757521042328,22.0,17.0
2020_11_NE_HOU,2020,11,HOU,NE,7.0,-0.2875839567411496,47.0,46.7079865885948,23.210201315926824,23.497785272667976,27.0,20.0
2020_11_PIT_JAX,2020,11,JAX,PIT,-24.0,-5.623528727772019,30.0,46.23680321866662,20.306637245447302,25.93016597321932,3.0,27.0
2020_11_ATL_NO,2020,11,NO,ATL,15.0,7.034839872485289,33.0,48.825440052737704,27.9301399626115,20.895300090126206,24.0,9.0
2020_11_CIN_WAS,2020,11,WAS,CIN,11.0,0.9971443790232938,29.0,44.60545756036091,22.801300969692104,21.804156590668807,20.0,9.0
2020_11_MIA_DEN,2020,11,DEN,MIA,7.0,-1.7309272855491948,33.0,42.885566346709766,20.577319530580287,22.30824681612948,20.0,13.0
2020_11_NYJ_LAC,2020,11,LAC,NYJ,6.0,5.7415812338028624,62.0,45.56056746818412,25.65107435099349,19.909493117190628,34.0,28.0
2020_11_GB_IND,2020,11,IND,GB,3.0,0.5039146880351387,65.0,47.93801035070631,24.220962519370723,23.717047831335584,34.0,31.0
2020_11_DAL_MIN,2020,11,MIN,DAL,-3.0,7.174552506823347,59.0,46.92276160504151,27.048657055932427,19.87410454910908,28.0,31.0
2020_11_KC_LV,2020,11,LV,KC,-4.0,-3.714924185919568,66.0,50.419591201875164,23.352333507977797,27.067257693897368,31.0,35.0
2020_11_LA_TB,2020,11,TB,LA,-3.0,4.101450444887826,51.0,45.925241887865674,25.01334616637675,20.911895721488925,24.0,27.0
2020_12_HOU_DET,2020,12,DET,HOU,-16.0,-0.6473278453885858,66.0,46.2368785115121,22.794775333061757,23.442103178450346,25.0,41.0
2020_12_WAS_DAL,2020,12,DAL,WAS,-25.0,1.931148547095283,57.0,44.49502798073875,23.213088263917015,21.281939716821732,16.0,41.0
2020_12_LV_ATL,2020,12,ATL,LV,37.0,-0.5163311560038877,49.0,47.759308196544055,23.621488520270084,24.13781967627397,43.0,6.0
2020_12_LAC_BUF,2020,12,BUF,LAC,10.0,9.422045864861522,44.0,47.54690779261478,28.484476828738153,19.06243096387663,27.0,17.0
2020_12_NYG_CIN,2020,12,CIN,NYG,-2.0,1.38915148347556,36.0,44.027494205892744,22.70832284468415,21.319171361208593,17.0,19.0
2020_12_TEN_IND,2020,12,IND,TEN,-19.0,3.8596108851274393,71.0,48.008231398793356,25.933921141960397,22.07431025683296,26.0,45.0
2020_12_CLE_JAX,2020,12,JAX,CLE,-2.0,-4.523807254586388,52.0,45.21130317030174,20.343747957857676,24.867555212444064,25.0,27.0
2020_12_CAR_MIN,2020,12,MIN,CAR,1.0,5.040492542205106,55.0,47.31774541530448,26.179118978754794,21.138626436549686,28.0,27.0
2020_12_ARI_NE,2020,12,NE,ARI,3.0,3.236115725967915,37.0,48.746245342844716,25.991180534406315,22.7550648084384,20.0,17.0
2020_12_MIA_NYJ,2020,12,NYJ,MIA,-17.0,-5.911642493640828,23.0,43.1970621968392,18.642709851599186,24.554352345240012,3.0,20.0
2020_12_NO_DEN,2020,12,DEN,NO,-28.0,-5.07212253404881,34.0,45.67738697758125,20.30263222176622,25.37475475581503,3.0,31.0
2020_12_SF_LA,2020,12,LA,SF,-3.0,4.108038589903706,43.0,46.33360065285229,25.220819621378,21.11278103147429,20.0,23.0
2020_12_KC_TB,2020,12,TB,KC,-3.0,-3.984976027387135,51.0,49.785808720128855,22.90041634637086,26.885392373757995,24.0,27.0
2020_12_CHI_GB,2020,12,GB,CHI,16.0,9.24382942403436,66.0,45.2561202631303,27.24997484358233,18.00614541954797,41.0,25.0
2020_12_SEA_PHI,2020,12,PHI,SEA,-6.0,-3.672674534250458,40.0,45.351732956157825,20.839529210953685,24.51220374520414,17.0,23.0
2020_12_BAL_PIT,2020,12,PIT,BAL,5.0,5.304811531728584,33.0,43.35496911400258,24.32989032286558,19.025078791137,19.0,14.0
2020_13_NO_ATL,2020,13,ATL,NO,-5.0,-2.3397252586704327,37.0,45.99947103382686,21.82987288757821,24.169598146248646,16.0,21.0
2020_13_DET_CHI,2020,13,CHI,DET,-4.0,4.950589649917615,64.0,43.42158849197797,24.186089070947794,19.235499421030177,30.0,34.0
2020_13_IND_HOU,2020,13,HOU,IND,-6.0,2.8822876455179984,46.0,47.6935521983987,25.28791992195835,22.40563227644035,20.0,26.0
2020_13_CIN_MIA,2020,13,MIA,CIN,12.0,9.941590370867624,26.0,43.14250861492958,26.542049492898602,16.60045912203098,19.0,7.0
2020_13_JAX_MIN,2020,13,MIN,JAX,3.0,8.817521187648495,51.0,46.19277440685941,27.50514779725395,18.687626609605456,27.0,24.0
2020_13_LV_NYJ,2020,13,NYJ,LV,-3.0,-5.482395673659767,59.0,42.29197033622765,18.40478733128394,23.887183004943708,28.0,31.0
2020_13_CLE_TEN,2020,13,TEN,CLE,-6.0,9.646633163806383,76.0,47.88125567396152,28.763944418883952,19.117311255077567,35.0,41.0
2020_13_LA_ARI,2020,13,ARI,LA,-10.0,0.8190602181408851,66.0,47.26362764777318,24.04134393295703,23.222283714816147,28.0,38.0
2020_13_NYG_SEA,2020,13,SEA,NYG,-5.0,11.76492897172321,29.0,45.99448633731429,28.87970765451875,17.114778682795542,12.0,17.0
2020_13_PHI_GB,2020,13,GB,PHI,14.0,11.996480842674512,46.0,45.407877208885594,28.702179025780055,16.70569818310554,30.0,16.0
2020_13_NE_LAC,2020,13,LAC,NE,-45.0,0.3181820615423401,45.0,46.54026197185509,23.429222016698713,23.111039955156375,0.0,45.0
2020_13_DEN_KC,2020,13,KC,DEN,6.0,12.398923065069878,38.0,44.921653623020326,28.660288344045103,16.261365278975223,22.0,16.0
2020_13_WAS_PIT,2020,13,PIT,WAS,-6.0,9.425061984451506,40.0,42.33584643581588,25.880454210133692,16.45539222568219,17.0,23.0
2020_13_BUF_SF,2020,13,SF,BUF,-10.0,1.0287833743448875,58.0,50.0510928078617,25.539938091103295,24.511154716758405,24.0,34.0
2020_13_DAL_BAL,2020,13,BAL,DAL,17.0,11.307439220898615,51.0,45.736240768559504,28.52183999472906,17.214400773830445,34.0,17.0
2020_14_NE_LA,2020,14,LA,NE,21.0,3.479206217722896,27.0,44.574710168695525,24.02695819320921,20.547751975486314,24.0,3.0
2020_14_DEN_CAR,2020,14,CAR,DEN,-5.0,2.6191905082605462,59.0,43.634276832446666,23.126733670353605,20.50754316209306,27.0,32.0
2020_14_HOU_CHI,2020,14,CHI,HOU,29.0,1.4584523236257585,43.0,46.268644314913054,23.863548319269405,22.40509599564365,36.0,7.0
2020_14_DAL_CIN,2020,14,CIN,DAL,-23.0,1.3233226568623022,37.0,43.337194469681194,22.330258563271748,21.006935906409446,7.0,30.0
2020_14_TEN_JAX,2020,14,JAX,TEN,-21.0,-5.353451317745802,41.0,46.07302262914775,20.359785655700975,25.713236973446776,10.0,31.0
2020_14_KC_MIA,2020,14,MIA,KC,-6.0,-4.957021139697183,60.0,46.29911037872738,20.671044619515097,25.62806575921228,27.0,33.0
2020_14_ARI_NYG,2020,14,NYG,ARI,-19.0,0.9607296037005996,33.0,44.262119840885944,22.611424722293272,21.650695118592672,7.0,26.0
2020_14_MIN_TB,2020,14,TB,MIN,12.0,3.221449598780991,40.0,48.03258014105442,25.627014869917705,22.405565271136712,26.0,14.0
2020_14_IND_LV,2020,14,LV,IND,-17.0,1.7982605478443956,71.0,47.572770645356776,24.685515596600585,22.88725504875619,27.0,44.0
2020_14_NYJ_SEA,2020,14,SEA,NYJ,37.0,11.665571237754213,43.0,46.22284404235929,28.944207640056753,17.27863640230254,40.0,3.0
2020_14_GB_DET,2020,14,DET,GB,-7.0,-3.8364033831518696,55.0,48.712708224841926,22.43815242084503,26.274555803996897,24.0,31.0
2020_14_ATL_LAC,2020,14,LAC,ATL,3.0,-3.296744773612134,37.0,45.135993701219306,20.919624463803586,24.21636923741572,20.0,17.0
2020_14_NO_PHI,2020,14,PHI,NO,3.0,-5.931948095412407,45.0,42.21032627398455,18.13918908928607,24.07113718469848,24.0,21.0
2020_14_WAS_SF,2020,14,SF,WAS,-8.0,2.592884414102123,38.0,46.11906251821388,24.355973466158,21.76308905205588,15.0,23.0
2020_14_PIT_BUF,2020,14,BUF,PIT,11.0,7.083302909614087,41.0,48.119603545084935,27.60145322734951,20.518150317735426,26.0,15.0
2020_14_BAL_CLE,2020,14,CLE,BAL,-5.0,0.8055725307821635,89.0,45.70040545019327,23.25298899048772,22.447416459705554,42.0,47.0
2020_15_LAC_LV,2020,15,LV,LAC,-3.0,5.945276155308844,57.0,45.6505578277279,25.797916991518374,19.852640836209527,27.0,30.0
2020_15_BUF_DEN,2020,15,DEN,BUF,-29.0,-5.643438071959503,67.0,41.447205849256264,17.90188388864838,23.545321960607883,19.0,48.0
2020_15_CAR_GB,2020,15,GB,CAR,8.0,13.887786632522785,40.0,49.069217640029976,31.47850213627638,17.590715503753596,24.0,16.0
2020_15_TB_ATL,2020,15,ATL,TB,-4.0,-0.1884889932272975,58.0,47.065448461737326,23.438479734255015,23.62696872748231,27.0,31.0
2020_15_JAX_BAL,2020,15,BAL,JAX,26.0,11.145062560844943,54.0,45.70182894063131,28.423445750738125,17.278383189893184,40.0,14.0
2020_15_SF_DAL,2020,15,DAL,SF,8.0,1.2453489306898478,74.0,44.03955142990505,22.642450180297452,21.3971012496076,41.0,33.0
2020_15_HOU_IND,2020,15,IND,HOU,7.0,6.820915581136343,47.0,47.79716903282954,27.30904230698294,20.488126725846598,27.0,20.0
2020_15_NE_MIA,2020,15,MIA,NE,10.0,2.354454440022713,34.0,43.92686430703575,23.140659373529232,20.786204933506518,22.0,12.0
2020_15_CHI_MIN,2020,15,MIN,CHI,-6.0,2.522768799670024,60.0,46.278333530698106,24.400551165184066,21.87778236551404,27.0,33.0
2020_15_DET_TEN,2020,15,TEN,DET,21.0,11.84415970879934,71.0,48.37521772086848,30.109688714833908,18.26552900603457,46.0,25.0
2020_15_SEA_WAS,2020,15,WAS,SEA,-5.0,-1.8857589874945309,35.0,43.13144178843205,20.622841400468758,22.50860038796329,15.0,20.0
2020_15_PHI_ARI,2020,15,ARI,PHI,7.0,3.884298937515128,59.0,45.61412293501713,24.749210936266127,20.864911998751,33.0,26.0
2020_15_NYJ_LA,2020,15,LA,NYJ,-3.0,11.628465585376,43.0,43.307837366983684,27.46815147617984,15.839685890803842,20.0,23.0
2020_15_KC_NO,2020,15,NO,KC,-3.0,-0.7173284941233766,61.0,48.19402490981138,23.738348207844002,24.45567670196738,29.0,32.0
2020_15_CLE_NYG,2020,15,NYG,CLE,-14.0,-2.686025652160859,26.0,43.82553407251904,20.56975421017909,23.25577986233995,6.0,20.0
2020_15_PIT_CIN,2020,15,CIN,PIT,10.0,-5.673868134544604,44.0,41.34937606346404,17.83775396445972,23.511622099004324,27.0,17.0
2020_16_MIN_NO,2020,16,NO,MIN,19.0,9.338298228394525,85.0,46.94395417377078,28.14112620108265,18.802827972688128,52.0,33.0
2020_16_TB_DET,2020,16,DET,TB,-40.0,-4.860784963035381,54.0,46.94340801469082,21.04131152582772,25.902096488863098,7.0,47.0
2020_16_SF_ARI,2020,16,ARI,SF,-8.0,4.935872742252526,32.0,46.03433896710939,25.48510585468096,20.549233112428432,12.0,20.0
2020_16_MIA_LV,2020,16,LV,MIA,-1.0,-0.2430771143043065,51.0,46.10001908322725,22.928470984461473,23.17154809876578,25.0,26.0
2020_16_NYG_BAL,2020,16,BAL,NYG,14.0,13.470223409797134,40.0,43.82597337861099,28.648098394204062,15.177874984406927,27.0,13.0
2020_16_CIN_HOU,2020,16,HOU,CIN,-6.0,4.680861088610162,68.0,45.54749199170716,25.114176540158663,20.4333154515485,31.0,37.0
2020_16_CHI_JAX,2020,16,JAX,CHI,-24.0,-6.424915118909635,58.0,45.141748004063494,19.358416442576928,25.783331561486566,17.0,41.0
2020_16_ATL_KC,2020,16,KC,ATL,3.0,14.823445200102546,31.0,47.38755033725736,31.105497768679953,16.282052568577406,17.0,14.0
2020_16_CLE_NYJ,2020,16,NYJ,CLE,7.0,-7.39065997923905,39.0,45.07083473696834,18.840087378864645,26.23074735810369,23.0,16.0
2020_16_IND_PIT,2020,16,PIT,IND,4.0,2.5908940289762508,52.0,46.74642934059543,24.66866168478584,22.077767655809588,28.0,24.0
2020_16_DEN_LAC,2020,16,LAC,DEN,3.0,2.42700779870149,35.0,45.180316124012116,23.803661961356802,21.376654162655313,19.0,16.0
2020_16_CAR_WAS,2020,16,WAS,CAR,-7.0,4.568169005740248,33.0,42.845507034458265,23.706838020099255,19.13866901435901,13.0,20.0
2020_16_PHI_DAL,2020,16,DAL,PHI,20.0,2.2534978606967906,54.0,44.65841959931121,23.455958730004,21.20246086930721,37.0,17.0
2020_16_LA_SEA,2020,16,SEA,LA,11.0,4.8218431616535655,29.0,45.63506628468505,25.22845472316931,20.406611561515742,20.0,9.0
2020_16_TEN_GB,2020,16,GB,TEN,26.0,8.088335356872253,54.0,50.99319343170975,29.540764394291003,21.452429037418746,40.0,14.0
2020_16_BUF_NE,2020,16,NE,BUF,-29.0,-4.328601574819843,47.0,46.993188854277165,21.33229363972866,25.660895214548503,9.0,38.0
2020_17_MIA_BUF,2020,17,BUF,MIA,30.0,6.111716930887318,82.0,48.22901861024869,27.170367770568003,21.058650839680684,56.0,26.0
2020_17_BAL_CIN,2020,17,CIN,BAL,-35.0,-6.093718754721982,41.0,46.48740897522297,20.196845110250493,26.290563864972476,3.0,38.0
2020_17_PIT_CLE,2020,17,CLE,PIT,2.0,0.1114967707664726,46.0,46.48437512432251,23.29793594754449,23.18643917677802,24.0,22.0
2020_17_MIN_DET,2020,17,DET,MIN,-2.0,-3.284302004688272,72.0,47.46628966192011,22.090993828615918,25.37529583330419,35.0,37.0
2020_17_NYJ_NE,2020,17,NE,NYJ,14.0,8.059555725853738,42.0,42.688897374251034,25.374226550052384,17.31467082419865,28.0,14.0
2020_17_DAL_NYG,2020,17,NYG,DAL,4.0,-2.3664097072240784,42.0,44.422244482692214,21.027917387734067,23.394327094958147,23.0,19.0
2020_17_ATL_TB,2020,17,TB,ATL,17.0,7.751504709411855,71.0,46.286328243518746,27.0189164764653,19.267411767053446,44.0,27.0
2020_17_NO_CAR,2020,17,CAR,NO,-26.0,-2.122764749320387,40.0,47.57586283892814,22.726549044803875,24.849313794124264,7.0,33.0
2020_17_GB_CHI,2020,17,CHI,GB,-19.0,-2.8230769223856007,51.0,47.6414671422738,22.409195109944097,25.2322720323297,16.0,35.0
2020_17_LV_DEN,2020,17,DEN,LV,-1.0,2.023674612413349,63.0,44.52227557526119,23.27297509383727,21.24930048142392,31.0,32.0
2020_17_TEN_HOU,2020,17,HOU,TEN,-3.0,-2.9180103141893285,79.0,49.69634340405678,23.389166544933726,26.307176859123057,38.0,41.0
2020_17_JAX_IND,2020,17,IND,JAX,14.0,12.249985594920489,42.0,46.653390417826394,29.45168800637344,17.201702411452953,28.0,14.0
2020_17_LAC_KC,2020,17,KC,LAC,-17.0,13.930342389200757,59.0,47.330737157128226,30.630539773164493,16.700197383963733,21.0,38.0
2020_17_ARI_LA,2020,17,LA,ARI,11.0,6.851983595331716,25.0,44.14846183368541,25.500222714508563,18.648239119176846,18.0,7.0
2020_17_SEA_SF,2020,17,SF,SEA,-3.0,-0.8618459204784863,49.0,47.82385382390335,23.48100395171243,24.342849872190918,23.0,26.0
2020_17_WAS_PHI,2020,17,PHI,WAS,-6.0,1.0262294375544607,34.0,40.807981340565014,20.91710538905974,19.890875951505276,14.0,20.0
2021_01_DAL_TB,2021,1,TB,DAL,2.0,10.033339317582906,60.0,47.79192912573982,28.912634221661364,18.879294904078456,31.0,29.0
2021_01_PHI_ATL,2021,1,ATL,PHI,-26.0,4.0424816917166,38.0,44.796885513315765,24.419683602516184,20.37720191079958,6.0,32.0
2021_01_PIT_BUF,2021,1,BUF,PIT,-7.0,8.036564372046618,39.0,49.23865799789346,28.63761118497004,20.60104681292342,16.0,23.0
2021_01_NYJ_CAR,2021,1,CAR,NYJ,5.0,4.467832947384491,33.0,42.93902623266493,23.70342959002471,19.235596642640218,19.0,14.0
2021_01_MIN_CIN,2021,1,CIN,MIN,3.0,-2.4356552205926763,51.0,44.50009597693559,21.032220378171456,23.467875598764135,27.0,24.0
2021_01_SF_DET,2021,1,DET,SF,-8.0,-0.591846702043282,74.0,47.678974769898154,23.543564033927435,24.13541073597072,33.0,41.0
2021_01_JAX_HOU,2021,1,HOU,JAX,16.0,4.818950891862732,58.0,48.157584433562285,26.48826766271251,21.669316770849775,37.0,21.0
2021_01_SEA_IND,2021,1,IND,SEA,-12.0,3.1019005331999847,44.0,50.09548828480891,26.598694409004448,23.49679387580446,16.0,28.0
2021_01_ARI_TEN,2021,1,TEN,ARI,-25.0,5.758873617498172,51.0,49.79257661349897,27.775725115498574,22.0168514980004,13.0,38.0
2021_01_LAC_WAS,2021,1,WAS,LAC,-4.0,0.9743895725044248,36.0,44.39306772469776,22.683728648601093,21.709339076096665,16.0,20.0
2021_01_CLE_KC,2021,1,KC,CLE,4.0,8.132664217926642,62.0,49.66035054324621,28.896507380586428,20.763843162659782,33.0,29.0
2021_01_MIA_NE,2021,1,NE,MIA,-1.0,2.1804745575407405,33.0,44.287425748070675,23.233950152805708,21.053475595264967,16.0,17.0
2021_01_GB_NO,2021,1,NO,GB,35.0,4.476516373887867,41.0,50.169786362215085,27.323151368051477,22.846634994163608,38.0,3.0
2021_01_DEN_NYG,2021,1,NYG,DEN,-14.0,1.232432380294255,40.0,40.41666133872724,20.824546859510747,19.59211447921649,13.0,27.0
2021_01_CHI_LA,2021,1,LA,CHI,20.0,4.31833992845227,48.0,42.351867634009466,23.335103781230867,19.0167638527786,34.0,14.0
2021_01_BAL_LV,2021,1,LV,BAL,6.0,-2.1312397137915005,60.0,50.55678247238362,24.212771379296058,26.34401109308756,33.0,27.0
2021_02_NYG_WAS,2021,2,WAS,NYG,1.0,2.9374391257201378,59.0,43.81708623731983,23.377262681519984,20.439823555799844,30.0,29.0
2021_02_NO_CAR,2021,2,CAR,NO,19.0,-8.058572428177898,33.0,42.02426925901416,16.982848415418133,25.04142084359603,26.0,7.0
2021_02_CIN_CHI,2021,2,CHI,CIN,3.0,4.145702799782454,37.0,44.649711269728606,24.39770703475553,20.252004234973075,20.0,17.0
2021_02_HOU_CLE,2021,2,CLE,HOU,10.0,3.618669867299431,52.0,50.40609858723005,27.01238422726474,23.39371435996531,31.0,21.0
2021_02_LA_IND,2021,2,IND,LA,-3.0,0.176148410402677,51.0,47.69566338840796,23.935905899405316,23.75975748900264,24.0,27.0
2021_02_DEN_JAX,2021,2,JAX,DEN,-10.0,-6.013888178031425,36.0,47.38599514628525,20.686053484126912,26.699941662158334,13.0,23.0
2021_02_BUF_MIA,2021,2,MIA,BUF,-35.0,0.7837686528974404,35.0,40.076387021080926,20.430077836989184,19.64630918409174,0.0,35.0
2021_02_NE_NYJ,2021,2,NYJ,NE,-19.0,-6.918345829826762,31.0,41.970075915371595,17.525865042772416,24.44421087259918,6.0,25.0
2021_02_SF_PHI,2021,2,PHI,SF,-6.0,3.549066211048909,28.0,53.888593784186206,28.718829997617558,25.169763786568648,11.0,17.0
2021_02_LV_PIT,2021,2,PIT,LV,-9.0,6.188358751808371,43.0,44.20761672561114,25.197987738709756,19.009628986901383,17.0,26.0
2021_02_MIN_ARI,2021,2,ARI,MIN,1.0,5.447943942158528,67.0,47.47147774437774,26.459710843268134,21.011766901109603,34.0,33.0
2021_02_ATL_TB,2021,2,TB,ATL,23.0,9.138359920833576,73.0,45.669478668162405,27.40391929449799,18.265559373664416,48.0,25.0
2021_02_DAL_LAC,2021,2,LAC,DAL,-3.0,2.474134047041168,37.0,48.433739944254924,25.453936995648046,22.979802948606878,17.0,20.0
2021_02_TEN_SEA,2021,2,SEA,TEN,-3.0,9.994791999960771,63.0,43.003758858063065,26.499275429011917,16.50448342905115,30.0,33.0
2021_02_KC_BAL,2021,2,BAL,KC,1.0,-1.5621193223932195,71.0,50.60109437989514,24.519487528750957,26.08160685114418,36.0,35.0
2021_02_DET_GB,2021,2,GB,DET,18.0,10.638322351213564,52.0,43.62820006214029,27.133261206676927,16.49493885546336,35.0,17.0
2021_03_CAR_HOU,2021,3,HOU,CAR,-15.0,0.2908370109914416,33.0,49.038890213398936,24.664863612195187,24.37402660120375,9.0,24.0
2021_03_WAS_BUF,2021,3,BUF,WAS,22.0,7.829968392842983,64.0,39.95366283251326,23.891815612678123,16.061847219835137,43.0,21.0
2021_03_CHI_CLE,2021,3,CLE,CHI,20.0,4.588989381529173,32.0,46.14494895460487,25.366969168067023,20.77797978653785,26.0,6.0
2021_03_BAL_DET,2021,3,DET,BAL,-2.0,-3.8583956810747817,36.0,49.88167784058584,23.011641079755528,26.87003676083031,17.0,19.0
2021_03_ARI_JAX,2021,3,JAX,ARI,-12.0,-5.346670694286367,50.0,45.65506781816784,20.15419856194074,25.500869256227105,19.0,31.0
2021_03_LAC_KC,2021,3,KC,LAC,-6.0,7.022592820382942,54.0,49.664312079126496,28.343452449754718,21.32085962937178,24.0,30.0
2021_03_NO_NE,2021,3,NE,NO,-15.0,0.7705873415617067,41.0,40.01206347986984,20.391325410715773,19.620738069154065,13.0,28.0
2021_03_ATL_NYG,2021,3,NYG,ATL,-3.0,3.2151268958358843,31.0,42.966509366167834,23.09081813100186,19.875691235165974,14.0,17.0
2021_03_CIN_PIT,2021,3,PIT,CIN,-14.0,6.999952254627884,34.0,40.821873120862584,23.910912687745235,16.91096043311735,10.0,24.0
2021_03_IND_TEN,2021,3,TEN,IND,9.0,2.2527627876533782,41.0,46.35558747937087,24.304175133512125,22.051412345858743,25.0,16.0
2021_03_NYJ_DEN,2021,3,DEN,NYJ,26.0,9.50583087255754,26.0,40.696581025662155,25.101205949109847,15.595375076552308,26.0,0.0
2021_03_MIA_LV,2021,3,LV,MIA,3.0,5.2606014947919375,59.0,46.172449510577486,25.71652550268471,20.455924007892776,31.0,28.0
2021_03_TB_LA,2021,3,LA,TB,10.0,4.439246590600545,58.0,53.41498328190328,28.927114936251915,24.487868345651368,34.0,24.0
2021_03_SEA_MIN,2021,3,MIN,SEA,13.0,0.1801991831127884,47.0,53.720356425928486,26.95027780452064,26.770078621407848,30.0,17.0
2021_03_GB_SF,2021,3,SF,GB,-2.0,0.9720970716396784,58.0,48.59752452780919,24.784810799724436,23.812713728084756,28.0,30.0
2021_03_PHI_DAL,2021,3,DAL,PHI,20.0,3.717804346626684,62.0,48.746877402978924,26.232340874802805,22.51453652817612,41.0,21.0
2021_04_JAX_CIN,2021,4,CIN,JAX,3.0,7.3630594039757105,45.0,43.80756568430069,25.5853125441382,18.22225314016249,24.0,21.0
2021_04_WAS_ATL,2021,4,ATL,WAS,-4.0,0.9655643035944635,64.0,46.04805119706139,23.506807750327926,22.541243446733464,30.0,34.0
2021_04_HOU_BUF,2021,4,BUF,HOU,40.0,11.647540526063317,40.0,44.111759835948476,27.879650181005896,16.23210965494258,40.0,0.0
2021_04_DET_CHI,2021,4,CHI,DET,10.0,5.155037728536983,38.0,45.36302456573499,25.259031147135985,20.103993418599003,24.0,14.0
2021_04_CAR_DAL,2021,4,DAL,CAR,8.0,4.018822108012651,64.0,50.054778760181684,27.036800434097167,23.017978326084517,36.0,28.0
2021_04_IND_MIA,2021,4,MIA,IND,-10.0,0.9332126557750812,44.0,40.91510397647904,20.92415831612706,19.99094566035198,17.0,27.0
2021_04_CLE_MIN,2021,4,MIN,CLE,-7.0,2.537243859695204,21.0,51.10303970767261,26.820141783683905,24.282897923988703,7.0,14.0
2021_04_NYG_NO,2021,4,NO,NYG,-6.0,9.96721000480872,48.0,43.558102548633016,26.762656276720868,16.795446271912148,21.0,27.0
2021_04_TEN_NYJ,2021,4,NYJ,TEN,3.0,-5.646919671526153,51.0,42.14434602598177,18.248713177227806,23.895632848753962,27.0,24.0
2021_04_KC_PHI,2021,4,PHI,KC,-12.0,-4.016626245272359,72.0,51.97100603759215,23.977189896159892,27.993816141432255,30.0,42.0
2021_04_ARI_LA,2021,4,LA,ARI,-17.0,6.43366608849063,57.0,53.87642892201877,30.1550475052547,23.721381416764068,20.0,37.0
2021_04_SEA_SF,2021,4,SF,SEA,-7.0,3.3773058778301883,49.0,49.67575248117275,26.52652917950147,23.14922330167128,21.0,28.0
2021_04_BAL_DEN,2021,4,DEN,BAL,-16.0,1.4351673686582849,30.0,44.267525397605006,22.851346383131645,21.41617901447336,7.0,23.0
2021_04_PIT_GB,2021,4,GB,PIT,10.0,7.123776017430084,44.0,46.82911930416148,26.97644766079578,19.8526716433657,27.0,17.0
2021_04_TB_NE,2021,4,NE,TB,-2.0,-4.435774079933001,36.0,45.67654395070216,20.62038493538458,25.056159015317583,17.0,19.0
2021_04_LV_LAC,2021,4,LAC,LV,14.0,3.985528773777955,42.0,49.38285385420945,26.684191313993704,22.698662540215746,28.0,14.0
2021_05_LA_SEA,2021,5,SEA,LA,-9.0,5.52631001173375,43.0,50.07068627970192,27.798498145717833,22.272188133984084,17.0,26.0
2021_05_NYJ_ATL,2021,5,ATL,NYJ,7.0,3.8397278418979015,47.0,39.78307696953465,21.811402405716276,17.97167456381837,27.0,20.0
2021_05_PHI_CAR,2021,5,CAR,PHI,-3.0,3.154078406798929,39.0,49.036102230045884,26.095090318422407,22.941011911623477,18.0,21.0
2021_05_GB_CIN,2021,5,CIN,GB,-3.0,-2.835901442881751,47.0,46.998348810088174,22.081223683603213,24.91712512648496,22.0,25.0
2021_05_NE_HOU,2021,5,HOU,NE,-3.0,-4.034807959953516,47.0,43.18468946688291,19.574940753464695,23.609748713418213,22.0,25.0
2021_05_TEN_JAX,2021,5,JAX,TEN,-18.0,-5.681729422264229,56.0,43.91770335742818,19.117986967581977,24.799716389846203,19.0,37.0
2021_05_DET_MIN,2021,5,MIN,DET,2.0,8.846322345558697,36.0,46.452730377537755,27.649526361548226,18.80320401598953,19.0,17.0
2021_05_DEN_PIT,2021,5,PIT,DEN,8.0,0.3815397257231201,46.0,40.66228889732326,20.52191431152319,20.140374585800068,27.0,19.0
2021_05_MIA_TB,2021,5,TB,MIA,28.0,10.011446613346068,62.0,45.18765055920522,27.599548586275642,17.588101972929575,45.0,17.0
2021_05_NO_WAS,2021,5,WAS,NO,-11.0,-2.9772327094126263,55.0,45.08706202483816,21.054914657712768,24.032147367125393,22.0,33.0
2021_05_CLE_LAC,2021,5,LAC,CLE,5.0,3.081596995338127,89.0,48.06646603588752,25.574031515612823,22.4924345202747,47.0,42.0
2021_05_CHI_LV,2021,5,LV,CHI,-11.0,5.235447943968466,29.0,44.19139216213723,24.713420053052847,19.47797210908438,9.0,20.0
2021_05_SF_ARI,2021,5,ARI,SF,7.0,5.289612306814193,27.0,54.09216268775936,29.690887497286777,24.401275190472585,17.0,10.0
2021_05_NYG_DAL,2021,5,DAL,NYG,24.0,6.206333455828655,64.0,50.49320063605904,28.34976704594385,22.143433590115194,44.0,20.0
2021_05_BUF_KC,2021,5,KC,BUF,-18.0,4.400215632244247,58.0,52.38149232186518,28.390853977054714,23.990638344810467,20.0,38.0
2021_05_IND_BAL,2021,5,BAL,IND,6.0,7.794093880555816,56.0,47.93815076737727,27.866122323966543,20.07202844341073,31.0,25.0
2021_06_TB_PHI,2021,6,PHI,TB,-6.0,-5.221466727471493,50.0,50.975678632817385,22.877105952672945,28.09857268014444,22.0,28.0
2021_06_MIA_JAX,2021,6,JAX,MIA,3.0,-4.022366401187127,43.0,43.950943622392614,19.964288610602743,23.98665501178987,23.0,20.0
2021_06_LAC_BAL,2021,6,BAL,LAC,28.0,6.676447720831706,40.0,51.18814336038333,28.932295540607516,22.255847819775813,34.0,6.0
2021_06_MIN_CAR,2021,6,CAR,MIN,-6.0,2.910078636311828,62.0,43.03801002308541,22.97404432969862,20.06396569338679,28.0,34.0
2021_06_GB_CHI,2021,6,CHI,GB,-10.0,-5.790897812267112,38.0,44.11771224844254,19.163407218087713,24.954305030354824,14.0,24.0
2021_06_CIN_DET,2021,6,DET,CIN,-23.0,-1.9623186927605056,45.0,44.856473970430706,21.4470776388351,23.409396331595605,11.0,34.0
2021_06_HOU_IND,2021,6,IND,HOU,28.0,8.115633901712435,34.0,44.73629765210891,26.425965776910672,18.310331875198237,31.0,3.0
2021_06_LA_NYG,2021,6,NYG,LA,-27.0,-5.704363772892209,49.0,48.514537019321914,21.405086623214853,27.10945039610706,11.0,38.0
2021_06_KC_WAS,2021,6,WAS,KC,-18.0,-4.707822469959353,44.0,49.70698013512509,22.49957883258287,27.207401302542223,13.0,31.0
2021_06_ARI_CLE,2021,6,CLE,ARI,-23.0,1.1312952937962484,51.0,46.658880723550915,23.895088008673582,22.763792714877333,14.0,37.0
2021_06_LV_DEN,2021,6,DEN,LV,-10.0,1.7128971768146222,58.0,40.51125419104653,21.112075683930577,19.399178507115955,24.0,34.0
2021_06_DAL_NE,2021,6,NE,DAL,-6.0,0.89943949123757,64.0,47.08150556811513,23.990472529676353,23.09103303843878,29.0,35.0
2021_06_SEA_PIT,2021,6,PIT,SEA,3.0,-0.0874712419456592,43.0,47.295718206087344,23.604123482070843,23.6915947240165,23.0,20.0
2021_06_BUF_TEN,2021,6,TEN,BUF,3.0,-3.953338175157197,65.0,53.96882690691095,25.007744365876874,28.961082541034074,34.0,31.0
2021_07_DEN_CLE,2021,7,CLE,DEN,3.0,6.729252807780459,31.0,40.009613594145534,23.369433200962998,16.640180393182536,17.0,14.0
2021_07_CIN_BAL,2021,7,BAL,CIN,-24.0,6.491844685800687,58.0,47.6773138913311,27.084579288565894,20.59273460276521,17.0,41.0
2021_07_WAS_GB,2021,7,GB,WAS,14.0,13.158660690534822,34.0,46.64230589961337,29.900483295074096,16.741822604539273,24.0,10.0
2021_07_ATL_MIA,2021,7,MIA,ATL,-2.0,0.356719098410283,58.0,44.26332814739599,22.310023622903135,21.953304524492854,28.0,30.0
2021_07_NYJ_NE,2021,7,NE,NYJ,41.0,7.593435259955367,67.0,41.98578696307564,24.789611111515505,17.196175851560135,54.0,13.0
2021_07_CAR_NYG,2021,7,NYG,CAR,22.0,-2.188160931287652,28.0,44.812478526318046,21.312158797515195,23.50031972880285,25.0,3.0
2021_07_KC_TEN,2021,7,TEN,KC,24.0,-2.428159482672483,30.0,53.888344640362114,25.730092578844815,28.1582520615173,27.0,3.0
2021_07_DET_LA,2021,7,LA,DET,9.0,13.67124998192006,47.0,48.277764968347434,30.97450747513375,17.303257493213685,28.0,19.0
2021_07_PHI_LV,2021,7,LV,PHI,11.0,6.12902038405094,55.0,48.66173921177362,27.39537979791228,21.26635941386134,33.0,22.0
2021_07_HOU_ARI,2021,7,ARI,HOU,26.0,13.100658091889468,36.0,45.11794420177698,29.109301146833225,16.008643054943754,31.0,5.0
2021_07_CHI_TB,2021,7,TB,CHI,35.0,9.908636638174,41.0,46.117707394541924,28.013172016357963,18.10453537818396,38.0,3.0
2021_07_IND_SF,2021,7,SF,IND,-12.0,1.4461360568457642,48.0,45.696817317105214,23.57147668697549,22.125340630129724,18.0,30.0
2021_07_NO_SEA,2021,7,SEA,NO,-3.0,-0.2718038564065603,23.0,44.66196580086501,22.195080972229224,22.466884828635788,10.0,13.0
2021_08_GB_ARI,2021,8,ARI,GB,-3.0,4.611045753574043,45.0,51.22902052316802,27.920033138371032,23.308987384796986,21.0,24.0
2021_08_CAR_ATL,2021,8,ATL,CAR,-6.0,4.153043347320182,32.0,43.80121669515122,23.977130021235702,19.824086673915517,13.0,19.0
2021_08_MIA_BUF,2021,8,BUF,MIA,15.0,11.288628814019225,37.0,45.18217802132385,28.235403417671538,16.94677460365231,26.0,11.0
2021_08_SF_CHI,2021,8,CHI,SF,-11.0,3.015105948498158,55.0,40.87640278816078,21.94575436832947,18.93064841983131,22.0,33.0
2021_08_PIT_CLE,2021,8,CLE,PIT,-5.0,3.5059509840506773,25.0,45.57544495039991,24.540697967225295,21.034746983174617,10.0,15.0
2021_08_PHI_DET,2021,8,DET,PHI,-38.0,-1.553498251715557,50.0,47.242129429600226,22.844315588942333,24.397813840657893,6.0,44.0
2021_08_LA_HOU,2021,8,HOU,LA,-16.0,-10.146337780202114,60.0,47.89403862552589,18.87385042266189,29.020188202864,22.0,38.0
2021_08_TEN_IND,2021,8,IND,TEN,-3.0,1.5527564657056354,65.0,48.369825082192065,24.96129077394885,23.408534308243215,31.0,34.0
2021_08_CIN_NYJ,2021,8,NYJ,CIN,3.0,-5.244582582063573,65.0,43.0573752467851,18.906396332360764,24.150978914424336,34.0,31.0
2021_08_NE_LAC,2021,8,LAC,NE,-3.0,5.202307356938941,51.0,49.125777328021805,27.16404234248037,21.961734985541433,24.0,27.0
2021_08_JAX_SEA,2021,8,SEA,JAX,24.0,10.722322175803274,38.0,44.75155853117705,27.736940353490162,17.014618177686884,31.0,7.0
2021_08_WAS_DEN,2021,8,DEN,WAS,7.0,2.976436010529081,27.0,42.74608653180995,22.861261271169514,19.884825260640437,17.0,10.0
2021_08_TB_NO,2021,8,NO,TB,9.0,2.844565128071272,63.0,48.86942879393598,25.856996961003627,23.012431832932354,36.0,27.0
2021_08_DAL_MIN,2021,8,MIN,DAL,-4.0,0.5383339878316367,36.0,49.9499419222106,25.244137955021117,24.705803967189482,16.0,20.0
2021_08_NYG_KC,2021,8,KC,NYG,3.0,9.654699561594258,37.0,48.52973209365131,29.092215827622784,19.437516266028528,20.0,17.0
2021_09_NYJ_IND,2021,9,IND,NYJ,15.0,9.169368733113805,75.0,48.70593550291452,28.937652118014164,19.768283384900357,45.0,30.0
2021_09_MIN_BAL,2021,9,BAL,MIN,3.0,9.790629915701604,65.0,45.61674342783785,27.703686671769724,17.913056756068123,34.0,31.0
2021_09_NE_CAR,2021,9,CAR,NE,-18.0,-1.923580717649518,30.0,41.21488207567886,19.64565067901467,21.56923139666419,6.0,24.0
2021_09_CLE_CIN,2021,9,CIN,CLE,-25.0,3.859372960521195,57.0,47.833047689298205,25.8462103249097,21.986837364388506,16.0,41.0
2021_09_DEN_DAL,2021,9,DAL,DEN,-14.0,5.663460212612148,46.0,50.144009121301956,27.903734666957053,22.240274454344902,16.0,30.0
2021_09_BUF_JAX,2021,9,JAX,BUF,3.0,-6.273585556023478,15.0,47.43431589426986,20.58036516912319,26.853950725146667,9.0,6.0
2021_09_HOU_MIA,2021,9,MIA,HOU,8.0,4.216412606225749,26.0,40.27399054227793,22.245201574251837,18.02878896802609,17.0,9.0
2021_09_ATL_NO,2021,9,NO,ATL,-2.0,8.732127519548053,52.0,45.9749749456064,27.353551232577225,18.621423713029174,25.0,27.0
2021_09_LV_NYG,2021,9,NYG,LV,7.0,-4.591181803685719,39.0,45.34475526524464,20.37678673077946,24.967968534465182,23.0,16.0
2021_09_LAC_PHI,2021,9,PHI,LAC,-3.0,1.3753328009152626,51.0,48.84364616527089,25.109489483093075,23.734156682177815,24.0,27.0
2021_09_GB_KC,2021,9,KC,GB,6.0,0.7225392830898436,20.0,50.8738649033646,25.79820209322722,25.075662810137377,13.0,7.0
2021_09_ARI_SF,2021,9,SF,ARI,-14.0,-2.2523346634837536,48.0,46.70763361608219,22.22764947629922,24.47998413978297,17.0,31.0
2021_09_TEN_LA,2021,9,LA,TEN,-12.0,5.279057277083024,44.0,52.027710079318496,28.65338367820076,23.374326401117735,16.0,28.0
2021_09_CHI_PIT,2021,9,PIT,CHI,2.0,6.417168033899194,56.0,41.23018636448772,23.823677199193458,17.406509165294263,29.0,27.0
2021_10_BAL_MIA,2021,10,MIA,BAL,12.0,-3.591565775469457,32.0,46.66061177741675,21.534523000973646,25.1260887764431,22.0,10.0
2021_10_ATL_DAL,2021,10,DAL,ATL,40.0,6.4786281848110505,46.0,49.434082265633194,27.956355225222122,21.47772704041107,43.0,3.0
2021_10_JAX_IND,2021,10,IND,JAX,6.0,11.857236518986426,40.0,49.245265948018734,30.55125123350258,18.694014714516154,23.0,17.0
2021_10_CLE_NE,2021,10,NE,CLE,38.0,3.1208563819585584,52.0,46.93692118826072,25.02888878510964,21.90803240315108,45.0,7.0
2021_10_BUF_NYJ,2021,10,NYJ,BUF,-28.0,-8.640039239395454,62.0,47.14454446215836,19.25225261138145,27.892291850776907,17.0,45.0
2021_10_DET_PIT,2021,10,PIT,DET,0.0,11.598003109793858,32.0,42.31673345008664,26.957368279940248,15.35936517014639,16.0,16.0
2021_10_NO_TEN,2021,10,TEN,NO,2.0,6.46872392051987,44.0,46.96538453111445,26.71705422581716,20.24833030529729,23.0,21.0
2021_10_TB_WAS,2021,10,WAS,TB,10.0,-6.732187073922612,48.0,45.37442097289183,19.321116949484612,26.05330402340722,29.0,19.0
2021_10_CAR_ARI,2021,10,ARI,CAR,-24.0,10.061850780657604,44.0,41.59015309698608,25.82600193882184,15.764151158164237,10.0,34.0
2021_10_MIN_LAC,2021,10,LAC,MIN,-7.0,4.942169765871912,47.0,47.70353345076313,26.32285160831752,21.38068184244561,20.0,27.0
2021_10_PHI_DEN,2021,10,DEN,PHI,-17.0,4.259173067836703,43.0,46.36561228616774,25.312392677002222,21.053219609165517,13.0,30.0
2021_10_SEA_GB,2021,10,GB,SEA,17.0,8.592538892616176,17.0,45.959315670868875,27.275927281742526,18.68338838912635,17.0,0.0
2021_10_KC_LV,2021,10,LV,KC,-27.0,0.3689835001365475,55.0,50.9544446796867,25.661714089911627,25.292730589775076,14.0,41.0
2021_10_LA_SF,2021,10,SF,LA,21.0,-2.239538494528052,41.0,47.000404985301486,22.38043324538672,24.619971739914767,31.0,10.0
2021_11_NE_ATL,2021,11,ATL,NE,-25.0,-6.850240241359444,25.0,47.79170044384949,20.470730101245024,27.32097034260447,0.0,25.0
2021_11_IND_BUF,2021,11,BUF,IND,-26.0,7.331153920488657,56.0,50.813218001244145,29.072185960866403,21.741032040377743,15.0,41.0
2021_11_WAS_CAR,2021,11,CAR,WAS,-6.0,2.9338776322642017,48.0,42.10829483824951,22.521086235256856,19.587208602992657,21.0,27.0
2021_11_BAL_CHI,2021,11,CHI,BAL,-3.0,-4.446685058160477,29.0,41.975367025260525,18.764340983550024,23.2110260417105,13.0,16.0
2021_11_DET_CLE,2021,11,CLE,DET,3.0,11.903629484816786,23.0,44.33936855014129,28.12149901747904,16.21786953266225,13.0,10.0
2021_11_SF_JAX,2021,11,JAX,SF,-20.0,-4.739091455557291,40.0,41.65484724858176,18.457877896512233,23.196969352069527,10.0,30.0
2021_11_GB_MIN,2021,11,MIN,GB,3.0,-1.7560758096479636,65.0,47.22230783160853,22.733116010980286,24.489191820628246,34.0,31.0
2021_11_MIA_NYJ,2021,11,NYJ,MIA,-7.0,-5.369237827820978,41.0,44.056343927386116,19.34355304978257,24.712790877603545,17.0,24.0
2021_11_NO_PHI,2021,11,PHI,NO,11.0,0.6177287956369553,69.0,48.678103454697215,24.647916125167086,24.03018732953013,40.0,29.0
2021_11_HOU_TEN,2021,11,TEN,HOU,-9.0,13.238419599926688,35.0,42.93770546654941,28.08806253323805,14.849642933311362,13.0,22.0
2021_11_CIN_LV,2021,11,LV,CIN,-19.0,2.3845728909164032,45.0,48.80053551261729,25.592554201766845,23.207981310850442,13.0,32.0
2021_11_DAL_KC,2021,11,KC,DAL,10.0,7.012559874413076,28.0,48.70149414545457,27.857027009933823,20.844467135520745,19.0,9.0
2021_11_ARI_SEA,2021,11,SEA,ARI,-10.0,-0.7484238990867944,36.0,43.7490393328483,21.50030771688075,22.248731615967547,13.0,23.0
2021_11_PIT_LAC,2021,11,LAC,PIT,4.0,1.7533709415337717,78.0,47.14408443385486,24.448727687694316,22.69535674616054,41.0,37.0
2021_11_NYG_TB,2021,11,TB,NYG,20.0,10.645705845998489,40.0,47.10585589939169,28.87578087269509,18.230075026696603,30.0,10.0
2021_12_CHI_DET,2021,12,DET,CHI,-2.0,-4.315736158319701,30.0,42.87949862834868,19.281881235014488,23.59761739333419,14.0,16.0
2021_12_LV_DAL,2021,12,DAL,LV,-3.0,5.327929552077983,69.0,48.64111683056807,26.984523191323028,21.656593639245045,33.0,36.0
2021_12_BUF_NO,2021,12,NO,BUF,-25.0,2.3422661197878925,37.0,48.38809488221863,25.365180501003262,23.02291438121537,6.0,31.0
2021_12_PIT_CIN,2021,12,CIN,PIT,31.0,2.5308215981071047,51.0,45.33179012127619,23.931305859691648,21.400484261584545,41.0,10.0
2021_12_NYJ_HOU,2021,12,HOU,NYJ,-7.0,2.925038254949349,35.0,46.1530786371265,24.539058446037924,21.614020191088574,14.0,21.0
2021_12_TB_IND,2021,12,IND,TB,-7.0,6.4753329265049135,69.0,51.98897191162892,29.232152419066917,22.756819492562006,31.0,38.0
2021_12_ATL_JAX,2021,12,JAX,ATL,-7.0,-1.175713731657844,35.0,42.95361538985027,20.888950829096213,22.064664560754057,14.0,21.0
2021_12_CAR_MIA,2021,12,MIA,CAR,23.0,2.73156248487368,43.0,38.96527128916922,20.84841688702145,18.116854402147773,33.0,10.0
2021_12_TEN_NE,2021,12,NE,TEN,23.0,4.80070313841926,49.0,45.44454319260249,25.122623165510873,20.321920027091615,36.0,13.0
2021_12_PHI_NYG,2021,12,NYG,PHI,6.0,-3.038156522671915,20.0,45.791122343091786,21.376482910209937,24.41463943288185,13.0,7.0
2021_12_LAC_DEN,2021,12,DEN,LAC,15.0,0.3732738800007735,41.0,47.54103494947204,23.957154414736408,23.583880534735634,28.0,13.0
2021_12_LA_GB,2021,12,GB,LA,8.0,7.664073433142319,64.0,47.65498243138237,27.659527932262346,19.995454499120026,36.0,28.0
2021_12_MIN_SF,2021,12,SF,MIN,8.0,3.102449624822111,60.0,47.95318385195028,25.527816738386196,22.425367113564082,34.0,26.0
2021_12_CLE_BAL,2021,12,BAL,CLE,6.0,5.63114060043141,26.0,48.739635549466826,27.185388074949117,21.55424747451771,16.0,10.0
2021_12_SEA_WAS,2021,12,WAS,SEA,2.0,2.192909048397533,32.0,42.45192358683417,22.32241631761585,20.12950726921832,17.0,15.0
2021_13_DAL_NO,2021,13,NO,DAL,-10.0,2.899290713106311,44.0,45.51814356597535,24.20871713954083,21.30942642643452,17.0,27.0
2021_13_TB_ATL,2021,13,ATL,TB,-13.0,-6.8753662741977255,47.0,46.06162209347648,19.593127909639378,26.4684941838371,17.0,30.0
2021_13_ARI_CHI,2021,13,CHI,ARI,-11.0,-4.310094028720617,55.0,43.299730752176735,19.494818361728058,23.804912390448678,22.0,33.0
2021_13_LAC_CIN,2021,13,CIN,LAC,-19.0,2.77641388883491,63.0,49.77247547322807,26.27444468103149,23.49803079219658,22.0,41.0
2021_13_MIN_DET,2021,13,DET,MIN,2.0,-6.355843645166737,56.0,45.92093106680603,19.782543710819645,26.13838735598638,29.0,27.0
2021_13_IND_HOU,2021,13,HOU,IND,-31.0,-7.295821664406736,31.0,47.079736556747655,19.89195744617046,27.187779110577196,0.0,31.0
2021_13_NYG_MIA,2021,13,MIA,NYG,11.0,5.124771958168416,29.0,39.56402459798401,22.344398278076213,17.219626319907796,20.0,9.0
2021_13_PHI_NYJ,2021,13,NYJ,PHI,-15.0,-4.493838416763664,51.0,46.81375815143307,21.159959867334702,25.653798284098368,18.0,33.0
2021_13_JAX_LA,2021,13,LA,JAX,30.0,11.586168874758869,44.0,48.53569118709129,30.06093003092508,18.47476115616621,37.0,7.0
2021_13_WAS_LV,2021,13,LV,WAS,-2.0,1.365606292059081,32.0,49.626480032114465,25.496043162086774,24.13043687002769,15.0,17.0
2021_13_BAL_PIT,2021,13,PIT,BAL,1.0,-2.931542745531716,39.0,41.64798442268903,19.358220838578656,22.28976358411037,20.0,19.0
2021_13_SF_SEA,2021,13,SEA,SF,7.0,-1.43484184749409,53.0,44.98562032538398,21.775389238944943,23.210231086439034,30.0,23.0
2021_13_DEN_KC,2021,13,KC,DEN,13.0,9.77914312236762,31.0,42.99252864138599,26.385835881876805,16.606692759509183,22.0,9.0
2021_13_NE_BUF,2021,13,BUF,NE,-4.0,6.272752992916971,24.0,43.419307955455814,24.846030474186392,18.57327748126942,10.0,14.0
2021_14_PIT_MIN,2021,14,MIN,PIT,8.0,1.765057854755109,64.0,47.818412960393374,24.79173540757424,23.026677552819134,36.0,28.0
2021_14_ATL_CAR,2021,14,CAR,ATL,-8.0,3.7767253998577424,50.0,41.33085455151636,22.553789975687053,18.777064575829307,21.0,29.0
2021_14_BAL_CLE,2021,14,CLE,BAL,2.0,0.9048288856101636,46.0,42.34706488374636,21.625946884678264,20.7211179990681,24.0,22.0
2021_14_SEA_HOU,2021,14,HOU,SEA,-20.0,-5.108989983285444,46.0,42.584202304291296,18.737606160502924,23.84659614378837,13.0,33.0
2021_14_LV_KC,2021,14,KC,LV,39.0,11.124210416704916,57.0,46.641179235378566,28.882694826041742,17.758484409336823,48.0,9.0
2021_14_NO_NYJ,2021,14,NYJ,NO,-21.0,-6.447633357553525,39.0,41.05443024350653,17.3033984429765,23.75103180053003,9.0,30.0
2021_14_JAX_TEN,2021,14,TEN,JAX,20.0,12.266985169572104,20.0,45.68523213348077,28.976108651526435,16.709123481954332,20.0,0.0
2021_14_DAL_WAS,2021,14,WAS,DAL,-7.0,0.3634142770045251,47.0,44.750029965342605,22.556722121173564,22.19330784416904,20.0,27.0
2021_14_DET_DEN,2021,14,DEN,DET,28.0,11.281639013135042,48.0,41.37735220621965,26.329495609677345,15.047856596542303,38.0,10.0
2021_14_NYG_LAC,2021,14,LAC,NYG,16.0,6.983237454864467,58.0,47.22561158360953,27.104424519236996,20.12118706437253,37.0,21.0
2021_14_SF_CIN,2021,14,CIN,SF,-3.0,2.6533446201261173,49.0,47.683334288973356,25.168339454549738,22.514994834423618,23.0,26.0
2021_14_BUF_TB,2021,14,TB,BUF,6.0,6.044125914146506,60.0,50.85966612173812,28.451896017942314,22.40777010379581,33.0,27.0
2021_14_CHI_GB,2021,14,GB,CHI,15.0,11.198032792341223,75.0,42.11828575659559,26.658159274468407,15.460126482127183,45.0,30.0
2021_14_LA_ARI,2021,14,ARI,LA,-7.0,6.249804718303841,53.0,47.74472725750557,26.997265987904708,20.747461269600866,23.0,30.0
2021_15_KC_LAC,2021,15,LAC,KC,-6.0,-0.5704272978735987,62.0,54.78068951105005,27.105131106588225,27.675558404461825,28.0,34.0
2021_15_NE_IND,2021,15,IND,NE,10.0,6.329063629847553,44.0,49.365456540630504,27.84726008523903,21.518196455391475,27.0,17.0
2021_15_CAR_BUF,2021,15,BUF,CAR,17.0,8.303779089239573,45.0,44.58414206911286,26.443960579176213,18.140181489936644,31.0,14.0
2021_15_ARI_DET,2021,15,DET,ARI,18.0,-6.879389964316952,42.0,44.41615376770128,18.768381901692166,25.647771866009116,30.0,12.0
2021_15_HOU_JAX,2021,15,JAX,HOU,-14.0,-0.2077623618746054,46.0,39.33036822121217,19.56130292966878,19.769065291543388,16.0,30.0
2021_15_NYJ_MIA,2021,15,MIA,NYJ,7.0,11.20337437831083,55.0,41.291908247383354,26.247641312847094,15.044266934536262,31.0,24.0
2021_15_DAL_NYG,2021,15,NYG,DAL,-15.0,-4.183269419343765,27.0,41.09503820991478,18.45588439528551,22.639153814629275,6.0,21.0
2021_15_TEN_PIT,2021,15,PIT,TEN,6.0,-2.9351337325177544,32.0,42.053721399668525,19.559293833575385,22.49442756609314,19.0,13.0
2021_15_CIN_DEN,2021,15,DEN,CIN,-5.0,2.2157632367985998,25.0,43.579055445073216,22.89740934093591,20.681646104137307,10.0,15.0
2021_15_ATL_SF,2021,15,SF,ATL,18.0,7.88541728402031,44.0,45.96429241591908,26.924854849969698,19.039437565949385,31.0,13.0
2021_15_GB_BAL,2021,15,BAL,GB,-1.0,-1.6671118760247887,61.0,47.71281523844667,23.02285168121094,24.689963557235732,30.0,31.0
2021_15_NO_TB,2021,15,TB,NO,-9.0,8.37100682421813,9.0,45.66712877996918,27.019067802093655,18.648060977875527,0.0,9.0
2021_15_LV_CLE,2021,15,CLE,LV,-2.0,5.860339976341116,30.0,44.14577951851947,25.003059747430292,19.142719771089176,14.0,16.0
2021_15_MIN_CHI,2021,15,CHI,MIN,-8.0,-2.766487830744362,26.0,44.69267872092963,20.963095445092634,23.729583275836994,9.0,17.0
2021_15_SEA_LA,2021,15,LA,SEA,10.0,6.358054625717204,30.0,47.175705845935404,26.766880235826303,20.4088256101091,20.0,10.0
2021_15_WAS_PHI,2021,15,PHI,WAS,10.0,4.401723457256964,44.0,44.6513261499342,24.52652480359558,20.124801346338618,27.0,17.0
2021_16_SF_TEN,2021,16,TEN,SF,3.0,1.8195966604407603,37.0,45.26689053725896,23.54324359884986,21.7236469384091,20.0,17.0
2021_16_CLE_GB,2021,16,GB,CLE,2.0,11.609260414195964,46.0,47.19208148084473,29.400670947520346,17.79141053332438,24.0,22.0
2021_16_IND_ARI,2021,16,ARI,IND,-6.0,0.724882943074185,38.0,50.36682894382962,25.5458559434519,24.820973000377716,16.0,22.0
2021_16_DET_ATL,2021,16,ATL,DET,4.0,5.111383461419375,36.0,44.38499090565313,24.748187183536253,19.63680372211688,20.0,16.0
2021_16_TB_CAR,2021,16,CAR,TB,-26.0,-6.763982048825312,38.0,42.91825957538746,18.077138763281074,24.841120812106386,6.0,32.0
2021_16_BAL_CIN,2021,16,CIN,BAL,20.0,1.1296423081852731,62.0,46.53098469748114,23.830313502833206,22.70067119464793,41.0,21.0
2021_16_LAC_HOU,2021,16,HOU,LAC,12.0,-8.199313377362373,70.0,47.40652838688209,19.603607504759857,27.80292088212223,41.0,29.0
2021_16_LA_MIN,2021,16,MIN,LA,-7.0,0.1238934731077132,53.0,50.504982391086095,25.314437932096904,25.19054445898919,23.0,30.0
2021_16_BUF_NE,2021,16,NE,BUF,-12.0,5.087686887487379,54.0,43.26866106871654,24.17817397810196,19.09048709061458,21.0,33.0
2021_16_JAX_NYJ,2021,16,NYJ,JAX,5.0,4.512504626901398,47.0,42.1052000641067,23.308852345504047,18.79634771860265,26.0,21.0
2021_16_NYG_PHI,2021,16,PHI,NYG,24.0,8.029200076385447,44.0,44.66542227116032,26.34731117377288,18.318111097387437,34.0,10.0
2021_16_CHI_SEA,2021,16,SEA,CHI,-1.0,7.394919964503058,49.0,40.8560787458065,24.12549935515478,16.73057939065172,24.0,25.0
2021_16_PIT_KC,2021,16,KC,PIT,26.0,8.451337331818046,46.0,41.80453176409547,25.12793454795676,16.676597216138713,36.0,10.0
2021_16_DEN_LV,2021,16,LV,DEN,4.0,1.7748182117368814,30.0,45.04165944301567,23.408238827376273,21.633420615639395,17.0,13.0
2021_16_WAS_DAL,2021,16,DAL,WAS,42.0,9.125825494259908,70.0,43.36889926559296,26.247362379926432,17.121536885666526,56.0,14.0
2021_16_MIA_NO,2021,16,NO,MIA,-17.0,4.243300354336402,23.0,42.14303815605317,23.19316925519479,18.949868900858384,3.0,20.0
2021_17_LA_BAL,2021,17,BAL,LA,-1.0,0.1879027706969909,39.0,49.69481771831844,24.941360244507717,24.753457473810723,19.0,20.0
2021_17_ATL_BUF,2021,17,BUF,ATL,14.0,12.108040312540764,44.0,44.61650690070246,28.362273606621613,16.254233294080848,29.0,15.0
2021_17_NYG_CHI,2021,17,CHI,NYG,26.0,2.49653729882458,32.0,40.836809301914435,21.666673300369506,19.17013600154493,29.0,3.0
2021_17_KC_CIN,2021,17,CIN,KC,3.0,-1.226530354003693,65.0,51.031251843132715,24.90236074456451,26.128891098568204,34.0,31.0
2021_17_LV_IND,2021,17,IND,LV,-3.0,8.453029912483379,43.0,45.51537135759245,26.984200635037915,18.531170722554535,20.0,23.0
2021_17_JAX_NE,2021,17,NE,JAX,40.0,12.597807523974408,60.0,44.01605274921383,28.30693013659412,15.709122612619709,50.0,10.0
2021_17_TB_NYJ,2021,17,NYJ,TB,-4.0,-6.604120712433124,52.0,45.136235083188424,19.26605718537765,25.870177897810773,24.0,28.0
2021_17_MIA_TEN,2021,17,TEN,MIA,31.0,3.454047870615655,37.0,41.508551920547,22.481299895581326,19.027252024965673,34.0,3.0
2021_17_PHI_WAS,2021,17,WAS,PHI,-4.0,-2.8801784941359383,36.0,45.12365959238682,21.12174054912544,24.00191904326138,16.0,20.0
2021_17_DEN_LAC,2021,17,LAC,DEN,21.0,4.763114345331696,47.0,47.69314152207043,26.22812793370106,21.465013588369366,34.0,13.0
2021_17_HOU_SF,2021,17,SF,HOU,16.0,10.152411719249107,30.0,46.06555837517404,28.108985047211576,17.956573327962467,23.0,7.0
2021_17_ARI_DAL,2021,17,DAL,ARI,-3.0,6.270899125937225,47.0,48.015550201421604,27.143224663679415,20.87232553774219,22.0,25.0
2021_17_CAR_NO,2021,17,NO,CAR,8.0,9.825730928334837,28.0,40.244006602530916,25.034868765432876,15.20913783709804,18.0,10.0
2021_17_DET_SEA,2021,17,SEA,DET,22.0,9.999684948815773,80.0,43.43060388101581,26.71514441491579,16.71545946610002,51.0,29.0
2021_17_MIN_GB,2021,17,GB,MIN,27.0,10.132620385850498,47.0,48.99320664590372,29.562913515877106,19.430293130026612,37.0,10.0
2021_17_CLE_PIT,2021,17,PIT,CLE,12.0,0.8312612634285732,40.0,41.92448337658667,21.377872320007622,20.54661105657905,26.0,14.0
2021_18_KC_DEN,2021,18,DEN,KC,-4.0,-7.162739727001104,52.0,46.438298252541216,19.637779262770056,26.80051898977116,24.0,28.0
2021_18_DAL_PHI,2021,18,PHI,DAL,-25.0,3.285935930733697,77.0,47.22059001170519,25.253262971219446,21.967327040485745,26.0,51.0
2021_18_PIT_BAL,2021,18,BAL,PIT,-3.0,2.897421922575113,29.0,46.84778839179646,24.872605157185788,21.975183234610675,13.0,16.0
2021_18_CIN_CLE,2021,18,CLE,CIN,5.0,-2.0328597377449693,37.0,44.895616191839274,21.43137822704715,23.464237964792122,21.0,16.0
2021_18_GB_DET,2021,18,DET,GB,7.0,-9.342783605811372,67.0,48.25905745600283,19.45813692509573,28.8009205309071,37.0,30.0
2021_18_TEN_HOU,2021,18,HOU,TEN,-3.0,-4.163764198319136,53.0,43.6440225826618,19.74012919217133,23.903893390490467,25.0,28.0
2021_18_IND_JAX,2021,18,JAX,IND,15.0,-7.3924480947449505,37.0,40.52024142202521,16.56389666364013,23.95634475838508,26.0,11.0
2021_18_CHI_MIN,2021,18,MIN,CHI,14.0,3.8379816929187873,48.0,44.65629517808621,24.2471384355025,20.40915674258371,31.0,17.0
2021_18_WAS_NYG,2021,18,NYG,WAS,-15.0,-2.0682386061300395,29.0,44.94438265636714,21.43807202511855,23.50631063124859,7.0,22.0
2021_18_SEA_ARI,2021,18,ARI,SEA,-8.0,3.846189136590222,68.0,46.449289185705275,25.147739161147747,21.301550024557528,30.0,38.0
2021_18_NO_ATL,2021,18,ATL,NO,-10.0,-4.530013079676486,50.0,39.56434534109466,17.517166130709086,22.047179210385572,20.0,30.0
2021_18_NYJ_BUF,2021,18,BUF,NYJ,17.0,13.695345246267722,37.0,43.738889724935795,28.717117485601758,15.021772239334037,27.0,10.0
2021_18_SF_LA,2021,18,LA,SF,-3.0,6.021575234383604,51.0,47.31885291515931,26.670214074771458,20.648638840387854,24.0,27.0
2021_18_NE_MIA,2021,18,MIA,NE,9.0,-2.6108757868025947,57.0,41.17724859593926,19.283186404568333,21.894062191370928,33.0,24.0
2021_18_CAR_TB,2021,18,TB,CAR,24.0,11.091347311285237,58.0,41.76670153252496,26.429024421905098,15.337677110619863,41.0,17.0
2021_18_LAC_LV,2021,18,LV,LAC,3.0,1.7827498425523003,67.0,48.51738926559215,25.150069554072225,23.367319711519926,35.0,32.0
2022_01_BUF_LA,2022,1,LA,BUF,-21.0,3.916632775218793,41.0,48.91860041656367,26.417616595891232,22.500983820672438,10.0,31.0
2022_01_NO_ATL,2022,1,ATL,NO,-1.0,-3.0114761987582,53.0,41.842120501980794,19.415322151611296,22.4267983503695,26.0,27.0
2022_01_CLE_CAR,2022,1,CAR,CLE,-2.0,-0.4806792733581305,50.0,42.62296046411833,21.0711405953801,21.551819868738228,24.0,26.0
2022_01_SF_CHI,2022,1,CHI,SF,9.0,-1.6719827751891867,29.0,45.180508305369244,21.75426276509003,23.426245540279215,19.0,10.0
2022_01_PIT_CIN,2022,1,CIN,PIT,-3.0,2.317231178694048,43.0,43.34148677505139,22.829358976872722,20.51212779817867,20.0,23.0
2022_01_PHI_DET,2022,1,DET,PHI,-3.0,-1.889822831700723,73.0,46.60666114527891,22.358419156789097,24.248241988489816,35.0,38.0
2022_01_IND_HOU,2022,1,HOU,IND,0.0,-4.283994830142222,40.0,44.980403115706075,20.348204142781928,24.632198972924147,20.0,20.0
2022_01_NE_MIA,2022,1,MIA,NE,13.0,0.9452352223393968,27.0,45.91722568837899,23.431230455359195,22.485995233019796,20.0,7.0
2022_01_BAL_NYJ,2022,1,NYJ,BAL,-15.0,-4.065645204177709,33.0,44.744392280925766,20.339373538374026,24.40501874255174,9.0,24.0
2022_01_JAX_WAS,2022,1,WAS,JAX,6.0,6.0345785570156165,50.0,43.477002938555124,24.75579074778537,18.721212190769755,28.0,22.0
2022_01_KC_ARI,2022,1,ARI,KC,-23.0,-0.3486859711789553,65.0,49.188490056549654,24.41990204268535,24.768588013864303,21.0,44.0
2022_01_LV_LAC,2022,1,LAC,LV,5.0,4.028118579265083,43.0,48.195945216206574,26.11203189773583,22.083913318470746,24.0,19.0
2022_01_GB_MIN,2022,1,MIN,GB,16.0,-2.745892456219078,30.0,48.728152750222044,22.991130147001485,25.73702260322056,23.0,7.0
2022_01_NYG_TEN,2022,1,TEN,NYG,-1.0,12.348465191802804,41.0,43.793417683410304,28.070941437606553,15.722476245803751,20.0,21.0
2022_01_TB_DAL,2022,1,DAL,TB,-16.0,4.487983506630018,22.0,50.924885143211085,27.70643432492055,23.218450818290535,3.0,19.0
2022_01_DEN_SEA,2022,1,SEA,DEN,1.0,5.574389214936658,33.0,46.10830149994352,25.84134535744009,20.26695614250343,17.0,16.0
2022_02_LAC_KC,2022,2,KC,LAC,3.0,6.349823318238576,51.0,52.052213857331324,29.20101858778495,22.851195269546373,27.0,24.0
2022_02_MIA_BAL,2022,2,BAL,MIA,-4.0,1.3598380833224044,80.0,41.34674420389679,21.353291143609596,19.993453060287194,38.0,42.0
2022_02_NYJ_CLE,2022,2,CLE,NYJ,-1.0,10.129118519740553,61.0,44.89304885055032,27.511083685145437,17.381965165404885,30.0,31.0
2022_02_WAS_DET,2022,2,DET,WAS,9.0,0.5016969813873436,63.0,49.7793817897809,25.14053938558412,24.63884240419678,36.0,27.0
2022_02_IND_JAX,2022,2,JAX,IND,24.0,-4.28584255075222,24.0,45.0730276289903,20.39359253911904,24.679435089871262,24.0,0.0
2022_02_TB_NO,2022,2,NO,TB,-10.0,1.5409848613195556,30.0,46.810953096403956,24.175968978861757,22.6349841175422,10.0,20.0
2022_02_CAR_NYG,2022,2,NYG,CAR,3.0,5.380035810169999,35.0,46.755879670592456,26.067957740381228,20.68792193021123,19.0,16.0
2022_02_NE_PIT,2022,2,PIT,NE,-3.0,4.625078788273692,31.0,43.65176277937519,24.13842078382444,19.51334199555075,14.0,17.0
2022_02_ATL_LA,2022,2,LA,ATL,4.0,0.5472428972457741,58.0,46.78660104406624,23.666921970656006,23.119679073410232,31.0,27.0
2022_02_SEA_SF,2022,2,SF,SEA,20.0,1.2932721700225218,34.0,42.095796830326215,21.694534500174367,20.401262330151848,27.0,7.0
2022_02_CIN_DAL,2022,2,DAL,CIN,3.0,3.224337080183172,37.0,41.429925087074636,22.327131083628903,19.102794003445734,20.0,17.0
2022_02_HOU_DEN,2022,2,DEN,HOU,7.0,4.696566048107968,25.0,43.03349911636009,23.86503258223403,19.16846653412606,16.0,9.0
2022_02_ARI_LV,2022,2,LV,ARI,-6.0,6.2808791858079145,52.0,44.17523335045,25.228056268128956,18.947177082321044,23.0,29.0
2022_02_CHI_GB,2022,2,GB,CHI,17.0,5.830716098233812,37.0,43.52858877668209,24.679652437457953,18.84893633922414,27.0,10.0
2022_02_TEN_BUF,2022,2,BUF,TEN,34.0,9.134157633812157,48.0,41.8735373541323,25.50384749397223,16.369689860160072,41.0,7.0
2022_02_MIN_PHI,2022,2,PHI,MIN,17.0,5.401236473580469,31.0,50.92187238528573,28.1615544294331,22.76031795585263,24.0,7.0
2022_03_PIT_CLE,2022,3,CLE,PIT,12.0,2.207864726448345,46.0,45.228526539279194,23.718195632863768,21.510330906415426,29.0,17.0
2022_03_NO_CAR,2022,3,CAR,NO,8.0,-0.5711336429032692,36.0,42.36185105872063,20.89535870790868,21.46649235081195,22.0,14.0
2022_03_HOU_CHI,2022,3,CHI,HOU,3.0,4.275733956813669,43.0,40.91248689842879,22.594110427621228,18.31837647080756,23.0,20.0
2022_03_KC_IND,2022,3,IND,KC,3.0,-6.385902175256946,37.0,45.93666295178861,19.775380388265834,26.16128256352278,20.0,17.0
2022_03_BUF_MIA,2022,3,MIA,BUF,2.0,1.1042195985343617,40.0,53.54622009624054,27.32521984738745,26.221000248853088,21.0,19.0
2022_03_DET_MIN,2022,3,MIN,DET,4.0,2.523264761144308,52.0,46.44903503331036,24.486149897227335,21.962885136083024,28.0,24.0
2022_03_BAL_NE,2022,3,NE,BAL,-11.0,3.658918403555218,63.0,45.753391443921736,24.706154923738477,21.047236520183258,26.0,37.0
2022_03_CIN_NYJ,2022,3,NYJ,CIN,-15.0,-1.1546798380617964,39.0,41.46277070576931,20.154045433853756,21.308725271915552,12.0,27.0
2022_03_LV_TEN,2022,3,TEN,LV,2.0,0.8739646112469531,46.0,43.561567471694886,22.21776604147092,21.343801430223966,24.0,22.0
2022_03_PHI_WAS,2022,3,WAS,PHI,-16.0,-4.820552864045958,32.0,52.19359529097691,23.686521213465475,28.507074077511433,8.0,24.0
2022_03_JAX_LAC,2022,3,LAC,JAX,-28.0,5.705186395007259,48.0,47.50676802802209,26.605977211514674,20.900790816507413,10.0,38.0
2022_03_LA_ARI,2022,3,ARI,LA,-8.0,2.1809967364372294,32.0,46.77934806746052,24.480172401948874,22.299175665511644,12.0,20.0
2022_03_ATL_SEA,2022,3,SEA,ATL,-4.0,3.971065673293558,50.0,45.5131573753729,24.74211152433323,20.77104585103967,23.0,27.0
2022_03_GB_TB,2022,3,TB,GB,-2.0,5.302497601726845,26.0,42.086492033566124,23.694494817646486,18.391997215919638,12.0,14.0
2022_03_SF_DEN,2022,3,DEN,SF,1.0,1.117253841689985,21.0,39.93226422525071,20.52475903347035,19.407505191780363,11.0,10.0
2022_03_DAL_NYG,2022,3,NYG,DAL,-7.0,-1.6124242401822064,39.0,41.264122247424204,19.825849003621,21.438273243803206,16.0,23.0
2022_04_MIA_CIN,2022,4,CIN,MIA,12.0,-1.262093470510211,42.0,47.40586735480373,23.07188694214676,24.33398041265697,27.0,15.0
2022_04_MIN_NO,2022,4,NO,MIN,-3.0,1.5645016989702505,53.0,43.10085808315589,22.332679891063073,20.76817819209282,25.0,28.0
2022_04_CLE_ATL,2022,4,ATL,CLE,3.0,1.2588207562469054,43.0,51.49266096576205,26.375740861004477,25.116920104757572,23.0,20.0
2022_04_BUF_BAL,2022,4,BAL,BUF,-3.0,0.7654565497777623,43.0,54.0010097523471,27.38323315106243,26.61777660128467,20.0,23.0
2022_04_WAS_DAL,2022,4,DAL,WAS,15.0,8.479875720934565,35.0,43.46619526161811,25.973035491276338,17.493159770341773,25.0,10.0
2022_04_SEA_DET,2022,4,DET,SEA,-3.0,-2.6962573884761385,93.0,48.60218102446799,22.952961817995924,25.649219206472065,45.0,48.0
2022_04_LAC_HOU,2022,4,HOU,LAC,-10.0,-2.5572943895859024,58.0,44.01822468204819,20.730465146231143,23.28775953581705,24.0,34.0
2022_04_TEN_IND,2022,4,IND,TEN,-7.0,2.1300092547572804,41.0,42.85400893055242,22.49200909265485,20.361999837897567,17.0,24.0
2022_04_CHI_NYG,2022,4,NYG,CHI,8.0,-0.1299419131694515,32.0,42.114839586020445,20.992448836425496,21.12239074959495,20.0,12.0
2022_04_JAX_PHI,2022,4,PHI,JAX,8.0,6.094853311089387,50.0,49.66116327709953,27.87800829409446,21.783154983005073,29.0,21.0
2022_04_NYJ_PIT,2022,4,PIT,NYJ,-4.0,8.480164557022942,44.0,43.92758780422613,26.203876180624533,17.723711623601595,20.0,24.0
2022_04_ARI_CAR,2022,4,CAR,ARI,-10.0,-0.804756537296367,42.0,43.8688367407227,21.532040101713164,22.336796639009535,16.0,26.0
2022_04_NE_GB,2022,4,GB,NE,3.0,4.629774513466409,51.0,45.0801485830169,24.854961548241654,20.225187034775246,27.0,24.0
2022_04_DEN_LV,2022,4,LV,DEN,9.0,3.186721568045923,55.0,42.25430474232112,22.72051315518352,19.533791587137596,32.0,23.0
2022_04_KC_TB,2022,4,TB,KC,-10.0,1.5107121151143603,72.0,44.086464013418336,22.798588064266347,21.28787594915199,31.0,41.0
2022_04_LA_SF,2022,4,SF,LA,15.0,-1.9792802388437831,33.0,41.21938481425729,19.620052287706752,21.599332526550537,24.0,9.0
2022_05_IND_DEN,2022,5,DEN,IND,-3.0,1.970925875651978,21.0,41.29152848078407,21.631227178218026,19.660301302566047,9.0,12.0
2022_05_NYG_GB,2022,5,GB,NYG,-5.0,12.21486557302432,49.0,42.91599544537287,27.565430509198595,15.350564936174276,22.0,27.0
2022_05_PIT_BUF,2022,5,BUF,PIT,35.0,11.476949752039644,41.0,43.69682560408421,27.586887678061927,16.109937926022283,38.0,3.0
2022_05_LAC_CLE,2022,5,CLE,LAC,-2.0,4.124462186807191,58.0,48.98485184985261,26.5546570183299,22.43019483152271,28.0,30.0
2022_05_HOU_JAX,2022,5,JAX,HOU,-7.0,6.722765212023721,19.0,42.80012163773806,24.76144342488089,18.038678212857167,6.0,13.0
2022_05_CHI_MIN,2022,5,MIN,CHI,7.0,8.001306459020993,51.0,43.12257773037115,25.56194209469607,17.560635635675077,29.0,22.0
2022_05_DET_NE,2022,5,NE,DET,29.0,4.6059323243292605,29.0,46.935849931263014,25.770891127796137,21.164958803466877,29.0,0.0
2022_05_SEA_NO,2022,5,NO,SEA,7.0,1.4808191290871866,71.0,46.88821066270091,24.184514895894047,22.70369576680686,39.0,32.0
2022_05_MIA_NYJ,2022,5,NYJ,MIA,23.0,-6.33484734961522,57.0,46.18183301914914,19.92349283476696,26.258340184382178,40.0,17.0
2022_05_ATL_TB,2022,5,TB,ATL,6.0,6.714757363401505,36.0,45.63467671804244,26.174717040721973,19.45995967732047,21.0,15.0
2022_05_TEN_WAS,2022,5,WAS,TEN,-4.0,-2.2794860928573817,38.0,43.17859567174548,20.449554789444047,22.72904088230143,17.0,21.0
2022_05_SF_CAR,2022,5,CAR,SF,-22.0,-3.11215715459288,52.0,39.65773290219613,18.272787873801626,21.384945028394505,15.0,37.0
2022_05_PHI_ARI,2022,5,ARI,PHI,-3.0,-1.628925839034676,37.0,48.55508494413107,23.463079552548194,25.092005391582873,17.0,20.0
2022_05_DAL_LA,2022,5,LA,DAL,-12.0,2.044241622073842,32.0,42.730198289316384,22.387219955695112,20.34297833362127,10.0,22.0
2022_05_CIN_BAL,2022,5,BAL,CIN,2.0,3.529698514780946,36.0,46.09911440037945,24.814406457580198,21.28470794279925,19.0,17.0
2022_05_LV_KC,2022,5,KC,LV,1.0,12.818483344817844,59.0,49.67261423094891,31.245548787883376,18.427065443065533,30.0,29.0
2022_06_WAS_CHI,2022,6,CHI,WAS,-5.0,3.525526734179989,19.0,41.460261306345025,22.492894020262508,18.967367286082517,7.0,12.0
2022_06_SF_ATL,2022,6,ATL,SF,14.0,-2.538659733989658,42.0,45.799506820672015,21.630423543341177,24.169083277330838,28.0,14.0
2022_06_NE_CLE,2022,6,CLE,NE,-23.0,2.942511785661164,53.0,47.84797998415061,25.395245884905886,22.452734099244726,15.0,38.0
2022_06_NYJ_GB,2022,6,GB,NYJ,-17.0,9.588759370055753,37.0,46.088583435528626,27.83867140279219,18.249912032736436,10.0,27.0
2022_06_JAX_IND,2022,6,IND,JAX,7.0,4.387695123911618,61.0,41.96765796183683,23.177676542874224,18.789981418962604,34.0,27.0
2022_06_MIN_MIA,2022,6,MIA,MIN,-8.0,1.934225771883049,40.0,48.114883036594875,25.024554404238962,23.090328632355913,16.0,24.0
2022_06_CIN_NO,2022,6,NO,CIN,-4.0,3.8965720248537385,56.0,45.4251456658659,24.66085884535982,20.76428682050608,26.0,30.0
2022_06_BAL_NYG,2022,6,NYG,BAL,4.0,-0.3355671394254079,44.0,47.93619493199823,23.80031389628641,24.13588103571182,24.0,20.0
2022_06_TB_PIT,2022,6,PIT,TB,2.0,-4.387466907185527,38.0,42.33514253977558,18.973837816295028,23.361304723480554,20.0,18.0
2022_06_CAR_LA,2022,6,LA,CAR,14.0,8.506291766594217,34.0,41.785763681195,25.14602772389461,16.639735957300392,24.0,10.0
2022_06_ARI_SEA,2022,6,SEA,ARI,10.0,3.0231461998723037,28.0,47.53264063682363,25.277893418347965,22.254747218475664,19.0,9.0
2022_06_BUF_KC,2022,6,KC,BUF,-4.0,4.895837358603478,44.0,53.867711441327096,29.381774399965288,24.485937041361808,20.0,24.0
2022_06_DAL_PHI,2022,6,PHI,DAL,9.0,5.16187052266252,43.0,41.296265378222934,23.229067950442726,18.067197427780208,26.0,17.0
2022_06_DEN_LAC,2022,6,LAC,DEN,3.0,5.455554947178646,35.0,42.85620984076974,24.155882393974196,18.700327446795548,19.0,16.0
2022_07_NO_ARI,2022,7,ARI,NO,8.0,0.954159680111507,76.0,44.79566354274765,22.874911611429578,21.92075193131807,42.0,34.0
2022_07_CLE_BAL,2022,7,BAL,CLE,3.0,5.147951422011326,43.0,48.360793284473296,26.75437235324231,21.606420931230986,23.0,20.0
2022_07_TB_CAR,2022,7,CAR,TB,18.0,-9.534321617498213,24.0,43.04703627330203,16.756357327901906,26.29067894540012,21.0,3.0
2022_07_ATL_CIN,2022,7,CIN,ATL,18.0,2.018604747104614,52.0,47.02626604274039,24.5224353949225,22.50383064781789,35.0,17.0
2022_07_DET_DAL,2022,7,DAL,DET,18.0,10.454746246185572,30.0,44.628215303689494,27.541480774937533,17.08673452875196,24.0,6.0
2022_07_NYG_JAX,2022,7,JAX,NYG,-6.0,1.1461839626538828,40.0,45.58561487011,23.365899416381943,22.219715453728057,17.0,23.0
2022_07_IND_TEN,2022,7,TEN,IND,9.0,4.8902454857208015,29.0,42.93569331832591,23.912969402023357,19.022723916302553,19.0,10.0
2022_07_GB_WAS,2022,7,WAS,GB,2.0,-0.5242384932775782,44.0,42.899940979459124,21.187851243090773,21.712089736368352,23.0,21.0
2022_07_NYJ_DEN,2022,7,DEN,NYJ,-7.0,0.4575701365401202,25.0,42.326077043564126,21.391823590052123,20.934253453512003,9.0,16.0
2022_07_HOU_LV,2022,7,LV,HOU,18.0,5.986550424516546,58.0,44.365425095325214,25.17598775992088,19.189437335404335,38.0,20.0
2022_07_SEA_LAC,2022,7,LAC,SEA,-14.0,1.620098070593366,60.0,48.615666626841175,25.11788234871727,23.497784278123905,23.0,37.0
2022_07_KC_SF,2022,7,SF,KC,-21.0,-0.5760667287395281,67.0,47.208863147632854,23.316398209446664,23.89246493818619,23.0,44.0
2022_07_PIT_MIA,2022,7,MIA,PIT,6.0,3.975278347309688,26.0,44.984465942174815,24.479872144742252,20.504593797432562,16.0,10.0
2022_07_CHI_NE,2022,7,NE,CHI,-19.0,10.059145968899433,47.0,43.793462480237196,26.926304224568312,16.867158255668883,14.0,33.0
2022_08_BAL_TB,2022,8,TB,BAL,-5.0,2.935378735648635,49.0,47.632504588398795,25.283941662023715,22.34856292637508,22.0,27.0
2022_08_DEN_JAX,2022,8,JAX,DEN,-4.0,4.260330588638791,38.0,42.62094987555888,23.440640232098836,19.180309643460042,17.0,21.0
2022_08_CAR_ATL,2022,8,ATL,CAR,3.0,5.649688889552877,71.0,45.15204187019389,25.400865379873384,19.751176490320507,37.0,34.0
2022_08_CHI_DAL,2022,8,DAL,CHI,20.0,9.12534803305485,78.0,41.24545921582628,25.185403624440564,16.060055591385716,49.0,29.0
2022_08_MIA_DET,2022,8,DET,MIA,-4.0,-2.043726461419277,58.0,43.078496082441724,20.517384810511224,22.5611112719305,27.0,31.0
2022_08_ARI_MIN,2022,8,MIN,ARI,8.0,7.632241598699895,60.0,47.949220239085655,27.790730918892773,20.15848932019288,34.0,26.0
2022_08_LV_NO,2022,8,NO,LV,24.0,2.2589961654867503,24.0,50.10298751982669,26.18099184265672,23.92199567716997,24.0,0.0
2022_08_NE_NYJ,2022,8,NYJ,NE,-5.0,2.2770977404175428,39.0,42.07722125507468,22.177159497746114,19.90006175732857,17.0,22.0
2022_08_PIT_PHI,2022,8,PHI,PIT,22.0,11.464018893660562,48.0,44.59867466003455,28.031346776847556,16.56732788318699,35.0,13.0
2022_08_TEN_HOU,2022,8,HOU,TEN,-7.0,-4.5716253688632165,27.0,43.06630992342297,19.247342277279877,23.818967646143093,10.0,17.0
2022_08_WAS_IND,2022,8,IND,WAS,-1.0,5.11025917354488,33.0,41.00922837625846,23.059743774901673,17.94948460135679,16.0,17.0
2022_08_SF_LA,2022,8,LA,SF,-17.0,1.7460698786048634,45.0,42.83005987240822,22.288064875506542,20.54199499690168,14.0,31.0
2022_08_NYG_SEA,2022,8,SEA,NYG,14.0,1.8376591718312616,40.0,48.176305022367394,25.00698209709933,23.169322925268066,27.0,13.0
2022_08_GB_BUF,2022,8,BUF,GB,10.0,8.53974510225995,44.0,45.19679340143186,26.868269251845906,18.328524149585956,27.0,17.0
2022_08_CIN_CLE,2022,8,CLE,CIN,19.0,-4.467241927685978,45.0,46.83301108074275,21.182884576528387,25.650126504214363,32.0,13.0
2022_09_PHI_HOU,2022,9,HOU,PHI,-12.0,-6.936241169796663,46.0,44.83896724838262,18.95136303929298,25.887604209089645,17.0,29.0
2022_09_LAC_ATL,2022,9,ATL,LAC,-3.0,2.1578661901773866,37.0,49.041091304104846,25.599478747141116,23.44161255696373,17.0,20.0
2022_09_MIA_CHI,2022,9,CHI,MIA,-3.0,-2.168602526343224,67.0,44.04268324034411,20.937040357000445,23.105642883343666,32.0,35.0
2022_09_CAR_CIN,2022,9,CIN,CAR,21.0,9.134914305638464,63.0,44.02215073310606,26.57853251937226,17.4436182137338,42.0,21.0
2022_09_GB_DET,2022,9,DET,GB,6.0,-3.4994554632944697,24.0,45.642322983880426,21.07143376029298,24.570889223587447,15.0,9.0
2022_09_LV_JAX,2022,9,JAX,LV,7.0,-0.1013480104656383,47.0,45.525571449826806,22.712111719680586,22.81345973014622,27.0,20.0
2022_09_IND_NE,2022,9,NE,IND,23.0,2.9376876456995995,29.0,40.158714116912954,21.548200881306276,18.61051323560668,26.0,3.0
2022_09_BUF_NYJ,2022,9,NYJ,BUF,3.0,-6.809226340635652,37.0,44.09940370127292,18.645088680318633,25.454315020954287,20.0,17.0
2022_09_MIN_WAS,2022,9,WAS,MIN,-3.0,-4.614093257718213,37.0,42.74614675810055,19.06602675019117,23.68012000790938,17.0,20.0
2022_09_SEA_ARI,2022,9,ARI,SEA,-10.0,-1.6712679396844743,52.0,48.22128102356801,23.275006541941767,24.946274481626244,21.0,31.0
2022_09_LA_TB,2022,9,TB,LA,3.0,2.7470474294743115,29.0,42.75995399269255,22.753500711083433,20.00645328160912,16.0,13.0
2022_09_TEN_KC,2022,9,KC,TEN,3.0,10.536494264311113,37.0,46.85806704340554,28.69728065385833,18.160786389547212,20.0,17.0
2022_09_BAL_NO,2022,9,NO,BAL,-14.0,0.9635257285904998,40.0,51.06907889460302,26.016302311596757,25.05277658300626,13.0,27.0
2022_10_ATL_CAR,2022,10,CAR,ATL,10.0,-4.418909557647635,40.0,45.14995881217138,20.36552462726187,24.784434184909507,25.0,15.0
2022_10_SEA_TB,2022,10,TB,SEA,5.0,1.83741740423616,37.0,44.780678341483025,23.309047872859594,21.47163046862343,21.0,16.0
2022_10_MIN_BUF,2022,10,BUF,MIN,-3.0,6.932604568942646,63.0,46.17229982839548,26.552452198669062,19.61984762972642,30.0,33.0
2022_10_DET_CHI,2022,10,CHI,DET,-1.0,3.584297419201851,61.0,45.168919800163835,24.376608609682844,20.79231119048099,30.0,31.0
2022_10_JAX_KC,2022,10,KC,JAX,10.0,13.072466292225778,44.0,49.89185043789471,31.482158365060243,18.409692072834467,27.0,17.0
2022_10_CLE_MIA,2022,10,MIA,CLE,22.0,4.308270121699027,56.0,47.27751918994715,25.792894655823087,21.484624534124062,39.0,17.0
2022_10_HOU_NYG,2022,10,NYG,HOU,8.0,8.363058951633711,40.0,43.10471631539649,25.7338876335151,17.370828681881388,24.0,16.0
2022_10_NO_PIT,2022,10,PIT,NO,10.0,1.3426816225664584,30.0,42.67686317843436,22.00977240050041,20.66709077793395,20.0,10.0
2022_10_DEN_TEN,2022,10,TEN,DEN,7.0,10.52429379745828,27.0,39.964141953938665,25.244217875698475,14.719924078240192,17.0,10.0
2022_10_IND_LV,2022,10,LV,IND,-5.0,1.583114996081731,45.0,43.60466099616682,22.593887996124277,21.010773000042544,20.0,25.0
2022_10_DAL_GB,2022,10,GB,DAL,3.0,-5.6811753366484,59.0,42.59385690528276,18.45634078431718,24.137516120965582,31.0,28.0
2022_10_ARI_LA,2022,10,LA,ARI,-10.0,2.4134898655798183,44.0,43.08648669622925,22.749988280904535,20.336498415324716,17.0,27.0
2022_10_LAC_SF,2022,10,SF,LAC,6.0,6.065809697289265,38.0,46.13957748872117,26.10269359300522,20.036883895715953,22.0,16.0
2022_10_WAS_PHI,2022,10,PHI,WAS,-11.0,12.142654568263069,53.0,44.04669479258465,28.09467468042386,15.952020112160792,21.0,32.0
2022_11_TEN_GB,2022,11,GB,TEN,-10.0,0.0324024148524801,44.0,41.13762256982324,20.58501249233786,20.552610077485383,17.0,27.0
2022_11_CHI_ATL,2022,11,ATL,CHI,3.0,3.623812472328461,51.0,48.53443585639718,26.07912416436282,22.45531169203436,27.0,24.0
2022_11_CAR_BAL,2022,11,BAL,CAR,10.0,11.254077218867376,16.0,45.87419002738629,28.564133623126835,17.310056404259456,13.0,3.0
2022_11_CLE_BUF,2022,11,BUF,CLE,8.0,10.188423860016448,54.0,48.97036604254699,29.57939495128172,19.39097109126527,31.0,23.0
2022_11_WAS_HOU,2022,11,HOU,WAS,-13.0,-4.047420682303007,33.0,41.55114650720402,18.751862912450505,22.79928359475351,10.0,23.0
2022_11_PHI_IND,2022,11,IND,PHI,-1.0,-1.9938688931414463,33.0,44.35316630416727,21.17964870551291,23.173517598654357,16.0,17.0
2022_11_NYJ_NE,2022,11,NE,NYJ,7.0,4.2090613595683815,13.0,41.51984940921416,22.86445538439127,18.65539402482289,10.0,3.0
2022_11_LA_NO,2022,11,NO,LA,7.0,3.277653361614558,47.0,43.395061855874935,23.33635760874475,20.058704247130187,27.0,20.0
2022_11_DET_NYG,2022,11,NYG,DET,-13.0,5.651382609694914,49.0,45.95401152717328,25.802697068434096,20.151314458739183,18.0,31.0
2022_11_LV_DEN,2022,11,DEN,LV,-6.0,2.0603290358916344,38.0,41.824254420742555,21.942291728317095,19.88196269242546,16.0,22.0
2022_11_DAL_MIN,2022,11,MIN,DAL,-37.0,3.25988273278687,43.0,46.65506958730789,24.95747616004738,21.69759342726051,3.0,40.0
2022_11_CIN_PIT,2022,11,PIT,CIN,-7.0,-5.961914856453517,67.0,43.40466431151782,18.72137472753215,24.68328958398567,30.0,37.0
2022_11_KC_LAC,2022,11,LAC,KC,-3.0,-5.679428867674143,57.0,49.42130072995391,21.870935931139886,27.550364798814027,27.0,30.0
2022_11_SF_ARI,2022,11,ARI,SF,-28.0,-4.528310316477726,48.0,47.70764974889336,21.589669716207815,26.117980032685544,10.0,38.0
2022_12_BUF_DET,2022,12,DET,BUF,-3.0,-4.076850406644097,53.0,48.86033284838491,22.391741220870404,26.468591627514503,25.0,28.0
2022_12_NYG_DAL,2022,12,DAL,NYG,8.0,11.308554927140994,48.0,44.657566366268654,27.983060646704825,16.67450571956383,28.0,20.0
2022_12_NE_MIN,2022,12,MIN,NE,7.0,3.4371854143204468,59.0,43.5705377181786,23.503861566249522,20.066676151929077,33.0,26.0
2022_12_DEN_CAR,2022,12,CAR,DEN,13.0,3.282456449170186,33.0,38.8562136383897,21.06933504377994,17.786878594609757,23.0,10.0
2022_12_TB_CLE,2022,12,CLE,TB,6.0,-2.815573338833329,40.0,44.278353976511546,20.731390318839107,23.54696365767244,23.0,17.0
2022_12_BAL_JAX,2022,12,JAX,BAL,1.0,-2.193244307233426,55.0,45.880239724392716,21.843497708579644,24.036742015813072,28.0,27.0
2022_12_HOU_MIA,2022,12,MIA,HOU,15.0,13.4085599627271,45.0,45.705387364759616,29.556973663743356,16.14841370101626,30.0,15.0
2022_12_CHI_NYJ,2022,12,NYJ,CHI,21.0,3.6699747673972247,41.0,42.73506297717604,23.202518872286632,19.53254410488941,31.0,10.0
2022_12_CIN_TEN,2022,12,TEN,CIN,-4.0,0.4725844038374938,36.0,46.20116784498477,23.33687612441113,22.864291720573636,16.0,20.0
2022_12_ATL_WAS,2022,12,WAS,ATL,6.0,4.193679170101688,32.0,42.24796441218088,23.220821791141283,19.027142621039594,19.0,13.0
2022_12_LAC_ARI,2022,12,ARI,LAC,-1.0,1.331823805512857,49.0,47.36813700644413,24.349980405978492,23.018156600465637,24.0,25.0
2022_12_LV_SEA,2022,12,SEA,LV,-6.0,9.15574290183187,74.0,46.58199689354532,27.868869897688597,18.713126995856726,34.0,40.0
2022_12_LA_KC,2022,12,KC,LA,16.0,15.532492594497311,36.0,45.30239190333271,30.417442248915012,14.8849496544177,26.0,10.0
2022_12_NO_SF,2022,12,SF,NO,13.0,10.524554510548922,13.0,46.57846181858553,28.551508164567228,18.026953654018303,13.0,0.0
2022_12_GB_PHI,2022,12,PHI,GB,7.0,7.609658208538129,73.0,39.42118613372156,23.515422171129845,15.905763962591717,40.0,33.0
2022_12_PIT_IND,2022,12,IND,PIT,-7.0,3.1831981633830124,41.0,42.14941897277286,22.666308568077934,19.483110404694923,17.0,24.0
2022_13_BUF_NE,2022,13,NE,BUF,-14.0,-4.967121549128638,34.0,44.79527826190239,19.914078356386874,24.881199905515516,10.0,24.0
2022_13_PIT_ATL,2022,13,ATL,PIT,-3.0,2.439808524160246,35.0,46.202060836683096,24.320934680421672,21.881126156261423,16.0,19.0
2022_13_DEN_BAL,2022,13,BAL,DEN,1.0,12.974367117078682,19.0,42.97064598655911,27.972506551818896,14.998139434740215,10.0,9.0
2022_13_GB_CHI,2022,13,CHI,GB,-9.0,-2.4017763396248912,47.0,44.055337375408016,20.826780517891564,23.228556857516452,19.0,28.0
2022_13_JAX_DET,2022,13,DET,JAX,26.0,2.772947727651809,54.0,47.480207576841636,25.126577652246723,22.353629924594912,40.0,14.0
2022_13_CLE_HOU,2022,13,HOU,CLE,-13.0,-2.897318176106216,41.0,45.98596786547675,21.544324844685267,24.441643020791485,14.0,27.0
2022_13_NYJ_MIN,2022,13,MIN,NYJ,5.0,5.099821736935106,49.0,43.40330470022587,24.251563218580486,19.15174148164538,27.0,22.0
2022_13_WAS_NYG,2022,13,NYG,WAS,0.0,-1.1819063107897556,40.0,41.88926752251615,20.353680605863197,21.535586916652953,20.0,20.0
2022_13_TEN_PHI,2022,13,PHI,TEN,25.0,5.502331438477401,45.0,44.92060861504864,25.21147002676302,19.709138588285622,35.0,10.0
2022_13_SEA_LA,2022,13,LA,SEA,-4.0,-2.804728852927686,50.0,45.43115637736946,21.313213762220887,24.117942615148575,23.0,27.0
2022_13_MIA_SF,2022,13,SF,MIA,16.0,3.1255475687775447,50.0,45.82847296613411,24.477010267455825,21.351462698678283,33.0,17.0
2022_13_KC_CIN,2022,13,CIN,KC,3.0,1.0591135842304968,51.0,51.553804373460295,26.306458978845395,25.2473453946149,27.0,24.0
2022_13_LAC_LV,2022,13,LV,LAC,7.0,2.0946169722843537,47.0,48.960054960932446,25.5273359666084,23.432718994324045,27.0,20.0
2022_13_IND_DAL,2022,13,DAL,IND,35.0,12.224364654802397,73.0,43.38799670788108,27.806180681341736,15.581816026539341,54.0,19.0
2022_13_NO_TB,2022,13,TB,NO,1.0,5.909831817852382,33.0,43.18995021709002,24.549891017471204,18.64005919961882,17.0,16.0
2022_14_LV_LA,2022,14,LA,LV,1.0,-1.4152980964760713,33.0,45.39095817735268,21.987830040438304,23.403128136914376,17.0,16.0
2022_14_NYJ_BUF,2022,14,BUF,NYJ,8.0,9.36758283920509,32.0,42.88609436222403,26.12683860071456,16.75925576150947,20.0,12.0
2022_14_CLE_CIN,2022,14,CIN,CLE,13.0,9.52307568730723,33.0,47.97348291928759,28.74827930329741,19.225203615990182,23.0,10.0
2022_14_HOU_DAL,2022,14,DAL,HOU,4.0,14.884783316132896,50.0,43.82101004703307,29.352896681582983,14.468113365450087,27.0,23.0
2022_14_MIN_DET,2022,14,DET,MIN,11.0,-1.1807236993807368,57.0,47.62468049942882,23.221978400024042,24.402702099404777,34.0,23.0
2022_14_PHI_NYG,2022,14,NYG,PHI,-26.0,-5.046162739480147,70.0,46.53383120086149,20.743834230690673,25.78999697017082,22.0,48.0
2022_14_BAL_PIT,2022,14,PIT,BAL,-2.0,0.0297029847800707,30.0,45.23204806747768,22.630875526128875,22.601172541348802,14.0,16.0
2022_14_JAX_TEN,2022,14,TEN,JAX,-14.0,8.55980529347491,58.0,44.442589353215084,26.501197323344996,17.941392029870087,22.0,36.0
2022_14_KC_DEN,2022,14,DEN,KC,-6.0,-9.105255890712137,62.0,47.100225720805106,18.997484915046485,28.10274080575862,28.0,34.0
2022_14_CAR_SEA,2022,14,SEA,CAR,-6.0,6.682583105626092,54.0,45.697906108903744,26.19024460726492,19.507661501638825,24.0,30.0
2022_14_TB_SF,2022,14,SF,TB,28.0,6.474939651415661,42.0,40.184971360789774,23.329955506102717,16.855015854687057,35.0,7.0
2022_14_MIA_LAC,2022,14,LAC,MIA,6.0,-0.996431608322226,40.0,47.62351708790548,23.31354273979163,24.309974348113855,23.0,17.0
2022_14_NE_ARI,2022,14,ARI,NE,-14.0,-1.907597008822294,40.0,42.11918595676003,20.105794473968867,22.01339148279116,13.0,27.0
2022_15_SF_SEA,2022,15,SEA,SF,-8.0,-3.6978167535728055,34.0,48.17516071194533,22.238671979186265,25.936488732759067,13.0,21.0
2022_15_IND_MIN,2022,15,MIN,IND,3.0,4.999743612297911,75.0,44.53191760267151,24.765830607484713,19.7660869951868,39.0,36.0
2022_15_BAL_CLE,2022,15,CLE,BAL,10.0,-0.100702154551328,16.0,45.07112282829987,22.48521033687427,22.5859124914256,13.0,3.0
2022_15_MIA_BUF,2022,15,BUF,MIA,3.0,8.329830896941251,61.0,47.53151069994598,27.930670798443618,19.600839901502365,32.0,29.0
2022_15_PIT_CAR,2022,15,CAR,PIT,-8.0,1.0671461818737853,40.0,42.17361633214636,21.620381257010074,20.553235075136286,16.0,24.0
2022_15_PHI_CHI,2022,15,CHI,PHI,-5.0,-6.187299551360551,45.0,46.42510842698466,20.118904437812052,26.306203989172605,20.0,25.0
2022_15_KC_HOU,2022,15,HOU,KC,-6.0,-10.483412901951828,54.0,48.49361867561434,19.005102886831256,29.488515788783086,24.0,30.0
2022_15_DAL_JAX,2022,15,JAX,DAL,6.0,-4.684074855178597,74.0,47.307133960836325,21.311529552828866,25.99560440800746,40.0,34.0
2022_15_ATL_NO,2022,15,NO,ATL,3.0,3.0230197550787765,39.0,46.171904247775984,24.59746200142738,21.574442246348603,21.0,18.0
2022_15_DET_NYJ,2022,15,NYJ,DET,-3.0,1.9251148373239628,37.0,44.72688422645055,23.325999531887256,21.400884694563295,17.0,20.0
2022_15_ARI_DEN,2022,15,DEN,ARI,9.0,-3.1868975078899493,39.0,43.410113385120866,20.111607938615457,23.29850544650541,24.0,15.0
2022_15_NE_LV,2022,15,LV,NE,6.0,0.2807900013835323,54.0,44.68013320608824,22.480461603735886,22.199671602352357,30.0,24.0
2022_15_TEN_LAC,2022,15,LAC,TEN,3.0,1.709008654394582,31.0,44.694217611569925,23.201613132982253,21.492604478587673,17.0,14.0
2022_15_CIN_TB,2022,15,TB,CIN,-11.0,-2.181886320437246,57.0,45.78725282737795,21.802683253470352,23.984569573907596,23.0,34.0
2022_15_NYG_WAS,2022,15,WAS,NYG,-8.0,5.422445375791409,32.0,42.14771794956049,23.78508166267595,18.362636286884538,12.0,20.0
2022_15_LA_GB,2022,15,GB,LA,12.0,4.674368083838453,36.0,43.799912990859426,24.23714053734894,19.562772453510487,24.0,12.0
2022_16_JAX_NYJ,2022,16,NYJ,JAX,-16.0,4.396015466286705,22.0,45.38316973398862,24.889592600137664,20.49357713385096,3.0,19.0
2022_16_ATL_BAL,2022,16,BAL,ATL,8.0,8.174875547337544,26.0,45.2894951708323,26.732185359084923,18.55730981174738,17.0,9.0
2022_16_DET_CAR,2022,16,CAR,DET,14.0,-2.180488175502816,60.0,45.736876413012226,21.778194118754705,23.95868229425752,37.0,23.0
2022_16_BUF_CHI,2022,16,CHI,BUF,-22.0,-4.650660114067217,48.0,45.15328024151485,20.251310063723817,24.901970177791032,13.0,35.0
2022_16_NO_CLE,2022,16,CLE,NO,-7.0,4.703480396275615,27.0,37.7671407874236,21.235310591849608,16.531830195573992,10.0,17.0
2022_16_SEA_KC,2022,16,KC,SEA,14.0,12.774187612727816,34.0,49.35652921403655,31.06535841338218,18.291170800654367,24.0,10.0
2022_16_NYG_MIN,2022,16,MIN,NYG,3.0,4.699362764728435,51.0,47.062901600641695,25.881132182685064,21.18176941795663,27.0,24.0
2022_16_CIN_NE,2022,16,NE,CIN,-4.0,-1.0678261879264388,40.0,46.9834684406174,22.957821126345483,24.025647314271918,18.0,22.0
2022_16_HOU_TEN,2022,16,TEN,HOU,-5.0,11.206584505849442,33.0,40.14646658474246,25.676525545295952,14.46994103944651,14.0,19.0
2022_16_WAS_SF,2022,16,SF,WAS,17.0,8.383543609021551,57.0,41.677316195685314,25.030429902353433,16.64688629333188,37.0,20.0
2022_16_PHI_DAL,2022,16,DAL,PHI,6.0,2.564015209843139,74.0,50.986806908474,26.77541105915857,24.21139584931543,40.0,34.0
2022_16_LV_PIT,2022,16,PIT,LV,3.0,3.713472421825597,23.0,44.71808989041631,24.215781156120954,20.502308734295354,13.0,10.0
2022_16_GB_MIA,2022,16,MIA,GB,-6.0,2.560958752135693,46.0,44.56250118298602,23.561729967560854,21.000771215425164,20.0,26.0
2022_16_DEN_LA,2022,16,LA,DEN,37.0,3.090256729647727,65.0,40.83120280419969,21.96072976692371,18.870473037275982,51.0,14.0
2022_16_TB_ARI,2022,16,ARI,TB,-3.0,-2.6043373018683345,35.0,42.35193081117174,19.873796754651703,22.478134056520037,16.0,19.0
2022_16_LAC_IND,2022,16,IND,LAC,-17.0,-2.062672343683302,23.0,44.86908828843328,21.40320797237499,23.465880316058293,3.0,20.0
2022_17_DAL_TEN,2022,17,TEN,DAL,-14.0,-8.640763424128975,40.0,44.81195050140801,18.085593538639518,26.726356962768495,13.0,27.0
2022_17_ARI_ATL,2022,17,ATL,ARI,1.0,3.9378739399084464,39.0,44.23066259377074,24.084268266839594,20.146394326931144,20.0,19.0
2022_17_CHI_DET,2022,17,DET,CHI,31.0,6.806173804474075,51.0,46.840493658833466,26.823333731653772,20.017159927179694,41.0,10.0
2022_17_JAX_HOU,2022,17,HOU,JAX,-28.0,-5.297824202562809,34.0,46.181877419131666,20.44202660828443,25.739850810847237,3.0,31.0
2022_17_DEN_KC,2022,17,KC,DEN,3.0,13.862200374131538,51.0,44.16085878412727,29.011529579129405,15.149329204997866,27.0,24.0
2022_17_MIA_NE,2022,17,NE,MIA,2.0,3.483355160465073,44.0,44.795538328877704,24.13944674467139,20.656091584206315,23.0,21.0
2022_17_IND_NYG,2022,17,NYG,IND,28.0,5.485966711273862,48.0,41.734521535998006,23.610244123635933,18.124277412362073,38.0,10.0
2022_17_NO_PHI,2022,17,PHI,NO,-10.0,10.11144432021027,30.0,45.40168068579466,27.756562503002463,17.645118182792196,10.0,20.0
2022_17_CAR_TB,2022,17,TB,CAR,6.0,1.7708144141197013,54.0,42.28609607967589,22.028455246897796,20.257640832778097,30.0,24.0
2022_17_CLE_WAS,2022,17,WAS,CLE,-14.0,2.3183944804706216,34.0,41.63152696299076,21.974960721730692,19.65656624126007,10.0,24.0
2022_17_SF_LV,2022,17,LV,SF,-3.0,-4.291741423190513,71.0,45.88096368517449,20.79461113099199,25.086352554182504,34.0,37.0
2022_17_NYJ_SEA,2022,17,SEA,NYJ,17.0,3.9877671175834863,29.0,42.932032495777364,23.459899806680426,19.472132689096938,23.0,6.0
2022_17_MIN_GB,2022,17,GB,MIN,24.0,0.996945900110735,58.0,46.37772379573167,23.687334847921203,22.690388947810465,41.0,17.0
2022_17_LA_LAC,2022,17,LAC,LA,21.0,5.429580237814887,41.0,43.916800074212915,24.673190156013902,19.243609918199013,31.0,10.0
2022_17_PIT_BAL,2022,17,BAL,PIT,-3.0,3.3811830280037696,29.0,43.44241983083393,23.411801429418848,20.03061840141508,13.0,16.0
2022_18_KC_LV,2022,18,LV,KC,-18.0,-3.112852585455196,44.0,50.301062477246916,23.59410494589586,26.706957531351055,13.0,31.0
2022_18_TEN_JAX,2022,18,JAX,TEN,4.0,2.1654994147063795,36.0,43.05570726414192,22.610603339424152,20.44510392471777,20.0,16.0
2022_18_TB_ATL,2022,18,ATL,TB,13.0,-0.2264849856490557,47.0,43.05122971395444,21.41237236415269,21.63885734980175,30.0,17.0
2022_18_NE_BUF,2022,18,BUF,NE,12.0,9.73848513244696,58.0,43.68284330316969,26.710664217808326,16.972179085361365,35.0,23.0
2022_18_MIN_CHI,2022,18,CHI,MIN,-16.0,-6.55792601212611,42.0,45.00749174131665,19.22478286459527,25.78270887672138,13.0,29.0
2022_18_BAL_CIN,2022,18,CIN,BAL,11.0,6.730773144882921,43.0,45.31829780122162,26.024535473052268,19.29376232816935,27.0,16.0
2022_18_HOU_IND,2022,18,IND,HOU,-1.0,2.467953173062056,63.0,41.98935778863591,22.228655480848982,19.760702307786925,31.0,32.0
2022_18_NYJ_MIA,2022,18,MIA,NYJ,5.0,4.1238708890664695,17.0,42.28860930326278,23.206240096164624,19.082369207098157,11.0,6.0
2022_18_CAR_NO,2022,18,NO,CAR,-3.0,3.043554211616963,17.0,43.215747674764565,23.129650943190764,20.0860967315738,7.0,10.0
2022_18_CLE_PIT,2022,18,PIT,CLE,14.0,2.5333560847955856,42.0,43.86696565199258,23.200160868394082,20.666804783598497,28.0,14.0
2022_18_LAC_DEN,2022,18,DEN,LAC,3.0,-7.835417786531981,59.0,43.95798153871789,18.061281876092952,25.896699662624936,31.0,28.0
2022_18_NYG_PHI,2022,18,PHI,NYG,6.0,8.490499712342476,38.0,46.737441088045124,27.6139704001938,19.123470687851324,22.0,16.0
2022_18_LA_SEA,2022,18,SEA,LA,3.0,6.082043480497807,35.0,43.582385986414536,24.832214733456173,18.750171252958364,19.0,16.0
2022_18_ARI_SF,2022,18,SF,ARI,25.0,14.871657536276262,51.0,43.598100949906765,29.234879243091513,14.363221706815253,38.0,13.0
2022_18_DAL_WAS,2022,18,WAS,DAL,20.0,-8.820499354397368,32.0,44.13755606581598,17.658528355709304,26.479027710106674,26.0,6.0
2022_18_DET_GB,2022,18,GB,DET,-4.0,5.501997647221237,36.0,47.97591672825073,26.738957187735984,21.236959540514746,16.0,20.0
2023_01_DET_KC,2023,1,KC,DET,-1.0,9.373257484669727,41.0,52.28542048899795,30.82933898683384,21.45608150216411,20.0,21.0
2023_01_CAR_ATL,2023,1,ATL,CAR,14.0,2.6533059069949747,34.0,44.5876070031849,23.620456455089936,20.967150548094963,24.0,10.0
2023_01_HOU_BAL,2023,1,BAL,HOU,16.0,9.06433519011631,34.0,42.94099824425808,26.002666717187196,16.938331527070886,25.0,9.0
2023_01_CIN_CLE,2023,1,CLE,CIN,21.0,-1.039732777476186,27.0,46.806471362046075,22.883369292284943,23.923102069761132,24.0,3.0
2023_01_JAX_IND,2023,1,IND,JAX,-10.0,-1.493372541251744,52.0,44.44616098833004,21.47639422353915,22.969766764790894,21.0,31.0
2023_01_TB_MIN,2023,1,MIN,TB,-3.0,2.8294837822324035,37.0,44.16187681074735,23.495680296489876,20.666196514257475,17.0,20.0
2023_01_TEN_NO,2023,1,NO,TEN,1.0,3.927003771113172,31.0,41.76439158839007,22.84569767975162,18.91869390863845,16.0,15.0
2023_01_SF_PIT,2023,1,PIT,SF,-23.0,0.1495750573232379,37.0,46.42399499744807,23.286785027385655,23.137209970062415,7.0,30.0
2023_01_ARI_WAS,2023,1,WAS,ARI,4.0,4.252322623639358,36.0,42.26450887291377,23.258415748276565,19.006093124637207,20.0,16.0
2023_01_GB_CHI,2023,1,CHI,GB,-18.0,-3.149233269972117,58.0,44.62817068020434,20.739468705116114,23.888701975088228,20.0,38.0
2023_01_LV_DEN,2023,1,DEN,LV,-1.0,-2.0180145107377445,33.0,44.26721402543826,21.124599757350257,23.142614268088,16.0,17.0
2023_01_MIA_LAC,2023,1,LAC,MIA,-2.0,2.624217031281271,70.0,46.536298533314756,24.580257782298013,21.956040751016744,34.0,36.0
2023_01_PHI_NE,2023,1,NE,PHI,-5.0,-1.4902724975504344,45.0,45.55782843172711,22.033777967088337,23.524050464638773,20.0,25.0
2023_01_LA_SEA,2023,1,SEA,LA,-17.0,3.9196180523066233,43.0,43.31366998219628,23.616644017251453,19.697025964944828,13.0,30.0
2023_01_DAL_NYG,2023,1,NYG,DAL,-40.0,0.3563791767088248,40.0,46.47017124427491,23.413275210491868,23.05689603378304,0.0,40.0
2023_01_BUF_NYJ,2023,1,NYJ,BUF,6.0,-6.460645612044324,38.0,44.65816062231442,19.098757505135048,25.55940311717937,22.0,16.0
2023_02_MIN_PHI,2023,2,PHI,MIN,6.0,5.11428990725567,62.0,40.06000277469308,22.587146340974375,17.472856433718707,34.0,28.0
2023_02_GB_ATL,2023,2,ATL,GB,1.0,2.249958021445327,49.0,43.86005452172523,23.05500627158528,20.80504825013995,25.0,24.0
2023_02_LV_BUF,2023,2,BUF,LV,28.0,7.106786273776248,48.0,44.27548019878604,25.691133236281146,18.584346962504895,38.0,10.0
2023_02_BAL_CIN,2023,2,CIN,BAL,-3.0,0.7284108041432338,51.0,40.926981954753,20.827696379448117,20.099285575304886,24.0,27.0
2023_02_SEA_DET,2023,2,DET,SEA,-6.0,4.49683028404629,68.0,43.61334285222351,24.0550865681349,19.55825628408861,31.0,37.0
2023_02_IND_HOU,2023,2,HOU,IND,-11.0,1.938121459215831,51.0,41.25870649447404,21.598413976844935,19.660292517629106,20.0,31.0
2023_02_KC_JAX,2023,2,JAX,KC,-8.0,1.362445006903187,26.0,43.34428028080634,22.353362643854762,20.990917636951576,9.0,17.0
2023_02_CHI_TB,2023,2,TB,CHI,10.0,8.95874454427153,44.0,42.29114455116496,25.624944547718247,16.666200003446715,27.0,17.0
2023_02_LAC_TEN,2023,2,TEN,LAC,3.0,-0.1458950780471147,51.0,47.55353028176392,23.703817601858404,23.849712679905515,27.0,24.0
2023_02_NYG_ARI,2023,2,ARI,NYG,-3.0,3.791566961705997,59.0,41.96847541737289,22.880021189539445,19.08845422783345,28.0,31.0
2023_02_SF_LA,2023,2,LA,SF,-7.0,0.3376055562634378,53.0,49.7526645930333,25.04513507464837,24.70752951838493,23.0,30.0
2023_02_NYJ_DAL,2023,2,DAL,NYJ,20.0,10.913813707638669,40.0,43.85777725986376,27.385795483751213,16.471981776112546,30.0,10.0
2023_02_WAS_DEN,2023,2,DEN,WAS,-2.0,1.4967704000981148,68.0,41.577867949835685,21.5373191749669,20.040548774868785,33.0,35.0
2023_02_MIA_NE,2023,2,NE,MIA,-7.0,1.4780683947377975,41.0,49.52933950930314,25.50370395202047,24.025635557282673,17.0,24.0
2023_02_NO_CAR,2023,2,CAR,NO,-3.0,1.414671363577118,37.0,39.899743184200595,20.657207273888858,19.242535910311737,17.0,20.0
2023_02_CLE_PIT,2023,2,PIT,CLE,4.0,-0.1948549966103299,48.0,40.47685624547949,20.14100062443458,20.33585562104491,26.0,22.0
2023_03_NYG_SF,2023,3,SF,NYG,18.0,12.49493228249479,42.0,44.52635172492251,28.510642003708654,16.01570972121386,30.0,12.0
2023_03_IND_BAL,2023,3,BAL,IND,-3.0,9.072951531906051,41.0,47.111008204170595,28.091979868038322,19.019028336132273,19.0,22.0
2023_03_TEN_CLE,2023,3,CLE,TEN,24.0,4.556167407836446,30.0,40.49561716632187,22.52589228707916,17.969724879242712,27.0,3.0
2023_03_ATL_DET,2023,3,DET,ATL,14.0,3.693082893745456,26.0,47.46071272944339,25.57689781159442,21.883814917848966,20.0,6.0
2023_03_NO_GB,2023,3,GB,NO,1.0,4.324416719956944,35.0,44.09143427648377,24.207925498220355,19.883508778263412,18.0,17.0
2023_03_HOU_JAX,2023,3,JAX,HOU,-20.0,7.38413135034165,54.0,42.212685879041445,24.798408614691546,17.4142772643499,17.0,37.0
2023_03_DEN_MIA,2023,3,MIA,DEN,50.0,7.464397643121691,90.0,51.02735969510911,29.245878669115402,21.78148102599371,70.0,20.0
2023_03_LAC_MIN,2023,3,MIN,LAC,-4.0,1.504430452463812,52.0,49.79157824739724,25.648004349930527,24.143573897466712,24.0,28.0
2023_03_NE_NYJ,2023,3,NYJ,NE,-5.0,0.6068383575514671,25.0,39.98753930709642,20.297188832323943,19.690350474772476,10.0,15.0
2023_03_BUF_WAS,2023,3,WAS,BUF,-34.0,-2.56471637481245,40.0,49.28191397234616,23.358598798766856,25.923315173579304,3.0,37.0
2023_03_CAR_SEA,2023,3,SEA,CAR,10.0,5.252980232847133,64.0,44.64547198305931,24.949226107953223,19.696245875106086,37.0,27.0
2023_03_DAL_ARI,2023,3,ARI,DAL,12.0,-6.254616654933424,44.0,45.395349114275426,19.570366229671002,25.824982884604424,28.0,16.0
2023_03_CHI_KC,2023,3,KC,CHI,31.0,11.992993401116054,51.0,42.00786246343603,27.00042793227604,15.007434531159987,41.0,10.0
2023_03_PIT_LV,2023,3,LV,PIT,-5.0,0.7600302767729552,41.0,43.654248576229854,22.207139426501406,21.447109149728448,18.0,23.0
2023_03_PHI_TB,2023,3,TB,PHI,-14.0,-1.9422017500269613,36.0,44.39288876905524,21.22534350951414,23.1675452595411,11.0,25.0
2023_03_LA_CIN,2023,3,CIN,LA,3.0,3.890532574187543,35.0,44.330090267930146,24.110311421058846,20.2197788468713,19.0,16.0
2023_04_DET_GB,2023,4,GB,DET,-14.0,3.906565631093688,54.0,45.08930417778969,24.497934904441692,20.591369273348,20.0,34.0
2023_04_ATL_JAX,2023,4,JAX,ATL,16.0,1.9417568629328064,30.0,40.908258214884476,21.42500753890864,19.483250675975835,23.0,7.0
2023_04_MIA_BUF,2023,4,BUF,MIA,28.0,0.5178184406263281,68.0,50.29728607145541,25.40755225604087,24.88973381541454,48.0,20.0
2023_04_MIN_CAR,2023,4,CAR,MIN,-8.0,-2.7173008220401003,34.0,43.49531606105284,20.38900761950637,23.10630844154647,13.0,21.0
2023_04_DEN_CHI,2023,4,CHI,DEN,-3.0,1.9820927639755024,59.0,44.49871468089548,23.24040372243549,21.25831095845999,28.0,31.0
2023_04_BAL_CLE,2023,4,CLE,BAL,-25.0,1.7068470765375967,31.0,42.38409927142645,22.045473173982025,20.338626097444426,3.0,28.0
2023_04_PIT_HOU,2023,4,HOU,PIT,24.0,0.8049206654098817,36.0,42.43580746924732,21.6203640673286,20.81544340191872,30.0,6.0
2023_04_LA_IND,2023,4,IND,LA,-6.0,3.616263709514831,52.0,45.12454680342734,24.370405256471088,20.754141546956255,23.0,29.0
2023_04_TB_NO,2023,4,NO,TB,-17.0,2.6480036278327344,35.0,42.74267574787707,22.695339687854904,20.047336060022168,9.0,26.0
2023_04_WAS_PHI,2023,4,PHI,WAS,3.0,9.169080305215031,65.0,44.64669988811288,26.907890096663955,17.738809791448922,34.0,31.0
2023_04_CIN_TEN,2023,4,TEN,CIN,24.0,-2.3383154215793587,30.0,41.32551166905342,19.49359812373703,21.83191354531639,27.0,3.0
2023_04_LV_LAC,2023,4,LAC,LV,7.0,5.850202769098154,41.0,48.926487300071464,27.38834503458481,21.538142265486655,24.0,17.0
2023_04_NE_DAL,2023,4,DAL,NE,35.0,5.845759428130242,41.0,41.60148235780482,23.72362089296753,17.877861464837288,38.0,3.0
2023_04_ARI_SF,2023,4,SF,ARI,19.0,10.014312638238229,51.0,44.83094185104246,27.422627244640346,17.408314606402115,35.0,16.0
2023_04_KC_NYJ,2023,4,NYJ,KC,-3.0,-6.53595107258122,43.0,43.065259090466824,18.264654008942802,24.800605081524022,20.0,23.0
2023_04_SEA_NYG,2023,4,NYG,SEA,-21.0,-4.019220281755719,27.0,44.54403242659812,20.2624060724212,24.28162635417692,3.0,24.0
2023_05_CHI_WAS,2023,5,WAS,CHI,-20.0,5.8135137547078335,60.0,44.75998059564736,25.2867471751776,19.473233420469764,20.0,40.0
2023_05_JAX_BUF,2023,5,BUF,JAX,-5.0,9.884251199168078,45.0,42.73554775495051,26.309899477059293,16.425648277891217,20.0,25.0
2023_05_HOU_ATL,2023,5,ATL,HOU,2.0,2.0794190217695965,40.0,43.38573763515397,22.732578328461784,20.65315930669219,21.0,19.0
2023_05_CAR_DET,2023,5,DET,CAR,18.0,8.913841003276355,66.0,44.43755297837567,26.67569699082601,17.76185598754966,42.0,24.0
2023_05_TEN_IND,2023,5,IND,TEN,7.0,2.0258732356987914,39.0,42.259409309807246,22.142641272753018,20.11676803705423,23.0,16.0
2023_05_NYG_MIA,2023,5,MIA,NYG,15.0,7.699642635468081,47.0,46.063113359460154,26.881377997464117,19.181735361996036,31.0,16.0
2023_05_NO_NE,2023,5,NE,NO,-34.0,2.6323260025230133,34.0,39.767264765890054,21.199795384206535,18.56746938168352,0.0,34.0
2023_05_BAL_PIT,2023,5,PIT,BAL,7.0,-5.582708967681545,27.0,41.71215728632721,18.064724159322832,23.64743312700438,17.0,10.0
2023_05_CIN_ARI,2023,5,ARI,CIN,-14.0,1.1248085874294904,54.0,44.379743447371986,22.75227601740074,21.627467429971247,20.0,34.0
2023_05_PHI_LA,2023,5,LA,PHI,-9.0,-2.688319184816696,37.0,48.885260469444276,23.09847064231379,25.786789827130487,14.0,23.0
2023_05_NYJ_DEN,2023,5,DEN,NYJ,-10.0,2.977274971720401,52.0,42.62401237468962,22.80064367320501,19.82336870148461,21.0,31.0
2023_05_KC_MIN,2023,5,MIN,KC,-7.0,-2.454390518121488,47.0,47.20877734184749,22.377193411863,24.831583929984486,20.0,27.0
2023_05_DAL_SF,2023,5,SF,DAL,32.0,5.804136121069595,52.0,47.437230587509504,26.62068335428955,20.816547233219953,42.0,10.0
2023_05_GB_LV,2023,5,LV,GB,4.0,-0.4730592858108932,30.0,44.46258992667008,21.994765320429593,22.467824606240484,17.0,13.0
2023_06_DEN_KC,2023,6,KC,DEN,11.0,11.35300849688508,27.0,44.97996417986768,28.16648633837638,16.8134778414913,19.0,8.0
2023_06_BAL_TEN,2023,6,TEN,BAL,-8.0,-4.001389859765338,40.0,43.684517004638664,19.841563572436662,23.842953432202002,16.0,24.0
2023_06_WAS_ATL,2023,6,ATL,WAS,-8.0,3.778660599879705,40.0,44.71286273567653,24.24576166777812,20.46710106789841,16.0,24.0
2023_06_MIN_CHI,2023,6,CHI,MIN,-6.0,-2.76656429734462,32.0,43.02250096590512,20.127968334280247,22.89453263162487,13.0,19.0
2023_06_SEA_CIN,2023,6,CIN,SEA,4.0,1.6441511934652622,30.0,43.24705910594976,22.44560514970751,20.80145395624225,17.0,13.0
2023_06_SF_CLE,2023,6,CLE,SF,2.0,-9.228985551167812,36.0,44.72763779497511,17.74932612190365,26.97831167307146,19.0,17.0
2023_06_NO_HOU,2023,6,HOU,NO,7.0,1.8710471649606024,33.0,41.82332127677104,21.84718422086582,19.97613705590522,20.0,13.0
2023_06_IND_JAX,2023,6,JAX,IND,17.0,3.332765347597147,57.0,43.454527821059166,23.393646584328156,20.06088123673101,37.0,20.0
2023_06_CAR_MIA,2023,6,MIA,CAR,21.0,9.650529023773542,63.0,46.90243944532439,28.276484234548967,18.625955210775423,42.0,21.0
2023_06_NE_LV,2023,6,LV,NE,4.0,4.073863057568414,38.0,40.603486473323194,22.338674765445806,18.26481170787739,21.0,17.0
2023_06_ARI_LA,2023,6,LA,ARI,17.0,3.634646317229644,35.0,48.053932211942175,25.84428926458591,22.209642947356265,26.0,9.0
2023_06_PHI_NYJ,2023,6,NYJ,PHI,6.0,-6.854421748904761,34.0,44.19591642962959,18.670747340362414,25.525169089267177,20.0,14.0
2023_06_DET_TB,2023,6,TB,DET,-14.0,1.7059417655140836,26.0,44.95057224458512,23.3282570050496,21.622315239535517,6.0,20.0
2023_06_NYG_BUF,2023,6,BUF,NYG,5.0,13.217519695636629,23.0,44.640449023159974,28.9289843593983,15.711464663761673,14.0,9.0
2023_06_DAL_LAC,2023,6,LAC,DAL,-3.0,0.9271772560738172,37.0,46.13918118766523,23.533179221869524,22.606001965795706,17.0,20.0
2023_07_JAX_NO,2023,7,NO,JAX,-7.0,2.996242710266872,55.0,41.91175895857513,22.454000834421,19.45775812415413,24.0,31.0
2023_07_DET_BAL,2023,7,BAL,DET,32.0,2.4394427711764783,44.0,42.84953317304803,22.644487972112255,20.205045200935775,38.0,6.0
2023_07_LV_CHI,2023,7,CHI,LV,18.0,-0.8039119006151083,42.0,40.22924693244954,19.712667515917218,20.516579416532323,30.0,12.0
2023_07_CLE_IND,2023,7,IND,CLE,-1.0,0.0251929308774372,77.0,40.35240372208503,20.188798326481233,20.163605395603796,38.0,39.0
2023_07_BUF_NE,2023,7,NE,BUF,4.0,-7.274675263600719,54.0,44.845936800996625,18.785630768697953,26.060306032298673,29.0,25.0
2023_07_WAS_NYG,2023,7,NYG,WAS,7.0,-2.56005028255835,21.0,41.222265656711016,19.331107687076333,21.891157969634683,14.0,7.0
2023_07_ATL_TB,2023,7,TB,ATL,-3.0,5.811679401542213,29.0,41.004009574006304,23.40784448777426,17.596165086232045,13.0,16.0
2023_07_PIT_LA,2023,7,LA,PIT,-7.0,4.465059206982066,41.0,44.058554039141946,24.261806623062007,19.79674741607994,17.0,24.0
2023_07_ARI_SEA,2023,7,SEA,ARI,10.0,8.755605729396372,30.0,46.96143807662135,27.85852190300886,19.10291617361249,20.0,10.0
2023_07_GB_DEN,2023,7,DEN,GB,2.0,-4.663492604192155,36.0,42.143440611550105,18.739974003678974,23.40346660787113,19.0,17.0
2023_07_LAC_KC,2023,7,KC,LAC,14.0,10.739610259219482,48.0,44.87157556991954,27.805592914569512,17.06598265535003,31.0,17.0
2023_07_MIA_PHI,2023,7,PHI,MIA,14.0,2.368443944926063,48.0,50.86385953875471,26.616151741840387,24.247707796914323,31.0,17.0
2023_07_SF_MIN,2023,7,MIN,SF,5.0,-5.293566692194191,39.0,49.18857907451168,21.947506191158745,27.241072883352935,22.0,17.0
2023_08_TB_BUF,2023,8,BUF,TB,6.0,9.22747012469482,42.0,42.84921845775726,26.03834429122604,16.81087416653122,24.0,18.0
2023_08_HOU_CAR,2023,8,CAR,HOU,2.0,-4.461377389157784,28.0,41.72094998272259,18.629786296782402,23.091163685940185,15.0,13.0
2023_08_LA_DAL,2023,8,DAL,LA,23.0,6.136377096828893,63.0,44.992921660003475,25.564649378416185,19.42827228158729,43.0,20.0
2023_08_MIN_GB,2023,8,GB,MIN,-14.0,-1.960595344267648,34.0,42.286446198305875,20.162925427019115,22.12352077128676,10.0,24.0
2023_08_NO_IND,2023,8,IND,NO,-11.0,-1.05421000146805,65.0,42.36635715171022,20.656073575121084,21.710283576589134,27.0,38.0
2023_08_NE_MIA,2023,8,MIA,NE,14.0,6.62549339993262,48.0,44.57296102406864,25.59922721200063,18.97373381206801,31.0,17.0
2023_08_NYJ_NYG,2023,8,NYG,NYJ,-3.0,-2.559179233579439,23.0,41.01675222684357,19.228786496632065,21.787965730211507,10.0,13.0
2023_08_JAX_PIT,2023,8,PIT,JAX,-10.0,2.4531423166555157,30.0,43.19788089336716,22.82551160501134,20.372369288355824,10.0,20.0
2023_08_ATL_TEN,2023,8,TEN,ATL,5.0,2.813277857037233,51.0,39.68194774665824,21.247612801847737,18.4343349448105,28.0,23.0
2023_08_PHI_WAS,2023,8,WAS,PHI,-7.0,-5.001565065553009,69.0,45.90054105277824,20.449487993612614,25.451053059165623,31.0,38.0
2023_08_CLE_SEA,2023,8,SEA,CLE,4.0,4.458014748462154,44.0,41.59330802176689,23.02566138511452,18.567646636652366,24.0,20.0
2023_08_BAL_ARI,2023,8,ARI,BAL,-7.0,-5.683478040145834,55.0,43.939324281815054,19.12792312083461,24.811401160980445,24.0,31.0
2023_08_KC_DEN,2023,8,DEN,KC,15.0,-5.453096813919881,33.0,44.695041512186165,19.62097234913314,25.074069163053025,24.0,9.0
2023_08_CIN_SF,2023,8,SF,CIN,-14.0,6.050036712566748,48.0,44.07152689434175,25.06078180345425,19.0107450908875,17.0,31.0
2023_08_CHI_LAC,2023,8,LAC,CHI,17.0,3.085242955914544,43.0,48.10386687021868,25.594554913066613,22.509311957152068,30.0,13.0
2023_08_LV_DET,2023,8,DET,LV,12.0,7.765549235793267,40.0,46.69140268962743,27.22847596271035,19.462926726917082,26.0,14.0
2023_09_TEN_PIT,2023,9,PIT,TEN,4.0,4.277275305050013,36.0,41.9466841736545,23.111979739352257,18.834704434302246,20.0,16.0
2023_09_MIA_KC,2023,9,KC,MIA,7.0,2.883045411755893,35.0,47.87385726697223,25.378451339364062,22.495405927608168,21.0,14.0
2023_09_MIN_ATL,2023,9,ATL,MIN,-3.0,-1.0198178162272027,59.0,43.03969423744983,21.009938210611313,22.029756026838516,28.0,31.0
2023_09_SEA_BAL,2023,9,BAL,SEA,34.0,3.982085050142592,40.0,45.565849601245226,24.77396732569391,20.791882275551316,37.0,3.0
2023_09_ARI_CLE,2023,9,CLE,ARI,27.0,5.889383589437079,27.0,42.425852653964135,24.157618121700608,18.268234532263527,27.0,0.0
2023_09_LA_GB,2023,9,GB,LA,17.0,2.094586477677052,23.0,42.74280984030589,22.41869815899147,20.324111681314417,20.0,3.0
2023_09_TB_HOU,2023,9,HOU,TB,2.0,3.400038051285754,76.0,43.41296426516137,23.406501158223563,20.006463106937808,39.0,37.0
2023_09_WAS_NE,2023,9,NE,WAS,-3.0,1.568620493696003,37.0,43.42285836116523,22.495739427430617,20.927118933734615,17.0,20.0
2023_09_CHI_NO,2023,9,NO,CHI,7.0,4.199684378707725,41.0,44.33370932383639,24.266696851272055,20.067012472564333,24.0,17.0
2023_09_IND_CAR,2023,9,CAR,IND,-14.0,1.8097782996545488,40.0,44.548844653766146,23.179311476710346,21.3695331770558,13.0,27.0
2023_09_NYG_LV,2023,9,LV,NYG,24.0,3.697337190115321,36.0,40.55551316394014,22.12642517702773,18.42908798691241,30.0,6.0
2023_09_DAL_PHI,2023,9,PHI,DAL,5.0,4.6418149052072,51.0,46.710205905452625,25.67601040532991,21.034195500122713,28.0,23.0
2023_09_BUF_CIN,2023,9,CIN,BUF,6.0,2.1354371401287184,42.0,46.981228632126424,24.55833288612757,22.422895745998854,24.0,18.0
2023_09_LAC_NYJ,2023,9,NYJ,LAC,-21.0,1.9719361324061908,33.0,44.99582496379555,23.48388054810087,21.51194441569468,6.0,27.0
2023_10_CAR_CHI,2023,10,CHI,CAR,3.0,4.469093664439278,29.0,40.9745761532048,22.72183490882204,18.25274124438276,16.0,13.0
2023_10_IND_NE,2023,10,NE,IND,-4.0,2.4141776194580307,16.0,44.63876146945598,23.526469544457004,21.112291924998974,6.0,10.0
2023_10_CLE_BAL,2023,10,BAL,CLE,-2.0,8.257375729732784,64.0,39.69315248106238,23.97526410539758,15.717888375664796,31.0,33.0
2023_10_HOU_CIN,2023,10,CIN,HOU,-3.0,8.947817295839418,57.0,44.17199900574879,26.5599081507941,17.612090854954687,27.0,30.0
2023_10_SF_JAX,2023,10,JAX,SF,-31.0,1.340387814373741,37.0,45.943410749261304,23.641899281817523,22.30151146744378,3.0,34.0
2023_10_NO_MIN,2023,10,MIN,NO,8.0,3.801403312768639,46.0,43.56202268631164,23.681712999540142,19.8803096867715,27.0,19.0
2023_10_GB_PIT,2023,10,PIT,GB,4.0,3.235666505560472,42.0,42.44370472765723,22.83968561660885,19.604019111048377,23.0,19.0
2023_10_TEN_TB,2023,10,TB,TEN,14.0,2.721529888591281,26.0,43.00781509278409,22.86467249068769,20.143142602096404,20.0,6.0
2023_10_ATL_ARI,2023,10,ARI,ATL,2.0,-3.7836444788761017,48.0,41.815419313059245,19.015887417091573,22.79953189596767,25.0,23.0
2023_10_DET_LAC,2023,10,LAC,DET,-3.0,1.0053104108237143,79.0,46.66321775854863,23.834264084686176,22.828953673862458,38.0,41.0
2023_10_NYG_DAL,2023,10,DAL,NYG,32.0,10.374657856073863,66.0,42.86901467474358,26.621836265408724,16.247178409334857,49.0,17.0
2023_10_WAS_SEA,2023,10,SEA,WAS,3.0,5.921414348735482,55.0,43.42601311451976,24.673713731627622,18.75229938289214,29.0,26.0
2023_10_NYJ_LV,2023,10,LV,NYJ,4.0,4.092750165570587,28.0,39.943538960567025,22.018144563068805,17.92539439749822,16.0,12.0
2023_10_DEN_BUF,2023,10,BUF,DEN,-2.0,12.13441000351696,46.0,44.83539601154616,28.48490300753156,16.3504930040146,22.0,24.0
2023_11_CIN_BAL,2023,11,BAL,CIN,14.0,5.100521245846785,54.0,42.20450995381606,23.65251559983142,18.551994353984636,34.0,20.0
2023_11_DAL_CAR,2023,11,CAR,DAL,-23.0,-7.26676907900176,43.0,44.36553454231,18.54938273165412,25.81615181065588,10.0,33.0
2023_11_PIT_CLE,2023,11,CLE,PIT,3.0,3.978289721724975,23.0,40.69037128610038,22.33433050391268,18.3560407821877,13.0,10.0
2023_11_CHI_DET,2023,11,DET,CHI,5.0,8.64371949880704,57.0,47.712860697124945,28.17829009796599,19.534570599158954,31.0,26.0
2023_11_LAC_GB,2023,11,GB,LAC,3.0,-1.87591199132039,43.0,45.71090293973012,21.917495474204863,23.793407465525256,23.0,20.0
2023_11_ARI_HOU,2023,11,HOU,ARI,5.0,6.144792996417704,37.0,44.85577850727886,25.500285751848285,19.35549275543058,21.0,16.0
2023_11_TEN_JAX,2023,11,JAX,TEN,20.0,6.130756163040035,48.0,41.51470380158339,23.82272998231171,17.691973819271677,34.0,14.0
2023_11_LV_MIA,2023,11,MIA,LV,7.0,6.161579241031784,33.0,45.25957287902526,25.71057606002852,19.548996818996738,20.0,13.0
2023_11_NYG_WAS,2023,11,WAS,NYG,-12.0,4.681788325915286,50.0,39.58512550146071,22.133456913687997,17.451668587772712,19.0,31.0
2023_11_TB_SF,2023,11,SF,TB,13.0,8.539600065512065,41.0,42.05320021849555,25.296400142003804,16.756800076491743,27.0,14.0
2023_11_NYJ_BUF,2023,11,BUF,NYJ,26.0,9.755269819064782,38.0,43.0997290254163,26.427499422240544,16.672229603175758,32.0,6.0
2023_11_SEA_LA,2023,11,LA,SEA,1.0,-1.4810590800181762,33.0,43.54279111686758,21.030866018424703,22.51192509844288,17.0,16.0
2023_11_MIN_DEN,2023,11,DEN,MIN,1.0,-3.083516369618285,41.0,44.210977914876274,20.563730772628993,23.64724714224728,21.0,20.0
2023_11_PHI_KC,2023,11,KC,PHI,-4.0,2.992549860791536,38.0,46.09192054962077,24.54223520520615,21.549685344414616,17.0,21.0
2023_12_GB_DET,2023,12,DET,GB,-7.0,6.561834747420687,51.0,45.92256230021663,26.24219852381866,19.68036377639797,22.0,29.0
2023_12_WAS_DAL,2023,12,DAL,WAS,35.0,7.774460558563914,55.0,45.71467434633473,26.744567452449324,18.970106893885408,45.0,10.0
2023_12_SF_SEA,2023,12,SEA,SF,-18.0,-4.930299187509627,44.0,46.95522196523481,21.012461388862594,25.94276057637222,13.0,31.0
2023_12_MIA_NYJ,2023,12,NYJ,MIA,-21.0,-5.057131901704073,47.0,42.13748312025969,18.540175609277807,23.59730751098188,13.0,34.0
2023_12_NO_ATL,2023,12,ATL,NO,9.0,-2.8406162754366395,39.0,43.70032513287329,20.429854428718325,23.270470704154963,24.0,15.0
2023_12_PIT_CIN,2023,12,CIN,PIT,-6.0,5.5994171460085,26.0,41.21227449467298,23.40584582034074,17.806428674332242,10.0,16.0
2023_12_JAX_HOU,2023,12,HOU,JAX,-3.0,1.075960667264142,45.0,43.4511061747711,22.26353342101762,21.18757275375348,21.0,24.0
2023_12_TB_IND,2023,12,IND,TB,7.0,1.9092061891260308,47.0,44.42620541908205,23.167705804104042,21.25849961497801,27.0,20.0
2023_12_NE_NYG,2023,12,NYG,NE,3.0,0.6981724418314941,17.0,41.736571480555945,21.21737196119372,20.519199519362225,10.0,7.0
2023_12_CAR_TEN,2023,12,TEN,CAR,7.0,5.582903746968071,27.0,40.344308599823464,22.963606173395767,17.380702426427696,17.0,10.0
2023_12_LA_ARI,2023,12,ARI,LA,-23.0,-1.7082015186930868,51.0,42.50549122512719,20.39864485321705,22.106846371910137,14.0,37.0
2023_12_CLE_DEN,2023,12,DEN,CLE,17.0,2.064261182781903,41.0,41.19602185614441,21.63014151946316,19.565880336681253,29.0,12.0
2023_12_KC_LV,2023,12,LV,KC,-14.0,-3.4838017586693746,48.0,40.80187373320564,18.659035987268133,22.142837745937506,17.0,31.0
2023_12_BUF_PHI,2023,12,PHI,BUF,3.0,5.087265687203835,71.0,50.151070112925275,27.619167900064554,22.53190221286072,37.0,34.0
2023_12_BAL_LAC,2023,12,LAC,BAL,-10.0,-0.9795025497770052,30.0,49.20933665370655,24.114917051964774,25.094419601741777,10.0,20.0
2023_12_CHI_MIN,2023,12,MIN,CHI,-2.0,8.447413965963998,22.0,45.6113991171953,27.029406541579647,18.58199257561565,10.0,12.0
2023_13_SEA_DAL,2023,13,DAL,SEA,6.0,8.241983998540958,76.0,45.9758689344237,27.10892646648233,18.86694246794137,41.0,35.0
2023_13_DEN_HOU,2023,13,HOU,DEN,5.0,2.8119442562513144,39.0,46.39761324587237,24.604778751061843,21.792834494810528,22.0,17.0
2023_13_LAC_NE,2023,13,NE,LAC,-6.0,-2.413333792599212,6.0,41.915020790431754,19.75084349891627,22.164177291515482,0.0,6.0
2023_13_DET_NO,2023,13,NO,DET,-5.0,-0.3806458921150664,61.0,47.2811294124698,23.450241760177367,23.830887652292436,28.0,33.0
2023_13_ATL_NYJ,2023,13,NYJ,ATL,-5.0,0.5575105713000446,21.0,40.019739728186195,20.28862514974312,19.731114578443076,8.0,13.0
2023_13_ARI_PIT,2023,13,PIT,ARI,-14.0,11.611162598027482,34.0,41.46567588565202,26.53841924183975,14.927256643812267,10.0,24.0
2023_13_IND_TEN,2023,13,TEN,IND,-3.0,1.4065531181278994,59.0,41.846228256317296,21.6263906872226,20.219837569094697,28.0,31.0
2023_13_MIA_WAS,2023,13,WAS,MIA,-30.0,-4.105648520247668,60.0,44.50629044323496,20.200320961493645,24.305969481741315,15.0,45.0
2023_13_CAR_TB,2023,13,TB,CAR,3.0,7.77009294451604,39.0,40.401252522187086,24.08567273335156,16.315579788835525,21.0,18.0
2023_13_CLE_LA,2023,13,LA,CLE,17.0,1.015879461708112,55.0,42.36400043988296,21.689939950795534,20.674060489087424,36.0,19.0
2023_13_SF_PHI,2023,13,PHI,SF,-23.0,4.2466036620280825,61.0,45.89261098698433,25.069607324506208,20.823003662478122,19.0,42.0
2023_13_KC_GB,2023,13,GB,KC,8.0,-1.837172971441293,46.0,43.125537282943874,20.64418215575129,22.481355127192582,27.0,19.0
2023_13_CIN_JAX,2023,13,JAX,CIN,-3.0,4.095037466766176,65.0,43.599295116282256,23.847166291524218,19.75212882475804,31.0,34.0
2023_14_NE_PIT,2023,14,PIT,NE,-3.0,9.130299702691609,39.0,40.67612696084234,24.903213331766974,15.772913629075365,18.0,21.0
2023_14_TB_ATL,2023,14,ATL,TB,-4.0,2.9054562921170635,54.0,42.15587610071403,22.53066619641555,19.625209904298483,25.0,29.0
2023_14_LA_BAL,2023,14,BAL,LA,6.0,9.352767685620751,68.0,43.84545384114415,26.59911076338245,17.2463430777617,37.0,31.0
2023_14_DET_CHI,2023,14,CHI,DET,15.0,-2.9307196828072937,41.0,45.30696051299545,21.18812041509408,24.118840097901373,28.0,13.0
2023_14_IND_CIN,2023,14,CIN,IND,20.0,5.740118943524387,48.0,42.89919183256319,24.31965538804379,18.579536444519402,34.0,14.0
2023_14_JAX_CLE,2023,14,CLE,JAX,4.0,-1.5831185521472193,58.0,42.00022536327561,20.208553405564196,21.791671957711415,31.0,27.0
2023_14_CAR_NO,2023,14,NO,CAR,22.0,7.728041116129436,34.0,42.48001525075934,25.104028183444385,17.375987067314952,28.0,6.0
2023_14_HOU_NYJ,2023,14,NYJ,HOU,24.0,-3.10881673379671,36.0,41.25586654083283,19.07352490351806,22.182341637314767,30.0,6.0
2023_14_MIN_LV,2023,14,LV,MIN,-3.0,-4.199287335522858,3.0,42.3417443979039,19.07122853119052,23.27051586671338,0.0,3.0
2023_14_SEA_SF,2023,14,SF,SEA,12.0,10.670473548441189,44.0,45.439618380812526,28.055045964626856,17.38457241618567,28.0,16.0
2023_14_BUF_KC,2023,14,KC,BUF,-3.0,2.5726374512185397,37.0,47.27789468647215,24.925266068845346,22.352628617626806,17.0,20.0
2023_14_DEN_LAC,2023,14,LAC,DEN,-17.0,2.91473998451197,31.0,45.78750192720879,24.351120955860377,21.43638097134841,7.0,24.0
2023_14_PHI_DAL,2023,14,DAL,PHI,20.0,7.70254741424792,46.0,50.66775171370611,29.185149563977014,21.482602149729097,33.0,13.0
2023_14_TEN_MIA,2023,14,MIA,TEN,-1.0,12.220626590190092,55.0,42.648236986070444,27.43443178813027,15.213805197940175,27.0,28.0
2023_14_GB_NYG,2023,14,NYG,GB,2.0,-5.174543625937724,46.0,43.150653414707925,18.9880548943851,24.162598520322824,24.0,22.0
2023_15_LAC_LV,2023,15,LV,LAC,42.0,-2.13666239884802,84.0,41.89753530760937,19.880436454380675,22.017098853228692,63.0,21.0
2023_15_MIN_CIN,2023,15,CIN,MIN,3.0,3.752632523973263,51.0,43.245721295082326,23.499176909527794,19.746544385554532,27.0,24.0
2023_15_PIT_IND,2023,15,IND,PIT,17.0,3.205957646251937,43.0,43.88224566680178,23.54410165652686,20.33814401027492,30.0,13.0
2023_15_DEN_DET,2023,15,DET,DEN,25.0,4.072556187377133,59.0,46.02441957250342,25.048487879940275,20.975931692563144,42.0,17.0
2023_15_ATL_CAR,2023,15,CAR,ATL,2.0,-4.075284433746229,16.0,39.42867364961669,17.676694607935232,21.75197904168146,9.0,7.0
2023_15_CHI_CLE,2023,15,CLE,CHI,3.0,4.396927231234078,37.0,40.88779618974535,22.642361710489716,18.245434479255636,20.0,17.0
2023_15_TB_GB,2023,15,GB,TB,-14.0,4.233755123714041,54.0,43.2301037445194,23.73192943411672,19.49817431040268,20.0,34.0
2023_15_NYJ_MIA,2023,15,MIA,NYJ,30.0,10.294229922897523,30.0,41.44274231568045,25.868486119288985,15.574256196391463,30.0,0.0
2023_15_KC_NE,2023,15,NE,KC,-10.0,-5.312524479454163,44.0,41.24292062685556,17.965198073700698,23.27772255315486,17.0,27.0
2023_15_NYG_NO,2023,15,NO,NYG,18.0,4.946520789980065,30.0,42.01903647386878,23.482778631924422,18.53625784194436,24.0,6.0
2023_15_HOU_TEN,2023,15,TEN,HOU,-3.0,1.5386814948675605,35.0,40.551006552622965,21.044844023745263,19.506162528877702,16.0,19.0
2023_15_SF_ARI,2023,15,ARI,SF,-16.0,-9.493343955628102,74.0,47.61866821609328,19.06266213023259,28.556006085860695,29.0,45.0
2023_15_WAS_LA,2023,15,LA,WAS,8.0,7.845697519222506,48.0,45.93456055353556,26.890129036379033,19.04443151715653,28.0,20.0
2023_15_DAL_BUF,2023,15,BUF,DAL,21.0,3.64394736346285,41.0,49.295158050537154,26.469552707000002,22.825605343537152,31.0,10.0
2023_15_BAL_JAX,2023,15,JAX,BAL,-16.0,-1.682112861794389,30.0,46.44747495294273,22.38268104557417,24.064793907368557,7.0,23.0
2023_15_PHI_SEA,2023,15,SEA,PHI,3.0,-5.429519421010033,37.0,47.581031760287715,21.07575616963884,26.505275590648875,20.0,17.0
2023_16_NO_LA,2023,16,LA,NO,8.0,2.6961133034631395,52.0,45.57231211918255,24.134212711322846,21.438099407859703,30.0,22.0
2023_16_CIN_PIT,2023,16,PIT,CIN,23.0,-4.0890005962636025,45.0,43.47832219872103,19.694660801228714,23.783661397492317,34.0,11.0
2023_16_BUF_LAC,2023,16,LAC,BUF,-2.0,-5.742635637465069,46.0,44.03137553058509,19.14436994656001,24.88700558402508,22.0,24.0
2023_16_IND_ATL,2023,16,ATL,IND,19.0,-0.9314674605565124,39.0,42.86117834961375,20.96485544452862,21.896322905085132,29.0,10.0
2023_16_GB_CAR,2023,16,CAR,GB,-3.0,-4.599353293840165,63.0,44.02452925794933,19.712587982054583,24.31194127589475,30.0,33.0
2023_16_CLE_HOU,2023,16,HOU,CLE,-14.0,0.1762064117420146,58.0,41.37835774773557,20.777282079738793,20.601075667996778,22.0,36.0
2023_16_DET_MIN,2023,16,MIN,DET,-6.0,2.4023652277340286,54.0,45.314700411207056,23.858532819470543,21.456167591736513,24.0,30.0
2023_16_WAS_NYJ,2023,16,NYJ,WAS,2.0,3.00167489096413,58.0,42.16194819683504,22.581811543899587,19.580136652935455,30.0,28.0
2023_16_SEA_TEN,2023,16,TEN,SEA,-3.0,-2.240325923474039,37.0,43.55908706049683,20.659380568511395,22.899706491985434,17.0,20.0
2023_16_JAX_TB,2023,16,TB,JAX,18.0,1.9116213200768173,42.0,42.58490985683176,22.248265588454288,20.33664426837747,30.0,12.0
2023_16_ARI_CHI,2023,16,CHI,ARI,11.0,3.252490639512029,43.0,42.1046238628862,22.678557251199116,19.426066611687084,27.0,16.0
2023_16_DAL_MIA,2023,16,MIA,DAL,2.0,4.762661043035037,42.0,49.44260026040793,27.102630651721483,22.339969608686445,22.0,20.0
2023_16_NE_DEN,2023,16,DEN,NE,-3.0,7.090083158448337,49.0,39.01155521265027,23.050819185549305,15.960736027100968,23.0,26.0
2023_16_LV_KC,2023,16,KC,LV,-6.0,8.928135161145908,34.0,41.66653164133771,25.29733340124181,16.3691982400959,14.0,20.0
2023_16_NYG_PHI,2023,16,PHI,NYG,8.0,10.620113245791662,58.0,43.07578559157555,26.84794941868361,16.227836172891944,33.0,25.0
2023_16_BAL_SF,2023,16,SF,BAL,-14.0,5.477097532357499,52.0,50.88908400494134,28.183090768649418,22.70599323629192,19.0,33.0
2023_17_NYJ_CLE,2023,17,CLE,NYJ,17.0,7.849272884534487,57.0,40.109127304106764,23.979200094320625,16.12992720978614,37.0,20.0
2023_17_DET_DAL,2023,17,DAL,DET,1.0,4.726163338794926,39.0,49.4810500726588,27.103606705726865,22.37744336693194,20.0,19.0
2023_17_MIA_BAL,2023,17,BAL,MIA,37.0,3.8721300854959786,75.0,44.718863060879116,24.29549657318755,20.423366487691567,56.0,19.0
2023_17_NE_BUF,2023,17,BUF,NE,6.0,11.054280131912014,48.0,43.39701037256626,27.225645252239136,16.17136512032712,27.0,21.0
2023_17_ATL_CHI,2023,17,CHI,ATL,20.0,3.2427317414595285,54.0,39.31971402586287,21.2812228836612,18.03849114220167,37.0,17.0
2023_17_TEN_HOU,2023,17,HOU,TEN,23.0,2.2287566628033195,29.0,42.76843191281539,22.498594287809354,20.269837625006033,26.0,3.0
2023_17_LV_IND,2023,17,IND,LV,3.0,1.9370596647935745,43.0,42.62509081406325,22.28107523942841,20.344015574634838,23.0,20.0
2023_17_CAR_JAX,2023,17,JAX,CAR,26.0,9.190071467129524,26.0,41.13045661110029,25.160264039114907,15.970192571985384,26.0,0.0
2023_17_LA_NYG,2023,17,NYG,LA,-1.0,-4.635023203094097,51.0,42.75897298743,19.06197489216795,23.69699809526205,25.0,26.0
2023_17_ARI_PHI,2023,17,PHI,ARI,-4.0,12.62333535554892,66.0,45.879632231831984,29.25148379369045,16.628148438141533,31.0,35.0
2023_17_NO_TB,2023,17,TB,NO,-10.0,3.5200930217677637,36.0,43.15650194475553,23.33829748326165,19.818204461493885,13.0,23.0
2023_17_SF_WAS,2023,17,WAS,SF,-17.0,-11.63137576331109,37.0,46.4275953064908,17.398109771589855,29.029485534900946,10.0,27.0
2023_17_PIT_SEA,2023,17,SEA,PIT,-7.0,3.617210700318344,53.0,41.696415016972644,22.656812858645495,19.03960215832715,23.0,30.0
2023_17_LAC_DEN,2023,17,DEN,LAC,7.0,2.7080639005676126,25.0,43.30713861885141,23.00760125970951,20.2995373591419,16.0,9.0
2023_17_CIN_KC,2023,17,KC,CIN,8.0,3.375210909500326,42.0,43.625931223560876,23.5005710665306,20.125360157030276,25.0,17.0
2023_17_GB_MIN,2023,17,MIN,GB,-23.0,2.047490060724665,43.0,44.32269571716408,23.18509288894437,21.13760282821971,10.0,33.0
2023_18_PIT_BAL,2023,18,BAL,PIT,-7.0,10.458471626954926,27.0,42.062185419334384,26.260328523144654,15.80185689618973,10.0,17.0
2023_18_HOU_IND,2023,18,IND,HOU,-4.0,2.847657598577852,42.0,43.43696848140136,23.142313039989606,20.294655441411752,19.0,23.0
2023_18_TB_CAR,2023,18,CAR,TB,-9.0,-6.1848154539722735,9.0,39.28681997025329,16.551002258140507,22.735817712112784,0.0,9.0
2023_18_CLE_CIN,2023,18,CIN,CLE,17.0,2.1462034578245484,45.0,41.63399233536702,21.890097896595783,19.743894438771235,31.0,14.0
2023_18_MIN_DET,2023,18,DET,MIN,10.0,6.319553490465758,50.0,45.73143558443402,26.025494537449887,19.70594104698413,30.0,20.0
2023_18_NYJ_NE,2023,18,NE,NYJ,-14.0,1.8883189588930755,20.0,39.071422966780624,20.47987096283685,18.591552003943775,3.0,17.0
2023_18_ATL_NO,2023,18,NO,ATL,31.0,6.287509224757149,65.0,42.01083724434332,24.149173234550236,17.861664009793085,48.0,17.0
2023_18_JAX_TEN,2023,18,TEN,JAX,8.0,-3.975169706809349,48.0,39.75261807733765,17.888724185264152,21.8638938920735,28.0,20.0
2023_18_SEA_ARI,2023,18,ARI,SEA,-1.0,-1.5532624341135763,41.0,45.76060091851607,22.103669242201246,23.656931676314823,20.0,21.0
2023_18_CHI_GB,2023,18,GB,CHI,8.0,4.854363938505055,26.0,43.596777446549694,24.225570692527373,19.37120675402232,17.0,9.0
2023_18_KC_LAC,2023,18,LAC,KC,-1.0,-6.373150970964271,25.0,42.59401135327321,18.11043019115447,24.48358116211874,12.0,13.0
2023_18_DEN_LV,2023,18,LV,DEN,13.0,3.193737591812948,41.0,42.350562105058344,22.772149848435646,19.5784122566227,27.0,14.0
2023_18_PHI_NYG,2023,18,NYG,PHI,17.0,-7.05282773184122,37.0,45.789583622624676,19.368377945391728,26.421205677232948,27.0,10.0
2023_18_LA_SF,2023,18,SF,LA,-1.0,8.943381058348498,41.0,45.82904913657492,27.38621509746171,18.44283403911321,20.0,21.0
2023_18_DAL_WAS,2023,18,WAS,DAL,-28.0,-9.090200386607462,48.0,44.571434749935655,17.740617181664096,26.83081756827156,10.0,38.0
2023_18_BUF_MIA,2023,18,MIA,BUF,-7.0,1.3122966015655966,35.0,48.220482439237486,24.766389520401543,23.454092918835943,14.0,21.0
2024_01_BAL_KC,2024,1,KC,BAL,7.0,-1.313958125246405,47.0,45.747799807541355,22.216920841147473,23.53087896639388,27.0,20.0
2024_01_GB_PHI,2024,1,PHI,GB,5.0,2.638043669742944,63.0,47.69178217982651,25.164912924784726,22.526869255041785,34.0,29.0
2024_01_PIT_ATL,2024,1,ATL,PIT,-8.0,-1.5445718444197143,28.0,41.925281305849424,20.190354730714855,21.73492657513457,10.0,18.0
2024_01_ARI_BUF,2024,1,BUF,ARI,6.0,12.566671865938098,62.0,42.90810983077884,27.73739084835847,15.170718982420372,34.0,28.0
2024_01_TEN_CHI,2024,1,CHI,TEN,7.0,2.8519093448613635,41.0,41.015418354701765,21.933663849781563,19.0817545049202,24.0,17.0
2024_01_NE_CIN,2024,1,CIN,NE,-6.0,7.809183237338424,26.0,41.8831622887433,24.84617276304086,17.036989525702438,10.0,16.0
2024_01_HOU_IND,2024,1,IND,HOU,-2.0,1.6402022881714853,56.0,44.562728557859835,23.10146542301566,21.461263134844174,27.0,29.0
2024_01_JAX_MIA,2024,1,MIA,JAX,3.0,5.019582889719541,37.0,45.99437281861146,25.506977854165502,20.487394964445958,20.0,17.0
2024_01_CAR_NO,2024,1,NO,CAR,37.0,8.679814381452115,57.0,43.405500098988405,26.042657240220258,17.362842858768147,47.0,10.0
2024_01_MIN_NYG,2024,1,NYG,MIN,-22.0,0.4914176120470438,34.0,41.012494261586475,20.75195593681676,20.260538324769716,6.0,28.0
2024_01_LV_LAC,2024,1,LAC,LV,12.0,-1.72241247746422,32.0,41.84636019630514,20.061973859420462,21.78438633688468,22.0,10.0
2024_01_DEN_SEA,2024,1,SEA,DEN,6.0,2.69133461849642,46.0,42.86862972522009,22.779982171858254,20.088647553361834,26.0,20.0
2024_01_DAL_CLE,2024,1,CLE,DAL,-16.0,-2.511307830381247,50.0,44.33403588729822,20.911364028458486,23.422671858839735,17.0,33.0
2024_01_WAS_TB,2024,1,TB,WAS,17.0,7.689742341848822,57.0,43.03495918940528,25.36235076562705,17.67260842377823,37.0,20.0
2024_01_LA_DET,2024,1,DET,LA,6.0,4.457828240341101,46.0,47.76649194001267,26.112160090176886,21.654331849835785,26.0,20.0
2024_01_NYJ_SF,2024,1,SF,NYJ,13.0,9.414023870574493,51.0,43.47666695734088,26.44534541395769,17.031321543383193,32.0,19.0
2024_02_BUF_MIA,2024,2,MIA,BUF,-21.0,-3.0734957273947736,41.0,46.77666243741865,21.85158335501194,24.92507908240671,10.0,31.0
2024_02_LV_BAL,2024,2,BAL,LV,-3.0,7.708549543026169,49.0,41.962436983459305,24.835493263242736,17.12694372021657,23.0,26.0
2024_02_LAC_CAR,2024,2,CAR,LAC,-23.0,-5.616175753398587,29.0,38.9337698820924,16.658797064346906,22.274972817745493,3.0,26.0
2024_02_NO_DAL,2024,2,DAL,NO,-25.0,3.3634572651054544,63.0,49.079853959176496,26.221655612140975,22.858198347035522,19.0,44.0
2024_02_TB_DET,2024,2,DET,TB,-4.0,3.904255783860184,36.0,51.36965533769004,27.636955560775114,23.732699776914927,16.0,20.0
2024_02_IND_GB,2024,2,GB,IND,6.0,1.2787462745812683,26.0,49.19766321922429,25.238204746902777,23.95945847232151,16.0,10.0
2024_02_CLE_JAX,2024,2,JAX,CLE,-5.0,3.6132648886861856,31.0,40.35352222858433,21.98339355863526,18.37012866994907,13.0,18.0
2024_02_SF_MIN,2024,2,MIN,SF,6.0,0.5451413314449799,40.0,46.73043273585154,23.63778703364826,23.092645702203278,23.0,17.0
2024_02_SEA_NE,2024,2,NE,SEA,-3.0,-0.2776975722985002,43.0,41.994843525126484,20.858572976413992,21.136270548712492,20.0,23.0
2024_02_NYJ_TEN,2024,2,TEN,NYJ,-7.0,1.3081035944144537,41.0,43.06930218058592,22.188702887500188,20.880599293085734,17.0,24.0
2024_02_NYG_WAS,2024,2,WAS,NYG,3.0,-0.3839319383238812,39.0,43.94924593757044,21.782656999623278,22.16658893794716,21.0,18.0
2024_02_LA_ARI,2024,2,ARI,LA,31.0,-1.920133323661992,51.0,48.386400667463086,23.233133671900546,25.15326699556254,41.0,10.0
2024_02_PIT_DEN,2024,2,DEN,PIT,-7.0,-3.651530695696066,19.0,40.989985964478414,18.669227634391174,22.32075833008724,6.0,13.0
2024_02_CIN_KC,2024,2,KC,CIN,1.0,6.639616284007896,51.0,44.23909368664786,25.439354985327878,18.799738701319985,26.0,25.0
2024_02_CHI_HOU,2024,2,HOU,CHI,6.0,5.009056263244104,32.0,45.70060303792353,25.354829650583817,20.34577338733971,19.0,13.0
2024_02_ATL_PHI,2024,2,PHI,ATL,-1.0,5.124936468592093,43.0,46.87170236563064,25.998319417111368,20.87338294851927,21.0,22.0
2024_03_NE_NYJ,2024,3,NYJ,NE,21.0,3.59779610312743,27.0,44.265201062397004,23.931498582762217,20.333702479634788,24.0,3.0
2024_03_NYG_CLE,2024,3,CLE,NYG,-6.0,6.34869312070302,36.0,44.28608705965155,25.317390090177284,18.968696969474266,15.0,21.0
2024_03_CHI_IND,2024,3,IND,CHI,5.0,2.8115498663854352,37.0,40.76160907767371,21.786579472029572,18.97502960564414,21.0,16.0
2024_03_HOU_MIN,2024,3,MIN,HOU,27.0,4.131488556088824,41.0,43.93650667978487,24.033997617936848,19.902509061848022,34.0,7.0
2024_03_PHI_NO,2024,3,NO,PHI,-3.0,6.840808766467156,27.0,51.07343999277835,28.95712437962275,22.116315613155596,12.0,15.0
2024_03_LAC_PIT,2024,3,PIT,LAC,10.0,5.957905884845633,30.0,40.4219483688368,23.18992712684122,17.232021241995582,20.0,10.0
2024_03_DEN_TB,2024,3,TB,DEN,-19.0,7.934296213760626,33.0,43.5821006482854,25.75819843102301,17.823902217262386,7.0,26.0
2024_03_GB_TEN,2024,3,TEN,GB,-16.0,-3.643576402418376,44.0,41.33112694268478,18.843775270133204,22.48735167255158,14.0,30.0
2024_03_CAR_LV,2024,3,LV,CAR,-14.0,9.200848257181889,58.0,42.82094273210235,26.01089549464212,16.810047237460232,22.0,36.0
2024_03_MIA_SEA,2024,3,SEA,MIA,21.0,4.182176671154767,27.0,44.45280536389095,24.317491017522862,20.13531434636809,24.0,3.0
2024_03_DET_ARI,2024,3,ARI,DET,-7.0,1.9304265137017689,33.0,49.30093518848998,25.615680851095874,23.685254337394106,13.0,20.0
2024_03_BAL_DAL,2024,3,DAL,BAL,-3.0,1.6128859590152778,53.0,47.60387621474294,24.60838108687911,22.99549512786383,25.0,28.0
2024_03_SF_LA,2024,3,LA,SF,3.0,-7.5043230290122045,51.0,44.87358501905131,18.684630995019553,26.18895402403176,27.0,24.0
2024_03_KC_ATL,2024,3,ATL,KC,-5.0,-3.0031529683198634,39.0,46.183299801761315,21.590073416720728,24.593226385040587,17.0,22.0
2024_03_JAX_BUF,2024,3,BUF,JAX,37.0,12.023866136788538,57.0,45.15934741178306,28.5916067742858,16.56774063749726,47.0,10.0
2024_03_WAS_CIN,2024,3,CIN,WAS,-5.0,4.552607389386077,71.0,45.22121908580058,24.886913237593326,20.33430584820725,33.0,38.0
2024_04_DAL_NYG,2024,4,NYG,DAL,-5.0,-1.949801073919939,35.0,43.986512742092614,21.01835583408634,22.968156908006275,15.0,20.0
2024_04_NO_ATL,2024,4,ATL,NO,2.0,-2.3382016358438635,50.0,43.774850229287196,20.718324296721665,23.05652593256553,26.0,24.0
2024_04_CIN_CAR,2024,4,CAR,CIN,-10.0,-5.34912753813868,58.0,47.37600683469258,21.01343964827695,26.36256718641563,24.0,34.0
2024_04_LA_CHI,2024,4,CHI,LA,6.0,1.520149104097248,42.0,43.06355416325517,22.29185163367621,20.77170252957896,24.0,18.0
2024_04_MIN_GB,2024,4,GB,MIN,-2.0,2.6630567891028254,60.0,43.79237858628996,23.227717687696394,20.56466089859357,29.0,31.0
2024_04_JAX_HOU,2024,4,HOU,JAX,4.0,1.6745066903583927,44.0,41.91527526538543,21.794890977871912,20.12038428751352,24.0,20.0
2024_04_PIT_IND,2024,4,IND,PIT,3.0,0.7743523242342358,51.0,40.66182842719525,20.718090375714745,19.94373805148051,27.0,24.0
2024_04_DEN_NYJ,2024,4,NYJ,DEN,-1.0,5.148369024988338,19.0,41.74442257594184,23.44639580046509,18.29802677547675,9.0,10.0
2024_04_PHI_TB,2024,4,TB,PHI,17.0,-0.1529693464853241,49.0,44.130098282707884,21.98856446811128,22.141533814596603,33.0,16.0
2024_04_WAS_ARI,2024,4,ARI,WAS,-28.0,3.2573393943720093,56.0,49.83780190764097,26.54757065100649,23.29023125663448,14.0,42.0
2024_04_NE_SF,2024,4,SF,NE,17.0,10.373501413748697,43.0,45.72109182154434,28.04729661764652,17.67379520389782,30.0,13.0
2024_04_KC_LAC,2024,4,LAC,KC,-7.0,-2.9379274288751014,27.0,43.245139099725364,20.153605835425132,23.09153326430023,10.0,17.0
2024_04_CLE_LV,2024,4,LV,CLE,4.0,2.4282643119518266,36.0,42.243148974186006,22.335706643068917,19.90744233111709,20.0,16.0
2024_04_BUF_BAL,2024,4,BAL,BUF,25.0,-1.449111676469311,45.0,49.735378567516335,24.14313344552351,25.592245121992825,35.0,10.0
2024_04_TEN_MIA,2024,4,MIA,TEN,-19.0,3.746149183703893,43.0,39.468649874568776,21.607399529136334,17.861250345432442,12.0,31.0
2024_04_SEA_DET,2024,4,DET,SEA,13.0,3.869830339670692,71.0,44.950020170667486,24.40992525516909,20.540094915498397,42.0,29.0
2024_05_TB_ATL,2024,5,ATL,TB,6.0,-0.9434791810712786,66.0,45.096893435084866,22.076707127006795,23.02018630807807,36.0,30.0
2024_05_NYJ_MIN,2024,5,MIN,NYJ,6.0,8.480991587597588,40.0,41.737364793240474,25.10917819041903,16.628186602821444,23.0,17.0
2024_05_CAR_CHI,2024,5,CHI,CAR,26.0,7.4526163723695,46.0,41.75371223029187,24.603164301330683,17.150547928961185,36.0,10.0
2024_05_BAL_CIN,2024,5,CIN,BAL,-3.0,-2.1699732845966806,79.0,47.98735080584575,22.908688760624536,25.078662045221215,38.0,41.0
2024_05_BUF_HOU,2024,5,HOU,BUF,3.0,-4.362011800543726,43.0,46.960769202171456,21.299378700813865,25.66139050135759,23.0,20.0
2024_05_IND_JAX,2024,5,JAX,IND,3.0,0.8502629816989526,71.0,44.2287692287415,22.539516105220226,21.689253123521272,37.0,34.0
2024_05_MIA_NE,2024,5,NE,MIA,-5.0,-0.0632515826302363,25.0,41.54385564546077,20.74030203141527,20.803553614045505,10.0,15.0
2024_05_CLE_WAS,2024,5,WAS,CLE,21.0,5.164887889041529,47.0,45.905339292720925,25.535113590881227,20.370225701839697,34.0,13.0
2024_05_LV_DEN,2024,5,DEN,LV,16.0,3.3068690261228406,52.0,39.892817321470645,21.599843173796742,18.292974147673903,34.0,18.0
2024_05_ARI_SF,2024,5,SF,ARI,-1.0,9.22095181223292,47.0,46.831230389010386,28.026091100621652,18.805139288388734,23.0,24.0
2024_05_GB_LA,2024,5,LA,GB,-5.0,-0.4200155186525138,43.0,46.28629339947401,22.93313894041075,23.353154459063262,19.0,24.0
2024_05_NYG_SEA,2024,5,SEA,NYG,-9.0,7.199962600345215,49.0,44.99942925390713,26.099695927126174,18.899733326780957,20.0,29.0
2024_05_DAL_PIT,2024,5,PIT,DAL,-3.0,3.662746700869463,37.0,44.281276915220246,23.972011808044854,20.309265107175392,17.0,20.0
2024_05_NO_KC,2024,5,KC,NO,13.0,2.73144571164002,39.0,47.677909698284594,25.204677704962307,22.473231993322287,26.0,13.0
2024_06_SF_SEA,2024,6,SEA,SF,-12.0,-0.7644881934802364,60.0,45.52597215359225,22.380741980056005,23.145230173536245,24.0,36.0
2024_06_JAX_CHI,2024,6,CHI,JAX,19.0,3.755413947037366,51.0,43.120339359902644,23.437876653470006,19.682462706432638,35.0,16.0
2024_06_WAS_BAL,2024,6,BAL,WAS,7.0,7.319204032908631,53.0,52.1530139968256,29.736109014867115,22.416904981958485,30.0,23.0
2024_06_ARI_GB,2024,6,GB,ARI,21.0,6.487934111199576,47.0,48.14126836470155,27.314601237950566,20.826667126750987,34.0,13.0
2024_06_HOU_NE,2024,6,NE,HOU,-20.0,-4.001045942168819,62.0,42.228797738992945,19.11387589841206,23.114921840580884,21.0,41.0
2024_06_TB_NO,2024,6,NO,TB,-24.0,4.179449516929898,78.0,46.380063677552236,25.279756597241068,21.10030708031117,27.0,51.0
2024_06_CLE_PHI,2024,6,PHI,CLE,4.0,6.044345678237826,36.0,41.07534354835275,23.559844613295287,17.51549893505746,20.0,16.0
2024_06_IND_TEN,2024,6,TEN,IND,-3.0,2.09170528144341,37.0,41.9311948462625,22.011450063852955,19.919744782409545,17.0,20.0
2024_06_LAC_DEN,2024,6,DEN,LAC,-7.0,6.26700863393266,39.0,39.127839902005064,22.697424267968863,16.4304156340362,16.0,23.0
2024_06_PIT_LV,2024,6,LV,PIT,-19.0,-2.6547497662748345,45.0,43.1359707894473,20.240610511586233,22.895360277861066,13.0,32.0
2024_06_ATL_CAR,2024,6,CAR,ATL,-18.0,-4.543024229178101,58.0,42.77405925029175,19.115517510556824,23.658541739734925,20.0,38.0
2024_06_DET_DAL,2024,6,DAL,DET,-38.0,1.9108447369817532,56.0,48.72235716832987,25.31660095265581,23.40575621567406,9.0,47.0
2024_06_CIN_NYG,2024,6,NYG,CIN,-10.0,0.274083824012253,24.0,48.44244108699521,24.35826245550373,24.08417863149148,7.0,17.0
2024_06_BUF_NYJ,2024,6,NYJ,BUF,-3.0,-2.269051203770796,43.0,41.73187742472993,19.73141311047957,22.00046431425036,20.0,23.0
2024_07_DEN_NO,2024,7,NO,DEN,-23.0,2.452918386991916,43.0,43.54723141518072,23.000074901086318,20.5471565140944,10.0,33.0
2024_07_NE_JAX,2024,7,JAX,NE,16.0,3.0054808549428,48.0,42.22978105513729,22.617630955040045,19.612150100097242,32.0,16.0
2024_07_SEA_ATL,2024,7,ATL,SEA,-20.0,2.839500345662781,48.0,48.734622304927,25.787061325294893,22.947560979632108,14.0,34.0
2024_07_TEN_BUF,2024,7,BUF,TEN,24.0,10.757201241697048,44.0,44.22188118402704,27.489541212862044,16.732339971164997,34.0,10.0
2024_07_CIN_CLE,2024,7,CLE,CIN,-7.0,-3.818554112211926,35.0,45.22621131681073,20.703828602299403,24.52238271451133,14.0,21.0
2024_07_HOU_GB,2024,7,GB,HOU,2.0,4.726232102554418,46.0,44.51959277502646,24.62291243879044,19.89668033623602,24.0,22.0
2024_07_MIA_IND,2024,7,IND,MIA,6.0,3.947255799458631,26.0,43.09629974242719,23.52177777094291,19.57452197148428,16.0,10.0
2024_07_DET_MIN,2024,7,MIN,DET,-2.0,3.5046716566876595,60.0,46.96150359887828,25.23308762778297,21.72841597109531,29.0,31.0
2024_07_PHI_NYG,2024,7,NYG,PHI,-25.0,-1.341972443290788,31.0,43.564156431022035,21.111091993865625,22.45306443715641,3.0,28.0
2024_07_LV_LA,2024,7,LA,LV,5.0,2.960705148326793,35.0,43.357014469298555,23.158859808812675,20.19815466048588,20.0,15.0
2024_07_CAR_WAS,2024,7,WAS,CAR,33.0,7.842429014088749,47.0,47.597660632360636,27.720044823224693,19.877615809135943,40.0,7.0
2024_07_KC_SF,2024,7,SF,KC,-10.0,4.590736597414217,46.0,48.90556390902153,26.748150253217872,22.15741365580366,18.0,28.0
2024_07_NYJ_PIT,2024,7,PIT,NYJ,22.0,7.182888593679714,52.0,42.10199578327264,24.642442188476178,17.459553594796464,37.0,15.0
2024_07_BAL_TB,2024,7,TB,BAL,-10.0,-1.858784053378564,72.0,50.796899739272014,24.469057842946725,26.32784189632529,31.0,41.0
2024_07_LAC_ARI,2024,7,ARI,LAC,2.0,-2.944812193957654,32.0,43.24032703593402,20.147757420988185,23.092569614945837,17.0,15.0
2024_08_MIN_LA,2024,8,LA,MIN,10.0,-0.6896483927230819,50.0,45.64203414337461,22.476192875325765,23.165841268048844,30.0,20.0
2024_08_PHI_CIN,2024,8,CIN,PHI,-20.0,2.755885958896007,54.0,47.90878803766427,25.33233699828014,22.576451039384132,17.0,37.0
2024_08_BAL_CLE,2024,8,CLE,BAL,5.0,-10.059611785110786,53.0,46.40122274003376,18.170805477461485,28.230417262572274,29.0,24.0
2024_08_TEN_DET,2024,8,DET,TEN,38.0,9.915088130990648,66.0,45.46366845762837,27.68937829430951,17.774290163318863,52.0,14.0
2024_08_IND_HOU,2024,8,HOU,IND,3.0,3.8799711733853863,43.0,44.571249415469815,24.2256102944276,20.345639121042215,23.0,20.0
2024_08_GB_JAX,2024,8,JAX,GB,-3.0,-3.124546324757127,57.0,46.63028671543332,21.752870195338097,24.877416520095224,27.0,30.0
2024_08_ARI_MIA,2024,8,MIA,ARI,-1.0,0.6887174966099849,55.0,43.757997012284534,22.223357254447258,21.534639757837276,27.0,28.0
2024_08_NYJ_NE,2024,8,NE,NYJ,3.0,-2.9635683944598195,47.0,40.41427300312179,18.725352304330986,21.688920698790806,25.0,22.0
2024_08_ATL_TB,2024,8,TB,ATL,-5.0,4.332718426081492,57.0,48.69219562608606,26.512457026083776,22.179738600002285,26.0,31.0
2024_08_NO_LAC,2024,8,LAC,NO,18.0,3.643767369918873,34.0,45.07609275223109,24.359930061074984,20.716162691156107,26.0,8.0
2024_08_BUF_SEA,2024,8,SEA,BUF,-21.0,-3.5936280429025915,41.0,48.82476834504029,22.615570151068848,26.209198193971442,10.0,31.0
2024_08_CAR_DEN,2024,8,DEN,CAR,14.0,11.03708630769725,42.0,42.337110252300036,26.687098279998644,15.650011972301392,28.0,14.0
2024_08_KC_LV,2024,8,LV,KC,-7.0,-7.341106562728981,47.0,42.53018905181248,17.594541244541748,24.93564780727073,20.0,27.0
2024_08_CHI_WAS,2024,8,WAS,CHI,3.0,4.645035881327845,33.0,47.15178993079749,25.898412906062667,21.253377024734824,18.0,15.0
2024_08_DAL_SF,2024,8,SF,DAL,6.0,4.297151049319482,54.0,44.91549135232801,24.606321200823746,20.309170151504265,30.0,24.0
2024_08_NYG_PIT,2024,8,PIT,NYG,8.0,13.23605157724213,44.0,42.976374963674985,28.106213270458557,14.870161693216428,26.0,18.0
2024_09_HOU_NYJ,2024,9,NYJ,HOU,8.0,-1.688639498250288,34.0,41.39273854409566,19.852049522922684,21.540689021172973,21.0,13.0
2024_09_DAL_ATL,2024,9,ATL,DAL,6.0,0.1376287973454363,48.0,47.615138342009644,23.87638356967754,23.738754772332104,27.0,21.0
2024_09_DEN_BAL,2024,9,BAL,DEN,31.0,7.143725214057811,51.0,46.41946977951643,26.78159749678712,19.63787228272931,41.0,10.0
2024_09_MIA_BUF,2024,9,BUF,MIA,3.0,12.119669894880383,57.0,43.88496522223366,28.00231755855702,15.88264766367664,30.0,27.0
2024_09_NO_CAR,2024,9,CAR,NO,1.0,-6.204211150253329,45.0,41.6335972349753,17.714693042360985,23.918904192614313,23.0,22.0
2024_09_LV_CIN,2024,9,CIN,LV,17.0,6.518371952949852,65.0,43.862422913023025,25.190397432986437,18.672025480036588,41.0,24.0
2024_09_LAC_CLE,2024,9,CLE,LAC,-17.0,0.6916902638838954,37.0,40.195900255203945,20.44379525954392,19.752104995660027,10.0,27.0
2024_09_WAS_NYG,2024,9,NYG,WAS,-5.0,-2.7609516169368336,49.0,46.429589283447896,21.83431883325553,24.595270450192366,22.0,27.0
2024_09_NE_TEN,2024,9,TEN,NE,3.0,2.4524852171099085,37.0,41.59049272885523,22.02148897298257,19.56900375587266,20.0,17.0
2024_09_CHI_ARI,2024,9,ARI,CHI,20.0,-0.8243076620265135,38.0,46.771222696440255,22.97345751720687,23.797765179233384,29.0,9.0
2024_09_JAX_PHI,2024,9,PHI,JAX,5.0,6.370119494591159,51.0,47.09677638170074,26.73344793814595,20.363328443554792,28.0,23.0
2024_09_DET_GB,2024,9,GB,DET,-10.0,-2.0306962177134342,38.0,48.482428630376994,23.22586620633178,25.256562424045214,14.0,24.0
2024_09_LA_SEA,2024,9,SEA,LA,-6.0,2.278374965631277,46.0,46.42984131143686,24.35410813853407,22.07573317290279,20.0,26.0
2024_09_IND_MIN,2024,9,MIN,IND,8.0,5.197237043132313,34.0,44.6507332515508,24.923985147341554,19.726748104209243,21.0,13.0
2024_09_TB_KC,2024,9,KC,TB,6.0,4.677966889964833,54.0,48.552943687126366,26.6154552885456,21.937488398580765,30.0,24.0
2024_10_CIN_BAL,2024,10,BAL,CIN,1.0,10.748420889306445,69.0,50.628450190693094,30.68843553999977,19.940014650693325,35.0,34.0
2024_10_NYG_CAR,2024,10,CAR,NYG,3.0,-2.796152969669698,37.0,42.9903267213209,20.0970868758256,22.893239845495298,20.0,17.0
2024_10_NE_CHI,2024,10,CHI,NE,-16.0,6.168867786233747,22.0,42.83804531701514,24.503456551624442,18.334588765390695,3.0,19.0
2024_10_BUF_IND,2024,10,IND,BUF,-10.0,-7.499839042858138,50.0,45.9071227540478,19.20364185559483,26.703480898452966,20.0,30.0
2024_10_MIN_JAX,2024,10,JAX,MIN,-5.0,-2.783464116446809,19.0,44.75142335624243,20.98397961989781,23.767443736344617,7.0,12.0
2024_10_DEN_KC,2024,10,KC,DEN,2.0,7.469761564801838,30.0,43.54004628749202,25.504903926146927,18.03514236134509,16.0,14.0
2024_10_ATL_NO,2024,10,NO,ATL,3.0,-3.4728629345631714,37.0,45.6073214472505,21.067229256343662,24.540092190906837,20.0,17.0
2024_10_SF_TB,2024,10,TB,SF,-3.0,-1.2335506827500684,43.0,49.83858728762936,24.302518302439644,25.536068985189715,20.0,23.0
2024_10_PIT_WAS,2024,10,WAS,PIT,-1.0,-0.281429532443122,55.0,46.82084381849577,23.269707143026324,23.551136675469444,27.0,28.0
2024_10_TEN_LAC,2024,10,LAC,TEN,10.0,8.492375957542645,44.0,41.610051941807576,25.05121394967511,16.558837992132467,27.0,17.0
2024_10_NYJ_ARI,2024,10,ARI,NYJ,25.0,2.6839775404865884,37.0,46.011556168928564,24.347766854707576,21.66378931422099,31.0,6.0
2024_10_PHI_DAL,2024,10,DAL,PHI,-28.0,-3.446581624990765,40.0,45.33034157412407,20.941879974566653,24.388461599557417,6.0,34.0
2024_10_DET_HOU,2024,10,HOU,DET,-3.0,-3.910926499915932,49.0,46.53393808181167,21.31150579094787,25.2224322908638,23.0,26.0
2024_10_MIA_LA,2024,10,LA,MIA,-8.0,4.604502972381439,38.0,44.614798001949836,24.609650487165638,20.0051475147842,15.0,23.0
2024_11_WAS_PHI,2024,11,PHI,WAS,8.0,4.509168303238684,44.0,46.392370456546416,25.45076937989255,20.941601076653868,26.0,18.0
2024_11_GB_CHI,2024,11,CHI,GB,-1.0,-5.963126545818466,39.0,42.41235334911896,18.224613401650245,24.187739947468714,19.0,20.0
2024_11_JAX_DET,2024,11,DET,JAX,46.0,11.365533240381785,58.0,46.207343328552625,28.786438284467206,17.42090504408542,52.0,6.0
2024_11_LV_MIA,2024,11,MIA,LV,15.0,4.8303561829655015,53.0,40.894587843212975,22.86247201308924,18.032115830123736,34.0,19.0
2024_11_LA_NE,2024,11,NE,LA,-6.0,-2.323302735499151,50.0,41.67210385290968,19.674400558705265,21.997703294204413,22.0,28.0
2024_11_CLE_NO,2024,11,NO,CLE,21.0,3.8438880334128025,49.0,43.09439326512201,23.469140649267406,19.625252615854603,35.0,14.0
2024_11_IND_NYJ,2024,11,NYJ,IND,-1.0,3.0229906687750367,55.0,41.634463364450326,22.32872701661268,19.305736347837644,27.0,28.0
2024_11_BAL_PIT,2024,11,PIT,BAL,2.0,-5.581199522380739,34.0,47.180655595347545,20.7997280364834,26.380927558864144,18.0,16.0
2024_11_MIN_TEN,2024,11,TEN,MIN,-10.0,-8.066929674814611,36.0,41.41698694148848,16.675028633336936,24.741958308151546,13.0,23.0
2024_11_ATL_DEN,2024,11,DEN,ATL,32.0,1.996506066497845,44.0,44.18844999593599,23.092478031216917,21.095971964719073,38.0,6.0
2024_11_SEA_SF,2024,11,SF,SEA,-3.0,8.028592016831317,37.0,47.481220716978605,27.75490636690496,19.726314350073643,17.0,20.0
2024_11_KC_BUF,2024,11,BUF,KC,9.0,4.222567195076253,51.0,48.00333057450483,26.11294888479054,21.89038168971429,30.0,21.0
2024_11_CIN_LAC,2024,11,LAC,CIN,7.0,2.5565704175773933,61.0,47.20952467689773,24.88304754723756,22.32647712966017,34.0,27.0
2024_11_HOU_DAL,2024,11,DAL,HOU,-24.0,1.6928002384103054,44.0,42.86402961638306,22.278414927396682,20.585614688986375,10.0,34.0
2024_12_PIT_CLE,2024,12,CLE,PIT,5.0,-6.094657344070241,43.0,40.85636553888007,17.380854097404914,23.475511441475156,24.0,19.0
2024_12_KC_CAR,2024,12,CAR,KC,-3.0,-8.96754714054766,57.0,45.285863066687575,18.15915796306996,27.126705103617617,27.0,30.0
2024_12_MIN_CHI,2024,12,CHI,MIN,-3.0,-6.205877513096005,57.0,42.32325305305942,18.058687769981706,24.26456528307771,27.0,30.0
2024_12_TEN_HOU,2024,12,HOU,TEN,-5.0,9.880268519386703,59.0,42.9352113400667,26.407739929726702,16.52747141034,27.0,32.0
2024_12_DET_IND,2024,12,IND,DET,-18.0,-6.852425696440678,30.0,47.98078064975684,20.56417747665808,27.416603173098757,6.0,24.0
2024_12_NE_MIA,2024,12,MIA,NE,19.0,5.592898922067498,49.0,43.2428536969967,24.417876309532097,18.8249773874646,34.0,15.0
2024_12_TB_NYG,2024,12,NYG,TB,-23.0,-4.924504644414103,37.0,45.54486104156422,20.31017819857506,25.23468284298916,7.0,30.0
2024_12_DAL_WAS,2024,12,WAS,DAL,-8.0,5.7680603677727085,60.0,45.60190197060756,25.68498116919013,19.916920801417426,26.0,34.0
2024_12_DEN_LV,2024,12,LV,DEN,-10.0,-5.659140583236399,48.0,43.65983319734067,19.000346307052133,24.659486890288534,19.0,29.0
2024_12_SF_GB,2024,12,GB,SF,28.0,2.025638887958563,48.0,46.17203708851958,24.098837988239072,22.073199100280508,38.0,10.0
2024_12_ARI_SEA,2024,12,SEA,ARI,10.0,1.371044909044397,22.0,46.12215864745478,23.74660177824959,22.37555686920519,16.0,6.0
2024_12_PHI_LA,2024,12,LA,PHI,-17.0,-2.3805303093226677,57.0,47.475601582021646,22.54753563634949,24.928065945672156,20.0,37.0
2024_12_BAL_LAC,2024,12,LAC,BAL,-7.0,-4.634393498738555,53.0,47.56956824752611,21.467587374393776,26.10198087313233,23.0,30.0
2024_13_CHI_DET,2024,13,DET,CHI,3.0,13.057219726083945,43.0,43.762266379163634,28.40974305262379,15.352523326539846,23.0,20.0
2024_13_NYG_DAL,2024,13,DAL,NYG,7.0,4.873455487245097,47.0,44.236167290841706,24.5548113890434,19.681355901798305,27.0,20.0
2024_13_MIA_GB,2024,13,GB,MIA,13.0,4.783363927050448,47.0,44.33028162296612,24.556822775008285,19.773458847957833,30.0,17.0
2024_13_LV_KC,2024,13,KC,LV,2.0,12.685539538403056,36.0,45.24564702181207,28.965593280107562,16.280053741704506,19.0,17.0
2024_13_LAC_ATL,2024,13,ATL,LAC,-4.0,-0.396217620821979,30.0,46.67980045499603,23.141791417087024,23.538009037909003,13.0,17.0
2024_13_PIT_CIN,2024,13,CIN,PIT,-6.0,-1.3461185672656353,82.0,44.15504866441525,21.404465048574806,22.75058361584044,38.0,44.0
2024_13_HOU_JAX,2024,13,JAX,HOU,-3.0,-2.217610908477204,43.0,43.44861633989057,20.615502715706683,22.833113624183888,20.0,23.0
2024_13_ARI_MIN,2024,13,MIN,ARI,1.0,4.99608474682137,45.0,44.69774578435979,24.846915265590578,19.85083051876921,23.0,22.0
2024_13_IND_NE,2024,13,NE,IND,-1.0,-0.3312583343885864,49.0,40.52608407367366,20.097412869642536,20.428671204031122,24.0,25.0
2024_13_SEA_NYJ,2024,13,NYJ,SEA,-5.0,-2.231859964673197,47.0,43.062150870607496,20.41514545296715,22.647005417640347,21.0,26.0
2024_13_TEN_WAS,2024,13,WAS,TEN,23.0,5.783814490049728,61.0,45.00946353169756,25.396639010873646,19.612824520823917,42.0,19.0
2024_13_TB_CAR,2024,13,CAR,TB,-3.0,-6.589088201608503,49.0,45.66873061358936,19.539821205990428,26.128909407598933,23.0,26.0
2024_13_LA_NO,2024,13,NO,LA,-7.0,1.4528548174330147,35.0,47.170795006282624,24.31182491185782,22.858970094424805,14.0,21.0
2024_13_PHI_BAL,2024,13,BAL,PHI,-5.0,6.605642123524152,43.0,50.497510547439084,28.55157633548162,21.945934211957464,19.0,24.0
2024_13_SF_BUF,2024,13,BUF,SF,25.0,6.630672198729791,45.0,47.38334031639349,27.007006257561642,20.37633405883185,35.0,10.0
2024_13_CLE_DEN,2024,13,DEN,CLE,9.0,8.464305804866282,73.0,42.88348692702814,25.673896365947208,17.20959056108093,41.0,32.0
2024_14_GB_DET,2024,14,DET,GB,3.0,4.666101582460088,65.0,48.26322056203508,26.464661072247583,21.798559489787497,34.0,31.0
2024_14_NYJ_MIA,2024,14,MIA,NYJ,6.0,5.043556022781732,58.0,41.81431559283215,23.42893580780694,18.38537978502521,32.0,26.0
2024_14_ATL_MIN,2024,14,MIN,ATL,21.0,5.9332920115945695,63.0,46.3084777566949,26.120884884144733,20.187592872550166,42.0,21.0
2024_14_NO_NYG,2024,14,NYG,NO,-3.0,-2.415420492442593,25.0,41.609528991621424,19.597054249589416,22.01247474203201,11.0,14.0
2024_14_CAR_PHI,2024,14,PHI,CAR,6.0,10.251507436236585,38.0,42.51460122413238,26.383054330184482,16.131546893947895,22.0,16.0
2024_14_CLE_PIT,2024,14,PIT,CLE,13.0,10.988896422763306,41.0,42.69698591940847,26.842941171085887,15.854044748322583,27.0,14.0
2024_14_LV_TB,2024,14,TB,LV,15.0,8.103801840701365,41.0,46.684107816383666,27.393954828542515,19.29015298784115,28.0,13.0
2024_14_JAX_TEN,2024,14,TEN,JAX,-4.0,1.6394587794384596,16.0,41.7124669590592,21.675962869248828,20.03650408981037,6.0,10.0
2024_14_SEA_ARI,2024,14,ARI,SEA,-12.0,0.5432463323825782,48.0,45.6057784248732,23.07451237862789,22.53126604624531,18.0,30.0
2024_14_BUF_LA,2024,14,LA,BUF,2.0,-5.10901480121762,86.0,47.74105727046126,21.31602123462182,26.42503603583944,44.0,42.0
2024_14_CHI_SF,2024,14,SF,CHI,25.0,7.845922061312155,51.0,43.42943473115773,25.63767839623494,17.791756334922788,38.0,13.0
2024_14_LAC_KC,2024,14,KC,LAC,2.0,7.717060328774158,36.0,42.26141061027433,24.989235469524246,17.272175140750086,19.0,17.0
2024_14_CIN_DAL,2024,14,DAL,CIN,-7.0,1.2642287430355654,47.0,48.1028248225316,24.683526782783584,23.419298039748018,20.0,27.0
2024_15_LA_SF,2024,15,SF,LA,-6.0,2.750962286409065,18.0,47.115242312037175,24.93310229922312,22.182140012814056,6.0,12.0
2024_15_DAL_CAR,2024,15,CAR,DAL,-16.0,-4.207897779086787,44.0,41.11504593978894,18.45357408035108,22.661471859437864,14.0,30.0
2024_15_KC_CLE,2024,15,CLE,KC,-14.0,-8.893330960202713,28.0,44.36138911993414,17.734029079865714,26.627360040068424,7.0,21.0
2024_15_MIA_HOU,2024,15,HOU,MIA,8.0,3.160294002408255,32.0,45.825931970982246,24.49311298669525,21.332818984286995,20.0,12.0
2024_15_NYJ_JAX,2024,15,JAX,NYJ,-7.0,1.370213253048595,57.0,43.026057913035544,22.19813558304207,20.827922329993473,25.0,32.0
2024_15_WAS_NO,2024,15,NO,WAS,-1.0,0.5567910969581008,39.0,47.32142568231807,23.939108389638086,23.382317292679986,19.0,20.0
2024_15_BAL_NYG,2024,15,NYG,BAL,-21.0,-7.020455095063457,49.0,45.708227797347504,19.343886351142025,26.36434144620548,14.0,35.0
2024_15_CIN_TEN,2024,15,TEN,CIN,-10.0,-4.829522873905887,64.0,45.82852592126963,20.49950152368187,25.32902439758776,27.0,37.0
2024_15_NE_ARI,2024,15,ARI,NE,13.0,5.177156098850215,47.0,46.19655340778108,25.68685475331565,20.50969865446543,30.0,17.0
2024_15_IND_DEN,2024,15,DEN,IND,18.0,7.358112660552486,44.0,41.84893765640261,24.60352515847755,17.245412497925063,31.0,13.0
2024_15_BUF_DET,2024,15,DET,BUF,-6.0,3.775179542156887,90.0,50.46095964357055,27.118069592863716,23.34289005070683,42.0,48.0
2024_15_TB_LAC,2024,15,LAC,TB,-23.0,2.6055220026715893,57.0,47.25838313665185,24.93195256966172,22.32643056699013,17.0,40.0
2024_15_PIT_PHI,2024,15,PHI,PIT,14.0,7.779633561252869,40.0,45.7005009913981,26.740067276325483,18.960433715072618,27.0,13.0
2024_15_GB_SEA,2024,15,SEA,GB,-17.0,-1.950677280074807,43.0,46.31631923832461,22.1828209791249,24.13349825919971,13.0,30.0
2024_15_CHI_MIN,2024,15,MIN,CHI,18.0,10.289202503081674,42.0,45.04728501997074,27.668243761526206,17.37904125844453,30.0,12.0
2024_15_ATL_LV,2024,15,LV,ATL,-6.0,-2.218116879900078,24.0,45.65308512195741,21.717484121028665,23.935601000928745,9.0,15.0
2024_16_DEN_LAC,2024,16,LAC,DEN,7.0,-3.234413095719445,61.0,44.14248155642822,20.454034230354388,23.688447326073835,34.0,27.0
2024_16_HOU_KC,2024,16,KC,HOU,8.0,9.411278374643643,46.0,44.36884179375902,26.89006008420133,17.478781709557687,27.0,19.0
2024_16_PIT_BAL,2024,16,BAL,PIT,17.0,7.32739981961539,51.0,45.528260092389864,26.427829956002626,19.10043013638724,34.0,17.0
2024_16_NYG_ATL,2024,16,ATL,NYG,27.0,6.711798768033038,41.0,43.50337637029165,25.10758756916234,18.395788801129306,34.0,7.0
2024_16_ARI_CAR,2024,16,CAR,ARI,6.0,-4.812919658911493,66.0,43.27386832711172,19.230474334100116,24.043393993011605,36.0,30.0
2024_16_DET_CHI,2024,16,CHI,DET,-17.0,-9.657089474401108,51.0,45.8031656532714,18.073038089435144,27.730127563836255,17.0,34.0
2024_16_CLE_CIN,2024,16,CIN,CLE,18.0,7.4783618206831,30.0,44.67572179716383,26.077041808923465,18.598679988240367,24.0,6.0
2024_16_TEN_IND,2024,16,IND,TEN,8.0,4.291103405962954,68.0,43.00617596317289,23.648639684567925,19.357536278604968,38.0,30.0
2024_16_LA_NYJ,2024,16,NYJ,LA,-10.0,-3.971533652255614,28.0,45.95764140603168,20.99305387688803,24.964587529143646,9.0,19.0
2024_16_PHI_WAS,2024,16,WAS,PHI,3.0,-1.3292476997540563,69.0,48.94673501684139,23.808743658543666,25.13799135829772,36.0,33.0
2024_16_MIN_SEA,2024,16,SEA,MIN,-3.0,-3.003467652853693,51.0,45.57599748166395,21.286264914405127,24.28973256725882,24.0,27.0
2024_16_NE_BUF,2024,16,BUF,NE,3.0,12.167333991025972,45.0,48.23738093822165,30.20235746462381,18.03502347359784,24.0,21.0
2024_16_JAX_LV,2024,16,LV,JAX,5.0,-1.1060814078371102,33.0,43.76721877784468,21.330568685003787,22.436650092840896,19.0,14.0
2024_16_SF_MIA,2024,16,MIA,SF,12.0,-2.518681098532398,46.0,43.14877647469054,20.315047688079073,22.83372878661147,29.0,17.0
2024_16_TB_DAL,2024,16,DAL,TB,2.0,-2.382490312962323,50.0,47.778543805589464,22.69802674631357,25.080517059275895,26.0,24.0
2024_16_NO_GB,2024,16,GB,NO,34.0,11.556074089904383,34.0,43.87092343284828,27.713498761376332,16.157424671471947,34.0,0.0
2024_17_KC_PIT,2024,17,PIT,KC,-19.0,-2.346392823365396,39.0,47.02341640885391,22.338511792744256,24.684904616109655,10.0,29.0
2024_17_BAL_HOU,2024,17,HOU,BAL,-29.0,-5.903498805122213,33.0,48.50327857581297,21.29988988534538,27.20338869046759,2.0,31.0
2024_17_SEA_CHI,2024,17,CHI,SEA,-3.0,-5.095351660608702,9.0,43.4488489297635,19.1767486345774,24.2721002951861,3.0,6.0
2024_17_LAC_NE,2024,17,NE,LAC,-33.0,-6.097304503654968,47.0,43.63472770132549,18.76871159883526,24.866016102490228,7.0,40.0
2024_17_DEN_CIN,2024,17,CIN,DEN,6.0,4.110594813228965,54.0,47.060928147696295,25.58576148046263,21.475166667233665,30.0,24.0
2024_17_ARI_LA,2024,17,LA,ARI,4.0,7.354601425253002,22.0,47.52790831509737,27.441254870175186,20.086653444922185,13.0,9.0
2024_17_NYJ_BUF,2024,17,BUF,NYJ,26.0,13.440928241074731,54.0,46.460524062650535,29.950726151862632,16.509797910787903,40.0,14.0
2024_17_TEN_JAX,2024,17,JAX,TEN,7.0,1.9021532047835148,33.0,41.7154649176161,21.80880906119981,19.906655856416293,20.0,13.0
2024_17_LV_NO,2024,17,NO,LV,-15.0,4.8772459695464665,35.0,43.052188164009046,23.964717066777755,19.08747109723129,10.0,25.0
2024_17_IND_NYG,2024,17,NYG,IND,12.0,-4.931021752563174,78.0,42.131109488061895,18.60004386774936,23.531065620312535,45.0,33.0
2024_17_DAL_PHI,2024,17,PHI,DAL,34.0,10.86221692972813,48.0,44.856580670392795,27.85939880006046,16.997181870332334,41.0,7.0
2024_17_CAR_TB,2024,17,TB,CAR,34.0,11.458429158505098,62.0,45.42556087870591,28.441995018605503,16.983565860100406,48.0,14.0
2024_17_MIA_CLE,2024,17,CLE,MIA,-17.0,-4.553180341104424,23.0,41.42173221640459,18.434275937650085,22.987456278754507,3.0,20.0
2024_17_GB_MIN,2024,17,MIN,GB,2.0,3.949562893282881,52.0,48.837227391613226,26.393395142448053,22.443832249165172,27.0,25.0
2024_17_ATL_WAS,2024,17,WAS,ATL,6.0,4.424390971850809,54.0,47.18583310357269,25.80511203771175,21.38072106586094,30.0,24.0
2024_17_DET_SF,2024,17,SF,DET,-6.0,-5.834265106933802,74.0,48.986413258387515,21.576074075726858,27.410339182660657,34.0,40.0
2024_18_CLE_BAL,2024,18,BAL,CLE,25.0,15.41222888659242,45.0,42.59157287717318,29.001900881882797,13.589671995290379,35.0,10.0
2024_18_CIN_PIT,2024,18,PIT,CIN,-2.0,1.692387087560376,36.0,45.998697342674504,23.84554221511744,22.153155127557064,17.0,19.0
2024_18_CAR_ATL,2024,18,ATL,CAR,-6.0,7.394535213139872,82.0,44.844728272797155,26.119631742968515,18.72509652982864,38.0,44.0
2024_18_WAS_DAL,2024,18,DAL,WAS,-4.0,-0.421726055054659,42.0,46.69557326733415,23.136923606139746,23.5586496611944,19.0,23.0
2024_18_CHI_GB,2024,18,GB,CHI,-2.0,12.68134169458349,46.0,42.41463734730416,27.547989520943823,14.866647826360335,22.0,24.0
2024_18_JAX_IND,2024,18,IND,JAX,3.0,1.8901771290692728,49.0,44.504622964414196,23.197400046741734,21.307222917672462,26.0,23.0
2024_18_BUF_NE,2024,18,NE,BUF,7.0,-12.350279030805671,39.0,47.26140568815294,17.455563328673634,29.805842359479307,23.0,16.0
2024_18_NYG_PHI,2024,18,PHI,NYG,7.0,14.737919092795922,33.0,41.92713551539445,28.332527304095183,13.594608211299263,20.0,13.0
2024_18_NO_TB,2024,18,TB,NO,8.0,9.465086598114976,46.0,45.64532567925297,27.55520613868397,18.090119540569,27.0,19.0
2024_18_HOU_TEN,2024,18,TEN,HOU,-9.0,-3.2830330558806438,37.0,40.5426780010368,18.629822472578077,21.91285552845872,14.0,23.0
2024_18_SF_ARI,2024,18,ARI,SF,23.0,0.4297090425501993,71.0,47.60360599550971,24.016657519029955,23.586948476479755,47.0,24.0
2024_18_KC_DEN,2024,18,DEN,KC,38.0,-5.547103269218256,38.0,46.07337778752536,20.263137259153552,25.810240528371807,38.0,0.0
2024_18_SEA_LA,2024,18,LA,SEA,-5.0,5.423788787053331,55.0,45.490230786682126,25.45700978686773,20.033220999814397,25.0,30.0
2024_18_LAC_LV,2024,18,LV,LAC,-14.0,-4.72306248978422,54.0,43.12322428119786,19.20008089570682,23.923143385491038,20.0,34.0
2024_18_MIA_NYJ,2024,18,NYJ,MIA,12.0,-3.1175694535564245,52.0,42.73819096113272,19.810310753788148,22.927880207344575,32.0,20.0
2024_18_MIN_DET,2024,18,DET,MIN,22.0,7.538278075024464,40.0,53.07422190633094,30.306249990677703,22.767971915653238,31.0,9.0
