game_id,season,week,home_team,away_team,y_true,y_pred
2010_01_MIN_NO,2010,1,NO,MIN,23.0,44.60056170448084
2010_01_MIA_BUF,2010,1,BUF,MIA,25.0,42.0709369564372
2010_01_DET_CHI,2010,1,CHI,DET,33.0,40.5029566403063
2010_01_IND_HOU,2010,1,HOU,IND,58.0,46.71081895298803
2010_01_DEN_JAX,2010,1,JAX,DEN,41.0,40.72682507920126
2010_01_CIN_NE,2010,1,NE,CIN,62.0,42.06369983687628
2010_01_CAR_NYG,2010,1,NYG,CAR,49.0,41.672883168570564
2010_01_ATL_PIT,2010,1,PIT,ATL,24.0,42.31774047142334
2010_01_CLE_TB,2010,1,TB,CLE,31.0,40.739451344924866
2010_01_OAK_TEN,2010,1,TEN,OAK,51.0,43.1897467598676
2010_01_GB_PHI,2010,1,PHI,GB,47.0,45.374972081662186
2010_01_SF_SEA,2010,1,SEA,SF,37.0,41.345305319049245
2010_01_ARI_STL,2010,1,STL,ARI,30.0,44.44708318257309
2010_01_DAL_WAS,2010,1,WAS,DAL,20.0,43.16398080856689
2010_01_BAL_NYJ,2010,1,NYJ,BAL,19.0,40.32221706101456
2010_01_SD_KC,2010,1,KC,SD,35.0,43.498953804198976
2010_02_ARI_ATL,2010,2,ATL,ARI,48.0,41.7420006595973
2010_02_TB_CAR,2010,2,CAR,TB,27.0,41.33061761071804
2010_02_BAL_CIN,2010,2,CIN,BAL,25.0,40.53295860420797
2010_02_KC_CLE,2010,2,CLE,KC,30.0,39.73523221797585
2010_02_CHI_DAL,2010,2,DAL,CHI,47.0,40.218074356991444
2010_02_PHI_DET,2010,2,DET,PHI,67.0,40.56217848709441
2010_02_BUF_GB,2010,2,GB,BUF,41.0,41.44894153727788
2010_02_MIA_MIN,2010,2,MIN,MIA,24.0,45.09099396629521
2010_02_PIT_TEN,2010,2,TEN,PIT,30.0,43.081387189964595
2010_02_SEA_DEN,2010,2,DEN,SEA,45.0,43.60325262616996
2010_02_STL_OAK,2010,2,OAK,STL,30.0,43.53665274019185
2010_02_NE_NYJ,2010,2,NYJ,NE,42.0,45.235845229549966
2010_02_JAX_SD,2010,2,SD,JAX,51.0,43.23594460996964
2010_02_HOU_WAS,2010,2,WAS,HOU,57.0,46.095793235609136
2010_02_NYG_IND,2010,2,IND,NYG,52.0,43.668142173106396
2010_02_NO_SF,2010,2,SF,NO,47.0,42.47864020807852
2010_03_CLE_BAL,2010,3,BAL,CLE,41.0,38.98668132106683
2010_03_CIN_CAR,2010,3,CAR,CIN,27.0,41.84732386251403
2010_03_DAL_HOU,2010,3,HOU,DAL,40.0,45.09032715198831
2010_03_SF_KC,2010,3,KC,SF,41.0,40.784535588989755
2010_03_DET_MIN,2010,3,MIN,DET,34.0,41.13999485950838
2010_03_BUF_NE,2010,3,NE,BUF,68.0,41.5440754266447
2010_03_ATL_NO,2010,3,NO,ATL,51.0,44.42931937408072
2010_03_TEN_NYG,2010,3,NYG,TEN,39.0,39.76107596457534
2010_03_PIT_TB,2010,3,TB,PIT,51.0,40.13834442361582
2010_03_PHI_JAX,2010,3,JAX,PHI,31.0,45.17736391316194
2010_03_WAS_STL,2010,3,STL,WAS,46.0,41.96131271669493
2010_03_OAK_ARI,2010,3,ARI,OAK,47.0,43.39329429889704
2010_03_IND_DEN,2010,3,DEN,IND,40.0,45.90722396580774
2010_03_SD_SEA,2010,3,SEA,SD,47.0,41.58273386419437
2010_03_NYJ_MIA,2010,3,MIA,NYJ,54.0,39.168886229295
2010_03_GB_CHI,2010,3,CHI,GB,37.0,44.317192261775794
2010_04_SF_ATL,2010,4,ATL,SF,30.0,42.080603998360026
2010_04_NYJ_BUF,2010,4,BUF,NYJ,52.0,43.02751412908827
2010_04_CIN_CLE,2010,4,CLE,CIN,43.0,40.660017915064174
2010_04_DET_GB,2010,4,GB,DET,54.0,41.8171907495103
2010_04_CAR_NO,2010,4,NO,CAR,30.0,40.749191409245405
2010_04_BAL_PIT,2010,4,PIT,BAL,31.0,39.963708292719424
2010_04_SEA_STL,2010,4,STL,SEA,23.0,42.13532606567732
2010_04_DEN_TEN,2010,4,TEN,DEN,46.0,41.387452288096405
2010_04_IND_JAX,2010,4,JAX,IND,59.0,44.27347693606333
2010_04_HOU_OAK,2010,4,OAK,HOU,55.0,46.357044708131276
2010_04_WAS_PHI,2010,4,PHI,WAS,29.0,41.270244551643856
2010_04_ARI_SD,2010,4,SD,ARI,51.0,42.6093834932392
2010_04_CHI_NYG,2010,4,NYG,CHI,20.0,41.31824613776973
2010_04_NE_MIA,2010,4,MIA,NE,55.0,46.691906455003554
2010_05_DEN_BAL,2010,5,BAL,DEN,48.0,41.651701289426335
2010_05_JAX_BUF,2010,5,BUF,JAX,62.0,42.67725724108646
2010_05_CHI_CAR,2010,5,CAR,CHI,29.0,40.73595688642962
2010_05_TB_CIN,2010,5,CIN,TB,45.0,41.362069754252616
2010_05_ATL_CLE,2010,5,CLE,ATL,30.0,41.804544366249544
2010_05_STL_DET,2010,5,DET,STL,50.0,41.49268760231483
2010_05_NYG_HOU,2010,5,HOU,NYG,44.0,41.92807029217814
2010_05_KC_IND,2010,5,IND,KC,28.0,42.911306136650055
2010_05_GB_WAS,2010,5,WAS,GB,29.0,46.37433030082699
2010_05_NO_ARI,2010,5,ARI,NO,50.0,45.12097734990741
2010_05_TEN_DAL,2010,5,DAL,TEN,61.0,42.492673098197685
2010_05_SD_OAK,2010,5,OAK,SD,62.0,44.2700422617536
2010_05_PHI_SF,2010,5,SF,PHI,51.0,42.47688331023092
2010_05_MIN_NYJ,2010,5,NYJ,MIN,49.0,41.07827070662211
2010_06_SEA_CHI,2010,6,CHI,SEA,43.0,40.58237233316935
2010_06_MIA_GB,2010,6,GB,MIA,43.0,41.83725544423115
2010_06_KC_HOU,2010,6,HOU,KC,66.0,42.63463389508425
2010_06_BAL_NE,2010,6,NE,BAL,43.0,43.269556875343575
2010_06_DET_NYG,2010,6,NYG,DET,48.0,41.82253474304003
2010_06_ATL_PHI,2010,6,PHI,ATL,48.0,42.17121629189381
2010_06_CLE_PIT,2010,6,PIT,CLE,38.0,40.815703002326025
2010_06_SD_STL,2010,6,STL,SD,37.0,42.12819588879397
2010_06_NO_TB,2010,6,TB,NO,37.0,42.40460025473803
2010_06_NYJ_DEN,2010,6,DEN,NYJ,44.0,44.24289683357635
2010_06_OAK_SF,2010,6,SF,OAK,26.0,43.53433808648966
2010_06_DAL_MIN,2010,6,MIN,DAL,45.0,42.24624044689111
2010_06_IND_WAS,2010,6,WAS,IND,51.0,45.24935953290464
2010_06_TEN_JAX,2010,6,JAX,TEN,33.0,42.51497806451954
2010_07_CIN_ATL,2010,7,ATL,CIN,71.0,41.1504943097683
2010_07_BUF_BAL,2010,7,BAL,BUF,71.0,41.970316940178485
2010_07_SF_CAR,2010,7,CAR,SF,43.0,41.74691852895362
2010_07_WAS_CHI,2010,7,CHI,WAS,31.0,40.77832199422548
2010_07_JAX_KC,2010,7,KC,JAX,62.0,41.80398296995775
2010_07_PIT_MIA,2010,7,MIA,PIT,45.0,42.52302346032316
2010_07_CLE_NO,2010,7,NO,CLE,47.0,42.2619349814418
2010_07_STL_TB,2010,7,TB,STL,35.0,42.56672611365042
2010_07_PHI_TEN,2010,7,TEN,PHI,56.0,40.90323615751214
2010_07_ARI_SEA,2010,7,SEA,ARI,32.0,40.82662219741903
2010_07_OAK_DEN,2010,7,DEN,OAK,73.0,42.12617773456595
2010_07_NE_SD,2010,7,SD,NE,43.0,46.513307199547405
2010_07_MIN_GB,2010,7,GB,MIN,52.0,41.64661662518023
2010_07_NYG_DAL,2010,7,DAL,NYG,76.0,42.62534435639766
2010_08_MIA_CIN,2010,8,CIN,MIA,36.0,41.82727183884927
2010_08_JAX_DAL,2010,8,DAL,JAX,52.0,44.0612512986543
2010_08_WAS_DET,2010,8,DET,WAS,62.0,42.79342453010551
2010_08_BUF_KC,2010,8,KC,BUF,23.0,42.910517827751164
2010_08_GB_NYJ,2010,8,NYJ,GB,9.0,41.59498225142634
2010_08_DEN_SF,2010,8,SF,DEN,40.0,41.19087601366362
2010_08_CAR_STL,2010,8,STL,CAR,30.0,41.59724152613197
2010_08_TEN_SD,2010,8,SD,TEN,58.0,42.38395740561962
2010_08_TB_ARI,2010,8,ARI,TB,73.0,42.30982975465259
2010_08_MIN_NE,2010,8,NE,MIN,46.0,41.87842125555278
2010_08_SEA_OAK,2010,8,OAK,SEA,36.0,41.23937252941782
2010_08_PIT_NO,2010,8,NO,PIT,30.0,43.814265874065335
2010_08_HOU_IND,2010,8,IND,HOU,47.0,46.060594507819964
2010_09_TB_ATL,2010,9,ATL,TB,48.0,43.321316277619395
2010_09_MIA_BAL,2010,9,BAL,MIA,36.0,41.73919874354518
2010_09_CHI_BUF,2010,9,BUF,CHI,41.0,40.693198637425205
2010_09_NO_CAR,2010,9,CAR,NO,37.0,40.49757666769508
2010_09_NE_CLE,2010,9,CLE,NE,48.0,43.861760917316865
2010_09_NYJ_DET,2010,9,DET,NYJ,43.0,42.328855820510825
2010_09_SD_HOU,2010,9,HOU,SD,52.0,45.24936533065949
2010_09_ARI_MIN,2010,9,MIN,ARI,51.0,40.91109749931348
2010_09_NYG_SEA,2010,9,SEA,NYG,48.0,39.646104490045836
2010_09_KC_OAK,2010,9,OAK,KC,43.0,43.49665818059452
2010_09_IND_PHI,2010,9,PHI,IND,50.0,46.57238825299105
2010_09_DAL_GB,2010,9,GB,DAL,52.0,41.768928066729174
2010_09_PIT_CIN,2010,9,CIN,PIT,48.0,42.39470374499157
2010_10_BAL_ATL,2010,10,ATL,BAL,47.0,45.38090771737813
2010_10_DET_BUF,2010,10,BUF,DET,26.0,42.43108657824439
2010_10_MIN_CHI,2010,10,CHI,MIN,40.0,39.52144015668879
2010_10_NYJ_CLE,2010,10,CLE,NYJ,46.0,41.4431526382971
2010_10_CIN_IND,2010,10,IND,CIN,40.0,44.20219267429765
2010_10_HOU_JAX,2010,10,JAX,HOU,55.0,44.092756881359634
2010_10_TEN_MIA,2010,10,MIA,TEN,46.0,42.774387123057004
2010_10_CAR_TB,2010,10,TB,CAR,47.0,39.953690651160315
2010_10_KC_DEN,2010,10,DEN,KC,78.0,44.64018866448123
2010_10_SEA_ARI,2010,10,ARI,SEA,54.0,40.979006834572395
2010_10_DAL_NYG,2010,10,NYG,DAL,53.0,40.929298686259386
2010_10_STL_SF,2010,10,SF,STL,43.0,42.71327886975321
2010_10_NE_PIT,2010,10,PIT,NE,65.0,43.28425623567003
2010_10_PHI_WAS,2010,10,WAS,PHI,87.0,42.957004407195775
2010_11_CHI_MIA,2010,11,MIA,CHI,16.0,40.66167229123417
2010_11_BAL_CAR,2010,11,CAR,BAL,50.0,42.418708347863294
2010_11_BUF_CIN,2010,11,CIN,BUF,80.0,41.15693840102254
2010_11_DET_DAL,2010,11,DAL,DET,54.0,42.85355816067912
2010_11_CLE_JAX,2010,11,JAX,CLE,44.0,42.284505956954746
2010_11_ARI_KC,2010,11,KC,ARI,44.0,41.03103896536873
2010_11_GB_MIN,2010,11,MIN,GB,34.0,44.09021588245627
2010_11_HOU_NYJ,2010,11,NYJ,HOU,57.0,46.19489126915502
2010_11_OAK_PIT,2010,11,PIT,OAK,38.0,42.19632009906099
2010_11_WAS_TEN,2010,11,TEN,WAS,35.0,40.796410170759856
2010_11_SEA_NO,2010,11,NO,SEA,53.0,41.56531077635153
2010_11_TB_SF,2010,11,SF,TB,21.0,42.08627423258211
2010_11_ATL_STL,2010,11,STL,ATL,51.0,43.38701200574976
2010_11_IND_NE,2010,11,NE,IND,59.0,44.7019726890158
2010_11_NYG_PHI,2010,11,PHI,NYG,44.0,44.21892754633577
2010_11_DEN_SD,2010,11,SD,DEN,49.0,43.79912554563499
2010_12_NE_DET,2010,12,DET,NE,69.0,45.40115362737332
2010_12_NO_DAL,2010,12,DAL,NO,57.0,44.5478736907923
2010_12_CIN_NYJ,2010,12,NYJ,CIN,36.0,41.729850095415046
2010_12_GB_ATL,2010,12,ATL,GB,37.0,44.80356837657892
2010_12_PIT_BUF,2010,12,BUF,PIT,35.0,43.274760392287426
2010_12_CAR_CLE,2010,12,CLE,CAR,47.0,40.289824631464256
2010_12_TEN_HOU,2010,12,HOU,TEN,20.0,44.696360201919326
2010_12_JAX_NYG,2010,12,NYG,JAX,44.0,44.32275470464926
2010_12_MIN_WAS,2010,12,WAS,MIN,30.0,40.90644222775445
2010_12_MIA_OAK,2010,12,OAK,MIA,50.0,41.547685566667525
2010_12_KC_SEA,2010,12,SEA,KC,66.0,43.11390388648891
2010_12_TB_BAL,2010,12,BAL,TB,27.0,42.67829416300913
2010_12_PHI_CHI,2010,12,CHI,PHI,57.0,44.76797706436705
2010_12_STL_DEN,2010,12,DEN,STL,69.0,44.10554218036829
2010_12_SD_IND,2010,12,IND,SD,50.0,44.90252318867119
2010_12_SF_ARI,2010,12,ARI,SF,33.0,41.175185968738724
2010_13_HOU_PHI,2010,13,PHI,HOU,58.0,43.21939640034353
2010_13_NO_CIN,2010,13,CIN,NO,64.0,43.4824948885445
2010_13_CHI_DET,2010,13,DET,CHI,44.0,42.46059883282256
2010_13_SF_GB,2010,13,GB,SF,50.0,40.43924889989673
2010_13_DEN_KC,2010,13,KC,DEN,16.0,45.758628731012514
2010_13_CLE_MIA,2010,13,MIA,CLE,23.0,40.957676438060176
2010_13_BUF_MIN,2010,13,MIN,BUF,52.0,43.08318329906446
2010_13_WAS_NYG,2010,13,NYG,WAS,38.0,41.2330199772894
2010_13_JAX_TEN,2010,13,TEN,JAX,23.0,45.28978471986251
2010_13_OAK_SD,2010,13,SD,OAK,41.0,41.397080976323984
2010_13_STL_ARI,2010,13,ARI,STL,25.0,42.74087648486833
2010_13_DAL_IND,2010,13,IND,DAL,73.0,44.62294092641301
2010_13_CAR_SEA,2010,13,SEA,CAR,45.0,40.91557052851503
2010_13_ATL_TB,2010,13,TB,ATL,52.0,43.562134726932435
2010_13_PIT_BAL,2010,13,BAL,PIT,23.0,42.772405426042894
2010_13_NYJ_NE,2010,13,NE,NYJ,48.0,43.456014420546445
2010_14_IND_TEN,2010,14,TEN,IND,58.0,45.18291232980192
2010_14_CLE_BUF,2010,14,BUF,CLE,19.0,41.15695003380835
2010_14_ATL_CAR,2010,14,CAR,ATL,41.0,42.58939418894398
2010_14_GB_DET,2010,14,DET,GB,10.0,45.4855129906726
2010_14_OAK_JAX,2010,14,JAX,OAK,69.0,43.59662669345106
2010_14_CIN_PIT,2010,14,PIT,CIN,30.0,41.169734333053164
2010_14_TB_WAS,2010,14,WAS,TB,33.0,43.47525534566502
2010_14_STL_NO,2010,14,NO,STL,44.0,43.017319250478884
2010_14_SEA_SF,2010,14,SF,SEA,61.0,42.141560914359765
2010_14_DEN_ARI,2010,14,ARI,DEN,56.0,43.24401649480694
2010_14_NE_CHI,2010,14,CHI,NE,43.0,45.38907529853905
2010_14_MIA_NYJ,2010,14,NYJ,MIA,16.0,41.49520313095872
2010_14_KC_SD,2010,14,SD,KC,31.0,44.561969105064584
2010_14_PHI_DAL,2010,14,DAL,PHI,57.0,46.65147462140442
2010_14_NYG_MIN,2010,14,MIN,NYG,24.0,42.13063173319528
2010_14_BAL_HOU,2010,14,HOU,BAL,62.0,45.80385888493191
2010_15_SF_SD,2010,15,SD,SF,41.0,41.749847074864526
2010_15_NO_BAL,2010,15,BAL,NO,54.0,45.390719155926405
2010_15_ARI_CAR,2010,15,CAR,ARI,31.0,41.522441486326116
2010_15_CLE_CIN,2010,15,CIN,CLE,36.0,40.715684182857515
2010_15_WAS_DAL,2010,15,DAL,WAS,63.0,42.477553226600584
2010_15_JAX_IND,2010,15,IND,JAX,58.0,45.99370500089365
2010_15_BUF_MIA,2010,15,MIA,BUF,31.0,40.64222209395826
2010_15_PHI_NYG,2010,15,NYG,PHI,69.0,46.234931626296486
2010_15_KC_STL,2010,15,STL,KC,40.0,43.113789616790804
2010_15_DET_TB,2010,15,TB,DET,43.0,41.12890435248572
2010_15_HOU_TEN,2010,15,TEN,HOU,48.0,44.21152002079125
2010_15_ATL_SEA,2010,15,SEA,ATL,52.0,44.27356144111542
2010_15_DEN_OAK,2010,15,OAK,DEN,62.0,43.20412842564286
2010_15_NYJ_PIT,2010,15,PIT,NYJ,39.0,39.88477396105899
2010_15_GB_NE,2010,15,NE,GB,58.0,44.19884570506353
2010_15_CHI_MIN,2010,15,MIN,CHI,54.0,39.693154799894046
2010_16_CAR_PIT,2010,16,PIT,CAR,30.0,40.10477697061838
2010_16_DAL_ARI,2010,16,ARI,DAL,53.0,43.39244036691734
2010_16_NE_BUF,2010,16,BUF,NE,37.0,44.129412951217226
2010_16_NYJ_CHI,2010,16,CHI,NYJ,72.0,40.43191409252828
2010_16_BAL_CLE,2010,16,CLE,BAL,30.0,41.30820187409847
2010_16_WAS_JAX,2010,16,JAX,WAS,37.0,41.352026448052335
2010_16_TEN_KC,2010,16,KC,TEN,48.0,41.08970167956182
2010_16_DET_MIA,2010,16,MIA,DET,61.0,40.366887057385256
2010_16_SF_STL,2010,16,STL,SF,42.0,42.8309270771701
2010_16_SD_CIN,2010,16,CIN,SD,54.0,43.22479174716768
2010_16_HOU_DEN,2010,16,DEN,HOU,47.0,42.9585286262669
2010_16_IND_OAK,2010,16,OAK,IND,57.0,44.68244812725305
2010_16_NYG_GB,2010,16,GB,NYG,62.0,42.8396756464001
2010_16_SEA_TB,2010,16,TB,SEA,53.0,40.97362913521931
2010_16_NO_ATL,2010,16,ATL,NO,31.0,45.911649518891544
2010_16_MIN_PHI,2010,16,PHI,MIN,38.0,42.25296272376051
2010_17_CAR_ATL,2010,17,ATL,CAR,41.0,41.12562475914044
2010_17_CIN_BAL,2010,17,BAL,CIN,20.0,42.687882675067776
2010_17_PIT_CLE,2010,17,CLE,PIT,50.0,41.398666970903854
2010_17_MIN_DET,2010,17,DET,MIN,33.0,41.1366739325565
2010_17_OAK_KC,2010,17,KC,OAK,41.0,42.08888288937277
2010_17_MIA_NE,2010,17,NE,MIA,45.0,40.988791278340074
2010_17_TB_NO,2010,17,NO,TB,36.0,44.59495290544561
2010_17_BUF_NYJ,2010,17,NYJ,BUF,45.0,41.485246791604126
2010_17_SD_DEN,2010,17,DEN,SD,61.0,42.84010985425665
2010_17_CHI_GB,2010,17,GB,CHI,13.0,41.20793045499779
2010_17_JAX_HOU,2010,17,HOU,JAX,51.0,44.41728587314339
2010_17_TEN_IND,2010,17,IND,TEN,43.0,43.91943078070709
2010_17_DAL_PHI,2010,17,PHI,DAL,27.0,44.01744812719641
2010_17_ARI_SF,2010,17,SF,ARI,45.0,41.58656993618069
2010_17_NYG_WAS,2010,17,WAS,NYG,31.0,42.89063047246229
2010_17_STL_SEA,2010,17,SEA,STL,22.0,43.410579566922124
2011_01_NO_GB,2011,1,GB,NO,76.0,42.492777010582174
2011_01_PIT_BAL,2011,1,BAL,PIT,42.0,42.54545532537497
2011_01_ATL_CHI,2011,1,CHI,ATL,42.0,41.31704284032834
2011_01_CIN_CLE,2011,1,CLE,CIN,44.0,41.15180812282471
2011_01_IND_HOU,2011,1,HOU,IND,41.0,46.80752405895906
2011_01_TEN_JAX,2011,1,JAX,TEN,30.0,42.733314147002275
2011_01_BUF_KC,2011,1,KC,BUF,48.0,42.47990865098813
2011_01_PHI_STL,2011,1,STL,PHI,44.0,44.13249323992375
2011_01_DET_TB,2011,1,TB,DET,47.0,42.709108528852205
2011_01_CAR_ARI,2011,1,ARI,CAR,49.0,40.40075380543469
2011_01_MIN_SD,2011,1,SD,MIN,41.0,41.907074726946576
2011_01_SEA_SF,2011,1,SF,SEA,50.0,40.32825828466755
2011_01_NYG_WAS,2011,1,WAS,NYG,42.0,41.66440850566548
2011_01_DAL_NYJ,2011,1,NYJ,DAL,51.0,41.88553804940352
2011_01_NE_MIA,2011,1,MIA,NE,62.0,44.12896292158463
2011_01_OAK_DEN,2011,1,DEN,OAK,43.0,42.206997428430576
2011_02_OAK_BUF,2011,2,BUF,OAK,73.0,41.8654000922559
2011_02_GB_CAR,2011,2,CAR,GB,53.0,49.42752696022865
2011_02_KC_DET,2011,2,DET,KC,51.0,42.10755179168956
2011_02_CLE_IND,2011,2,IND,CLE,46.0,42.2174424482076
2011_02_TB_MIN,2011,2,MIN,TB,44.0,41.841295154136745
2011_02_CHI_NO,2011,2,NO,CHI,43.0,43.85934694526385
2011_02_JAX_NYJ,2011,2,NYJ,JAX,35.0,43.64423963520716
2011_02_SEA_PIT,2011,2,PIT,SEA,24.0,40.49416298710058
2011_02_BAL_TEN,2011,2,TEN,BAL,39.0,42.81844676078187
2011_02_ARI_WAS,2011,2,WAS,ARI,43.0,47.54533244331906
2011_02_DAL_SF,2011,2,SF,DAL,51.0,43.071626063810726
2011_02_CIN_DEN,2011,2,DEN,CIN,46.0,42.368497154607056
2011_02_HOU_MIA,2011,2,MIA,HOU,36.0,44.25722202803027
2011_02_SD_NE,2011,2,NE,SD,56.0,45.02900886711702
2011_02_PHI_ATL,2011,2,ATL,PHI,66.0,46.2044513461195
2011_02_STL_NYG,2011,2,NYG,STL,44.0,43.82953047524783
2011_03_NE_BUF,2011,3,BUF,NE,65.0,50.69653002731192
2011_03_JAX_CAR,2011,3,CAR,JAX,26.0,40.74250323926343
2011_03_SF_CIN,2011,3,CIN,SF,21.0,42.2520539924705
2011_03_MIA_CLE,2011,3,CLE,MIA,33.0,42.33188542892201
2011_03_DET_MIN,2011,3,MIN,DET,49.0,45.52574897049037
2011_03_HOU_NO,2011,3,NO,HOU,73.0,46.03843691343513
2011_03_NYG_PHI,2011,3,PHI,NYG,45.0,43.722424112905244
2011_03_DEN_TEN,2011,3,TEN,DEN,31.0,41.44206898523602
2011_03_NYJ_OAK,2011,3,OAK,NYJ,58.0,42.338041510078575
2011_03_KC_SD,2011,3,SD,KC,37.0,42.441934346815785
2011_03_BAL_STL,2011,3,STL,BAL,44.0,43.67326984920758
2011_03_GB_CHI,2011,3,CHI,GB,44.0,46.870833689644016
2011_03_ARI_SEA,2011,3,SEA,ARI,23.0,44.140601951014936
2011_03_ATL_TB,2011,3,TB,ATL,29.0,42.596321024267894
2011_03_PIT_IND,2011,3,IND,PIT,43.0,43.18527379124388
2011_03_WAS_DAL,2011,3,DAL,WAS,34.0,43.906576678665054
2011_04_CAR_CHI,2011,4,CHI,CAR,63.0,40.748320416672314
2011_04_BUF_CIN,2011,4,CIN,BUF,43.0,46.00346263112982
2011_04_TEN_CLE,2011,4,CLE,TEN,44.0,40.04483537479676
2011_04_DET_DAL,2011,4,DAL,DET,64.0,43.647332730695496
2011_04_PIT_HOU,2011,4,HOU,PIT,27.0,42.85991380067063
2011_04_NO_JAX,2011,4,JAX,NO,33.0,45.695293943768625
2011_04_MIN_KC,2011,4,KC,MIN,39.0,42.486836745021115
2011_04_SF_PHI,2011,4,PHI,SF,47.0,41.728280142184516
2011_04_WAS_STL,2011,4,STL,WAS,27.0,43.96526106812279
2011_04_NYG_ARI,2011,4,ARI,NYG,58.0,43.61200892119353
2011_04_ATL_SEA,2011,4,SEA,ATL,58.0,41.52083966511586
2011_04_DEN_GB,2011,4,GB,DEN,72.0,43.9994146022745
2011_04_NE_OAK,2011,4,OAK,NE,50.0,50.13722430678548
2011_04_MIA_SD,2011,4,SD,MIA,42.0,43.68975870298211
2011_04_NYJ_BAL,2011,4,BAL,NYJ,51.0,41.352106121889605
2011_04_IND_TB,2011,4,TB,IND,41.0,40.808074051977755
2011_05_PHI_BUF,2011,5,BUF,PHI,55.0,45.94787005555835
2011_05_NO_CAR,2011,5,CAR,NO,57.0,46.83867514624113
2011_05_OAK_HOU,2011,5,HOU,OAK,45.0,46.67476118224756
2011_05_KC_IND,2011,5,IND,KC,52.0,41.1623529594123
2011_05_CIN_JAX,2011,5,JAX,CIN,50.0,39.28689512266331
2011_05_ARI_MIN,2011,5,MIN,ARI,44.0,43.90988712556363
2011_05_SEA_NYG,2011,5,NYG,SEA,61.0,43.66376541501602
2011_05_TEN_PIT,2011,5,PIT,TEN,55.0,42.459599830101425
2011_05_TB_SF,2011,5,SF,TB,51.0,42.538258559654345
2011_05_SD_DEN,2011,5,DEN,SD,53.0,42.95650684083053
2011_05_NYJ_NE,2011,5,NE,NYJ,51.0,41.114926613489835
2011_05_GB_ATL,2011,5,ATL,GB,39.0,47.61744877869214
2011_05_CHI_DET,2011,5,DET,CHI,37.0,42.25218236780759
2011_06_CAR_ATL,2011,6,ATL,CAR,48.0,45.1547082226013
2011_06_IND_CIN,2011,6,CIN,IND,44.0,39.739070056178946
2011_06_SF_DET,2011,6,DET,SF,44.0,43.90472689886112
2011_06_STL_GB,2011,6,GB,STL,27.0,43.26052950141426
2011_06_BUF_NYG,2011,6,NYG,BUF,51.0,46.29575919905708
2011_06_JAX_PIT,2011,6,PIT,JAX,30.0,40.07402888484816
2011_06_PHI_WAS,2011,6,WAS,PHI,33.0,44.156404441132544
2011_06_HOU_BAL,2011,6,BAL,HOU,43.0,40.78497755707937
2011_06_CLE_OAK,2011,6,OAK,CLE,41.0,42.79295286516688
2011_06_DAL_NE,2011,6,NE,DAL,36.0,44.82326094549243
2011_06_NO_TB,2011,6,TB,NO,46.0,47.25283420789219
2011_06_MIN_CHI,2011,6,CHI,MIN,49.0,42.13537817062455
2011_06_MIA_NYJ,2011,6,NYJ,MIA,30.0,41.135895976144305
2011_07_WAS_CAR,2011,7,CAR,WAS,53.0,43.364982171908196
2011_07_SEA_CLE,2011,7,CLE,SEA,9.0,41.088005464279355
2011_07_ATL_DET,2011,7,DET,ATL,39.0,44.00672150085975
2011_07_DEN_MIA,2011,7,MIA,DEN,33.0,42.05136347977228
2011_07_SD_NYJ,2011,7,NYJ,SD,48.0,42.244353506404465
2011_07_CHI_TB,2011,7,TB,CHI,42.0,40.67465257036977
2011_07_HOU_TEN,2011,7,TEN,HOU,48.0,43.27773487240957
2011_07_PIT_ARI,2011,7,ARI,PIT,52.0,43.489728930876964
2011_07_KC_OAK,2011,7,OAK,KC,28.0,43.96570707838647
2011_07_STL_DAL,2011,7,DAL,STL,41.0,42.24872702819389
2011_07_GB_MIN,2011,7,MIN,GB,60.0,45.16330338395197
2011_07_IND_NO,2011,7,NO,IND,69.0,42.9048983227687
2011_07_BAL_JAX,2011,7,JAX,BAL,19.0,41.91023444284657
2011_08_ARI_BAL,2011,8,BAL,ARI,57.0,40.618419872659544
2011_08_MIN_CAR,2011,8,CAR,MIN,45.0,44.00637819097846
2011_08_JAX_HOU,2011,8,HOU,JAX,38.0,41.57084473079658
2011_08_MIA_NYG,2011,8,NYG,MIA,37.0,43.0242305155208
2011_08_NO_STL,2011,8,STL,NO,52.0,46.058204495593074
2011_08_IND_TEN,2011,8,TEN,IND,37.0,41.63968455949872
2011_08_WAS_BUF,2011,8,BUF,WAS,23.0,45.03488197871684
2011_08_DET_DEN,2011,8,DEN,DET,55.0,41.864693988818175
2011_08_NE_PIT,2011,8,PIT,NE,42.0,50.9738106914297
2011_08_CIN_SEA,2011,8,SEA,CIN,46.0,39.87169357126512
2011_08_CLE_SF,2011,8,SF,CLE,30.0,40.876210172448474
2011_08_DAL_PHI,2011,8,PHI,DAL,41.0,44.23503087344648
2011_08_SD_KC,2011,8,KC,SD,43.0,44.527290139245416
2011_09_NYJ_BUF,2011,9,BUF,NYJ,38.0,42.94860023824176
2011_09_SEA_DAL,2011,9,DAL,SEA,36.0,41.52802995891483
2011_09_CLE_HOU,2011,9,HOU,CLE,42.0,41.72858215461223
2011_09_ATL_IND,2011,9,IND,ATL,38.0,44.89949564465699
2011_09_MIA_KC,2011,9,KC,MIA,34.0,42.09166596202046
2011_09_TB_NO,2011,9,NO,TB,43.0,44.32543463739819
2011_09_SF_WAS,2011,9,WAS,SF,30.0,42.071680988402655
2011_09_DEN_OAK,2011,9,OAK,DEN,62.0,44.01560017219506
2011_09_CIN_TEN,2011,9,TEN,CIN,41.0,41.588028060966636
2011_09_STL_ARI,2011,9,ARI,STL,32.0,42.29928401736997
2011_09_NYG_NE,2011,9,NE,NYG,44.0,44.67846795528569
2011_09_GB_SD,2011,9,SD,GB,83.0,47.207983408264624
2011_09_BAL_PIT,2011,9,PIT,BAL,43.0,40.8210573411724
2011_09_CHI_PHI,2011,9,PHI,CHI,54.0,44.39701911151179
2011_10_OAK_SD,2011,10,SD,OAK,41.0,45.47340674212402
2011_10_NO_ATL,2011,10,ATL,NO,49.0,47.50875562102174
2011_10_TEN_CAR,2011,10,CAR,TEN,33.0,44.04876140085347
2011_10_PIT_CIN,2011,10,CIN,PIT,41.0,43.63065915155104
2011_10_STL_CLE,2011,10,CLE,STL,25.0,39.860345792353755
2011_10_BUF_DAL,2011,10,DAL,BUF,51.0,46.22740635516697
2011_10_JAX_IND,2011,10,IND,JAX,20.0,40.7438861726958
2011_10_DEN_KC,2011,10,KC,DEN,27.0,41.133503514633055
2011_10_WAS_MIA,2011,10,MIA,WAS,29.0,40.35201154605375
2011_10_ARI_PHI,2011,10,PHI,ARI,38.0,42.085714788397105
2011_10_HOU_TB,2011,10,TB,HOU,46.0,42.67041670415616
2011_10_BAL_SEA,2011,10,SEA,BAL,39.0,40.525866760586865
2011_10_DET_CHI,2011,10,CHI,DET,50.0,40.69167252596478
2011_10_NYG_SF,2011,10,SF,NYG,47.0,42.01674829869151
2011_10_NE_NYJ,2011,10,NYJ,NE,53.0,46.43475310563074
2011_10_MIN_GB,2011,10,GB,MIN,52.0,43.834728462378315
2011_11_NYJ_DEN,2011,11,DEN,NYJ,30.0,41.08438907951924
2011_11_CIN_BAL,2011,11,BAL,CIN,55.0,40.68313023116283
2011_11_JAX_CLE,2011,11,CLE,JAX,24.0,37.41621963060382
2011_11_CAR_DET,2011,11,DET,CAR,84.0,42.26559438666859
2011_11_TB_GB,2011,11,GB,TB,61.0,42.69659729022346
2011_11_BUF_MIA,2011,11,MIA,BUF,43.0,42.677701048260865
2011_11_OAK_MIN,2011,11,MIN,OAK,48.0,43.581407674082165
2011_11_DAL_WAS,2011,11,WAS,DAL,51.0,43.70965202714032
2011_11_ARI_SF,2011,11,SF,ARI,30.0,40.673654695311825
2011_11_SEA_STL,2011,11,STL,SEA,31.0,42.632080529626435
2011_11_TEN_ATL,2011,11,ATL,TEN,40.0,44.01287433559003
2011_11_SD_CHI,2011,11,CHI,SD,51.0,41.530758748097924
2011_11_PHI_NYG,2011,11,NYG,PHI,27.0,44.10042400854879
2011_11_KC_NE,2011,11,NE,KC,37.0,42.9716342260496
2011_12_GB_DET,2011,12,DET,GB,42.0,48.73164907511117
2011_12_MIA_DAL,2011,12,DAL,MIA,39.0,43.86588265727192
2011_12_SF_BAL,2011,12,BAL,SF,22.0,42.105020670019876
2011_12_MIN_ATL,2011,12,ATL,MIN,38.0,43.894299590092515
2011_12_CLE_CIN,2011,12,CIN,CLE,43.0,41.70594315215407
2011_12_CAR_IND,2011,12,IND,CAR,46.0,44.78472345530978
2011_12_HOU_JAX,2011,12,JAX,HOU,33.0,42.621708490544464
2011_12_BUF_NYJ,2011,12,NYJ,BUF,52.0,41.22377326343198
2011_12_ARI_STL,2011,12,STL,ARI,43.0,42.894147380247254
2011_12_TB_TEN,2011,12,TEN,TB,40.0,40.776865681945345
2011_12_CHI_OAK,2011,12,OAK,CHI,45.0,43.37892843854554
2011_12_WAS_SEA,2011,12,SEA,WAS,40.0,40.675966383958354
2011_12_NE_PHI,2011,12,PHI,NE,58.0,45.160179586463244
2011_12_DEN_SD,2011,12,SD,DEN,29.0,44.75391383813369
2011_12_PIT_KC,2011,12,KC,PIT,22.0,44.99165482780981
2011_12_NYG_NO,2011,12,NO,NYG,73.0,44.50640487124556
2011_13_PHI_SEA,2011,13,SEA,PHI,45.0,43.81973106059404
2011_13_TEN_BUF,2011,13,BUF,TEN,40.0,41.79043948377613
2011_13_KC_CHI,2011,13,CHI,KC,13.0,40.50972290125398
2011_13_ATL_HOU,2011,13,HOU,ATL,27.0,42.22041336329792
2011_13_OAK_MIA,2011,13,MIA,OAK,48.0,41.00499049496143
2011_13_DEN_MIN,2011,13,MIN,DEN,67.0,42.432960617435995
2011_13_IND_NE,2011,13,NE,IND,55.0,42.02419785101986
2011_13_CIN_PIT,2011,13,PIT,CIN,42.0,41.822514843221214
2011_13_CAR_TB,2011,13,TB,CAR,57.0,43.34744295296933
2011_13_NYJ_WAS,2011,13,WAS,NYJ,53.0,40.3823570977936
2011_13_BAL_CLE,2011,13,CLE,BAL,34.0,39.76479435861548
2011_13_DAL_ARI,2011,13,ARI,DAL,32.0,44.01379941239449
2011_13_GB_NYG,2011,13,NYG,GB,73.0,47.717289573639285
2011_13_STL_SF,2011,13,SF,STL,26.0,42.258337085600175
2011_13_DET_NO,2011,13,NO,DET,48.0,45.52518168724726
2011_13_SD_JAX,2011,13,JAX,SD,52.0,41.6050551909493
2011_14_CLE_PIT,2011,14,PIT,CLE,17.0,42.1661757749342
2011_14_IND_BAL,2011,14,BAL,IND,34.0,42.13197867892559
2011_14_ATL_CAR,2011,14,CAR,ATL,54.0,44.089138649207456
2011_14_HOU_CIN,2011,14,CIN,HOU,39.0,40.93816394030631
2011_14_MIN_DET,2011,14,DET,MIN,62.0,43.869335085899856
2011_14_TB_JAX,2011,14,JAX,TB,55.0,40.95792952486987
2011_14_PHI_MIA,2011,14,MIA,PHI,36.0,42.11789919954912
2011_14_KC_NYJ,2011,14,NYJ,KC,47.0,41.242912097676566
2011_14_NO_TEN,2011,14,TEN,NO,39.0,47.201694305133046
2011_14_NE_WAS,2011,14,WAS,NE,61.0,44.741681687432
2011_14_SF_ARI,2011,14,ARI,SF,40.0,41.479211516127656
2011_14_CHI_DEN,2011,14,DEN,CHI,23.0,39.42129222880024
2011_14_OAK_GB,2011,14,GB,OAK,62.0,42.96105611107409
2011_14_BUF_SD,2011,14,SD,BUF,47.0,45.05147053709974
2011_14_NYG_DAL,2011,14,DAL,NYG,71.0,44.74515305532617
2011_14_STL_SEA,2011,14,SEA,STL,43.0,41.22768256155701
2011_15_JAX_ATL,2011,15,ATL,JAX,55.0,40.521393027315604
2011_15_DAL_TB,2011,15,TB,DAL,46.0,43.77650673875209
2011_15_MIA_BUF,2011,15,BUF,MIA,53.0,41.85380898663826
2011_15_SEA_CHI,2011,15,CHI,SEA,52.0,41.674124704928474
2011_15_CAR_HOU,2011,15,HOU,CAR,41.0,46.865485103209664
2011_15_TEN_IND,2011,15,IND,TEN,40.0,42.903369416140585
2011_15_GB_KC,2011,15,KC,GB,33.0,46.19756143860446
2011_15_NO_MIN,2011,15,MIN,NO,62.0,47.436392617998436
2011_15_WAS_NYG,2011,15,NYG,WAS,33.0,43.0836351065802
2011_15_CIN_STL,2011,15,STL,CIN,33.0,42.98670814097833
2011_15_DET_OAK,2011,15,OAK,DET,55.0,45.93955746848261
2011_15_CLE_ARI,2011,15,ARI,CLE,37.0,41.58311900948222
2011_15_NE_DEN,2011,15,DEN,NE,64.0,48.889580150343114
2011_15_NYJ_PHI,2011,15,PHI,NYJ,64.0,42.415030406236276
2011_15_BAL_SD,2011,15,SD,BAL,48.0,43.37964139142409
2011_15_PIT_SF,2011,15,SF,PIT,23.0,41.37186724488281
2011_16_HOU_IND,2011,16,IND,HOU,35.0,43.70953686734024
2011_16_CLE_BAL,2011,16,BAL,CLE,34.0,41.36146128548043
2011_16_DEN_BUF,2011,16,BUF,DEN,54.0,42.414536352602866
2011_16_TB_CAR,2011,16,CAR,TB,64.0,42.91081495643324
2011_16_ARI_CIN,2011,16,CIN,ARI,39.0,41.611554765534635
2011_16_OAK_KC,2011,16,KC,OAK,29.0,41.26632010819102
2011_16_MIA_NE,2011,16,NE,MIA,51.0,44.063193543640466
2011_16_NYG_NYJ,2011,16,NYJ,NYG,43.0,43.6112727645222
2011_16_STL_PIT,2011,16,PIT,STL,27.0,41.81734274829259
2011_16_JAX_TEN,2011,16,TEN,JAX,40.0,39.31890733107313
2011_16_MIN_WAS,2011,16,WAS,MIN,59.0,42.319046246746865
2011_16_SD_DET,2011,16,DET,SD,48.0,44.63052356170685
2011_16_PHI_DAL,2011,16,DAL,PHI,27.0,44.813634131374855
2011_16_SF_SEA,2011,16,SEA,SF,36.0,39.8785165565174
2011_16_CHI_GB,2011,16,GB,CHI,56.0,43.22490447434096
2011_16_ATL_NO,2011,16,NO,ATL,61.0,46.279954405112214
2011_17_DET_GB,2011,17,GB,DET,86.0,44.59420751194887
2011_17_TEN_HOU,2011,17,HOU,TEN,45.0,41.869504358647866
2011_17_IND_JAX,2011,17,JAX,IND,32.0,40.505613784798655
2011_17_NYJ_MIA,2011,17,MIA,NYJ,36.0,39.2458734445752
2011_17_CHI_MIN,2011,17,MIN,CHI,30.0,41.6808855011446
2011_17_BUF_NE,2011,17,NE,BUF,70.0,44.60940470261395
2011_17_CAR_NO,2011,17,NO,CAR,62.0,47.4052724536076
2011_17_WAS_PHI,2011,17,PHI,WAS,44.0,42.09598956334341
2011_17_SF_STL,2011,17,STL,SF,61.0,43.64299167727256
2011_17_SEA_ARI,2011,17,ARI,SEA,43.0,41.12356641580361
2011_17_TB_ATL,2011,17,ATL,TB,69.0,43.0711995348012
2011_17_BAL_CIN,2011,17,CIN,BAL,40.0,39.40631464714595
2011_17_PIT_CLE,2011,17,CLE,PIT,22.0,40.640235686017256
2011_17_KC_DEN,2011,17,DEN,KC,10.0,40.32903826098813
2011_17_SD_OAK,2011,17,OAK,SD,64.0,44.44104714927532
2011_17_DAL_NYG,2011,17,NYG,DAL,45.0,44.03055904839645
2012_01_DAL_NYG,2012,1,NYG,DAL,41.0,45.025376773843384
2012_01_IND_CHI,2012,1,CHI,IND,62.0,40.574807865915616
2012_01_PHI_CLE,2012,1,CLE,PHI,33.0,41.503200666441025
2012_01_STL_DET,2012,1,DET,STL,50.0,42.69738120668203
2012_01_MIA_HOU,2012,1,HOU,MIA,40.0,41.47247722401337
2012_01_ATL_KC,2012,1,KC,ATL,64.0,42.501737150381025
2012_01_JAX_MIN,2012,1,MIN,JAX,49.0,37.64254701223296
2012_01_WAS_NO,2012,1,NO,WAS,72.0,44.11087919479827
2012_01_BUF_NYJ,2012,1,NYJ,BUF,76.0,42.76131868606835
2012_01_NE_TEN,2012,1,TEN,NE,47.0,46.14412782623632
2012_01_SEA_ARI,2012,1,ARI,SEA,36.0,39.37968226080539
2012_01_SF_GB,2012,1,GB,SF,52.0,45.57394304336081
2012_01_CAR_TB,2012,1,TB,CAR,26.0,45.02098972238829
2012_01_PIT_DEN,2012,1,DEN,PIT,50.0,41.84242103739923
2012_01_CIN_BAL,2012,1,BAL,CIN,57.0,39.92952763646354
2012_01_SD_OAK,2012,1,OAK,SD,36.0,43.958888785043506
2012_02_CHI_GB,2012,2,GB,CHI,33.0,55.65844730020864
2012_02_KC_BUF,2012,2,BUF,KC,52.0,48.91290525025446
2012_02_NO_CAR,2012,2,CAR,NO,62.0,42.76241235249612
2012_02_CLE_CIN,2012,2,CIN,CLE,61.0,42.71722641174559
2012_02_MIN_IND,2012,2,IND,MIN,43.0,46.101123036539505
2012_02_HOU_JAX,2012,2,JAX,HOU,34.0,49.99205606553004
2012_02_OAK_MIA,2012,2,MIA,OAK,48.0,43.260789312211784
2012_02_ARI_NE,2012,2,NE,ARI,38.0,38.27138935338252
2012_02_TB_NYG,2012,2,NYG,TB,75.0,41.31157961267663
2012_02_BAL_PHI,2012,2,PHI,BAL,47.0,46.291482817662775
2012_02_DAL_SEA,2012,2,SEA,DAL,34.0,48.35766436660505
2012_02_WAS_STL,2012,2,STL,WAS,59.0,48.99392768148868
2012_02_NYJ_PIT,2012,2,PIT,NYJ,37.0,48.44575353024432
2012_02_TEN_SD,2012,2,SD,TEN,48.0,43.59517300310965
2012_02_DET_SF,2012,2,SF,DET,46.0,44.476310935529085
2012_02_DEN_ATL,2012,2,ATL,DEN,48.0,53.131596696564884
2012_03_NYG_CAR,2012,3,CAR,NYG,43.0,46.330088610517805
2012_03_STL_CHI,2012,3,CHI,STL,29.0,46.31104914120352
2012_03_BUF_CLE,2012,3,CLE,BUF,38.0,49.33696834131523
2012_03_TB_DAL,2012,3,DAL,TB,26.0,46.46917355617205
2012_03_JAX_IND,2012,3,IND,JAX,39.0,43.956285945757905
2012_03_NYJ_MIA,2012,3,MIA,NYJ,43.0,46.343685529269
2012_03_SF_MIN,2012,3,MIN,SF,37.0,51.06479298002984
2012_03_KC_NO,2012,3,NO,KC,51.0,49.80150402328743
2012_03_DET_TEN,2012,3,TEN,DET,85.0,46.265704304588006
2012_03_CIN_WAS,2012,3,WAS,CIN,69.0,47.45255798650986
2012_03_PHI_ARI,2012,3,ARI,PHI,33.0,41.847799305914975
2012_03_ATL_SD,2012,3,SD,ATL,30.0,46.94217425597317
2012_03_HOU_DEN,2012,3,DEN,HOU,56.0,49.137610492586475
2012_03_PIT_OAK,2012,3,OAK,PIT,65.0,45.12639827444551
2012_03_NE_BAL,2012,3,BAL,NE,61.0,45.589761962505804
2012_03_GB_SEA,2012,3,SEA,GB,26.0,41.67178610586584
2012_04_CLE_BAL,2012,4,BAL,CLE,39.0,43.311274218356296
2012_04_CAR_ATL,2012,4,ATL,CAR,58.0,48.20415390038705
2012_04_NE_BUF,2012,4,BUF,NE,80.0,48.2791519067141
2012_04_MIN_DET,2012,4,DET,MIN,33.0,45.858273778293345
2012_04_TEN_HOU,2012,4,HOU,TEN,52.0,44.61275778955678
2012_04_SD_KC,2012,4,KC,SD,57.0,45.60824572078181
2012_04_SF_NYJ,2012,4,NYJ,SF,34.0,45.88856483067142
2012_04_SEA_STL,2012,4,STL,SEA,32.0,40.43780182377091
2012_04_MIA_ARI,2012,4,ARI,MIA,45.0,41.48728335603201
2012_04_OAK_DEN,2012,4,DEN,OAK,43.0,45.22720141388214
2012_04_CIN_JAX,2012,4,JAX,CIN,37.0,45.24151663466802
2012_04_NO_GB,2012,4,GB,NO,55.0,45.616749886741864
2012_04_WAS_TB,2012,4,TB,WAS,46.0,44.43015156516269
2012_04_NYG_PHI,2012,4,PHI,NYG,36.0,46.319079006787355
2012_04_CHI_DAL,2012,4,DAL,CHI,52.0,45.340442504648955
2012_05_ARI_STL,2012,5,STL,ARI,20.0,42.0645779352277
2012_05_MIA_CIN,2012,5,CIN,MIA,30.0,45.8252409987044
2012_05_GB_IND,2012,5,IND,GB,57.0,46.94690725743829
2012_05_BAL_KC,2012,5,KC,BAL,15.0,45.949178702572034
2012_05_CLE_NYG,2012,5,NYG,CLE,68.0,44.30368336779345
2012_05_PHI_PIT,2012,5,PIT,PHI,30.0,45.89542536677714
2012_05_ATL_WAS,2012,5,WAS,ATL,41.0,52.649280121081176
2012_05_SEA_CAR,2012,5,CAR,SEA,28.0,41.27022809139556
2012_05_CHI_JAX,2012,5,JAX,CHI,44.0,43.32560408206665
2012_05_TEN_MIN,2012,5,MIN,TEN,37.0,43.82975506116397
2012_05_DEN_NE,2012,5,NE,DEN,52.0,45.91489033161081
2012_05_BUF_SF,2012,5,SF,BUF,48.0,46.049263414998144
2012_05_SD_NO,2012,5,NO,SD,55.0,44.68255758325696
2012_05_HOU_NYJ,2012,5,NYJ,HOU,40.0,46.490467816960034
2012_06_PIT_TEN,2012,6,TEN,PIT,49.0,46.0102665165321
2012_06_OAK_ATL,2012,6,ATL,OAK,43.0,46.36297362188713
2012_06_DAL_BAL,2012,6,BAL,DAL,60.0,43.51703799390829
2012_06_CIN_CLE,2012,6,CLE,CIN,58.0,42.028435942988395
2012_06_STL_MIA,2012,6,MIA,STL,31.0,37.77638895858829
2012_06_IND_NYJ,2012,6,NYJ,IND,44.0,42.37812236893837
2012_06_DET_PHI,2012,6,PHI,DET,49.0,40.386253844753746
2012_06_KC_TB,2012,6,TB,KC,48.0,43.4213083740375
2012_06_BUF_ARI,2012,6,ARI,BUF,35.0,43.31671533169095
2012_06_NE_SEA,2012,6,SEA,NE,47.0,45.969797803281814
2012_06_NYG_SF,2012,6,SF,NYG,29.0,48.46478153950055
2012_06_MIN_WAS,2012,6,WAS,MIN,64.0,45.436537392976355
2012_06_GB_HOU,2012,6,HOU,GB,66.0,46.851627242655496
2012_06_DEN_SD,2012,6,SD,DEN,59.0,44.0667315568714
2012_07_SEA_SF,2012,7,SF,SEA,19.0,37.15190816500474
2012_07_TEN_BUF,2012,7,BUF,TEN,69.0,42.32499913896476
2012_07_DAL_CAR,2012,7,CAR,DAL,33.0,42.6751824162672
2012_07_BAL_HOU,2012,7,HOU,BAL,56.0,46.69745503253152
2012_07_CLE_IND,2012,7,IND,CLE,30.0,44.24449977690183
2012_07_ARI_MIN,2012,7,MIN,ARI,35.0,42.558510120007035
2012_07_WAS_NYG,2012,7,NYG,WAS,50.0,50.302378987941474
2012_07_GB_STL,2012,7,STL,GB,50.0,43.63698022373974
2012_07_NO_TB,2012,7,TB,NO,63.0,46.87988063261452
2012_07_NYJ_NE,2012,7,NE,NYJ,55.0,44.10562365076711
2012_07_JAX_OAK,2012,7,OAK,JAX,49.0,41.4575545985535
2012_07_PIT_CIN,2012,7,CIN,PIT,41.0,49.80674338480936
2012_07_DET_CHI,2012,7,CHI,DET,20.0,42.264619157243295
2012_08_TB_MIN,2012,8,MIN,TB,53.0,43.42578688098672
2012_08_CAR_CHI,2012,8,CHI,CAR,45.0,38.83691330218746
2012_08_SD_CLE,2012,8,CLE,SD,13.0,39.107776002208
2012_08_SEA_DET,2012,8,DET,SEA,52.0,42.48135629213356
2012_08_JAX_GB,2012,8,GB,JAX,39.0,43.30172596387907
2012_08_MIA_NYJ,2012,8,NYJ,MIA,39.0,42.479456534910376
2012_08_ATL_PHI,2012,8,PHI,ATL,47.0,43.8122817484745
2012_08_WAS_PIT,2012,8,PIT,WAS,39.0,49.22122794451722
2012_08_NE_STL,2012,8,STL,NE,52.0,46.777973604294374
2012_08_IND_TEN,2012,8,TEN,IND,32.0,39.231024389090656
2012_08_OAK_KC,2012,8,KC,OAK,42.0,42.37055792069816
2012_08_NYG_DAL,2012,8,DAL,NYG,53.0,49.490119357731935
2012_08_NO_DEN,2012,8,DEN,NO,48.0,49.68338401955606
2012_08_SF_ARI,2012,8,ARI,SF,27.0,42.20669751984419
2012_09_KC_SD,2012,9,SD,KC,44.0,41.7861197668025
2012_09_DEN_CIN,2012,9,CIN,DEN,54.0,50.52267025699748
2012_09_BAL_CLE,2012,9,CLE,BAL,40.0,45.840820241650185
2012_09_ARI_GB,2012,9,GB,ARI,48.0,42.3619342562754
2012_09_BUF_HOU,2012,9,HOU,BUF,30.0,48.2078600252709
2012_09_MIA_IND,2012,9,IND,MIA,43.0,44.157164116215625
2012_09_DET_JAX,2012,9,JAX,DET,45.0,41.50172288417641
2012_09_CHI_TEN,2012,9,TEN,CHI,71.0,42.45360511962331
2012_09_CAR_WAS,2012,9,WAS,CAR,34.0,45.53502744213413
2012_09_TB_OAK,2012,9,OAK,TB,74.0,43.88347730447671
2012_09_MIN_SEA,2012,9,SEA,MIN,50.0,41.795132076528446
2012_09_PIT_NYG,2012,9,NYG,PIT,44.0,48.380684691756656
2012_09_DAL_ATL,2012,9,ATL,DAL,32.0,45.86740773425228
2012_09_PHI_NO,2012,9,NO,PHI,41.0,48.52927824136411
2012_10_IND_JAX,2012,10,JAX,IND,37.0,44.47170518303638
2012_10_OAK_BAL,2012,10,BAL,OAK,75.0,44.81435035320658
2012_10_DEN_CAR,2012,10,CAR,DEN,50.0,47.494863019036195
2012_10_NYG_CIN,2012,10,CIN,NYG,44.0,41.143573090204335
2012_10_TEN_MIA,2012,10,MIA,TEN,40.0,38.65121749117755
2012_10_DET_MIN,2012,10,MIN,DET,58.0,46.49565849521857
2012_10_BUF_NE,2012,10,NE,BUF,68.0,47.14883443623094
2012_10_ATL_NO,2012,10,NO,ATL,58.0,49.44754814327171
2012_10_SD_TB,2012,10,TB,SD,58.0,43.49237112262705
2012_10_NYJ_SEA,2012,10,SEA,NYJ,35.0,40.8888531602526
2012_10_DAL_PHI,2012,10,PHI,DAL,61.0,44.400891487906186
2012_10_STL_SF,2012,10,SF,STL,48.0,41.558027600152585
2012_10_HOU_CHI,2012,10,CHI,HOU,19.0,42.87173642800514
2012_10_KC_PIT,2012,10,PIT,KC,29.0,41.260244129998334
2012_11_MIA_BUF,2012,11,BUF,MIA,33.0,42.58319697533333
2012_11_ARI_ATL,2012,11,ATL,ARI,42.0,45.461820062038335
2012_11_TB_CAR,2012,11,CAR,TB,48.0,47.08200131029635
2012_11_CLE_DAL,2012,11,DAL,CLE,43.0,41.81309929990372
2012_11_GB_DET,2012,11,DET,GB,44.0,46.9293670046308
2012_11_JAX_HOU,2012,11,HOU,JAX,80.0,41.26811674991626
2012_11_CIN_KC,2012,11,KC,CIN,34.0,41.51478310344783
2012_11_NYJ_STL,2012,11,STL,NYJ,40.0,44.82093826688481
2012_11_PHI_WAS,2012,11,WAS,PHI,37.0,45.937788860416056
2012_11_NO_OAK,2012,11,OAK,NO,55.0,47.71247908774079
2012_11_SD_DEN,2012,11,DEN,SD,53.0,45.35725662569739
2012_11_IND_NE,2012,11,NE,IND,83.0,49.49207333139768
2012_11_BAL_PIT,2012,11,PIT,BAL,23.0,47.815526325737444
2012_11_CHI_SF,2012,11,SF,CHI,39.0,39.714670621951235
2012_12_HOU_DET,2012,12,DET,HOU,65.0,45.23926888560364
2012_12_WAS_DAL,2012,12,DAL,WAS,69.0,43.4597648353331
2012_12_NE_NYJ,2012,12,NYJ,NE,68.0,49.068859768769656
2012_12_MIN_CHI,2012,12,CHI,MIN,38.0,43.40218239217351
2012_12_OAK_CIN,2012,12,CIN,OAK,44.0,43.86400810360015
2012_12_PIT_CLE,2012,12,CLE,PIT,34.0,44.39769375024359
2012_12_BUF_IND,2012,12,IND,BUF,33.0,46.80864837061891
2012_12_TEN_JAX,2012,12,JAX,TEN,43.0,45.29917051268005
2012_12_DEN_KC,2012,12,KC,DEN,26.0,45.96085839980702
2012_12_SEA_MIA,2012,12,MIA,SEA,45.0,42.68118733926861
2012_12_ATL_TB,2012,12,TB,ATL,47.0,45.448061958872685
2012_12_BAL_SD,2012,12,SD,BAL,29.0,44.205013399223205
2012_12_STL_ARI,2012,12,ARI,STL,48.0,41.51535792789294
2012_12_SF_NO,2012,12,NO,SF,52.0,53.107315041786244
2012_12_GB_NYG,2012,12,NYG,GB,48.0,40.82005284224503
2012_12_CAR_PHI,2012,12,PHI,CAR,52.0,44.7371677811287
2012_13_NO_ATL,2012,13,ATL,NO,36.0,50.113930342800955
2012_13_JAX_BUF,2012,13,BUF,JAX,52.0,41.42320615482127
2012_13_SEA_CHI,2012,13,CHI,SEA,40.0,43.92610305943513
2012_13_IND_DET,2012,13,DET,IND,68.0,45.40784817232414
2012_13_MIN_GB,2012,13,GB,MIN,37.0,43.0169097154929
2012_13_CAR_KC,2012,13,KC,CAR,48.0,42.22467910690757
2012_13_NE_MIA,2012,13,MIA,NE,39.0,44.93277395127303
2012_13_ARI_NYJ,2012,13,NYJ,ARI,13.0,38.244611884987755
2012_13_SF_STL,2012,13,STL,SF,29.0,45.11708112356102
2012_13_HOU_TEN,2012,13,TEN,HOU,34.0,40.377545112288104
2012_13_TB_DEN,2012,13,DEN,TB,54.0,50.44725390440665
2012_13_PIT_BAL,2012,13,BAL,PIT,43.0,42.43036561983039
2012_13_CLE_OAK,2012,13,OAK,CLE,37.0,39.74529839954884
2012_13_CIN_SD,2012,13,SD,CIN,33.0,44.473046223182244
2012_13_PHI_DAL,2012,13,DAL,PHI,71.0,44.777672994951
2012_13_NYG_WAS,2012,13,WAS,NYG,33.0,46.920158702023585
2012_14_DEN_OAK,2012,14,OAK,DEN,39.0,46.31220935997829
2012_14_STL_BUF,2012,14,BUF,STL,27.0,42.519661457595156
2012_14_ATL_CAR,2012,14,CAR,ATL,50.0,46.732337878730554
2012_14_DAL_CIN,2012,14,CIN,DAL,39.0,47.06103605054627
2012_14_KC_CLE,2012,14,CLE,KC,37.0,39.39782410372315
2012_14_TEN_IND,2012,14,IND,TEN,50.0,45.07758730344141
2012_14_NYJ_JAX,2012,14,JAX,NYJ,27.0,41.62319756766974
2012_14_CHI_MIN,2012,14,MIN,CHI,35.0,43.750264863643544
2012_14_SD_PIT,2012,14,PIT,SD,58.0,40.08128393782214
2012_14_PHI_TB,2012,14,TB,PHI,44.0,46.35717415170493
2012_14_BAL_WAS,2012,14,WAS,BAL,59.0,44.61473810926872
2012_14_MIA_SF,2012,14,SF,MIA,40.0,39.67734364070759
2012_14_NO_NYG,2012,14,NYG,NO,79.0,46.4493497197806
2012_14_ARI_SEA,2012,14,SEA,ARI,58.0,37.55633285718038
2012_14_DET_GB,2012,14,GB,DET,47.0,45.09786439606848
2012_14_HOU_NE,2012,14,NE,HOU,56.0,47.04940115997924
2012_15_CIN_PHI,2012,15,PHI,CIN,47.0,46.75467659025515
2012_15_NYG_ATL,2012,15,ATL,NYG,34.0,49.715160108424584
2012_15_DEN_BAL,2012,15,BAL,DEN,51.0,45.18258013849482
2012_15_GB_CHI,2012,15,CHI,GB,34.0,43.102248033334604
2012_15_WAS_CLE,2012,15,CLE,WAS,59.0,42.336781715075695
2012_15_IND_HOU,2012,15,HOU,IND,46.0,49.90237123172441
2012_15_JAX_MIA,2012,15,MIA,JAX,27.0,42.03059188354709
2012_15_TB_NO,2012,15,NO,TB,41.0,48.01142160394926
2012_15_MIN_STL,2012,15,STL,MIN,58.0,42.034867623813
2012_15_DET_ARI,2012,15,ARI,DET,48.0,43.50041943750991
2012_15_SEA_BUF,2012,15,BUF,SEA,67.0,46.69281631806725
2012_15_CAR_SD,2012,15,SD,CAR,38.0,45.84794663065834
2012_15_PIT_DAL,2012,15,DAL,PIT,51.0,49.203483557162755
2012_15_KC_OAK,2012,15,OAK,KC,15.0,41.63062938411782
2012_15_SF_NE,2012,15,NE,SF,75.0,46.46110868047324
2012_15_NYJ_TEN,2012,15,TEN,NYJ,24.0,39.61755756045018
2012_16_ATL_DET,2012,16,DET,ATL,49.0,47.16573536218179
2012_16_OAK_CAR,2012,16,CAR,OAK,23.0,45.05420795002348
2012_16_NO_DAL,2012,16,DAL,NO,65.0,47.39248572728603
2012_16_TEN_GB,2012,16,GB,TEN,62.0,42.51023714597189
2012_16_MIN_HOU,2012,16,HOU,MIN,29.0,44.9809053772675
2012_16_NE_JAX,2012,16,JAX,NE,39.0,49.01783621750925
2012_16_IND_KC,2012,16,KC,IND,33.0,45.02669599745601
2012_16_BUF_MIA,2012,16,MIA,BUF,34.0,43.74425229447336
2012_16_SD_NYJ,2012,16,NYJ,SD,44.0,39.34483763919745
2012_16_WAS_PHI,2012,16,PHI,WAS,47.0,48.937028901129565
2012_16_CIN_PIT,2012,16,PIT,CIN,23.0,40.69530117502916
2012_16_STL_TB,2012,16,TB,STL,41.0,44.710165180157986
2012_16_CLE_DEN,2012,16,DEN,CLE,46.0,41.087406149566156
2012_16_CHI_ARI,2012,16,ARI,CHI,41.0,42.582623485024804
2012_16_NYG_BAL,2012,16,BAL,NYG,47.0,45.2841550816487
2012_16_SF_SEA,2012,16,SEA,SF,55.0,44.43289849663527
2012_17_TB_ATL,2012,17,ATL,TB,39.0,46.46346907592603
2012_17_NYJ_BUF,2012,17,BUF,NYJ,37.0,38.14439605575919
2012_17_BAL_CIN,2012,17,CIN,BAL,40.0,41.69739804585847
2012_17_CHI_DET,2012,17,DET,CHI,50.0,43.98731351276062
2012_17_HOU_IND,2012,17,IND,HOU,44.0,42.866996186590576
2012_17_CAR_NO,2012,17,NO,CAR,82.0,50.70606935451285
2012_17_PHI_NYG,2012,17,NYG,PHI,49.0,43.43960776194516
2012_17_CLE_PIT,2012,17,PIT,CLE,34.0,39.09549625901686
2012_17_JAX_TEN,2012,17,TEN,JAX,58.0,41.106713180301085
2012_17_KC_DEN,2012,17,DEN,KC,41.0,41.931573644636536
2012_17_GB_MIN,2012,17,MIN,GB,71.0,46.768919730589765
2012_17_MIA_NE,2012,17,NE,MIA,28.0,41.59278478048106
2012_17_OAK_SD,2012,17,SD,OAK,45.0,42.6274510465411
2012_17_STL_SEA,2012,17,SEA,STL,33.0,41.27160570910389
2012_17_ARI_SF,2012,17,SF,ARI,40.0,40.60823445280387
2012_17_DAL_WAS,2012,17,WAS,DAL,46.0,50.13553259009541
2013_01_BAL_DEN,2013,1,DEN,BAL,76.0,43.23780665000996
2013_01_NE_BUF,2013,1,BUF,NE,44.0,47.22848633570891
2013_01_SEA_CAR,2013,1,CAR,SEA,19.0,43.68051145533491
2013_01_CIN_CHI,2013,1,CHI,CIN,45.0,40.796109730928826
2013_01_MIA_CLE,2013,1,CLE,MIA,33.0,40.46723495188473
2013_01_MIN_DET,2013,1,DET,MIN,58.0,43.776761067599836
2013_01_OAK_IND,2013,1,IND,OAK,38.0,44.904431003998965
2013_01_KC_JAX,2013,1,JAX,KC,30.0,40.49340468946309
2013_01_ATL_NO,2013,1,NO,ATL,40.0,47.5338978391531
2013_01_TB_NYJ,2013,1,NYJ,TB,35.0,40.63776294704721
2013_01_TEN_PIT,2013,1,PIT,TEN,25.0,40.66905858071739
2013_01_GB_SF,2013,1,SF,GB,62.0,44.264831131336784
2013_01_ARI_STL,2013,1,STL,ARI,51.0,40.81949990950659
2013_01_NYG_DAL,2013,1,DAL,NYG,67.0,47.59228200698586
2013_01_PHI_WAS,2013,1,WAS,PHI,60.0,43.990789307902816
2013_01_HOU_SD,2013,1,SD,HOU,59.0,42.66950640262766
2013_02_NYJ_NE,2013,2,NE,NYJ,23.0,40.534178423269
2013_02_STL_ATL,2013,2,ATL,STL,55.0,44.68443669680723
2013_02_CLE_BAL,2013,2,BAL,CLE,20.0,43.10988219127506
2013_02_CAR_BUF,2013,2,BUF,CAR,47.0,42.839778953955886
2013_02_MIN_CHI,2013,2,CHI,MIN,61.0,45.26826571461846
2013_02_WAS_GB,2013,2,GB,WAS,58.0,48.793796493824125
2013_02_TEN_HOU,2013,2,HOU,TEN,54.0,41.612911527975704
2013_02_MIA_IND,2013,2,IND,MIA,44.0,44.4334245025541
2013_02_DAL_KC,2013,2,KC,DAL,33.0,43.223727401987695
2013_02_SD_PHI,2013,2,PHI,SD,63.0,48.21491391517821
2013_02_DET_ARI,2013,2,ARI,DET,46.0,47.71079540702839
2013_02_NO_TB,2013,2,TB,NO,30.0,40.38146479998178
2013_02_DEN_NYG,2013,2,NYG,DEN,64.0,53.605659248455574
2013_02_JAX_OAK,2013,2,OAK,JAX,28.0,41.60366810330136
2013_02_SF_SEA,2013,2,SEA,SF,32.0,50.51855202306661
2013_02_PIT_CIN,2013,2,CIN,PIT,30.0,42.91617626407561
2013_03_KC_PHI,2013,3,PHI,KC,42.0,43.70831499507632
2013_03_HOU_BAL,2013,3,BAL,HOU,39.0,44.333884708674006
2013_03_NYG_CAR,2013,3,CAR,NYG,38.0,41.592574118635696
2013_03_GB_CIN,2013,3,CIN,GB,64.0,51.61643870423071
2013_03_STL_DAL,2013,3,DAL,STL,38.0,44.6278344604402
2013_03_CLE_MIN,2013,3,MIN,CLE,58.0,42.81183908602149
2013_03_TB_NE,2013,3,NE,TB,26.0,39.5818934581883
2013_03_ARI_NO,2013,3,NO,ARI,38.0,42.20902816272917
2013_03_SD_TEN,2013,3,TEN,SD,37.0,43.789389286424125
2013_03_DET_WAS,2013,3,WAS,DET,47.0,46.91096359872212
2013_03_ATL_MIA,2013,3,MIA,ATL,50.0,43.12667829927367
2013_03_BUF_NYJ,2013,3,NYJ,BUF,47.0,36.997072648852786
2013_03_JAX_SEA,2013,3,SEA,JAX,62.0,38.2866196187303
2013_03_IND_SF,2013,3,SF,IND,34.0,47.67725301856371
2013_03_CHI_PIT,2013,3,PIT,CHI,63.0,43.16432721331338
2013_03_OAK_DEN,2013,3,DEN,OAK,58.0,43.19730945364525
2013_04_SF_STL,2013,4,STL,SF,46.0,43.604339253762326
2013_04_BAL_BUF,2013,4,BUF,BAL,43.0,41.85583675100749
2013_04_CIN_CLE,2013,4,CLE,CIN,23.0,41.29747155003359
2013_04_CHI_DET,2013,4,DET,CHI,72.0,47.411680079590425
2013_04_SEA_HOU,2013,4,HOU,SEA,43.0,44.83335776284362
2013_04_IND_JAX,2013,4,JAX,IND,40.0,45.068163714109296
2013_04_NYG_KC,2013,4,KC,NYG,38.0,40.3278799160503
2013_04_PIT_MIN,2013,4,MIN,PIT,61.0,42.682629902098846
2013_04_ARI_TB,2013,4,TB,ARI,23.0,39.690567725000356
2013_04_NYJ_TEN,2013,4,TEN,NYJ,51.0,39.2181933691455
2013_04_PHI_DEN,2013,4,DEN,PHI,72.0,48.085707819372594
2013_04_WAS_OAK,2013,4,OAK,WAS,38.0,47.07808481460636
2013_04_DAL_SD,2013,4,SD,DAL,51.0,46.34491861900009
2013_04_NE_ATL,2013,4,ATL,NE,53.0,44.222138841139504
2013_04_MIA_NO,2013,4,NO,MIA,55.0,44.86222990566265
2013_05_BUF_CLE,2013,5,CLE,BUF,61.0,39.430060872456416
2013_05_NO_CHI,2013,5,CHI,NO,44.0,45.529604851428225
2013_05_NE_CIN,2013,5,CIN,NE,19.0,40.752577817217905
2013_05_DET_GB,2013,5,GB,DET,31.0,48.32087429235198
2013_05_SEA_IND,2013,5,IND,SEA,62.0,43.564844887377745
2013_05_BAL_MIA,2013,5,MIA,BAL,49.0,43.22382065816362
2013_05_PHI_NYG,2013,5,NYG,PHI,57.0,47.13868520004586
2013_05_JAX_STL,2013,5,STL,JAX,54.0,44.064189357521634
2013_05_KC_TEN,2013,5,TEN,KC,43.0,40.058419416083275
2013_05_CAR_ARI,2013,5,ARI,CAR,28.0,42.89952758541341
2013_05_DEN_DAL,2013,5,DAL,DEN,99.0,49.508010346996926
2013_05_HOU_SF,2013,5,SF,HOU,37.0,40.829352495210586
2013_05_SD_OAK,2013,5,OAK,SD,44.0,45.9030648094648
2013_05_NYJ_ATL,2013,5,ATL,NYJ,58.0,43.84890103433739
2013_06_NYG_CHI,2013,6,CHI,NYG,48.0,43.66966753559364
2013_06_GB_BAL,2013,6,BAL,GB,36.0,48.83947285629696
2013_06_CIN_BUF,2013,6,BUF,CIN,51.0,40.83984175297634
2013_06_DET_CLE,2013,6,CLE,DET,48.0,40.834451240970495
2013_06_STL_HOU,2013,6,HOU,STL,51.0,41.88983129876304
2013_06_OAK_KC,2013,6,KC,OAK,31.0,41.386518900737464
2013_06_CAR_MIN,2013,6,MIN,CAR,45.0,46.72219525034991
2013_06_PIT_NYJ,2013,6,NYJ,PIT,25.0,40.89807765643634
2013_06_PHI_TB,2013,6,TB,PHI,51.0,43.96373637646799
2013_06_JAX_DEN,2013,6,DEN,JAX,54.0,43.6424353939061
2013_06_TEN_SEA,2013,6,SEA,TEN,33.0,42.05081983743291
2013_06_NO_NE,2013,6,NE,NO,57.0,44.73104964816019
2013_06_ARI_SF,2013,6,SF,ARI,52.0,40.30386499464667
2013_06_WAS_DAL,2013,6,DAL,WAS,47.0,48.724165375132415
2013_06_IND_SD,2013,6,SD,IND,28.0,47.69499684665298
2013_07_SEA_ARI,2013,7,ARI,SEA,56.0,41.779356301516856
2013_07_TB_ATL,2013,7,ATL,TB,54.0,44.338829112003346
2013_07_STL_CAR,2013,7,CAR,STL,45.0,42.35907889110586
2013_07_CIN_DET,2013,7,DET,CIN,51.0,45.23328722946872
2013_07_SD_JAX,2013,7,JAX,SD,30.0,43.16107062715245
2013_07_BUF_MIA,2013,7,MIA,BUF,44.0,42.718512465382936
2013_07_NE_NYJ,2013,7,NYJ,NE,57.0,42.010632548077375
2013_07_DAL_PHI,2013,7,PHI,DAL,20.0,50.154738541048516
2013_07_CHI_WAS,2013,7,WAS,CHI,86.0,43.56997953215399
2013_07_SF_TEN,2013,7,TEN,SF,48.0,42.350679369119135
2013_07_CLE_GB,2013,7,GB,CLE,44.0,43.60297284571459
2013_07_HOU_KC,2013,7,KC,HOU,33.0,39.49842411984063
2013_07_BAL_PIT,2013,7,PIT,BAL,35.0,41.74001094559709
2013_07_DEN_IND,2013,7,IND,DEN,72.0,52.04035514843824
2013_07_MIN_NYG,2013,7,NYG,MIN,30.0,44.16076948424369
2013_08_CAR_TB,2013,8,TB,CAR,44.0,41.49539357762562
2013_08_DAL_DET,2013,8,DET,DAL,61.0,49.2848837815568
2013_08_SF_JAX,2013,8,JAX,SF,52.0,41.383620897949264
2013_08_CLE_KC,2013,8,KC,CLE,40.0,41.50448597709652
2013_08_MIA_NE,2013,8,NE,MIA,44.0,42.97576614986708
2013_08_BUF_NO,2013,8,NO,BUF,52.0,43.480907196385935
2013_08_NYG_PHI,2013,8,PHI,NYG,22.0,42.46612318012293
2013_08_NYJ_CIN,2013,8,CIN,NYJ,58.0,41.53126429257809
2013_08_PIT_OAK,2013,8,OAK,PIT,39.0,40.94159123010613
2013_08_ATL_ARI,2013,8,ARI,ATL,40.0,47.392293105537355
2013_08_WAS_DEN,2013,8,DEN,WAS,66.0,47.99948854670631
2013_08_GB_MIN,2013,8,MIN,GB,75.0,46.02259011229895
2013_08_SEA_STL,2013,8,STL,SEA,23.0,43.023049557767045
2013_09_CIN_MIA,2013,9,MIA,CIN,42.0,43.56124979339695
2013_09_KC_BUF,2013,9,BUF,KC,36.0,40.58801529610987
2013_09_ATL_CAR,2013,9,CAR,ATL,44.0,43.410356170430646
2013_09_MIN_DAL,2013,9,DAL,MIN,50.0,46.31209380135279
2013_09_NO_NYJ,2013,9,NYJ,NO,46.0,44.843917154891514
2013_09_TEN_STL,2013,9,STL,TEN,49.0,42.86779242586397
2013_09_SD_WAS,2013,9,WAS,SD,54.0,43.81447978818643
2013_09_PHI_OAK,2013,9,OAK,PHI,69.0,42.46397476541957
2013_09_TB_SEA,2013,9,SEA,TB,51.0,41.10172951071083
2013_09_BAL_CLE,2013,9,CLE,BAL,42.0,41.81966181963131
2013_09_PIT_NE,2013,9,NE,PIT,86.0,42.01675548226861
2013_09_IND_HOU,2013,9,HOU,IND,51.0,44.18772756945809
2013_09_CHI_GB,2013,9,GB,CHI,47.0,46.667202432493504
2013_10_WAS_MIN,2013,10,MIN,WAS,61.0,47.87680825988075
2013_10_SEA_ATL,2013,10,ATL,SEA,43.0,45.519413563414716
2013_10_CIN_BAL,2013,10,BAL,CIN,37.0,41.82209959570114
2013_10_DET_CHI,2013,10,CHI,DET,40.0,46.692268993789106
2013_10_PHI_GB,2013,10,GB,PHI,40.0,46.47292338661857
2013_10_STL_IND,2013,10,IND,STL,46.0,43.30225779562577
2013_10_OAK_NYG,2013,10,NYG,OAK,44.0,40.31557674499847
2013_10_BUF_PIT,2013,10,PIT,BUF,33.0,40.06131846257335
2013_10_JAX_TEN,2013,10,TEN,JAX,56.0,43.03068423369013
2013_10_CAR_SF,2013,10,SF,CAR,19.0,46.52891714972833
2013_10_HOU_ARI,2013,10,ARI,HOU,51.0,42.20631999299431
2013_10_DEN_SD,2013,10,SD,DEN,48.0,48.643662823120444
2013_10_DAL_NO,2013,10,NO,DAL,66.0,44.090559897390726
2013_10_MIA_TB,2013,10,TB,MIA,41.0,42.96061229286021
2013_11_IND_TEN,2013,11,TEN,IND,57.0,42.54962054897915
2013_11_NYJ_BUF,2013,11,BUF,NYJ,51.0,40.42462476280978
2013_11_BAL_CHI,2013,11,CHI,BAL,43.0,42.89048388422641
2013_11_CLE_CIN,2013,11,CIN,CLE,61.0,42.72121334628363
2013_11_OAK_HOU,2013,11,HOU,OAK,51.0,42.65842739849187
2013_11_ARI_JAX,2013,11,JAX,ARI,41.0,40.00607702662626
2013_11_WAS_PHI,2013,11,PHI,WAS,40.0,47.69043568740088
2013_11_DET_PIT,2013,11,PIT,DET,64.0,45.366933561074276
2013_11_ATL_TB,2013,11,TB,ATL,69.0,42.492170720012304
2013_11_SD_MIA,2013,11,MIA,SD,36.0,42.60209763476574
2013_11_SF_NO,2013,11,NO,SF,43.0,45.61466668145489
2013_11_GB_NYG,2013,11,NYG,GB,40.0,46.775904433123394
2013_11_MIN_SEA,2013,11,SEA,MIN,61.0,42.934996701625955
2013_11_KC_DEN,2013,11,DEN,KC,44.0,42.226254439526414
2013_11_NE_CAR,2013,11,CAR,NE,44.0,41.61981260754934
2013_12_NO_ATL,2013,12,ATL,NO,30.0,49.82554708295276
2013_12_NYJ_BAL,2013,12,BAL,NYJ,22.0,36.78556802751803
2013_12_PIT_CLE,2013,12,CLE,PIT,38.0,38.206116185835455
2013_12_TB_DET,2013,12,DET,TB,45.0,44.41238917920121
2013_12_MIN_GB,2013,12,GB,MIN,52.0,47.077319487775064
2013_12_JAX_HOU,2013,12,HOU,JAX,19.0,42.405595217820064
2013_12_SD_KC,2013,12,KC,SD,79.0,43.52310802953336
2013_12_CAR_MIA,2013,12,MIA,CAR,36.0,41.91164236326058
2013_12_CHI_STL,2013,12,STL,CHI,63.0,46.624752418276614
2013_12_IND_ARI,2013,12,ARI,IND,51.0,43.94185151590245
2013_12_TEN_OAK,2013,12,OAK,TEN,42.0,45.0388346705022
2013_12_DAL_NYG,2013,12,NYG,DAL,45.0,41.60918363511018
2013_12_DEN_NE,2013,12,NE,DEN,65.0,44.83715371238344
2013_12_SF_WAS,2013,12,WAS,SF,33.0,46.010953643893686
2013_13_GB_DET,2013,13,DET,GB,50.0,47.21173546515327
2013_13_OAK_DAL,2013,13,DAL,OAK,55.0,45.95687422472208
2013_13_PIT_BAL,2013,13,BAL,PIT,42.0,40.940113150542906
2013_13_TB_CAR,2013,13,CAR,TB,33.0,42.77239377150712
2013_13_JAX_CLE,2013,13,CLE,JAX,60.0,39.3989906648454
2013_13_NE_HOU,2013,13,HOU,NE,65.0,45.55669121055586
2013_13_TEN_IND,2013,13,IND,TEN,36.0,49.29879644937978
2013_13_CHI_MIN,2013,13,MIN,CHI,43.0,46.102065660945904
2013_13_MIA_NYJ,2013,13,NYJ,MIA,26.0,40.41734340180606
2013_13_ARI_PHI,2013,13,PHI,ARI,45.0,43.51677065115749
2013_13_ATL_BUF,2013,13,BUF,ATL,65.0,43.88599017172834
2013_13_STL_SF,2013,13,SF,STL,36.0,42.29835571009796
2013_13_DEN_KC,2013,13,KC,DEN,63.0,46.60772336504338
2013_13_CIN_SD,2013,13,SD,CIN,27.0,44.17803900244124
2013_13_NYG_WAS,2013,13,WAS,NYG,41.0,43.34468181949567
2013_13_NO_SEA,2013,13,SEA,NO,41.0,49.22947433735072
2013_14_HOU_JAX,2013,14,JAX,HOU,47.0,40.2008391573463
2013_14_MIN_BAL,2013,14,BAL,MIN,55.0,42.18322265996864
2013_14_IND_CIN,2013,14,CIN,IND,70.0,42.7812779770115
2013_14_ATL_GB,2013,14,GB,ATL,43.0,45.921321278904834
2013_14_CLE_NE,2013,14,NE,CLE,53.0,42.68582091276005
2013_14_OAK_NYJ,2013,14,NYJ,OAK,64.0,41.493019336983295
2013_14_DET_PHI,2013,14,PHI,DET,54.0,44.51348973037195
2013_14_MIA_PIT,2013,14,PIT,MIA,62.0,41.53021936779762
2013_14_BUF_TB,2013,14,TB,BUF,33.0,39.96425819322016
2013_14_KC_WAS,2013,14,WAS,KC,55.0,43.585567256429236
2013_14_TEN_DEN,2013,14,DEN,TEN,79.0,44.78827670305671
2013_14_STL_ARI,2013,14,ARI,STL,40.0,42.266103822753536
2013_14_NYG_SD,2013,14,SD,NYG,51.0,43.11179574195736
2013_14_SEA_SF,2013,14,SF,SEA,36.0,44.83863006122548
2013_14_CAR_NO,2013,14,NO,CAR,44.0,45.78303972756595
2013_14_DAL_CHI,2013,14,CHI,DAL,73.0,46.15726734041028
2013_15_SD_DEN,2013,15,DEN,SD,47.0,46.73753979333904
2013_15_WAS_ATL,2013,15,ATL,WAS,53.0,45.61201012069251
2013_15_CHI_CLE,2013,15,CLE,CHI,69.0,45.2449673619063
2013_15_HOU_IND,2013,15,IND,HOU,28.0,44.488560307643496
2013_15_BUF_JAX,2013,15,JAX,BUF,47.0,37.17013993822197
2013_15_NE_MIA,2013,15,MIA,NE,44.0,43.679932217881735
2013_15_PHI_MIN,2013,15,MIN,PHI,78.0,45.00951768583832
2013_15_SEA_NYG,2013,15,NYG,SEA,23.0,43.10087910431167
2013_15_SF_TB,2013,15,TB,SF,47.0,41.289466053699755
2013_15_NYJ_CAR,2013,15,CAR,NYJ,50.0,41.58380284771762
2013_15_KC_OAK,2013,15,OAK,KC,87.0,42.29157785349053
2013_15_GB_DAL,2013,15,DAL,GB,73.0,49.16934141180457
2013_15_NO_STL,2013,15,STL,NO,43.0,45.67517982537605
2013_15_ARI_TEN,2013,15,TEN,ARI,71.0,43.44419288502931
2013_15_CIN_PIT,2013,15,PIT,CIN,50.0,41.568269175089185
2013_15_BAL_DET,2013,15,DET,BAL,34.0,43.02409453878052
2013_16_MIA_BUF,2013,16,BUF,MIA,19.0,39.774460926015074
2013_16_NO_CAR,2013,16,CAR,NO,30.0,40.99693836985799
2013_16_MIN_CIN,2013,16,CIN,MIN,56.0,43.757066695011794
2013_16_DEN_HOU,2013,16,HOU,DEN,50.0,49.097050581752264
2013_16_TEN_JAX,2013,16,JAX,TEN,36.0,41.79162325941466
2013_16_IND_KC,2013,16,KC,IND,30.0,43.28474304850089
2013_16_CLE_NYJ,2013,16,NYJ,CLE,37.0,41.46322041756394
2013_16_TB_STL,2013,16,STL,TB,36.0,44.52139525999634
2013_16_DAL_WAS,2013,16,WAS,DAL,47.0,49.701828828425455
2013_16_NYG_DET,2013,16,DET,NYG,43.0,41.85858418464353
2013_16_ARI_SEA,2013,16,SEA,ARI,27.0,41.73879669762133
2013_16_NE_BAL,2013,16,BAL,NE,48.0,44.37464871615143
2013_16_PIT_GB,2013,16,GB,PIT,69.0,43.428811837626
2013_16_OAK_SD,2013,16,SD,OAK,39.0,46.24569513371136
2013_16_CHI_PHI,2013,16,PHI,CHI,65.0,49.634781282680166
2013_16_ATL_SF,2013,16,SF,ATL,58.0,42.11150687812446
2013_17_CAR_ATL,2013,17,ATL,CAR,41.0,45.81593060163385
2013_17_BAL_CIN,2013,17,CIN,BAL,51.0,41.7631124390773
2013_17_JAX_IND,2013,17,IND,JAX,40.0,42.938687283976066
2013_17_NYJ_MIA,2013,17,MIA,NYJ,27.0,40.49726775226455
2013_17_DET_MIN,2013,17,MIN,DET,27.0,44.49447429550322
2013_17_WAS_NYG,2013,17,NYG,WAS,26.0,41.94179228613241
2013_17_CLE_PIT,2013,17,PIT,CLE,27.0,43.12791406792019
2013_17_HOU_TEN,2013,17,TEN,HOU,26.0,42.46626930886084
2013_17_SF_ARI,2013,17,ARI,SF,43.0,44.23485506380549
2013_17_GB_CHI,2013,17,CHI,GB,61.0,45.99337497577897
2013_17_BUF_NE,2013,17,NE,BUF,54.0,41.77893300549772
2013_17_TB_NO,2013,17,NO,TB,59.0,42.80661266382726
2013_17_DEN_OAK,2013,17,OAK,DEN,48.0,48.491284829454685
2013_17_KC_SD,2013,17,SD,KC,51.0,46.553401319369456
2013_17_STL_SEA,2013,17,SEA,STL,36.0,40.97394205024749
2013_17_PHI_DAL,2013,17,DAL,PHI,46.0,49.81441446105241
2014_01_GB_SEA,2014,1,SEA,GB,52.0,42.11068188446633
2014_01_NO_ATL,2014,1,ATL,NO,71.0,47.88002686027695
2014_01_CIN_BAL,2014,1,BAL,CIN,39.0,40.37817630951952
2014_01_BUF_CHI,2014,1,CHI,BUF,43.0,42.41942794319991
2014_01_WAS_HOU,2014,1,HOU,WAS,23.0,44.955505661660794
2014_01_TEN_KC,2014,1,KC,TEN,36.0,42.386437240364394
2014_01_NE_MIA,2014,1,MIA,NE,53.0,41.84930559677938
2014_01_OAK_NYJ,2014,1,NYJ,OAK,33.0,41.20817945776738
2014_01_JAX_PHI,2014,1,PHI,JAX,51.0,42.709994048483445
2014_01_CLE_PIT,2014,1,PIT,CLE,57.0,43.13609179570007
2014_01_MIN_STL,2014,1,STL,MIN,40.0,45.49156757314033
2014_01_SF_DAL,2014,1,DAL,SF,45.0,46.56570742762342
2014_01_CAR_TB,2014,1,TB,CAR,34.0,41.100763247321474
2014_01_IND_DEN,2014,1,DEN,IND,55.0,48.30911322818954
2014_01_NYG_DET,2014,1,DET,NYG,49.0,42.96512978993664
2014_01_SD_ARI,2014,1,ARI,SD,35.0,44.569472979674075
2014_02_PIT_BAL,2014,2,BAL,PIT,32.0,53.84259816148413
2014_02_MIA_BUF,2014,2,BUF,MIA,39.0,44.47701170243936
2014_02_DET_CAR,2014,2,CAR,DET,31.0,44.66766917123143
2014_02_ATL_CIN,2014,2,CIN,ATL,34.0,52.09567360311095
2014_02_NO_CLE,2014,2,CLE,NO,50.0,54.90364183095687
2014_02_NE_MIN,2014,2,MIN,NE,37.0,45.3020124345393
2014_02_ARI_NYG,2014,2,NYG,ARI,39.0,43.05680091658038
2014_02_DAL_TEN,2014,2,TEN,DAL,36.0,43.47444842129104
2014_02_JAX_WAS,2014,2,WAS,JAX,51.0,38.26969860330967
2014_02_SEA_SD,2014,2,SD,SEA,51.0,43.54922047570017
2014_02_STL_TB,2014,2,TB,STL,36.0,40.207162751494764
2014_02_KC_DEN,2014,2,DEN,KC,41.0,43.567870564245474
2014_02_NYJ_GB,2014,2,GB,NYJ,55.0,39.82863962831315
2014_02_HOU_OAK,2014,2,OAK,HOU,44.0,40.42476756275386
2014_02_CHI_SF,2014,2,SF,CHI,48.0,45.344040005866994
2014_02_PHI_IND,2014,2,IND,PHI,57.0,45.235510551185534
2014_03_TB_ATL,2014,3,ATL,TB,70.0,47.49562579971674
2014_03_SD_BUF,2014,3,BUF,SD,32.0,38.61613148552664
2014_03_TEN_CIN,2014,3,CIN,TEN,40.0,38.83946077821823
2014_03_BAL_CLE,2014,3,CLE,BAL,44.0,41.424837395974144
2014_03_GB_DET,2014,3,DET,GB,26.0,46.20502754907276
2014_03_IND_JAX,2014,3,JAX,IND,61.0,42.89516303032452
2014_03_OAK_NE,2014,3,NE,OAK,25.0,41.266999248168275
2014_03_MIN_NO,2014,3,NO,MIN,29.0,46.101289729212645
2014_03_HOU_NYG,2014,3,NYG,HOU,47.0,42.99988307806301
2014_03_WAS_PHI,2014,3,PHI,WAS,71.0,43.90883871120521
2014_03_DAL_STL,2014,3,STL,DAL,65.0,46.214757710636874
2014_03_SF_ARI,2014,3,ARI,SF,37.0,42.92274862627954
2014_03_KC_MIA,2014,3,MIA,KC,49.0,38.8079631850014
2014_03_DEN_SEA,2014,3,SEA,DEN,46.0,54.45884305984198
2014_03_PIT_CAR,2014,3,CAR,PIT,56.0,42.58984773154892
2014_03_CHI_NYJ,2014,3,NYJ,CHI,46.0,43.010830999380254
2014_04_NYG_WAS,2014,4,WAS,NYG,59.0,42.82236637764297
2014_04_CAR_BAL,2014,4,BAL,CAR,48.0,42.95100281118198
2014_04_GB_CHI,2014,4,CHI,GB,55.0,45.30090868989906
2014_04_BUF_HOU,2014,4,HOU,BUF,40.0,42.71480158772452
2014_04_TEN_IND,2014,4,IND,TEN,58.0,45.156186584006576
2014_04_DET_NYJ,2014,4,NYJ,DET,41.0,41.689873689368866
2014_04_MIA_OAK,2014,4,OAK,MIA,52.0,39.65879310277795
2014_04_TB_PIT,2014,4,PIT,TB,51.0,43.22947346163809
2014_04_JAX_SD,2014,4,SD,JAX,47.0,43.28337721832916
2014_04_ATL_MIN,2014,4,MIN,ATL,69.0,44.244528074519565
2014_04_PHI_SF,2014,4,SF,PHI,47.0,47.954062010251576
2014_04_NO_DAL,2014,4,DAL,NO,55.0,53.990272779599124
2014_04_NE_KC,2014,4,KC,NE,55.0,42.14793909013988
2014_05_MIN_GB,2014,5,GB,MIN,52.0,47.76918901305965
2014_05_CHI_CAR,2014,5,CAR,CHI,55.0,44.433520788950474
2014_05_HOU_DAL,2014,5,DAL,HOU,37.0,46.67299500233331
2014_05_BUF_DET,2014,5,DET,BUF,31.0,39.94571750731572
2014_05_BAL_IND,2014,5,IND,BAL,33.0,54.60370155383677
2014_05_PIT_JAX,2014,5,JAX,PIT,26.0,42.38881618607395
2014_05_TB_NO,2014,5,NO,TB,68.0,47.093521462126844
2014_05_ATL_NYG,2014,5,NYG,ATL,50.0,43.80645219074536
2014_05_STL_PHI,2014,5,PHI,STL,62.0,42.35070148313339
2014_05_CLE_TEN,2014,5,TEN,CLE,57.0,49.48284285949925
2014_05_ARI_DEN,2014,5,DEN,ARI,61.0,47.15304225949824
2014_05_NYJ_SD,2014,5,SD,NYJ,31.0,43.60728606946863
2014_05_KC_SF,2014,5,SF,KC,39.0,43.26853139965946
2014_05_CIN_NE,2014,5,NE,CIN,60.0,42.0434886654698
2014_05_SEA_WAS,2014,5,WAS,SEA,44.0,50.60759999836168
2014_06_IND_HOU,2014,6,HOU,IND,61.0,45.490138866786694
2014_06_NE_BUF,2014,6,BUF,NE,59.0,41.10536227289561
2014_06_CAR_CIN,2014,6,CIN,CAR,74.0,43.34113444317696
2014_06_PIT_CLE,2014,6,CLE,PIT,41.0,46.219787988001485
2014_06_GB_MIA,2014,6,MIA,GB,51.0,42.96250970219081
2014_06_DET_MIN,2014,6,MIN,DET,20.0,43.82000681148683
2014_06_DEN_NYJ,2014,6,NYJ,DEN,48.0,47.208707661013385
2014_06_BAL_TB,2014,6,TB,BAL,65.0,41.96853997706794
2014_06_JAX_TEN,2014,6,TEN,JAX,30.0,42.6387240765071
2014_06_SD_OAK,2014,6,OAK,SD,59.0,43.659107551929324
2014_06_WAS_ARI,2014,6,ARI,WAS,50.0,43.883018532878054
2014_06_CHI_ATL,2014,6,ATL,CHI,40.0,48.26156609941301
2014_06_DAL_SEA,2014,6,SEA,DAL,53.0,50.350324242704076
2014_06_NYG_PHI,2014,6,PHI,NYG,27.0,45.07258176169948
2014_06_SF_STL,2014,6,STL,SF,48.0,46.393061422163925
2014_07_NYJ_NE,2014,7,NE,NYJ,52.0,42.680688605711985
2014_07_ATL_BAL,2014,7,BAL,ATL,36.0,45.61156464600427
2014_07_MIN_BUF,2014,7,BUF,MIN,33.0,39.45104544568037
2014_07_MIA_CHI,2014,7,CHI,MIA,41.0,45.66635753351208
2014_07_NO_DET,2014,7,DET,NO,47.0,44.65131917093557
2014_07_CAR_GB,2014,7,GB,CAR,55.0,45.68266061780908
2014_07_CIN_IND,2014,7,IND,CIN,27.0,51.09114314788957
2014_07_CLE_JAX,2014,7,JAX,CLE,30.0,48.97882657676146
2014_07_SEA_STL,2014,7,STL,SEA,54.0,45.798475431907654
2014_07_TEN_WAS,2014,7,WAS,TEN,36.0,43.484597214997905
2014_07_KC_SD,2014,7,SD,KC,43.0,44.977458862911845
2014_07_NYG_DAL,2014,7,DAL,NYG,52.0,46.67061598340844
2014_07_ARI_OAK,2014,7,OAK,ARI,37.0,44.2984699365349
2014_07_SF_DEN,2014,7,DEN,SF,59.0,45.584777784692285
2014_07_HOU_PIT,2014,7,PIT,HOU,53.0,44.620640546283056
2014_08_SD_DEN,2014,8,DEN,SD,56.0,47.91076638339235
2014_08_DET_ATL,2014,8,ATL,DET,43.0,42.375405938797385
2014_08_SEA_CAR,2014,8,CAR,SEA,22.0,44.123451012997
2014_08_BAL_CIN,2014,8,CIN,BAL,51.0,46.632093272644504
2014_08_MIA_JAX,2014,8,JAX,MIA,40.0,40.27095766614505
2014_08_STL_KC,2014,8,KC,STL,41.0,45.52575774576917
2014_08_CHI_NE,2014,8,NE,CHI,74.0,44.919150544589215
2014_08_BUF_NYJ,2014,8,NYJ,BUF,66.0,37.80916218484804
2014_08_MIN_TB,2014,8,TB,MIN,32.0,39.21602527707933
2014_08_HOU_TEN,2014,8,TEN,HOU,46.0,41.165751172240036
2014_08_PHI_ARI,2014,8,ARI,PHI,44.0,47.298624048722736
2014_08_OAK_CLE,2014,8,CLE,OAK,36.0,40.783158324818025
2014_08_IND_PIT,2014,8,PIT,IND,85.0,45.03536909325905
2014_08_GB_NO,2014,8,NO,GB,67.0,52.98393318098675
2014_08_WAS_DAL,2014,8,DAL,WAS,37.0,47.64065302213921
2014_09_NO_CAR,2014,9,CAR,NO,38.0,49.53400737034348
2014_09_JAX_CIN,2014,9,CIN,JAX,56.0,41.9929768930404
2014_09_TB_CLE,2014,9,CLE,TB,39.0,43.4047484027609
2014_09_ARI_DAL,2014,9,DAL,ARI,45.0,48.490904768175305
2014_09_PHI_HOU,2014,9,HOU,PHI,52.0,45.119934470163926
2014_09_NYJ_KC,2014,9,KC,NYJ,34.0,40.03804645120122
2014_09_SD_MIA,2014,9,MIA,SD,37.0,43.646593642675654
2014_09_WAS_MIN,2014,9,MIN,WAS,55.0,39.43468976505559
2014_09_STL_SF,2014,9,SF,STL,23.0,43.830782606378705
2014_09_DEN_NE,2014,9,NE,DEN,64.0,50.380747992332246
2014_09_OAK_SEA,2014,9,SEA,OAK,54.0,42.000472736062356
2014_09_BAL_PIT,2014,9,PIT,BAL,66.0,45.93629536557619
2014_09_IND_NYG,2014,9,NYG,IND,64.0,44.84838015275068
2014_10_CLE_CIN,2014,10,CIN,CLE,27.0,41.20517813309828
2014_10_TEN_BAL,2014,10,BAL,TEN,28.0,44.07855571627725
2014_10_KC_BUF,2014,10,BUF,KC,30.0,44.148010632510164
2014_10_MIA_DET,2014,10,DET,MIA,36.0,42.723225722277945
2014_10_DAL_JAX,2014,10,JAX,DAL,48.0,43.26694806081827
2014_10_SF_NO,2014,10,NO,SF,51.0,48.62528616639032
2014_10_PIT_NYJ,2014,10,NYJ,PIT,33.0,44.05739972799125
2014_10_ATL_TB,2014,10,TB,ATL,44.0,45.47898339290138
2014_10_DEN_OAK,2014,10,OAK,DEN,58.0,48.143581875959704
2014_10_STL_ARI,2014,10,ARI,STL,45.0,43.52671385719629
2014_10_NYG_SEA,2014,10,SEA,NYG,55.0,43.95160838169725
2014_10_CHI_GB,2014,10,GB,CHI,69.0,49.378534148481116
2014_10_CAR_PHI,2014,10,PHI,CAR,66.0,45.07422992945249
2014_11_BUF_MIA,2014,11,MIA,BUF,31.0,41.592986958830956
2014_11_ATL_CAR,2014,11,CAR,ATL,36.0,45.659413090901516
2014_11_MIN_CHI,2014,11,CHI,MIN,34.0,42.52304039255593
2014_11_HOU_CLE,2014,11,CLE,HOU,30.0,41.830729020806885
2014_11_SEA_KC,2014,11,KC,SEA,44.0,46.947099184790815
2014_11_CIN_NO,2014,11,NO,CIN,37.0,46.9958886140028
2014_11_SF_NYG,2014,11,NYG,SF,26.0,44.21358614625377
2014_11_DEN_STL,2014,11,STL,DEN,29.0,49.60595790598787
2014_11_TB_WAS,2014,11,WAS,TB,34.0,43.00896452998954
2014_11_OAK_SD,2014,11,SD,OAK,19.0,45.88625895650999
2014_11_DET_ARI,2014,11,ARI,DET,20.0,43.61796131533368
2014_11_PHI_GB,2014,11,GB,PHI,73.0,48.42538138102339
2014_11_NE_IND,2014,11,IND,NE,62.0,56.081976570404684
2014_11_PIT_TEN,2014,11,TEN,PIT,51.0,42.3849364983584
2014_12_KC_OAK,2014,12,OAK,KC,44.0,46.51888655092339
2014_12_CLE_ATL,2014,12,ATL,CLE,50.0,43.60830025869704
2014_12_TB_CHI,2014,12,CHI,TB,34.0,42.62800282491499
2014_12_CIN_HOU,2014,12,HOU,CIN,35.0,43.89031708208174
2014_12_JAX_IND,2014,12,IND,JAX,26.0,44.16866870833224
2014_12_GB_MIN,2014,12,MIN,GB,45.0,45.38872758554653
2014_12_DET_NE,2014,12,NE,DET,43.0,45.3593428679489
2014_12_TEN_PHI,2014,12,PHI,TEN,67.0,43.32907146574033
2014_12_STL_SD,2014,12,SD,STL,51.0,45.24195046768238
2014_12_ARI_SEA,2014,12,SEA,ARI,22.0,44.03536460729174
2014_12_MIA_DEN,2014,12,DEN,MIA,75.0,47.57634477888502
2014_12_WAS_SF,2014,12,SF,WAS,30.0,41.6917507158048
2014_12_DAL_NYG,2014,12,NYG,DAL,59.0,44.87094205392718
2014_12_NYJ_BUF,2014,12,BUF,NYJ,41.0,43.53711366777378
2014_12_BAL_NO,2014,12,NO,BAL,61.0,47.27379087173779
2014_13_CHI_DET,2014,13,DET,CHI,51.0,43.38625481714038
2014_13_PHI_DAL,2014,13,DAL,PHI,43.0,49.5482960152316
2014_13_SEA_SF,2014,13,SF,SEA,22.0,42.99295775922357
2014_13_SD_BAL,2014,13,BAL,SD,67.0,45.60700425668841
2014_13_CLE_BUF,2014,13,BUF,CLE,36.0,38.97004183692569
2014_13_TEN_HOU,2014,13,HOU,TEN,66.0,43.545072110242074
2014_13_WAS_IND,2014,13,IND,WAS,76.0,44.667550779031785
2014_13_NYG_JAX,2014,13,JAX,NYG,49.0,43.609361159503806
2014_13_CAR_MIN,2014,13,MIN,CAR,44.0,40.008272558122655
2014_13_NO_PIT,2014,13,PIT,NO,67.0,47.95989079159459
2014_13_OAK_STL,2014,13,STL,OAK,52.0,44.12916314414046
2014_13_CIN_TB,2014,13,TB,CIN,27.0,40.23466148839994
2014_13_ARI_ATL,2014,13,ATL,ARI,47.0,45.956957805505326
2014_13_NE_GB,2014,13,GB,NE,47.0,52.563646185923524
2014_13_DEN_KC,2014,13,KC,DEN,45.0,47.590942382818305
2014_13_MIA_NYJ,2014,13,NYJ,MIA,29.0,45.9316413702493
2014_14_DAL_CHI,2014,14,CHI,DAL,69.0,44.69329591105082
2014_14_PIT_CIN,2014,14,CIN,PIT,63.0,43.742436936994785
2014_14_IND_CLE,2014,14,CLE,IND,49.0,42.456887928225
2014_14_TB_DET,2014,14,DET,TB,51.0,41.00144829720951
2014_14_HOU_JAX,2014,14,JAX,HOU,40.0,40.74532642943084
2014_14_BAL_MIA,2014,14,MIA,BAL,41.0,45.44143724160262
2014_14_NYJ_MIN,2014,14,MIN,NYJ,54.0,39.156457778420624
2014_14_CAR_NO,2014,14,NO,CAR,51.0,47.725178549702704
2014_14_NYG_TEN,2014,14,TEN,NYG,43.0,44.60673464883706
2014_14_STL_WAS,2014,14,WAS,STL,24.0,41.75759253056785
2014_14_KC_ARI,2014,14,ARI,KC,31.0,43.42261526306486
2014_14_BUF_DEN,2014,14,DEN,BUF,41.0,43.46335225709913
2014_14_SF_OAK,2014,14,OAK,SF,37.0,41.58975736357168
2014_14_SEA_PHI,2014,14,PHI,SEA,38.0,44.202053602864666
2014_14_NE_SD,2014,14,SD,NE,37.0,48.02571831429317
2014_14_ATL_GB,2014,14,GB,ATL,80.0,50.721003411776515
2014_15_ARI_STL,2014,15,STL,ARI,18.0,42.609580348856355
2014_15_PIT_ATL,2014,15,ATL,PIT,47.0,50.46401808237983
2014_15_JAX_BAL,2014,15,BAL,JAX,32.0,41.42614065236563
2014_15_GB_BUF,2014,15,BUF,GB,34.0,46.99266903026188
2014_15_TB_CAR,2014,15,CAR,TB,36.0,41.890655692092636
2014_15_CIN_CLE,2014,15,CLE,CIN,30.0,40.927291272318776
2014_15_HOU_IND,2014,15,IND,HOU,27.0,44.88726656379048
2014_15_OAK_KC,2014,15,KC,OAK,44.0,41.71832589864884
2014_15_MIA_NE,2014,15,NE,MIA,54.0,47.141694448490085
2014_15_WAS_NYG,2014,15,NYG,WAS,37.0,42.422181604417574
2014_15_DEN_SD,2014,15,SD,DEN,32.0,47.62786885808805
2014_15_NYJ_TEN,2014,15,TEN,NYJ,27.0,43.61903948108065
2014_15_MIN_DET,2014,15,DET,MIN,30.0,42.41207550822202
2014_15_SF_SEA,2014,15,SEA,SF,24.0,39.00563676841634
2014_15_DAL_PHI,2014,15,PHI,DAL,65.0,46.93270130724812
2014_15_NO_CHI,2014,15,CHI,NO,46.0,48.2941275866449
2014_16_TEN_JAX,2014,16,JAX,TEN,34.0,42.19732103810727
2014_16_PHI_WAS,2014,16,WAS,PHI,51.0,42.68363225256038
2014_16_SD_SF,2014,16,SF,SD,73.0,41.35051256345479
2014_16_CLE_CAR,2014,16,CAR,CLE,30.0,41.211904214657224
2014_16_DET_CHI,2014,16,CHI,DET,34.0,42.090717416226965
2014_16_BAL_HOU,2014,16,HOU,BAL,38.0,44.44123768206284
2014_16_MIN_MIA,2014,16,MIA,MIN,72.0,44.48212913933886
2014_16_ATL_NO,2014,16,NO,ATL,44.0,49.90324316178173
2014_16_NE_NYJ,2014,16,NYJ,NE,33.0,43.89819721583386
2014_16_KC_PIT,2014,16,PIT,KC,32.0,48.04230769115777
2014_16_GB_TB,2014,16,TB,GB,23.0,49.0009107366716
2014_16_NYG_STL,2014,16,STL,NYG,64.0,43.86224366975426
2014_16_IND_DAL,2014,16,DAL,IND,49.0,50.21303646342519
2014_16_BUF_OAK,2014,16,OAK,BUF,50.0,40.57357839296539
2014_16_SEA_ARI,2014,16,ARI,SEA,41.0,40.84196312868496
2014_16_DEN_CIN,2014,16,CIN,DEN,65.0,45.26296577425781
2014_17_CLE_BAL,2014,17,BAL,CLE,30.0,42.77539444171965
2014_17_JAX_HOU,2014,17,HOU,JAX,40.0,41.73483188685425
2014_17_SD_KC,2014,17,KC,SD,26.0,43.83799635283796
2014_17_NYJ_MIA,2014,17,MIA,NYJ,61.0,43.362567234851845
2014_17_CHI_MIN,2014,17,MIN,CHI,22.0,45.947659666245826
2014_17_BUF_NE,2014,17,NE,BUF,26.0,44.226182314203506
2014_17_PHI_NYG,2014,17,NYG,PHI,60.0,43.59239283186963
2014_17_NO_TB,2014,17,TB,NO,43.0,43.02127983707718
2014_17_IND_TEN,2014,17,TEN,IND,37.0,43.886062907084536
2014_17_DAL_WAS,2014,17,WAS,DAL,61.0,46.08268625054728
2014_17_CAR_ATL,2014,17,ATL,CAR,37.0,46.61677419213259
2014_17_OAK_DEN,2014,17,DEN,OAK,61.0,42.71192671322107
2014_17_DET_GB,2014,17,GB,DET,50.0,45.95987119865513
2014_17_STL_SEA,2014,17,SEA,STL,26.0,40.56419088876251
2014_17_ARI_SF,2014,17,SF,ARI,37.0,40.04952016649016
2014_17_CIN_PIT,2014,17,PIT,CIN,44.0,46.891888517112555
2015_01_PIT_NE,2015,1,NE,PIT,49.0,46.072640803632986
2015_01_IND_BUF,2015,1,BUF,IND,41.0,39.42839175591019
2015_01_GB_CHI,2015,1,CHI,GB,54.0,49.703710617128365
2015_01_KC_HOU,2015,1,HOU,KC,47.0,44.67946274698011
2015_01_CAR_JAX,2015,1,JAX,CAR,29.0,39.98844294297503
2015_01_CLE_NYJ,2015,1,NYJ,CLE,41.0,38.652402095745444
2015_01_SEA_STL,2015,1,STL,SEA,65.0,45.005359968008
2015_01_MIA_WAS,2015,1,WAS,MIA,27.0,43.029021219003056
2015_01_NO_ARI,2015,1,ARI,NO,50.0,46.860246303503175
2015_01_DET_SD,2015,1,SD,DET,61.0,41.2711874946119
2015_01_BAL_DEN,2015,1,DEN,BAL,32.0,43.441831095484126
2015_01_CIN_OAK,2015,1,OAK,CIN,46.0,41.76008847986374
2015_01_TEN_TB,2015,1,TB,TEN,56.0,39.37976882295196
2015_01_NYG_DAL,2015,1,DAL,NYG,53.0,46.48265896768142
2015_01_PHI_ATL,2015,1,ATL,PHI,50.0,47.12648884427024
2015_01_MIN_SF,2015,1,SF,MIN,23.0,42.048198331201725
2015_02_DEN_KC,2015,2,KC,DEN,55.0,39.727357198897735
2015_02_NE_BUF,2015,2,BUF,NE,72.0,51.63559528043559
2015_02_HOU_CAR,2015,2,CAR,HOU,41.0,39.67783827211387
2015_02_ARI_CHI,2015,2,CHI,ARI,71.0,51.808582804174215
2015_02_SD_CIN,2015,2,CIN,SD,43.0,48.73678047449527
2015_02_TEN_CLE,2015,2,CLE,TEN,42.0,45.81741151416421
2015_02_DET_MIN,2015,2,MIN,DET,42.0,45.48713372856036
2015_02_TB_NO,2015,2,NO,TB,45.0,44.317136860796126
2015_02_ATL_NYG,2015,2,NYG,ATL,44.0,46.009507145616524
2015_02_SF_PIT,2015,2,PIT,SF,61.0,51.39975961796876
2015_02_STL_WAS,2015,2,WAS,STL,34.0,43.56666641361604
2015_02_MIA_JAX,2015,2,JAX,MIA,43.0,39.55176452327553
2015_02_BAL_OAK,2015,2,OAK,BAL,70.0,37.95605168429194
2015_02_DAL_PHI,2015,2,PHI,DAL,30.0,43.55216587797926
2015_02_SEA_GB,2015,2,GB,SEA,44.0,50.256160765048506
2015_02_NYJ_IND,2015,2,IND,NYJ,27.0,49.14453602399611
2015_03_WAS_NYG,2015,3,NYG,WAS,53.0,45.931808381534005
2015_03_CIN_BAL,2015,3,BAL,CIN,52.0,43.931337922747275
2015_03_NO_CAR,2015,3,CAR,NO,49.0,40.90747627154226
2015_03_OAK_CLE,2015,3,CLE,OAK,47.0,42.09328173450156
2015_03_ATL_DAL,2015,3,DAL,ATL,67.0,46.1662045881387
2015_03_TB_HOU,2015,3,HOU,TB,28.0,45.786707082837914
2015_03_SD_MIN,2015,3,MIN,SD,45.0,41.49432371071719
2015_03_JAX_NE,2015,3,NE,JAX,68.0,46.144493577525395
2015_03_PHI_NYJ,2015,3,NYJ,PHI,41.0,40.0338293558271
2015_03_PIT_STL,2015,3,STL,PIT,18.0,52.34200596307214
2015_03_IND_TEN,2015,3,TEN,IND,68.0,44.47141756961614
2015_03_SF_ARI,2015,3,ARI,SF,54.0,54.10595935722707
2015_03_BUF_MIA,2015,3,MIA,BUF,55.0,43.14650129016912
2015_03_CHI_SEA,2015,3,SEA,CHI,26.0,47.29174121788238
2015_03_DEN_DET,2015,3,DET,DEN,36.0,41.45138629064724
2015_03_KC_GB,2015,3,GB,KC,66.0,45.982955590070176
2015_04_BAL_PIT,2015,4,PIT,BAL,43.0,45.62514278713448
2015_04_NYJ_MIA,2015,4,MIA,NYJ,41.0,42.27505409053452
2015_04_HOU_ATL,2015,4,ATL,HOU,69.0,44.451227313348475
2015_04_NYG_BUF,2015,4,BUF,NYG,34.0,48.97011454799187
2015_04_OAK_CHI,2015,4,CHI,OAK,42.0,43.43324315360902
2015_04_KC_CIN,2015,4,CIN,KC,57.0,42.919302325988646
2015_04_JAX_IND,2015,4,IND,JAX,29.0,44.455386431418034
2015_04_CAR_TB,2015,4,TB,CAR,60.0,41.768129583750444
2015_04_PHI_WAS,2015,4,WAS,PHI,43.0,39.10281131919439
2015_04_CLE_SD,2015,4,SD,CLE,57.0,44.57818455393446
2015_04_STL_ARI,2015,4,ARI,STL,46.0,46.68714948305432
2015_04_MIN_DEN,2015,4,DEN,MIN,43.0,41.09969198795071
2015_04_GB_SF,2015,4,SF,GB,20.0,52.918777348698775
2015_04_DAL_NO,2015,4,NO,DAL,46.0,46.62890517142724
2015_04_DET_SEA,2015,4,SEA,DET,23.0,42.26442658089838
2015_05_IND_HOU,2015,5,HOU,IND,47.0,46.081673447120444
2015_05_WAS_ATL,2015,5,ATL,WAS,44.0,48.44185151041304
2015_05_CLE_BAL,2015,5,BAL,CLE,63.0,43.393643248190415
2015_05_SEA_CIN,2015,5,CIN,SEA,51.0,46.15833000385372
2015_05_STL_GB,2015,5,GB,STL,34.0,45.07143818035131
2015_05_CHI_KC,2015,5,KC,CHI,35.0,45.22442531678052
2015_05_NO_PHI,2015,5,PHI,NO,56.0,43.156145601664
2015_05_JAX_TB,2015,5,TB,JAX,69.0,39.612523855302676
2015_05_BUF_TEN,2015,5,TEN,BUF,27.0,46.67228294713334
2015_05_ARI_DET,2015,5,DET,ARI,59.0,47.18633322135165
2015_05_NE_DAL,2015,5,DAL,NE,36.0,55.97156828915611
2015_05_DEN_OAK,2015,5,OAK,DEN,26.0,42.532443044982095
2015_05_SF_NYG,2015,5,NYG,SF,57.0,43.79402421881386
2015_05_PIT_SD,2015,5,SD,PIT,44.0,49.97680354720688
2015_06_ATL_NO,2015,6,NO,ATL,52.0,50.472627287214195
2015_06_CIN_BUF,2015,6,BUF,CIN,55.0,47.83930926906673
2015_06_DEN_CLE,2015,6,CLE,DEN,49.0,39.65950880557104
2015_06_CHI_DET,2015,6,DET,CHI,71.0,43.40590890825794
2015_06_HOU_JAX,2015,6,JAX,HOU,51.0,38.81061139714564
2015_06_KC_MIN,2015,6,MIN,KC,26.0,41.02201307077203
2015_06_WAS_NYJ,2015,6,NYJ,WAS,54.0,38.768132074582994
2015_06_ARI_PIT,2015,6,PIT,ARI,38.0,49.81872098255246
2015_06_MIA_TEN,2015,6,TEN,MIA,48.0,43.10697282102896
2015_06_CAR_SEA,2015,6,SEA,CAR,50.0,43.84599702213033
2015_06_SD_GB,2015,6,GB,SD,47.0,43.537136552582176
2015_06_BAL_SF,2015,6,SF,BAL,45.0,41.75977088802184
2015_06_NE_IND,2015,6,IND,NE,61.0,52.23116042377409
2015_06_NYG_PHI,2015,6,PHI,NYG,34.0,43.27073759919432
2015_07_SEA_SF,2015,7,SF,SEA,23.0,42.369562411661676
2015_07_BUF_JAX,2015,7,JAX,BUF,65.0,44.48471314654457
2015_07_MIN_DET,2015,7,DET,MIN,47.0,43.27184896374809
2015_07_NO_IND,2015,7,IND,NO,48.0,46.1331707627915
2015_07_PIT_KC,2015,7,KC,PIT,36.0,43.307192407680795
2015_07_HOU_MIA,2015,7,MIA,HOU,70.0,40.583392001352166
2015_07_NYJ_NE,2015,7,NE,NYJ,53.0,46.85850312835056
2015_07_CLE_STL,2015,7,STL,CLE,30.0,43.981908176242484
2015_07_ATL_TEN,2015,7,TEN,ATL,17.0,46.55324351383256
2015_07_TB_WAS,2015,7,WAS,TB,61.0,42.37119197219526
2015_07_OAK_SD,2015,7,SD,OAK,66.0,44.19442426879223
2015_07_DAL_NYG,2015,7,NYG,DAL,47.0,44.331781842667105
2015_07_PHI_CAR,2015,7,CAR,PHI,43.0,43.67584362098216
2015_07_BAL_ARI,2015,7,ARI,BAL,44.0,44.29723999499318
2015_08_MIA_NE,2015,8,NE,MIA,43.0,49.99153337628788
2015_08_DET_KC,2015,8,KC,DET,55.0,42.98506428308253
2015_08_TB_ATL,2015,8,ATL,TB,43.0,47.341390876899155
2015_08_SD_BAL,2015,8,BAL,SD,55.0,44.46595466745103
2015_08_MIN_CHI,2015,8,CHI,MIN,43.0,42.36608503959669
2015_08_ARI_CLE,2015,8,CLE,ARI,54.0,44.403441766127514
2015_08_TEN_HOU,2015,8,HOU,TEN,26.0,45.79898468625793
2015_08_NYG_NO,2015,8,NO,NYG,101.0,46.92029563319709
2015_08_CIN_PIT,2015,8,PIT,CIN,26.0,50.607306833075725
2015_08_SF_STL,2015,8,STL,SF,33.0,42.684002826289586
2015_08_NYJ_OAK,2015,8,OAK,NYJ,54.0,45.75041453385824
2015_08_SEA_DAL,2015,8,DAL,SEA,25.0,47.04000167401984
2015_08_GB_DEN,2015,8,DEN,GB,39.0,42.91726424440211
2015_08_IND_CAR,2015,8,CAR,IND,55.0,43.14187188255406
2015_09_CLE_CIN,2015,9,CIN,CLE,41.0,44.693665402813274
2015_09_MIA_BUF,2015,9,BUF,MIA,50.0,43.78169084754824
2015_09_GB_CAR,2015,9,CAR,GB,66.0,43.246541817711744
2015_09_STL_MIN,2015,9,MIN,STL,39.0,41.52554497436161
2015_09_WAS_NE,2015,9,NE,WAS,37.0,46.27500370704613
2015_09_TEN_NO,2015,9,NO,TEN,62.0,45.996563170610536
2015_09_JAX_NYJ,2015,9,NYJ,JAX,51.0,43.43443824540551
2015_09_OAK_PIT,2015,9,PIT,OAK,73.0,43.76152698925925
2015_09_ATL_SF,2015,9,SF,ATL,33.0,45.92352014703677
2015_09_NYG_TB,2015,9,TB,NYG,50.0,46.11098277108072
2015_09_DEN_IND,2015,9,IND,DEN,51.0,42.9644393231915
2015_09_PHI_DAL,2015,9,DAL,PHI,60.0,42.19979570766685
2015_09_CHI_SD,2015,9,SD,CHI,41.0,46.44763388282134
2015_10_BUF_NYJ,2015,10,NYJ,BUF,39.0,43.545172168011746
2015_10_JAX_BAL,2015,10,BAL,JAX,42.0,44.49826995990541
2015_10_DET_GB,2015,10,GB,DET,34.0,43.84576971634622
2015_10_MIA_PHI,2015,10,PHI,MIA,39.0,43.228114452193
2015_10_CLE_PIT,2015,10,PIT,CLE,39.0,44.82632716417232
2015_10_CHI_STL,2015,10,STL,CHI,50.0,44.19444623104453
2015_10_DAL_TB,2015,10,TB,DAL,16.0,45.281760832630475
2015_10_CAR_TEN,2015,10,TEN,CAR,37.0,42.56074757059792
2015_10_NO_WAS,2015,10,WAS,NO,61.0,48.09437728545022
2015_10_MIN_OAK,2015,10,OAK,MIN,44.0,39.09951502761041
2015_10_KC_DEN,2015,10,DEN,KC,42.0,41.13219092326079
2015_10_NE_NYG,2015,10,NYG,NE,53.0,49.905112651661774
2015_10_ARI_SEA,2015,10,SEA,ARI,71.0,49.95600664720238
2015_10_HOU_CIN,2015,10,CIN,HOU,16.0,44.673823783250725
2015_11_TEN_JAX,2015,11,JAX,TEN,32.0,40.58828570080413
2015_11_IND_ATL,2015,11,ATL,IND,45.0,45.764244391492575
2015_11_STL_BAL,2015,11,BAL,STL,29.0,42.85857574630706
2015_11_WAS_CAR,2015,11,CAR,WAS,60.0,44.216406766595796
2015_11_DEN_CHI,2015,11,CHI,DEN,32.0,40.7473977020945
2015_11_OAK_DET,2015,11,DET,OAK,31.0,46.248898464122576
2015_11_NYJ_HOU,2015,11,HOU,NYJ,41.0,45.3646015017982
2015_11_DAL_MIA,2015,11,MIA,DAL,38.0,42.84797711837555
2015_11_TB_PHI,2015,11,PHI,TB,62.0,41.94547978144781
2015_11_KC_SD,2015,11,SD,KC,36.0,43.838296114515835
2015_11_GB_MIN,2015,11,MIN,GB,43.0,43.96614899350563
2015_11_SF_SEA,2015,11,SEA,SF,42.0,38.47564039119131
2015_11_CIN_ARI,2015,11,ARI,CIN,65.0,47.69593910290401
2015_11_BUF_NE,2015,11,NE,BUF,33.0,49.5157666530875
2015_12_PHI_DET,2015,12,DET,PHI,59.0,43.9561035278792
2015_12_CAR_DAL,2015,12,DAL,CAR,47.0,45.7838966459553
2015_12_CHI_GB,2015,12,GB,CHI,30.0,39.821561924203
2015_12_MIN_ATL,2015,12,ATL,MIN,30.0,44.364974990721386
2015_12_STL_CIN,2015,12,CIN,STL,38.0,45.47009576409407
2015_12_NO_HOU,2015,12,HOU,NO,30.0,47.92418928454005
2015_12_TB_IND,2015,12,IND,TB,37.0,46.11299446276206
2015_12_SD_JAX,2015,12,JAX,SD,56.0,41.45285083533525
2015_12_BUF_KC,2015,12,KC,BUF,52.0,42.14523637603089
2015_12_MIA_NYJ,2015,12,NYJ,MIA,58.0,43.540430640031104
2015_12_OAK_TEN,2015,12,TEN,OAK,45.0,43.22624762904377
2015_12_NYG_WAS,2015,12,WAS,NYG,34.0,48.03218361905999
2015_12_ARI_SF,2015,12,SF,ARI,32.0,45.96537115873129
2015_12_PIT_SEA,2015,12,SEA,PIT,69.0,44.115437776055884
2015_12_NE_DEN,2015,12,DEN,NE,54.0,45.28001744354639
2015_12_BAL_CLE,2015,12,CLE,BAL,60.0,40.38467686976087
2015_13_GB_DET,2015,13,DET,GB,50.0,43.653046596913036
2015_13_HOU_BUF,2015,13,BUF,HOU,51.0,43.60169252921335
2015_13_SF_CHI,2015,13,CHI,SF,46.0,42.026256517843024
2015_13_CIN_CLE,2015,13,CLE,CIN,40.0,43.38816696703657
2015_13_BAL_MIA,2015,13,MIA,BAL,28.0,38.84322092757364
2015_13_SEA_MIN,2015,13,MIN,SEA,45.0,43.91574799747037
2015_13_NYJ_NYG,2015,13,NYG,NYJ,43.0,44.14306537419519
2015_13_ARI_STL,2015,13,STL,ARI,30.0,44.876216827472554
2015_13_ATL_TB,2015,13,TB,ATL,42.0,42.35499994456785
2015_13_JAX_TEN,2015,13,TEN,JAX,81.0,42.253712963727594
2015_13_KC_OAK,2015,13,OAK,KC,54.0,45.36900432061551
2015_13_DEN_SD,2015,13,SD,DEN,20.0,43.21714781031872
2015_13_PHI_NE,2015,13,NE,PHI,63.0,45.515527605298786
2015_13_CAR_NO,2015,13,NO,CAR,79.0,47.78255099082062
2015_13_IND_PIT,2015,13,PIT,IND,55.0,44.15504564217075
2015_13_DAL_WAS,2015,13,WAS,DAL,35.0,43.90093441263256
2015_14_MIN_ARI,2015,14,ARI,MIN,43.0,45.0635267898959
2015_14_SEA_BAL,2015,14,BAL,SEA,41.0,45.86920246756552
2015_14_ATL_CAR,2015,14,CAR,ATL,38.0,44.47882591693487
2015_14_WAS_CHI,2015,14,CHI,WAS,45.0,40.6337341499064
2015_14_PIT_CIN,2015,14,CIN,PIT,53.0,46.41551334686176
2015_14_SF_CLE,2015,14,CLE,SF,34.0,40.88413464282554
2015_14_IND_JAX,2015,14,JAX,IND,67.0,42.61766430028103
2015_14_SD_KC,2015,14,KC,SD,13.0,43.28217177572246
2015_14_TEN_NYJ,2015,14,NYJ,TEN,38.0,44.524460338868764
2015_14_BUF_PHI,2015,14,PHI,BUF,43.0,44.37657096793584
2015_14_DET_STL,2015,14,STL,DET,35.0,43.55594523247125
2015_14_NO_TB,2015,14,TB,NO,41.0,43.50150753098677
2015_14_OAK_DEN,2015,14,DEN,OAK,27.0,44.055999352666944
2015_14_DAL_GB,2015,14,GB,DAL,35.0,42.638965457996754
2015_14_NE_HOU,2015,14,HOU,NE,33.0,47.526854527692045
2015_14_NYG_MIA,2015,14,MIA,NYG,55.0,41.36139830037801
2015_15_TB_STL,2015,15,STL,TB,54.0,43.61749836340554
2015_15_NYJ_DAL,2015,15,DAL,NYJ,35.0,45.33953526674169
2015_15_KC_BAL,2015,15,BAL,KC,48.0,44.283453896557205
2015_15_HOU_IND,2015,15,IND,HOU,26.0,44.27355010339153
2015_15_ATL_JAX,2015,15,JAX,ATL,40.0,45.14521041199874
2015_15_CHI_MIN,2015,15,MIN,CHI,55.0,44.15348169170507
2015_15_TEN_NE,2015,15,NE,TEN,49.0,43.55197262248047
2015_15_CAR_NYG,2015,15,NYG,CAR,73.0,48.175460977115215
2015_15_BUF_WAS,2015,15,WAS,BUF,60.0,43.650884928619334
2015_15_GB_OAK,2015,15,OAK,GB,50.0,41.74554851902029
2015_15_CLE_SEA,2015,15,SEA,CLE,43.0,43.63828350664289
2015_15_DEN_PIT,2015,15,PIT,DEN,61.0,43.31919424869261
2015_15_MIA_SD,2015,15,SD,MIA,44.0,41.71656041396915
2015_15_CIN_SF,2015,15,SF,CIN,38.0,43.83246060049394
2015_15_ARI_PHI,2015,15,PHI,ARI,57.0,50.652725676630055
2015_15_DET_NO,2015,15,NO,DET,62.0,44.87873816155295
2015_16_SD_OAK,2015,16,OAK,SD,43.0,37.77566721561096
2015_16_WAS_PHI,2015,16,PHI,WAS,62.0,44.44104151941012
2015_16_CAR_ATL,2015,16,ATL,CAR,33.0,46.15312153223156
2015_16_PIT_BAL,2015,16,BAL,PIT,37.0,44.4521118238671
2015_16_DAL_BUF,2015,16,BUF,DAL,22.0,44.75574653651832
2015_16_SF_DET,2015,16,DET,SF,49.0,41.78118128799877
2015_16_CLE_KC,2015,16,KC,CLE,30.0,42.40428653787489
2015_16_IND_MIA,2015,16,MIA,IND,30.0,38.50985606717847
2015_16_NE_NYJ,2015,16,NYJ,NE,46.0,41.9432933455639
2015_16_CHI_TB,2015,16,TB,CHI,47.0,43.190230113278524
2015_16_HOU_TEN,2015,16,TEN,HOU,40.0,39.269023579169975
2015_16_JAX_NO,2015,16,NO,JAX,65.0,46.22126760532403
2015_16_GB_ARI,2015,16,ARI,GB,46.0,46.41757863935631
2015_16_STL_SEA,2015,16,SEA,STL,40.0,44.94851362635475
2015_16_NYG_MIN,2015,16,MIN,NYG,66.0,44.438760933502444
2015_16_CIN_DEN,2015,16,DEN,CIN,37.0,41.79333056773596
2015_17_NO_ATL,2015,17,ATL,NO,37.0,48.92459371716036
2015_17_NYJ_BUF,2015,17,BUF,NYJ,39.0,42.1486519110598
2015_17_DET_CHI,2015,17,CHI,DET,44.0,42.882327661119085
2015_17_BAL_CIN,2015,17,CIN,BAL,40.0,41.736010564279134
2015_17_PIT_CLE,2015,17,CLE,PIT,40.0,40.46208728099624
2015_17_WAS_DAL,2015,17,DAL,WAS,57.0,45.44631653326356
2015_17_JAX_HOU,2015,17,HOU,JAX,36.0,45.4539554496891
2015_17_TEN_IND,2015,17,IND,TEN,54.0,43.930500297375936
2015_17_NE_MIA,2015,17,MIA,NE,30.0,42.890636276950104
2015_17_PHI_NYG,2015,17,NYG,PHI,65.0,43.98114374095242
2015_17_SEA_ARI,2015,17,ARI,SEA,42.0,49.44079670661798
2015_17_TB_CAR,2015,17,CAR,TB,48.0,44.87212580464522
2015_17_SD_DEN,2015,17,DEN,SD,47.0,41.091382962054624
2015_17_OAK_KC,2015,17,KC,OAK,40.0,41.139993625584744
2015_17_STL_SF,2015,17,SF,STL,35.0,43.068999854453274
2015_17_MIN_GB,2015,17,GB,MIN,33.0,43.42201556414633
2016_01_CAR_DEN,2016,1,DEN,CAR,41.0,42.87334329098013
2016_01_TB_ATL,2016,1,ATL,TB,55.0,44.22905766917332
2016_01_BUF_BAL,2016,1,BAL,BUF,20.0,43.19364614241448
2016_01_CHI_HOU,2016,1,HOU,CHI,37.0,43.415211361114885
2016_01_GB_JAX,2016,1,JAX,GB,50.0,43.043179915505895
2016_01_SD_KC,2016,1,KC,SD,60.0,43.01409602672992
2016_01_OAK_NO,2016,1,NO,OAK,69.0,44.491629979157146
2016_01_CIN_NYJ,2016,1,NYJ,CIN,45.0,41.85483811863914
2016_01_CLE_PHI,2016,1,PHI,CLE,39.0,43.0492038357757
2016_01_MIN_TEN,2016,1,TEN,MIN,41.0,41.95030469562714
2016_01_MIA_SEA,2016,1,SEA,MIA,22.0,42.084515685399516
2016_01_NYG_DAL,2016,1,DAL,NYG,39.0,43.71974752801044
2016_01_DET_IND,2016,1,IND,DET,74.0,43.30175393526947
2016_01_NE_ARI,2016,1,ARI,NE,44.0,47.23905219790131
2016_01_PIT_WAS,2016,1,WAS,PIT,54.0,45.52600956048075
2016_01_LA_SF,2016,1,SF,LA,28.0,40.575270022838545
2016_02_NYJ_BUF,2016,2,BUF,NYJ,68.0,41.950197392128075
2016_02_TB_ARI,2016,2,ARI,TB,47.0,48.50274697213524
2016_02_SF_CAR,2016,2,CAR,SF,73.0,42.229905960307185
2016_02_BAL_CLE,2016,2,CLE,BAL,45.0,40.31530128702124
2016_02_TEN_DET,2016,2,DET,TEN,31.0,46.95949887233467
2016_02_KC_HOU,2016,2,HOU,KC,31.0,45.97255034607673
2016_02_MIA_NE,2016,2,NE,MIA,55.0,42.52300795070055
2016_02_NO_NYG,2016,2,NYG,NO,29.0,47.22664915611459
2016_02_CIN_PIT,2016,2,PIT,CIN,40.0,51.28006038103749
2016_02_DAL_WAS,2016,2,WAS,DAL,50.0,44.36073826245023
2016_02_SEA_LA,2016,2,LA,SEA,12.0,41.50344084006949
2016_02_IND_DEN,2016,2,DEN,IND,54.0,49.65552482324804
2016_02_ATL_OAK,2016,2,OAK,ATL,63.0,46.979479085876555
2016_02_JAX_SD,2016,2,SD,JAX,52.0,44.6811640458721
2016_02_GB_MIN,2016,2,MIN,GB,31.0,45.31764292659597
2016_02_PHI_CHI,2016,2,CHI,PHI,43.0,41.617722672826275
2016_03_HOU_NE,2016,3,NE,HOU,27.0,43.56624003787072
2016_03_ARI_BUF,2016,3,BUF,ARI,51.0,45.335921797541985
2016_03_MIN_CAR,2016,3,CAR,MIN,32.0,42.45901642456841
2016_03_DEN_CIN,2016,3,CIN,DEN,46.0,44.0340155652197
2016_03_DET_GB,2016,3,GB,DET,61.0,47.86560014246276
2016_03_BAL_JAX,2016,3,JAX,BAL,36.0,41.732133448407275
2016_03_CLE_MIA,2016,3,MIA,CLE,54.0,39.88667451142498
2016_03_WAS_NYG,2016,3,NYG,WAS,56.0,45.85610889302395
2016_03_OAK_TEN,2016,3,TEN,OAK,27.0,44.728730840145694
2016_03_SF_SEA,2016,3,SEA,SF,55.0,40.309235066998404
2016_03_LA_TB,2016,3,TB,LA,69.0,39.84277851231822
2016_03_SD_IND,2016,3,IND,SD,48.0,46.115622711665964
2016_03_NYJ_KC,2016,3,KC,NYJ,27.0,45.48992372073825
2016_03_PIT_PHI,2016,3,PHI,PIT,37.0,48.52008258621526
2016_03_CHI_DAL,2016,3,DAL,CHI,48.0,43.02769781210848
2016_03_ATL_NO,2016,3,NO,ATL,77.0,47.84713621474909
2016_04_MIA_CIN,2016,4,CIN,MIA,29.0,42.83187580681338
2016_04_IND_JAX,2016,4,JAX,IND,57.0,43.79046247529387
2016_04_CAR_ATL,2016,4,ATL,CAR,81.0,46.55205928614743
2016_04_OAK_BAL,2016,4,BAL,OAK,55.0,42.53978313154373
2016_04_DET_CHI,2016,4,CHI,DET,31.0,48.275255126559244
2016_04_TEN_HOU,2016,4,HOU,TEN,47.0,42.14147918202053
2016_04_BUF_NE,2016,4,NE,BUF,16.0,43.018781564379765
2016_04_SEA_NYJ,2016,4,NYJ,SEA,44.0,41.45789839379342
2016_04_CLE_WAS,2016,4,WAS,CLE,51.0,44.47908841129364
2016_04_DEN_TB,2016,4,TB,DEN,34.0,43.898985047246434
2016_04_LA_ARI,2016,4,ARI,LA,30.0,42.36403181336724
2016_04_NO_SD,2016,4,SD,NO,69.0,47.681838763037085
2016_04_DAL_SF,2016,4,SF,DAL,41.0,47.01945371510935
2016_04_KC_PIT,2016,4,PIT,KC,57.0,41.599809069509604
2016_04_NYG_MIN,2016,4,MIN,NYG,34.0,43.747511921790846
2016_05_ARI_SF,2016,5,SF,ARI,54.0,42.05926376699615
2016_05_WAS_BAL,2016,5,BAL,WAS,26.0,43.376150429938996
2016_05_NE_CLE,2016,5,CLE,NE,46.0,43.0310305424722
2016_05_PHI_DET,2016,5,DET,PHI,47.0,49.113847855164785
2016_05_CHI_IND,2016,5,IND,CHI,52.0,45.54031654964144
2016_05_TEN_MIA,2016,5,MIA,TEN,47.0,39.21657831273535
2016_05_HOU_MIN,2016,5,MIN,HOU,44.0,40.31250933425599
2016_05_NYJ_PIT,2016,5,PIT,NYJ,44.0,43.49306792200136
2016_05_ATL_DEN,2016,5,DEN,ATL,39.0,48.458127111515715
2016_05_CIN_DAL,2016,5,DAL,CIN,42.0,45.02647102007518
2016_05_BUF_LA,2016,5,LA,BUF,49.0,41.042761082007665
2016_05_SD_OAK,2016,5,OAK,SD,65.0,44.81814354419536
2016_05_NYG_GB,2016,5,GB,NYG,39.0,43.56633754520709
2016_05_TB_CAR,2016,5,CAR,TB,31.0,43.174902392214925
2016_06_DEN_SD,2016,6,SD,DEN,34.0,45.11542612962276
2016_06_SF_BUF,2016,6,BUF,SF,61.0,40.61305065827962
2016_06_JAX_CHI,2016,6,CHI,JAX,33.0,43.16442283807666
2016_06_LA_DET,2016,6,DET,LA,59.0,43.61332952332865
2016_06_PIT_MIA,2016,6,MIA,PIT,45.0,43.21765291520529
2016_06_CIN_NE,2016,6,NE,CIN,52.0,42.71751736187553
2016_06_CAR_NO,2016,6,NO,CAR,79.0,46.06025481021619
2016_06_BAL_NYG,2016,6,NYG,BAL,50.0,40.84245912561052
2016_06_CLE_TEN,2016,6,TEN,CLE,54.0,41.546233408940594
2016_06_PHI_WAS,2016,6,WAS,PHI,47.0,47.94622370376984
2016_06_KC_OAK,2016,6,OAK,KC,36.0,43.746006481050735
2016_06_DAL_GB,2016,6,GB,DAL,46.0,47.760354709495836
2016_06_ATL_SEA,2016,6,SEA,ATL,50.0,46.66282838310973
2016_06_IND_HOU,2016,6,HOU,IND,49.0,43.02368787779875
2016_06_NYJ_ARI,2016,6,ARI,NYJ,31.0,44.57037096988423
2016_07_CHI_GB,2016,7,GB,CHI,36.0,44.665474066640385
2016_07_NYG_LA,2016,7,LA,NYG,27.0,41.13688445533966
2016_07_CLE_CIN,2016,7,CIN,CLE,48.0,42.725007289974755
2016_07_WAS_DET,2016,7,DET,WAS,37.0,47.77385731971434
2016_07_OAK_JAX,2016,7,JAX,OAK,49.0,42.29969770379562
2016_07_NO_KC,2016,7,KC,NO,48.0,44.609931404131764
2016_07_BUF_MIA,2016,7,MIA,BUF,53.0,43.44165870969592
2016_07_BAL_NYJ,2016,7,NYJ,BAL,40.0,37.99467238752199
2016_07_MIN_PHI,2016,7,PHI,MIN,31.0,38.76906601843626
2016_07_IND_TEN,2016,7,TEN,IND,60.0,43.89111185622924
2016_07_SD_ATL,2016,7,ATL,SD,63.0,48.02879556157091
2016_07_TB_SF,2016,7,SF,TB,51.0,42.3323668484981
2016_07_NE_PIT,2016,7,PIT,NE,43.0,45.53662253014039
2016_07_SEA_ARI,2016,7,ARI,SEA,12.0,43.339478048018755
2016_07_HOU_DEN,2016,7,DEN,HOU,36.0,42.722827406515414
2016_08_JAX_TEN,2016,8,TEN,JAX,58.0,42.0985830756422
2016_08_WAS_CIN,2016,8,CIN,WAS,54.0,45.9210868238809
2016_08_NE_BUF,2016,8,BUF,NE,66.0,45.203931347265105
2016_08_ARI_CAR,2016,8,CAR,ARI,50.0,45.019078734251316
2016_08_NYJ_CLE,2016,8,CLE,NYJ,59.0,39.91542603215458
2016_08_DET_HOU,2016,8,HOU,DET,33.0,45.43687257340047
2016_08_KC_IND,2016,8,IND,KC,44.0,46.24166502328568
2016_08_SEA_NO,2016,8,NO,SEA,45.0,45.5461427117566
2016_08_OAK_TB,2016,8,TB,OAK,54.0,41.51022608527194
2016_08_SD_DEN,2016,8,DEN,SD,46.0,42.80039607865922
2016_08_GB_ATL,2016,8,ATL,GB,65.0,47.54267054821672
2016_08_PHI_DAL,2016,8,DAL,PHI,52.0,45.33583679815257
2016_08_MIN_CHI,2016,8,CHI,MIN,30.0,39.396776900381454
2016_09_ATL_TB,2016,9,TB,ATL,71.0,46.58637739261519
2016_09_PIT_BAL,2016,9,BAL,PIT,35.0,43.332800225228326
2016_09_DAL_CLE,2016,9,CLE,DAL,45.0,49.09093322390834
2016_09_JAX_KC,2016,9,KC,JAX,33.0,44.01285159411019
2016_09_NYJ_MIA,2016,9,MIA,NYJ,50.0,40.79068994613683
2016_09_DET_MIN,2016,9,MIN,DET,38.0,43.88739066319561
2016_09_PHI_NYG,2016,9,NYG,PHI,51.0,41.515219560355135
2016_09_CAR_LA,2016,9,LA,CAR,23.0,43.72725350944431
2016_09_NO_SF,2016,9,SF,NO,64.0,46.50867734240443
2016_09_IND_GB,2016,9,GB,IND,57.0,44.67125609986012
2016_09_TEN_SD,2016,9,SD,TEN,78.0,46.818483863922104
2016_09_DEN_OAK,2016,9,OAK,DEN,50.0,44.06919497717251
2016_09_BUF_SEA,2016,9,SEA,BUF,56.0,43.10431233315488
2016_10_CLE_BAL,2016,10,BAL,CLE,35.0,42.41286347839194
2016_10_KC_CAR,2016,10,CAR,KC,37.0,44.05448898130266
2016_10_HOU_JAX,2016,10,JAX,HOU,45.0,40.86939232309543
2016_10_DEN_NO,2016,10,NO,DEN,48.0,45.77743614395252
2016_10_LA_NYJ,2016,10,NYJ,LA,15.0,40.76290333632517
2016_10_ATL_PHI,2016,10,PHI,ATL,39.0,47.52252114827522
2016_10_CHI_TB,2016,10,TB,CHI,46.0,44.63585780255086
2016_10_GB_TEN,2016,10,TEN,GB,72.0,46.253795514735295
2016_10_MIN_WAS,2016,10,WAS,MIN,46.0,43.42851671363369
2016_10_MIA_SD,2016,10,SD,MIA,55.0,43.98956197583639
2016_10_SF_ARI,2016,10,ARI,SF,43.0,42.90149224435233
2016_10_DAL_PIT,2016,10,PIT,DAL,65.0,48.57300159152968
2016_10_SEA_NE,2016,10,NE,SEA,55.0,45.87596453002211
2016_10_CIN_NYG,2016,10,NYG,CIN,41.0,45.07614616070136
2016_11_NO_CAR,2016,11,CAR,NO,43.0,47.64721357196208
2016_11_BUF_CIN,2016,11,CIN,BUF,28.0,44.9886411226971
2016_11_PIT_CLE,2016,11,CLE,PIT,33.0,40.081227701246895
2016_11_BAL_DAL,2016,11,DAL,BAL,44.0,44.35198189119473
2016_11_JAX_DET,2016,11,DET,JAX,45.0,44.65452143923872
2016_11_TEN_IND,2016,11,IND,TEN,41.0,48.62241780631891
2016_11_TB_KC,2016,11,KC,TB,36.0,43.211211602318656
2016_11_ARI_MIN,2016,11,MIN,ARI,54.0,42.40908211092518
2016_11_CHI_NYG,2016,11,NYG,CHI,38.0,40.12285961312467
2016_11_MIA_LA,2016,11,LA,MIA,24.0,42.20064670492031
2016_11_PHI_SEA,2016,11,SEA,PHI,41.0,43.32144127312422
2016_11_NE_SF,2016,11,SF,NE,47.0,47.548767452299195
2016_11_GB_WAS,2016,11,WAS,GB,66.0,44.495568091846124
2016_11_HOU_OAK,2016,11,OAK,HOU,47.0,43.53048837746461
2016_12_MIN_DET,2016,12,DET,MIN,29.0,43.81850935824146
2016_12_WAS_DAL,2016,12,DAL,WAS,57.0,50.91756293809223
2016_12_PIT_IND,2016,12,IND,PIT,35.0,46.330353795366776
2016_12_ARI_ATL,2016,12,ATL,ARI,57.0,46.41447997092297
2016_12_CIN_BAL,2016,12,BAL,CIN,33.0,42.21749584598731
2016_12_JAX_BUF,2016,12,BUF,JAX,49.0,42.91206709258102
2016_12_TEN_CHI,2016,12,CHI,TEN,48.0,44.71180096520017
2016_12_NYG_CLE,2016,12,CLE,NYG,40.0,41.97648313528499
2016_12_SD_HOU,2016,12,HOU,SD,34.0,43.185582136816016
2016_12_SF_MIA,2016,12,MIA,SF,55.0,41.86659269288119
2016_12_LA_NO,2016,12,NO,LA,70.0,43.65643745954567
2016_12_SEA_TB,2016,12,TB,SEA,19.0,46.56732407911041
2016_12_NE_NYJ,2016,12,NYJ,NE,39.0,46.98864811977638
2016_12_CAR_OAK,2016,12,OAK,CAR,67.0,43.75577765833763
2016_12_KC_DEN,2016,12,DEN,KC,57.0,39.41204768661747
2016_12_GB_PHI,2016,12,PHI,GB,40.0,46.25636477756163
2016_13_DAL_MIN,2016,13,MIN,DAL,32.0,47.300605349812685
2016_13_KC_ATL,2016,13,ATL,KC,57.0,45.73652061285129
2016_13_MIA_BAL,2016,13,BAL,MIA,44.0,41.50369728322396
2016_13_SF_CHI,2016,13,CHI,SF,32.0,42.95322975052315
2016_13_PHI_CIN,2016,13,CIN,PHI,46.0,42.58834348461432
2016_13_HOU_GB,2016,13,GB,HOU,34.0,43.55798204329236
2016_13_DEN_JAX,2016,13,JAX,DEN,30.0,41.41703352890411
2016_13_LA_NE,2016,13,NE,LA,36.0,42.18645736178486
2016_13_DET_NO,2016,13,NO,DET,41.0,46.13300246056036
2016_13_BUF_OAK,2016,13,OAK,BUF,62.0,45.59229191741546
2016_13_WAS_ARI,2016,13,ARI,WAS,54.0,47.79919704069237
2016_13_NYG_PIT,2016,13,PIT,NYG,38.0,39.58425711105035
2016_13_TB_SD,2016,13,SD,TB,49.0,44.75793161523645
2016_13_CAR_SEA,2016,13,SEA,CAR,47.0,42.366000758392026
2016_13_IND_NYJ,2016,13,NYJ,IND,51.0,42.69527613157398
2016_14_OAK_KC,2016,14,KC,OAK,34.0,44.25003810765413
2016_14_PIT_BUF,2016,14,BUF,PIT,47.0,46.38304376323943
2016_14_SD_CAR,2016,14,CAR,SD,44.0,44.78580173925392
2016_14_CIN_CLE,2016,14,CLE,CIN,33.0,41.521847100976466
2016_14_CHI_DET,2016,14,DET,CHI,37.0,44.44623088234802
2016_14_HOU_IND,2016,14,IND,HOU,39.0,44.16047061871804
2016_14_MIN_JAX,2016,14,JAX,MIN,41.0,41.61569596521697
2016_14_ARI_MIA,2016,14,MIA,ARI,49.0,39.40231125335199
2016_14_WAS_PHI,2016,14,PHI,WAS,49.0,46.83847249635038
2016_14_DEN_TEN,2016,14,TEN,DEN,23.0,44.745311907240016
2016_14_NYJ_SF,2016,14,SF,NYJ,40.0,41.00622524211173
2016_14_SEA_GB,2016,14,GB,SEA,48.0,44.435126700852926
2016_14_ATL_LA,2016,14,LA,ATL,56.0,45.46195345835674
2016_14_NO_TB,2016,14,TB,NO,27.0,44.376258720104936
2016_14_DAL_NYG,2016,14,NYG,DAL,17.0,47.7140873217304
2016_14_BAL_NE,2016,14,NE,BAL,53.0,43.79771678998407
2016_15_LA_SEA,2016,15,SEA,LA,27.0,39.999480871237964
2016_15_MIA_NYJ,2016,15,NYJ,MIA,47.0,41.855121992628845
2016_15_PHI_BAL,2016,15,BAL,PHI,53.0,41.752236095638466
2016_15_CLE_BUF,2016,15,BUF,CLE,46.0,42.91480609992125
2016_15_GB_CHI,2016,15,CHI,GB,57.0,45.3016696820929
2016_15_PIT_CIN,2016,15,CIN,PIT,44.0,45.97465335570974
2016_15_JAX_HOU,2016,15,HOU,JAX,41.0,41.198175281567394
2016_15_TEN_KC,2016,15,KC,TEN,36.0,46.29054436876872
2016_15_IND_MIN,2016,15,MIN,IND,40.0,42.977043761866454
2016_15_DET_NYG,2016,15,NYG,DET,23.0,42.00934764551704
2016_15_NO_ARI,2016,15,ARI,NO,89.0,45.30592840323632
2016_15_SF_ATL,2016,15,ATL,SF,54.0,44.94570156439645
2016_15_NE_DEN,2016,15,DEN,NE,19.0,45.178612477636
2016_15_OAK_SD,2016,15,SD,OAK,35.0,44.7619368967806
2016_15_TB_DAL,2016,15,DAL,TB,46.0,45.71324316955956
2016_15_CAR_WAS,2016,15,WAS,CAR,41.0,46.40367999347677
2016_16_NYG_PHI,2016,16,PHI,NYG,43.0,42.40691049156979
2016_16_MIA_BUF,2016,16,BUF,MIA,65.0,43.531756706840916
2016_16_ATL_CAR,2016,16,CAR,ATL,49.0,49.75883485862546
2016_16_WAS_CHI,2016,16,CHI,WAS,62.0,45.168438226611826
2016_16_SD_CLE,2016,16,CLE,SD,37.0,43.25340479156174
2016_16_MIN_GB,2016,16,GB,MIN,63.0,43.7969135557671
2016_16_TEN_JAX,2016,16,JAX,TEN,55.0,43.35870126744096
2016_16_NYJ_NE,2016,16,NE,NYJ,44.0,41.80498852960372
2016_16_IND_OAK,2016,16,OAK,IND,58.0,44.65268018893636
2016_16_SF_LA,2016,16,LA,SF,43.0,42.37758812942272
2016_16_TB_NO,2016,16,NO,TB,55.0,46.41454721919573
2016_16_ARI_SEA,2016,16,SEA,ARI,65.0,43.53604322206968
2016_16_CIN_HOU,2016,16,HOU,CIN,22.0,43.45370977251334
2016_16_BAL_PIT,2016,16,PIT,BAL,58.0,43.20208071932703
2016_16_DEN_KC,2016,16,KC,DEN,43.0,42.96314635292574
2016_16_DET_DAL,2016,16,DAL,DET,63.0,45.22632901327658
2016_17_BAL_CIN,2016,17,CIN,BAL,37.0,43.469374694007634
2016_17_JAX_IND,2016,17,IND,JAX,44.0,43.41534732874966
2016_17_NE_MIA,2016,17,MIA,NE,49.0,43.230190803887254
2016_17_CHI_MIN,2016,17,MIN,CHI,48.0,43.890159086728566
2016_17_BUF_NYJ,2016,17,NYJ,BUF,40.0,45.28569764416014
2016_17_DAL_PHI,2016,17,PHI,DAL,40.0,44.121226426779806
2016_17_CLE_PIT,2016,17,PIT,CLE,51.0,45.235871532244786
2016_17_CAR_TB,2016,17,TB,CAR,33.0,44.369423631595474
2016_17_HOU_TEN,2016,17,TEN,HOU,41.0,43.82423918650836
2016_17_NO_ATL,2016,17,ATL,NO,70.0,50.375528553354016
2016_17_OAK_DEN,2016,17,DEN,OAK,30.0,42.55237465425452
2016_17_ARI_LA,2016,17,LA,ARI,50.0,43.37811070746915
2016_17_KC_SD,2016,17,SD,KC,64.0,44.38320294246708
2016_17_SEA_SF,2016,17,SF,SEA,48.0,43.1882442677362
2016_17_NYG_WAS,2016,17,WAS,NYG,29.0,44.666690851894835
2016_17_GB_DET,2016,17,DET,GB,55.0,46.77640078399958
2017_01_KC_NE,2017,1,NE,KC,69.0,44.68736582103777
2017_01_NYJ_BUF,2017,1,BUF,NYJ,33.0,43.59618936280909
2017_01_ATL_CHI,2017,1,CHI,ATL,40.0,47.65995937097939
2017_01_BAL_CIN,2017,1,CIN,BAL,20.0,41.98364407112191
2017_01_PIT_CLE,2017,1,CLE,PIT,39.0,43.87632768642755
2017_01_ARI_DET,2017,1,DET,ARI,58.0,44.56558087577803
2017_01_JAX_HOU,2017,1,HOU,JAX,36.0,40.57196530081096
2017_01_OAK_TEN,2017,1,TEN,OAK,42.0,45.25319652432917
2017_01_PHI_WAS,2017,1,WAS,PHI,47.0,44.77978508219812
2017_01_IND_LA,2017,1,LA,IND,55.0,43.990911687835116
2017_01_SEA_GB,2017,1,GB,SEA,26.0,45.495585994823
2017_01_CAR_SF,2017,1,SF,CAR,26.0,41.2489561866817
2017_01_NYG_DAL,2017,1,DAL,NYG,22.0,44.146351301467064
2017_01_NO_MIN,2017,1,MIN,NO,48.0,44.92268528393871
2017_01_LAC_DEN,2017,1,DEN,LAC,45.0,39.74248078930662
2017_02_HOU_CIN,2017,2,CIN,HOU,22.0,42.42328204139426
2017_02_CLE_BAL,2017,2,BAL,CLE,34.0,39.95503051158532
2017_02_BUF_CAR,2017,2,CAR,BUF,12.0,42.336889345948336
2017_02_ARI_IND,2017,2,IND,ARI,29.0,42.67409134265807
2017_02_TEN_JAX,2017,2,JAX,TEN,53.0,42.891649685258926
2017_02_PHI_KC,2017,2,KC,PHI,47.0,46.134555872762235
2017_02_NE_NO,2017,2,NO,NE,56.0,46.019169055552155
2017_02_MIN_PIT,2017,2,PIT,MIN,35.0,45.79137120759885
2017_02_CHI_TB,2017,2,TB,CHI,36.0,43.94039886128308
2017_02_MIA_LAC,2017,2,LAC,MIA,36.0,43.053208155318075
2017_02_NYJ_OAK,2017,2,OAK,NYJ,65.0,43.262442659420515
2017_02_DAL_DEN,2017,2,DEN,DAL,59.0,46.688188055592924
2017_02_WAS_LA,2017,2,LA,WAS,47.0,42.20470850382455
2017_02_SF_SEA,2017,2,SEA,SF,21.0,39.217576462813
2017_02_GB_ATL,2017,2,ATL,GB,57.0,45.14561273154757
2017_02_DET_NYG,2017,2,NYG,DET,34.0,43.338614285565306
2017_03_LA_SF,2017,3,SF,LA,80.0,42.636553967513464
2017_03_DEN_BUF,2017,3,BUF,DEN,42.0,41.88786614917855
2017_03_NO_CAR,2017,3,CAR,NO,47.0,43.71764692682686
2017_03_PIT_CHI,2017,3,CHI,PIT,40.0,42.23020779442968
2017_03_ATL_DET,2017,3,DET,ATL,56.0,47.03028717284726
2017_03_CLE_IND,2017,3,IND,CLE,59.0,41.26012029216264
2017_03_TB_MIN,2017,3,MIN,TB,51.0,45.69941955822536
2017_03_HOU_NE,2017,3,NE,HOU,69.0,43.13780457353892
2017_03_MIA_NYJ,2017,3,NYJ,MIA,26.0,44.56895166992847
2017_03_NYG_PHI,2017,3,PHI,NYG,51.0,43.20968565777968
2017_03_SEA_TEN,2017,3,TEN,SEA,60.0,42.286385991792685
2017_03_CIN_GB,2017,3,GB,CIN,51.0,41.18176410387227
2017_03_KC_LAC,2017,3,LAC,KC,34.0,48.13933217042587
2017_03_OAK_WAS,2017,3,WAS,OAK,37.0,44.61152934336495
2017_03_BAL_JAX,2017,3,JAX,BAL,51.0,39.777760796576175
2017_03_DAL_ARI,2017,3,ARI,DAL,45.0,44.024313312696634
2017_04_CHI_GB,2017,4,GB,CHI,49.0,43.67141926791599
2017_04_BUF_ATL,2017,4,ATL,BUF,40.0,44.631502938158256
2017_04_PIT_BAL,2017,4,BAL,PIT,35.0,41.13181818876919
2017_04_CIN_CLE,2017,4,CLE,CIN,38.0,39.959936216034585
2017_04_LA_DAL,2017,4,DAL,LA,65.0,45.75234296931022
2017_04_TEN_HOU,2017,4,HOU,TEN,71.0,44.802425467399374
2017_04_DET_MIN,2017,4,MIN,DET,21.0,44.644141905536344
2017_04_CAR_NE,2017,4,NE,CAR,63.0,42.875166763823074
2017_04_JAX_NYJ,2017,4,NYJ,JAX,43.0,44.3522907982838
2017_04_SF_ARI,2017,4,ARI,SF,33.0,42.58521880953413
2017_04_PHI_LAC,2017,4,LAC,PHI,50.0,44.93089707441256
2017_04_NYG_TB,2017,4,TB,NYG,48.0,43.18297557525123
2017_04_OAK_DEN,2017,4,DEN,OAK,26.0,44.72086601026945
2017_04_IND_SEA,2017,4,SEA,IND,64.0,40.42997697641746
2017_04_NO_MIA,2017,4,MIA,NO,20.0,43.926781646938345
2017_04_WAS_KC,2017,4,KC,WAS,49.0,44.65463238046666
2017_05_NE_TB,2017,5,TB,NE,33.0,47.9909364047835
2017_05_BUF_CIN,2017,5,CIN,BUF,36.0,40.40573316453081
2017_05_NYJ_CLE,2017,5,CLE,NYJ,31.0,40.69459868433098
2017_05_CAR_DET,2017,5,DET,CAR,51.0,43.39703499694351
2017_05_SF_IND,2017,5,IND,SF,49.0,42.260649903022724
2017_05_TEN_MIA,2017,5,MIA,TEN,26.0,42.481145651878485
2017_05_LAC_NYG,2017,5,NYG,LAC,49.0,42.92377768151448
2017_05_ARI_PHI,2017,5,PHI,ARI,41.0,43.74568985557591
2017_05_JAX_PIT,2017,5,PIT,JAX,39.0,42.738794726470296
2017_05_SEA_LA,2017,5,LA,SEA,26.0,47.869224893765235
2017_05_BAL_OAK,2017,5,OAK,BAL,47.0,42.768612379957844
2017_05_GB_DAL,2017,5,DAL,GB,66.0,46.129979647531144
2017_05_KC_HOU,2017,5,HOU,KC,76.0,46.609781163362335
2017_05_MIN_CHI,2017,5,CHI,MIN,37.0,42.43142481605564
2017_06_PHI_CAR,2017,6,CAR,PHI,51.0,45.520226717742155
2017_06_MIA_ATL,2017,6,ATL,MIA,37.0,43.41629828495152
2017_06_CHI_BAL,2017,6,BAL,CHI,51.0,41.0809910776753
2017_06_CLE_HOU,2017,6,HOU,CLE,50.0,42.82580177625123
2017_06_GB_MIN,2017,6,MIN,GB,33.0,47.212435610047216
2017_06_DET_NO,2017,6,NO,DET,90.0,44.63067517077119
2017_06_NE_NYJ,2017,6,NYJ,NE,41.0,44.551266914067455
2017_06_SF_WAS,2017,6,WAS,SF,50.0,43.87275436961087
2017_06_TB_ARI,2017,6,ARI,TB,71.0,43.23507661065171
2017_06_LA_JAX,2017,6,JAX,LA,44.0,43.834506186766035
2017_06_PIT_KC,2017,6,KC,PIT,32.0,45.1327579931112
2017_06_LAC_OAK,2017,6,OAK,LAC,33.0,44.45397946802578
2017_06_NYG_DEN,2017,6,DEN,NYG,33.0,42.94946992226993
2017_06_IND_TEN,2017,6,TEN,IND,58.0,41.88710968596224
2017_07_KC_OAK,2017,7,OAK,KC,61.0,46.623046452041294
2017_07_TB_BUF,2017,7,BUF,TB,57.0,42.427380041265984
2017_07_CAR_CHI,2017,7,CHI,CAR,20.0,41.703125966153834
2017_07_TEN_CLE,2017,7,CLE,TEN,21.0,40.67568451134591
2017_07_NO_GB,2017,7,GB,NO,43.0,45.61204320505594
2017_07_JAX_IND,2017,7,IND,JAX,27.0,43.86914485526927
2017_07_ARI_LA,2017,7,LA,ARI,33.0,43.5121418115966
2017_07_NYJ_MIA,2017,7,MIA,NYJ,59.0,39.98374143363915
2017_07_BAL_MIN,2017,7,MIN,BAL,40.0,42.2586790248152
2017_07_DAL_SF,2017,7,SF,DAL,50.0,43.20596300110178
2017_07_DEN_LAC,2017,7,LAC,DEN,21.0,41.43481740976479
2017_07_SEA_NYG,2017,7,NYG,SEA,31.0,40.81077105077351
2017_07_CIN_PIT,2017,7,PIT,CIN,43.0,41.25433776825538
2017_07_ATL_NE,2017,7,NE,ATL,30.0,46.71972197244176
2017_07_WAS_PHI,2017,7,PHI,WAS,58.0,44.29707068267806
2017_08_MIA_BAL,2017,8,BAL,MIA,40.0,40.319796744373974
2017_08_OAK_BUF,2017,8,BUF,OAK,48.0,42.35242035279015
2017_08_IND_CIN,2017,8,CIN,IND,47.0,41.91575017676907
2017_08_LAC_NE,2017,8,NE,LAC,34.0,45.17530397863005
2017_08_CHI_NO,2017,8,NO,CHI,32.0,42.555102915606895
2017_08_ATL_NYJ,2017,8,NYJ,ATL,45.0,43.89475367627666
2017_08_SF_PHI,2017,8,PHI,SF,43.0,44.75292208218287
2017_08_CAR_TB,2017,8,TB,CAR,20.0,43.77972563474825
2017_08_HOU_SEA,2017,8,SEA,HOU,79.0,42.89218097074108
2017_08_DAL_WAS,2017,8,WAS,DAL,52.0,47.63118649330571
2017_08_PIT_DET,2017,8,DET,PIT,35.0,44.04565915493043
2017_08_MIN_CLE,2017,8,CLE,MIN,49.0,40.88728345688502
2017_08_DEN_KC,2017,8,KC,DEN,48.0,43.99178039712938
2017_09_BUF_NYJ,2017,9,NYJ,BUF,55.0,42.580474797746845
2017_09_ATL_CAR,2017,9,CAR,ATL,37.0,42.19789048073487
2017_09_IND_HOU,2017,9,HOU,IND,34.0,45.212756135412654
2017_09_CIN_JAX,2017,9,JAX,CIN,30.0,41.56467077444214
2017_09_TB_NO,2017,9,NO,TB,40.0,45.20976381406629
2017_09_LA_NYG,2017,9,NYG,LA,68.0,42.90144180464855
2017_09_DEN_PHI,2017,9,PHI,DEN,74.0,42.403333458473085
2017_09_BAL_TEN,2017,9,TEN,BAL,43.0,41.60822557399331
2017_09_WAS_SEA,2017,9,SEA,WAS,31.0,42.85075068531655
2017_09_ARI_SF,2017,9,SF,ARI,30.0,40.534008050378056
2017_09_KC_DAL,2017,9,DAL,KC,45.0,47.32001742992968
2017_09_OAK_MIA,2017,9,MIA,OAK,51.0,42.5083737554677
2017_09_DET_GB,2017,9,GB,DET,47.0,43.71090819881733
2017_10_SEA_ARI,2017,10,ARI,SEA,38.0,42.10650295231073
2017_10_NO_BUF,2017,10,BUF,NO,57.0,44.0235777968622
2017_10_GB_CHI,2017,10,CHI,GB,39.0,42.63215738389694
2017_10_CLE_DET,2017,10,DET,CLE,62.0,42.90162559443487
2017_10_PIT_IND,2017,10,IND,PIT,37.0,43.620697604093785
2017_10_LAC_JAX,2017,10,JAX,LAC,37.0,41.92425618560685
2017_10_NYJ_TB,2017,10,TB,NYJ,25.0,41.64727993268889
2017_10_CIN_TEN,2017,10,TEN,CIN,44.0,41.21135131214951
2017_10_MIN_WAS,2017,10,WAS,MIN,68.0,41.82003464015989
2017_10_HOU_LA,2017,10,LA,HOU,40.0,46.11437015828834
2017_10_DAL_ATL,2017,10,ATL,DAL,34.0,47.37400066122651
2017_10_NYG_SF,2017,10,SF,NYG,52.0,40.92179958792539
2017_10_NE_DEN,2017,10,DEN,NE,57.0,46.061070058197046
2017_10_MIA_CAR,2017,10,CAR,MIA,66.0,40.755411429294014
2017_11_TEN_PIT,2017,11,PIT,TEN,57.0,40.338050839772535
2017_11_DET_CHI,2017,11,CHI,DET,51.0,40.93734873272685
2017_11_JAX_CLE,2017,11,CLE,JAX,26.0,41.71461076996531
2017_11_BAL_GB,2017,11,GB,BAL,23.0,43.812655643115214
2017_11_ARI_HOU,2017,11,HOU,ARI,52.0,43.590521536058176
2017_11_TB_MIA,2017,11,MIA,TB,50.0,41.08125575489401
2017_11_LA_MIN,2017,11,MIN,LA,31.0,46.718836312048644
2017_11_WAS_NO,2017,11,NO,WAS,65.0,45.33761789584725
2017_11_KC_NYG,2017,11,NYG,KC,21.0,42.15862550634339
2017_11_BUF_LAC,2017,11,LAC,BUF,78.0,42.53705811285116
2017_11_CIN_DEN,2017,11,DEN,CIN,37.0,40.11258703968451
2017_11_NE_OAK,2017,11,OAK,NE,41.0,47.62888868818511
2017_11_PHI_DAL,2017,11,DAL,PHI,46.0,45.34982485988024
2017_11_ATL_SEA,2017,11,SEA,ATL,65.0,43.66745585200755
2017_12_MIN_DET,2017,12,DET,MIN,53.0,44.76298390894853
2017_12_LAC_DAL,2017,12,DAL,LAC,34.0,45.178580761222065
2017_12_NYG_WAS,2017,12,WAS,NYG,30.0,43.836744573959514
2017_12_TB_ATL,2017,12,ATL,TB,54.0,44.24708942494226
2017_12_CLE_CIN,2017,12,CIN,CLE,46.0,40.28055515777493
2017_12_TEN_IND,2017,12,IND,TEN,36.0,42.36709735684303
2017_12_BUF_KC,2017,12,KC,BUF,26.0,44.50981627075797
2017_12_MIA_NE,2017,12,NE,MIA,52.0,43.62001161068805
2017_12_CAR_NYJ,2017,12,NYJ,CAR,62.0,39.22260517999207
2017_12_CHI_PHI,2017,12,PHI,CHI,34.0,42.11324256560978
2017_12_SEA_SF,2017,12,SF,SEA,37.0,41.67691250156942
2017_12_JAX_ARI,2017,12,ARI,JAX,51.0,41.883306582072905
2017_12_NO_LA,2017,12,LA,NO,46.0,44.96670836641267
2017_12_DEN_OAK,2017,12,OAK,DEN,35.0,41.65688084010501
2017_12_GB_PIT,2017,12,PIT,GB,59.0,42.74118554703887
2017_12_HOU_BAL,2017,12,BAL,HOU,39.0,42.20775323329646
2017_13_WAS_DAL,2017,13,DAL,WAS,52.0,45.09602114196604
2017_13_MIN_ATL,2017,13,ATL,MIN,23.0,45.593153689743694
2017_13_DET_BAL,2017,13,BAL,DET,64.0,42.93398149530445
2017_13_NE_BUF,2017,13,BUF,NE,26.0,46.04910796268037
2017_13_SF_CHI,2017,13,CHI,SF,29.0,41.61223969710295
2017_13_TB_GB,2017,13,GB,TB,46.0,42.60019390410235
2017_13_IND_JAX,2017,13,JAX,IND,40.0,42.41460946654103
2017_13_DEN_MIA,2017,13,MIA,DEN,44.0,40.99983117159267
2017_13_KC_NYJ,2017,13,NYJ,KC,69.0,43.68974598134081
2017_13_HOU_TEN,2017,13,TEN,HOU,37.0,41.46158340441747
2017_13_CLE_LAC,2017,13,LAC,CLE,29.0,42.50592109884329
2017_13_LA_ARI,2017,13,ARI,LA,48.0,44.23512554506165
2017_13_CAR_NO,2017,13,NO,CAR,52.0,45.370218381133085
2017_13_NYG_OAK,2017,13,OAK,NYG,41.0,42.495800905550304
2017_13_PHI_SEA,2017,13,SEA,PHI,34.0,44.09602866199796
2017_13_PIT_CIN,2017,13,CIN,PIT,43.0,42.78423859632612
2017_14_NO_ATL,2017,14,ATL,NO,37.0,48.896194039720726
2017_14_IND_BUF,2017,14,BUF,IND,20.0,40.370429463962495
2017_14_MIN_CAR,2017,14,CAR,MIN,55.0,44.02562286498505
2017_14_CHI_CIN,2017,14,CIN,CHI,40.0,40.95173457903141
2017_14_GB_CLE,2017,14,CLE,GB,48.0,40.64436249407988
2017_14_SF_HOU,2017,14,HOU,SF,42.0,44.56332203893563
2017_14_OAK_KC,2017,14,KC,OAK,41.0,44.340467371440106
2017_14_DAL_NYG,2017,14,NYG,DAL,40.0,42.363468330141494
2017_14_DET_TB,2017,14,TB,DET,45.0,42.79399807719127
2017_14_TEN_ARI,2017,14,ARI,TEN,19.0,43.238569152836604
2017_14_NYJ_DEN,2017,14,DEN,NYJ,23.0,42.247838962435424
2017_14_WAS_LAC,2017,14,LAC,WAS,43.0,42.22016427369234
2017_14_SEA_JAX,2017,14,JAX,SEA,54.0,42.067164770428334
2017_14_PHI_LA,2017,14,LA,PHI,78.0,44.293919062525596
2017_14_BAL_PIT,2017,14,PIT,BAL,77.0,42.63275476286116
2017_14_NE_MIA,2017,14,MIA,NE,47.0,46.930798504137165
2017_15_DEN_IND,2017,15,IND,DEN,38.0,41.7536907453203
2017_15_CHI_DET,2017,15,DET,CHI,30.0,43.192687175157786
2017_15_LAC_KC,2017,15,KC,LAC,43.0,45.216993606816615
2017_15_MIA_BUF,2017,15,BUF,MIA,40.0,39.89198451074318
2017_15_GB_CAR,2017,15,CAR,GB,55.0,44.20957646629884
2017_15_BAL_CLE,2017,15,CLE,BAL,37.0,41.89001149140356
2017_15_HOU_JAX,2017,15,JAX,HOU,52.0,42.37337556338434
2017_15_CIN_MIN,2017,15,MIN,CIN,41.0,43.31269307662476
2017_15_NYJ_NO,2017,15,NO,NYJ,50.0,44.849002418191574
2017_15_PHI_NYG,2017,15,NYG,PHI,63.0,43.56026416070004
2017_15_ARI_WAS,2017,15,WAS,ARI,35.0,41.50509508818744
2017_15_LA_SEA,2017,15,SEA,LA,49.0,43.17577873480771
2017_15_NE_PIT,2017,15,PIT,NE,51.0,47.463730851682165
2017_15_TEN_SF,2017,15,SF,TEN,48.0,40.096864103596864
2017_15_DAL_OAK,2017,15,OAK,DAL,37.0,45.71318448730951
2017_15_ATL_TB,2017,15,TB,ATL,45.0,44.58957851122806
2017_16_IND_BAL,2017,16,BAL,IND,39.0,42.8220052198859
2017_16_MIN_GB,2017,16,GB,MIN,16.0,45.397706116242496
2017_16_TB_CAR,2017,16,CAR,TB,41.0,45.06510959282808
2017_16_CLE_CHI,2017,16,CHI,CLE,23.0,41.40766281308141
2017_16_DET_CIN,2017,16,CIN,DET,43.0,42.41234586009443
2017_16_MIA_KC,2017,16,KC,MIA,42.0,43.68150328386042
2017_16_BUF_NE,2017,16,NE,BUF,53.0,44.23030153407328
2017_16_ATL_NO,2017,16,NO,ATL,36.0,46.850775480266044
2017_16_LAC_NYJ,2017,16,NYJ,LAC,21.0,43.78572998104418
2017_16_LA_TEN,2017,16,TEN,LA,50.0,42.09426472817529
2017_16_DEN_WAS,2017,16,WAS,DEN,38.0,40.42736411319122
2017_16_JAX_SF,2017,16,SF,JAX,77.0,43.15001535461939
2017_16_NYG_ARI,2017,16,ARI,NYG,23.0,42.15603627468102
2017_16_SEA_DAL,2017,16,DAL,SEA,33.0,44.402444367090276
2017_16_PIT_HOU,2017,16,HOU,PIT,40.0,45.5572096582726
2017_16_OAK_PHI,2017,16,PHI,OAK,29.0,43.67864647327882
2017_17_GB_DET,2017,17,DET,GB,46.0,44.68144476854086
2017_17_HOU_IND,2017,17,IND,HOU,35.0,41.96758853198423
2017_17_CHI_MIN,2017,17,MIN,CHI,33.0,43.816329432756206
2017_17_NYJ_NE,2017,17,NE,NYJ,32.0,43.99905560625658
2017_17_WAS_NYG,2017,17,NYG,WAS,28.0,40.65703201765742
2017_17_DAL_PHI,2017,17,PHI,DAL,6.0,43.16046667511623
2017_17_CLE_PIT,2017,17,PIT,CLE,52.0,43.25250143845119
2017_17_CAR_ATL,2017,17,ATL,CAR,32.0,44.60742845197854
2017_17_CIN_BAL,2017,17,BAL,CIN,58.0,43.09454272773613
2017_17_KC_DEN,2017,17,DEN,KC,51.0,43.74023626463677
2017_17_SF_LA,2017,17,LA,SF,47.0,43.78395907086061
2017_17_OAK_LAC,2017,17,LAC,OAK,40.0,42.66265506271688
2017_17_BUF_MIA,2017,17,MIA,BUF,38.0,41.012237160489406
2017_17_ARI_SEA,2017,17,SEA,ARI,50.0,42.00470265574492
2017_17_NO_TB,2017,17,TB,NO,55.0,44.613172532190674
2017_17_JAX_TEN,2017,17,TEN,JAX,25.0,44.16361529052324
2018_01_ATL_PHI,2018,1,PHI,ATL,30.0,43.92378284263149
2018_01_BUF_BAL,2018,1,BAL,BUF,50.0,42.26285791567848
2018_01_PIT_CLE,2018,1,CLE,PIT,42.0,42.30510172875221
2018_01_CIN_IND,2018,1,IND,CIN,57.0,42.346482900261286
2018_01_TEN_MIA,2018,1,MIA,TEN,47.0,41.461504079369654
2018_01_SF_MIN,2018,1,MIN,SF,40.0,42.661637838347815
2018_01_HOU_NE,2018,1,NE,HOU,47.0,44.141396242546165
2018_01_TB_NO,2018,1,NO,TB,88.0,45.41377960935075
2018_01_JAX_NYG,2018,1,NYG,JAX,35.0,42.874953976262105
2018_01_KC_LAC,2018,1,LAC,KC,66.0,44.07538135457848
2018_01_WAS_ARI,2018,1,ARI,WAS,30.0,42.655992194011375
2018_01_DAL_CAR,2018,1,CAR,DAL,24.0,43.08652338652309
2018_01_SEA_DEN,2018,1,DEN,SEA,51.0,41.94117824154814
2018_01_CHI_GB,2018,1,GB,CHI,47.0,41.83267599058917
2018_01_NYJ_DET,2018,1,DET,NYJ,65.0,43.404126312756866
2018_01_LA_OAK,2018,1,OAK,LA,46.0,43.94088613985409
2018_02_BAL_CIN,2018,2,CIN,BAL,57.0,46.91073527883866
2018_02_CAR_ATL,2018,2,ATL,CAR,55.0,42.07002308756187
2018_02_LAC_BUF,2018,2,BUF,LAC,51.0,45.254479213882455
2018_02_MIN_GB,2018,2,GB,MIN,58.0,42.84867111236296
2018_02_CLE_NO,2018,2,NO,CLE,39.0,44.634475600742036
2018_02_MIA_NYJ,2018,2,NYJ,MIA,32.0,46.744169376247534
2018_02_KC_PIT,2018,2,PIT,KC,79.0,43.71518209839278
2018_02_PHI_TB,2018,2,TB,PHI,48.0,44.099731261479285
2018_02_HOU_TEN,2018,2,TEN,HOU,37.0,41.05909853188406
2018_02_IND_WAS,2018,2,WAS,IND,30.0,44.97234091577962
2018_02_ARI_LA,2018,2,LA,ARI,34.0,44.498441356051984
2018_02_DET_SF,2018,2,SF,DET,57.0,41.562295805618966
2018_02_OAK_DEN,2018,2,DEN,OAK,39.0,44.378762728001554
2018_02_NE_JAX,2018,2,JAX,NE,51.0,41.981558470110414
2018_02_NYG_DAL,2018,2,DAL,NYG,33.0,42.324286723811575
2018_02_SEA_CHI,2018,2,CHI,SEA,41.0,44.24767097667666
2018_03_NYJ_CLE,2018,3,CLE,NYJ,38.0,42.6567072196941
2018_03_NO_ATL,2018,3,ATL,NO,80.0,45.81846047838207
2018_03_DEN_BAL,2018,3,BAL,DEN,41.0,45.04517603056655
2018_03_CIN_CAR,2018,3,CAR,CIN,52.0,45.38374242325936
2018_03_NYG_HOU,2018,3,HOU,NYG,49.0,42.2581564808837
2018_03_TEN_JAX,2018,3,JAX,TEN,15.0,42.77175534761516
2018_03_SF_KC,2018,3,KC,SF,65.0,45.82569059470046
2018_03_OAK_MIA,2018,3,MIA,OAK,48.0,43.55727021183496
2018_03_BUF_MIN,2018,3,MIN,BUF,33.0,43.92739101337809
2018_03_IND_PHI,2018,3,PHI,IND,36.0,43.83727724194092
2018_03_GB_WAS,2018,3,WAS,GB,48.0,44.07317211744054
2018_03_LAC_LA,2018,3,LA,LAC,58.0,48.68270324376322
2018_03_CHI_ARI,2018,3,ARI,CHI,30.0,44.408020048515084
2018_03_DAL_SEA,2018,3,SEA,DAL,37.0,42.02967853028236
2018_03_NE_DET,2018,3,DET,NE,36.0,44.0189090487486
2018_03_PIT_TB,2018,3,TB,PIT,57.0,49.650678806846145
2018_04_MIN_LA,2018,4,LA,MIN,69.0,43.107032886586886
2018_04_CIN_ATL,2018,4,ATL,CIN,73.0,47.14828956597635
2018_04_TB_CHI,2018,4,CHI,TB,58.0,44.31216966220799
2018_04_DET_DAL,2018,4,DAL,DET,50.0,43.25423036203514
2018_04_BUF_GB,2018,4,GB,BUF,22.0,42.926353355976566
2018_04_HOU_IND,2018,4,IND,HOU,71.0,43.27768307200445
2018_04_NYJ_JAX,2018,4,JAX,NYJ,43.0,41.79804058129991
2018_04_MIA_NE,2018,4,NE,MIA,45.0,43.90195396360585
2018_04_PHI_TEN,2018,4,TEN,PHI,49.0,41.734223847389025
2018_04_SEA_ARI,2018,4,ARI,SEA,37.0,43.345038196699306
2018_04_CLE_OAK,2018,4,OAK,CLE,87.0,42.76021478374493
2018_04_SF_LAC,2018,4,LAC,SF,56.0,45.61656847859691
2018_04_NO_NYG,2018,4,NYG,NO,51.0,45.390540028196895
2018_04_BAL_PIT,2018,4,PIT,BAL,40.0,44.56787205581687
2018_04_KC_DEN,2018,4,DEN,KC,50.0,46.065096469033286
2018_05_IND_NE,2018,5,NE,IND,62.0,43.627414639354875
2018_05_TEN_BUF,2018,5,BUF,TEN,25.0,41.86740966854675
2018_05_NYG_CAR,2018,5,CAR,NYG,64.0,44.87983930934805
2018_05_MIA_CIN,2018,5,CIN,MIA,44.0,44.18245336998893
2018_05_BAL_CLE,2018,5,CLE,BAL,21.0,44.02491543690145
2018_05_GB_DET,2018,5,DET,GB,54.0,44.36285864693267
2018_05_JAX_KC,2018,5,KC,JAX,44.0,47.02743664830203
2018_05_DEN_NYJ,2018,5,NYJ,DEN,50.0,42.932166008580005
2018_05_ATL_PIT,2018,5,PIT,ATL,58.0,46.09521186101076
2018_05_OAK_LAC,2018,5,LAC,OAK,36.0,45.14848236959941
2018_05_MIN_PHI,2018,5,PHI,MIN,44.0,42.727873686658846
2018_05_LA_SEA,2018,5,SEA,LA,64.0,44.397743391907916
2018_05_ARI_SF,2018,5,SF,ARI,46.0,43.77532028430136
2018_05_DAL_HOU,2018,5,HOU,DAL,35.0,44.03925234014253
2018_05_WAS_NO,2018,5,NO,WAS,62.0,46.90498176405465
2018_06_PHI_NYG,2018,6,NYG,PHI,47.0,43.17359101612397
2018_06_TB_ATL,2018,6,ATL,TB,63.0,46.721196797274686
2018_06_PIT_CIN,2018,6,CIN,PIT,49.0,46.441794278436575
2018_06_LAC_CLE,2018,6,CLE,LAC,52.0,44.698125524612415
2018_06_BUF_HOU,2018,6,HOU,BUF,33.0,43.389248509119135
2018_06_CHI_MIA,2018,6,MIA,CHI,59.0,44.269358179749766
2018_06_ARI_MIN,2018,6,MIN,ARI,44.0,43.906254809835005
2018_06_IND_NYJ,2018,6,NYJ,IND,76.0,43.985570813198756
2018_06_SEA_OAK,2018,6,OAK,SEA,30.0,43.78563660542721
2018_06_CAR_WAS,2018,6,WAS,CAR,40.0,47.36958018681528
2018_06_LA_DEN,2018,6,DEN,LA,43.0,46.21826507520625
2018_06_JAX_DAL,2018,6,DAL,JAX,47.0,42.92485408685614
2018_06_BAL_TEN,2018,6,TEN,BAL,21.0,42.51966742231792
2018_06_KC_NE,2018,6,NE,KC,83.0,48.52506327419613
2018_06_SF_GB,2018,6,GB,SF,63.0,46.304665993982844
2018_07_DEN_ARI,2018,7,ARI,DEN,55.0,43.64850260847547
2018_07_NE_CHI,2018,7,CHI,NE,69.0,46.207266514790525
2018_07_BUF_IND,2018,7,IND,BUF,42.0,43.46749214525938
2018_07_HOU_JAX,2018,7,JAX,HOU,27.0,41.44339090280669
2018_07_DET_MIA,2018,7,MIA,DET,53.0,43.56954603258143
2018_07_MIN_NYJ,2018,7,NYJ,MIN,54.0,44.040009791098406
2018_07_CAR_PHI,2018,7,PHI,CAR,38.0,44.886414604915174
2018_07_CLE_TB,2018,7,TB,CLE,49.0,43.86966542767852
2018_07_NO_BAL,2018,7,BAL,NO,47.0,45.210197326536196
2018_07_LA_SF,2018,7,SF,LA,49.0,47.6956316251121
2018_07_DAL_WAS,2018,7,WAS,DAL,37.0,42.03141969940402
2018_07_CIN_KC,2018,7,KC,CIN,55.0,48.64566775172994
2018_07_TEN_LAC,2018,7,LAC,TEN,39.0,44.33175693912496
2018_07_NYG_ATL,2018,7,ATL,NYG,43.0,45.092013082802296
2018_08_MIA_HOU,2018,8,HOU,MIA,65.0,42.52722942012869
2018_08_BAL_CAR,2018,8,CAR,BAL,57.0,45.676521826940665
2018_08_NYJ_CHI,2018,8,CHI,NYJ,34.0,44.90589675344778
2018_08_TB_CIN,2018,8,CIN,TB,71.0,45.802133284129816
2018_08_SEA_DET,2018,8,DET,SEA,42.0,45.021943328087
2018_08_DEN_KC,2018,8,KC,DEN,53.0,45.871770219811104
2018_08_WAS_NYG,2018,8,NYG,WAS,33.0,42.46056456140252
2018_08_CLE_PIT,2018,8,PIT,CLE,51.0,44.70623542263515
2018_08_IND_OAK,2018,8,OAK,IND,70.0,45.07278455231347
2018_08_SF_ARI,2018,8,ARI,SF,33.0,44.437368637375386
2018_08_GB_LA,2018,8,LA,GB,56.0,47.185695011323105
2018_08_NO_MIN,2018,8,MIN,NO,50.0,46.82292337698636
2018_08_PHI_JAX,2018,8,JAX,PHI,42.0,42.37173895148415
2018_08_NE_BUF,2018,8,BUF,NE,31.0,43.457741874460226
2018_09_OAK_SF,2018,9,SF,OAK,37.0,43.67078933291466
2018_09_PIT_BAL,2018,9,BAL,PIT,39.0,45.31975600655922
2018_09_CHI_BUF,2018,9,BUF,CHI,50.0,44.278760160513414
2018_09_TB_CAR,2018,9,CAR,TB,70.0,46.4036097194754
2018_09_KC_CLE,2018,9,CLE,KC,58.0,44.62292238381338
2018_09_NYJ_MIA,2018,9,MIA,NYJ,19.0,42.35303896449477
2018_09_DET_MIN,2018,9,MIN,DET,33.0,44.50547826983589
2018_09_ATL_WAS,2018,9,WAS,ATL,52.0,45.86270517031005
2018_09_HOU_DEN,2018,9,DEN,HOU,36.0,43.71201432426145
2018_09_LAC_SEA,2018,9,SEA,LAC,42.0,47.41408955803839
2018_09_LA_NO,2018,9,NO,LA,80.0,48.36174164400146
2018_09_GB_NE,2018,9,NE,GB,48.0,46.08791301879097
2018_09_TEN_DAL,2018,9,DAL,TEN,42.0,42.598661269240544
2018_10_CAR_PIT,2018,10,PIT,CAR,73.0,48.19026544063914
2018_10_DET_CHI,2018,10,CHI,DET,56.0,44.72460672381457
2018_10_NO_CIN,2018,10,CIN,NO,65.0,46.972375404435454
2018_10_ATL_CLE,2018,10,CLE,ATL,44.0,45.16701419530106
2018_10_JAX_IND,2018,10,IND,JAX,55.0,44.912221965020926
2018_10_ARI_KC,2018,10,KC,ARI,40.0,44.72206766529406
2018_10_BUF_NYJ,2018,10,NYJ,BUF,51.0,41.55024898682078
2018_10_WAS_TB,2018,10,TB,WAS,19.0,44.708726433979194
2018_10_NE_TEN,2018,10,TEN,NE,44.0,44.606183054388154
2018_10_LAC_OAK,2018,10,OAK,LAC,26.0,44.03266842439993
2018_10_MIA_GB,2018,10,GB,MIA,43.0,44.63767986956006
2018_10_SEA_LA,2018,10,LA,SEA,67.0,47.656194375518304
2018_10_DAL_PHI,2018,10,PHI,DAL,47.0,42.76034771585809
2018_10_NYG_SF,2018,10,SF,NYG,50.0,44.18297046760009
2018_11_GB_SEA,2018,11,SEA,GB,51.0,46.19139622714183
2018_11_DAL_ATL,2018,11,ATL,DAL,41.0,44.83179791171371
2018_11_CIN_BAL,2018,11,BAL,CIN,45.0,45.06789166652012
2018_11_CAR_DET,2018,11,DET,CAR,39.0,46.238562627983036
2018_11_TEN_IND,2018,11,IND,TEN,48.0,45.12755179123284
2018_11_PIT_JAX,2018,11,JAX,PIT,36.0,44.18725761350847
2018_11_TB_NYG,2018,11,NYG,TB,73.0,43.917427476277126
2018_11_HOU_WAS,2018,11,WAS,HOU,44.0,42.83669343040525
2018_11_OAK_ARI,2018,11,ARI,OAK,44.0,43.76342055662615
2018_11_DEN_LAC,2018,11,LAC,DEN,45.0,45.48925190603031
2018_11_PHI_NO,2018,11,NO,PHI,55.0,47.512571110166824
2018_11_MIN_CHI,2018,11,CHI,MIN,45.0,43.96734462401887
2018_11_KC_LA,2018,11,LA,KC,105.0,49.34343756324088
2018_12_CHI_DET,2018,12,DET,CHI,39.0,45.07512022472018
2018_12_WAS_DAL,2018,12,DAL,WAS,54.0,43.18450450386971
2018_12_ATL_NO,2018,12,NO,ATL,48.0,49.35972672660148
2018_12_OAK_BAL,2018,12,BAL,OAK,51.0,44.423547023562605
2018_12_JAX_BUF,2018,12,BUF,JAX,45.0,41.75206008248736
2018_12_SEA_CAR,2018,12,CAR,SEA,57.0,46.66520215855915
2018_12_CLE_CIN,2018,12,CIN,CLE,55.0,44.64527820435079
2018_12_NE_NYJ,2018,12,NYJ,NE,40.0,43.30570165227895
2018_12_NYG_PHI,2018,12,PHI,NYG,47.0,43.245483149858174
2018_12_SF_TB,2018,12,TB,SF,36.0,45.083011830087926
2018_12_ARI_LAC,2018,12,LAC,ARI,55.0,44.3174554111692
2018_12_PIT_DEN,2018,12,DEN,PIT,41.0,46.9379425342226
2018_12_MIA_IND,2018,12,IND,MIA,51.0,44.52306267696984
2018_12_GB_MIN,2018,12,MIN,GB,41.0,44.60646728643411
2018_12_TEN_HOU,2018,12,HOU,TEN,51.0,44.171898898692895
2018_13_NO_DAL,2018,13,DAL,NO,23.0,47.11065826801203
2018_13_BAL_ATL,2018,13,ATL,BAL,42.0,46.59419000895338
2018_13_DEN_CIN,2018,13,CIN,DEN,34.0,45.09932972916803
2018_13_LA_DET,2018,13,DET,LA,46.0,45.96103070395574
2018_13_ARI_GB,2018,13,GB,ARI,37.0,43.8091057381299
2018_13_CLE_HOU,2018,13,HOU,CLE,42.0,44.36671712909059
2018_13_IND_JAX,2018,13,JAX,IND,6.0,45.61602527807429
2018_13_BUF_MIA,2018,13,MIA,BUF,38.0,41.561752445401545
2018_13_CHI_NYG,2018,13,NYG,CHI,57.0,45.51832286668511
2018_13_CAR_TB,2018,13,TB,CAR,41.0,46.39299540101329
2018_13_KC_OAK,2018,13,OAK,KC,73.0,45.141409321332155
2018_13_NYJ_TEN,2018,13,TEN,NYJ,48.0,41.9602091667982
2018_13_MIN_NE,2018,13,NE,MIN,34.0,45.442185900581386
2018_13_SF_SEA,2018,13,SEA,SF,59.0,44.54738957960882
2018_13_LAC_PIT,2018,13,PIT,LAC,63.0,47.68236551185393
2018_13_WAS_PHI,2018,13,PHI,WAS,41.0,43.23624137689766
2018_14_JAX_TEN,2018,14,TEN,JAX,39.0,41.83732308079534
2018_14_NYJ_BUF,2018,14,BUF,NYJ,50.0,41.423435599327725
2018_14_CAR_CLE,2018,14,CLE,CAR,46.0,45.446086984427595
2018_14_ATL_GB,2018,14,GB,ATL,54.0,46.607843878156174
2018_14_IND_HOU,2018,14,HOU,IND,45.0,46.09090462570151
2018_14_BAL_KC,2018,14,KC,BAL,51.0,47.047634101302684
2018_14_NE_MIA,2018,14,MIA,NE,67.0,44.13637892537467
2018_14_NO_TB,2018,14,TB,NO,42.0,47.34948120587754
2018_14_NYG_WAS,2018,14,WAS,NYG,56.0,43.67027897807668
2018_14_CIN_LAC,2018,14,LAC,CIN,47.0,45.79866414859614
2018_14_DEN_SF,2018,14,SF,DEN,34.0,43.79511134524633
2018_14_DET_ARI,2018,14,ARI,DET,20.0,43.15933648532435
2018_14_PHI_DAL,2018,14,DAL,PHI,52.0,44.37176396619104
2018_14_PIT_OAK,2018,14,OAK,PIT,45.0,45.50459079069391
2018_14_LA_CHI,2018,14,CHI,LA,21.0,47.21594233145328
2018_14_MIN_SEA,2018,14,SEA,MIN,28.0,45.06692535552286
2018_15_LAC_KC,2018,15,KC,LAC,57.0,49.76232201282041
2018_15_HOU_NYJ,2018,15,NYJ,HOU,51.0,42.54593751375858
2018_15_CLE_DEN,2018,15,DEN,CLE,33.0,43.4770047343088
2018_15_ARI_ATL,2018,15,ATL,ARI,54.0,43.7800892287423
2018_15_TB_BAL,2018,15,BAL,TB,32.0,45.219243382758826
2018_15_DET_BUF,2018,15,BUF,DET,27.0,41.8062512807347
2018_15_GB_CHI,2018,15,CHI,GB,41.0,44.17103450864938
2018_15_OAK_CIN,2018,15,CIN,OAK,46.0,44.440667996313195
2018_15_DAL_IND,2018,15,IND,DAL,23.0,45.199171174566466
2018_15_WAS_JAX,2018,15,JAX,WAS,29.0,41.51293919760485
2018_15_MIA_MIN,2018,15,MIN,MIA,58.0,43.000784246752616
2018_15_TEN_NYG,2018,15,NYG,TEN,17.0,44.25811114912697
2018_15_SEA_SF,2018,15,SF,SEA,49.0,43.69830687907165
2018_15_NE_PIT,2018,15,PIT,NE,27.0,47.41931965649882
2018_15_PHI_LA,2018,15,LA,PHI,53.0,46.35910724024994
2018_15_NO_CAR,2018,15,CAR,NO,21.0,46.75641928362546
2018_16_WAS_TEN,2018,16,TEN,WAS,41.0,41.84086308976286
2018_16_BAL_LAC,2018,16,LAC,BAL,32.0,46.84649524069325
2018_16_ATL_CAR,2018,16,CAR,ATL,34.0,45.9475293501692
2018_16_CIN_CLE,2018,16,CLE,CIN,44.0,43.447953361645546
2018_16_TB_DAL,2018,16,DAL,TB,47.0,43.76736540833099
2018_16_MIN_DET,2018,16,DET,MIN,36.0,42.72868498798225
2018_16_NYG_IND,2018,16,IND,NYG,55.0,44.83844218451798
2018_16_JAX_MIA,2018,16,MIA,JAX,24.0,42.30005349967181
2018_16_BUF_NE,2018,16,NE,BUF,36.0,43.99193780333514
2018_16_GB_NYJ,2018,16,NYJ,GB,82.0,43.83995073625966
2018_16_HOU_PHI,2018,16,PHI,HOU,62.0,44.707247790971934
2018_16_LA_ARI,2018,16,ARI,LA,40.0,44.50668479456866
2018_16_CHI_SF,2018,16,SF,CHI,23.0,43.439312446539724
2018_16_PIT_NO,2018,16,NO,PIT,59.0,48.21359884853822
2018_16_KC_SEA,2018,16,SEA,KC,69.0,46.87618832286767
2018_16_DEN_OAK,2018,16,OAK,DEN,41.0,42.74217848975983
2018_17_MIA_BUF,2018,17,BUF,MIA,59.0,41.545234710319605
2018_17_DET_GB,2018,17,GB,DET,31.0,44.84567738003606
2018_17_JAX_HOU,2018,17,HOU,JAX,23.0,43.99244367419723
2018_17_NYJ_NE,2018,17,NE,NYJ,41.0,44.487706101903235
2018_17_CAR_NO,2018,17,NO,CAR,47.0,46.006278615982815
2018_17_DAL_NYG,2018,17,NYG,DAL,71.0,43.41227241871622
2018_17_ATL_TB,2018,17,TB,ATL,66.0,45.38305589585269
2018_17_CLE_BAL,2018,17,BAL,CLE,50.0,43.24107322373918
2018_17_LAC_DEN,2018,17,DEN,LAC,32.0,45.95380951893049
2018_17_OAK_KC,2018,17,KC,OAK,38.0,46.01847899898408
2018_17_SF_LA,2018,17,LA,SF,80.0,44.48465767132374
2018_17_CHI_MIN,2018,17,MIN,CHI,34.0,43.26827773819029
2018_17_CIN_PIT,2018,17,PIT,CIN,29.0,45.7340185964945
2018_17_ARI_SEA,2018,17,SEA,ARI,51.0,44.03578308976899
2018_17_PHI_WAS,2018,17,WAS,PHI,24.0,43.12632592673255
2018_17_IND_TEN,2018,17,TEN,IND,50.0,44.31413386445638
2019_01_GB_CHI,2019,1,CHI,GB,13.0,45.05349145151917
2019_01_LA_CAR,2019,1,CAR,LA,57.0,51.321016460788115
2019_01_TEN_CLE,2019,1,CLE,TEN,56.0,43.332332676561585
2019_01_KC_JAX,2019,1,JAX,KC,66.0,44.7330333011626
2019_01_BAL_MIA,2019,1,MIA,BAL,69.0,42.62339484239097
2019_01_ATL_MIN,2019,1,MIN,ATL,40.0,46.66130639256735
2019_01_BUF_NYJ,2019,1,NYJ,BUF,33.0,40.73329241235935
2019_01_WAS_PHI,2019,1,PHI,WAS,59.0,45.09746882768112
2019_01_IND_LAC,2019,1,LAC,IND,54.0,48.37135374693363
2019_01_CIN_SEA,2019,1,SEA,CIN,41.0,46.46183869478301
2019_01_DET_ARI,2019,1,ARI,DET,54.0,42.63571079170616
2019_01_NYG_DAL,2019,1,DAL,NYG,52.0,45.39413266866783
2019_01_SF_TB,2019,1,TB,SF,48.0,45.47747082242778
2019_01_PIT_NE,2019,1,NE,PIT,36.0,47.91679498985117
2019_01_HOU_NO,2019,1,NO,HOU,58.0,47.08750453938488
2019_01_DEN_OAK,2019,1,OAK,DEN,40.0,41.6000282465078
2019_02_TB_CAR,2019,2,CAR,TB,34.0,43.894492535043334
2019_02_ARI_BAL,2019,2,BAL,ARI,40.0,45.79513007503408
2019_02_SF_CIN,2019,2,CIN,SF,58.0,42.59721319629465
2019_02_LAC_DET,2019,2,DET,LAC,23.0,48.935368015467716
2019_02_MIN_GB,2019,2,GB,MIN,37.0,43.20323911502788
2019_02_JAX_HOU,2019,2,HOU,JAX,25.0,50.83518825235218
2019_02_NE_MIA,2019,2,MIA,NE,43.0,44.97174339388993
2019_02_BUF_NYG,2019,2,NYG,BUF,42.0,43.6033504701419
2019_02_SEA_PIT,2019,2,PIT,SEA,54.0,42.173017585717695
2019_02_IND_TEN,2019,2,TEN,IND,36.0,49.869397815493606
2019_02_DAL_WAS,2019,2,WAS,DAL,52.0,50.803646683902194
2019_02_KC_OAK,2019,2,OAK,KC,38.0,48.43581492565844
2019_02_CHI_DEN,2019,2,DEN,CHI,30.0,42.154567859280554
2019_02_NO_LA,2019,2,LA,NO,36.0,48.92621957411154
2019_02_PHI_ATL,2019,2,ATL,PHI,44.0,47.00540024048419
2019_02_CLE_NYJ,2019,2,NYJ,CLE,26.0,41.76527679813917
2019_03_TEN_JAX,2019,3,JAX,TEN,27.0,44.84752604238923
2019_03_CIN_BUF,2019,3,BUF,CIN,38.0,45.02259368906053
2019_03_MIA_DAL,2019,3,DAL,MIA,37.0,46.063931921851236
2019_03_DEN_GB,2019,3,GB,DEN,43.0,41.22169622332443
2019_03_ATL_IND,2019,3,IND,ATL,51.0,44.27353166294298
2019_03_BAL_KC,2019,3,KC,BAL,61.0,53.195092666063665
2019_03_OAK_MIN,2019,3,MIN,OAK,48.0,43.535845895080755
2019_03_NYJ_NE,2019,3,NE,NYJ,44.0,41.95649086931418
2019_03_DET_PHI,2019,3,PHI,DET,51.0,45.441422562437545
2019_03_CAR_ARI,2019,3,ARI,CAR,58.0,43.04787658593777
2019_03_NYG_TB,2019,3,TB,NYG,63.0,40.995818497879256
2019_03_HOU_LAC,2019,3,LAC,HOU,47.0,46.402573562189495
2019_03_NO_SEA,2019,3,SEA,NO,60.0,46.17192843406993
2019_03_PIT_SF,2019,3,SF,PIT,44.0,43.60950328685577
2019_03_LA_CLE,2019,3,CLE,LA,33.0,45.21733030864671
2019_03_CHI_WAS,2019,3,WAS,CHI,46.0,44.097810314659675
2019_04_PHI_GB,2019,4,GB,PHI,61.0,42.46648691690216
2019_04_TEN_ATL,2019,4,ATL,TEN,34.0,43.988525511579105
2019_04_CLE_BAL,2019,4,BAL,CLE,65.0,44.66453019551283
2019_04_NE_BUF,2019,4,BUF,NE,26.0,44.528554910737334
2019_04_KC_DET,2019,4,DET,KC,64.0,47.082929567104124
2019_04_CAR_HOU,2019,4,HOU,CAR,26.0,45.8884085532759
2019_04_OAK_IND,2019,4,IND,OAK,55.0,47.23545518885485
2019_04_LAC_MIA,2019,4,MIA,LAC,40.0,44.10985722627499
2019_04_WAS_NYG,2019,4,NYG,WAS,27.0,45.40337589151273
2019_04_SEA_ARI,2019,4,ARI,SEA,37.0,43.60093628056636
2019_04_TB_LA,2019,4,LA,TB,95.0,42.80719687511368
2019_04_MIN_CHI,2019,4,CHI,MIN,22.0,43.31013606512882
2019_04_JAX_DEN,2019,4,DEN,JAX,50.0,44.54574880559611
2019_04_DAL_NO,2019,4,NO,DAL,22.0,51.62334284211945
2019_04_CIN_PIT,2019,4,PIT,CIN,30.0,44.02684517443255
2019_05_LA_SEA,2019,5,SEA,LA,59.0,46.30708526713799
2019_05_JAX_CAR,2019,5,CAR,JAX,61.0,44.05675452170098
2019_05_ARI_CIN,2019,5,CIN,ARI,49.0,42.55953162480657
2019_05_ATL_HOU,2019,5,HOU,ATL,85.0,44.6890018817036
2019_05_TB_NO,2019,5,NO,TB,55.0,46.91756734283087
2019_05_MIN_NYG,2019,5,NYG,MIN,38.0,44.8997220275008
2019_05_CHI_OAK,2019,5,OAK,CHI,45.0,41.19408549766745
2019_05_NYJ_PHI,2019,5,PHI,NYJ,37.0,42.940177473856316
2019_05_BAL_PIT,2019,5,PIT,BAL,49.0,47.83706116263749
2019_05_BUF_TEN,2019,5,TEN,BUF,21.0,42.78622024723975
2019_05_NE_WAS,2019,5,WAS,NE,40.0,42.293699648297995
2019_05_DEN_LAC,2019,5,LAC,DEN,33.0,45.051260043058065
2019_05_GB_DAL,2019,5,DAL,GB,58.0,44.86209893800841
2019_05_IND_KC,2019,5,KC,IND,32.0,51.92263284997196
2019_05_CLE_SF,2019,5,SF,CLE,34.0,43.14158226960389
2019_06_NYG_NE,2019,6,NE,NYG,49.0,42.860007230613554
2019_06_CAR_TB,2019,6,TB,CAR,63.0,44.66985179858865
2019_06_CIN_BAL,2019,6,BAL,CIN,40.0,46.70196077288511
2019_06_SEA_CLE,2019,6,CLE,SEA,60.0,44.48029945424666
2019_06_NO_JAX,2019,6,JAX,NO,19.0,46.80277770371259
2019_06_HOU_KC,2019,6,KC,HOU,55.0,47.78566576287712
2019_06_WAS_MIA,2019,6,MIA,WAS,33.0,41.843288678609426
2019_06_PHI_MIN,2019,6,MIN,PHI,58.0,43.423963573171804
2019_06_ATL_ARI,2019,6,ARI,ATL,67.0,46.05319472736216
2019_06_SF_LA,2019,6,LA,SF,27.0,48.30275161347272
2019_06_TEN_DEN,2019,6,DEN,TEN,16.0,41.87653056276115
2019_06_DAL_NYJ,2019,6,NYJ,DAL,46.0,43.11235766619632
2019_06_PIT_LAC,2019,6,LAC,PIT,41.0,42.42557055371926
2019_06_DET_GB,2019,6,GB,DET,45.0,45.25394107480635
2019_07_KC_DEN,2019,7,DEN,KC,36.0,47.0695281903566
2019_07_LA_ATL,2019,7,ATL,LA,47.0,46.73797182031801
2019_07_MIA_BUF,2019,7,BUF,MIA,52.0,40.536682113301225
2019_07_JAX_CIN,2019,7,CIN,JAX,44.0,42.65227109281582
2019_07_MIN_DET,2019,7,DET,MIN,72.0,46.38262292167924
2019_07_OAK_GB,2019,7,GB,OAK,66.0,45.2115392586612
2019_07_HOU_IND,2019,7,IND,HOU,53.0,49.27294520297642
2019_07_ARI_NYG,2019,7,NYG,ARI,48.0,45.68782217976215
2019_07_SF_WAS,2019,7,WAS,SF,9.0,42.038188626466464
2019_07_LAC_TEN,2019,7,TEN,LAC,43.0,42.61210637317314
2019_07_NO_CHI,2019,7,CHI,NO,61.0,42.091385442802775
2019_07_BAL_SEA,2019,7,SEA,BAL,46.0,48.44333912652265
2019_07_PHI_DAL,2019,7,DAL,PHI,47.0,47.28341280793349
2019_07_NE_NYJ,2019,7,NYJ,NE,33.0,41.78618377682478
2019_08_WAS_MIN,2019,8,MIN,WAS,28.0,43.33357545638116
2019_08_SEA_ATL,2019,8,ATL,SEA,47.0,47.639081407068076
2019_08_PHI_BUF,2019,8,BUF,PHI,44.0,37.58855911810651
2019_08_LAC_CHI,2019,8,CHI,LAC,33.0,41.626145972559485
2019_08_NYG_DET,2019,8,DET,NYG,57.0,44.99049188826486
2019_08_DEN_IND,2019,8,IND,DEN,28.0,45.30108330340069
2019_08_NYJ_JAX,2019,8,JAX,NYJ,44.0,40.8548962206295
2019_08_CIN_LA,2019,8,LA,CIN,34.0,45.07192158269421
2019_08_ARI_NO,2019,8,NO,ARI,40.0,47.11587311279098
2019_08_TB_TEN,2019,8,TEN,TB,50.0,43.2229439409122
2019_08_CAR_SF,2019,8,SF,CAR,64.0,42.31398426515703
2019_08_OAK_HOU,2019,8,HOU,OAK,51.0,47.28993994435032
2019_08_CLE_NE,2019,8,NE,CLE,40.0,42.61886950821073
2019_08_GB_KC,2019,8,KC,GB,55.0,48.47422453352025
2019_08_MIA_PIT,2019,8,PIT,MIA,41.0,42.014395494074265
2019_09_SF_ARI,2019,9,ARI,SF,53.0,46.18618480288991
2019_09_HOU_JAX,2019,9,JAX,HOU,29.0,46.44848938632466
2019_09_WAS_BUF,2019,9,BUF,WAS,33.0,38.853903675845075
2019_09_TEN_CAR,2019,9,CAR,TEN,50.0,42.379039322449984
2019_09_MIN_KC,2019,9,KC,MIN,49.0,48.30298970581085
2019_09_NYJ_MIA,2019,9,MIA,NYJ,44.0,40.85316852035581
2019_09_CHI_PHI,2019,9,PHI,CHI,36.0,41.425038103914936
2019_09_IND_PIT,2019,9,PIT,IND,50.0,42.673697863648684
2019_09_DET_OAK,2019,9,OAK,DET,55.0,46.77971615860751
2019_09_TB_SEA,2019,9,SEA,TB,74.0,47.43435637583066
2019_09_CLE_DEN,2019,9,DEN,CLE,43.0,41.776693818792
2019_09_GB_LAC,2019,9,LAC,GB,37.0,46.60741003345729
2019_09_NE_BAL,2019,9,BAL,NE,57.0,48.097515794207595
2019_09_DAL_NYG,2019,9,NYG,DAL,55.0,42.52854471298511
2019_10_LAC_OAK,2019,10,OAK,LAC,50.0,46.20644241762618
2019_10_DET_CHI,2019,10,CHI,DET,33.0,43.43109291481287
2019_10_BAL_CIN,2019,10,CIN,BAL,62.0,44.06680421776948
2019_10_BUF_CLE,2019,10,CLE,BUF,35.0,40.99280149042648
2019_10_ATL_NO,2019,10,NO,ATL,35.0,45.79285529870097
2019_10_NYG_NYJ,2019,10,NYJ,NYG,61.0,42.317730211919326
2019_10_ARI_TB,2019,10,TB,ARI,57.0,46.59144116103748
2019_10_KC_TEN,2019,10,TEN,KC,67.0,43.24786971145235
2019_10_MIA_IND,2019,10,IND,MIA,28.0,44.83674656475559
2019_10_CAR_GB,2019,10,GB,CAR,40.0,46.657325910109
2019_10_LA_PIT,2019,10,PIT,LA,29.0,43.26918094175404
2019_10_MIN_DAL,2019,10,DAL,MIN,52.0,49.513939906138056
2019_10_SEA_SF,2019,10,SF,SEA,51.0,46.88044775319034
2019_11_PIT_CLE,2019,11,CLE,PIT,28.0,41.13088127200414
2019_11_HOU_BAL,2019,11,BAL,HOU,48.0,50.45058748092867
2019_11_ATL_CAR,2019,11,CAR,ATL,32.0,44.899106271596935
2019_11_DAL_DET,2019,11,DET,DAL,62.0,48.89067450734883
2019_11_JAX_IND,2019,11,IND,JAX,46.0,43.24440027357289
2019_11_BUF_MIA,2019,11,MIA,BUF,57.0,40.76626857343755
2019_11_DEN_MIN,2019,11,MIN,DEN,50.0,43.69610008660882
2019_11_NO_TB,2019,11,TB,NO,51.0,47.21487053438374
2019_11_NYJ_WAS,2019,11,WAS,NYJ,51.0,39.892638088811545
2019_11_ARI_SF,2019,11,SF,ARI,62.0,44.39994028604613
2019_11_CIN_OAK,2019,11,OAK,CIN,27.0,44.40665077001857
2019_11_NE_PHI,2019,11,PHI,NE,27.0,44.42332311481684
2019_11_CHI_LA,2019,11,LA,CHI,24.0,41.35275696975744
2019_11_KC_LAC,2019,11,LAC,KC,41.0,47.67051933728451
2019_12_IND_HOU,2019,12,HOU,IND,37.0,47.29412630986747
2019_12_TB_ATL,2019,12,ATL,TB,57.0,45.044265053452904
2019_12_DEN_BUF,2019,12,BUF,DEN,23.0,40.1086899959383
2019_12_NYG_CHI,2019,12,CHI,NYG,33.0,41.42500281358859
2019_12_PIT_CIN,2019,12,CIN,PIT,26.0,40.701790236458876
2019_12_MIA_CLE,2019,12,CLE,MIA,65.0,39.770209676586774
2019_12_CAR_NO,2019,12,NO,CAR,65.0,44.395379494684214
2019_12_OAK_NYJ,2019,12,NYJ,OAK,37.0,42.16576369381969
2019_12_SEA_PHI,2019,12,PHI,SEA,26.0,45.02446256185223
2019_12_DET_WAS,2019,12,WAS,DET,35.0,42.41856652617468
2019_12_JAX_TEN,2019,12,TEN,JAX,62.0,41.861457566854014
2019_12_DAL_NE,2019,12,NE,DAL,22.0,46.298452989655374
2019_12_GB_SF,2019,12,SF,GB,45.0,46.522369506749264
2019_12_BAL_LA,2019,12,LA,BAL,51.0,45.19167995142079
2019_13_CHI_DET,2019,13,DET,CHI,44.0,42.633960017062435
2019_13_BUF_DAL,2019,13,DAL,BUF,41.0,46.57915807450615
2019_13_NO_ATL,2019,13,ATL,NO,44.0,46.976433125767905
2019_13_SF_BAL,2019,13,BAL,SF,37.0,46.909305856087755
2019_13_WAS_CAR,2019,13,CAR,WAS,50.0,42.103667878302616
2019_13_NYJ_CIN,2019,13,CIN,NYJ,28.0,40.342590964933315
2019_13_TEN_IND,2019,13,IND,TEN,48.0,45.37713525600208
2019_13_TB_JAX,2019,13,JAX,TB,39.0,42.94058869353792
2019_13_PHI_MIA,2019,13,MIA,PHI,68.0,40.18360962262567
2019_13_GB_NYG,2019,13,NYG,GB,44.0,44.05836989056445
2019_13_CLE_PIT,2019,13,PIT,CLE,33.0,41.70868368723643
2019_13_LA_ARI,2019,13,ARI,LA,41.0,44.16890918603392
2019_13_LAC_DEN,2019,13,DEN,LAC,43.0,41.38929512760994
2019_13_OAK_KC,2019,13,KC,OAK,49.0,44.052294682517406
2019_13_NE_HOU,2019,13,HOU,NE,50.0,45.44920044980661
2019_13_MIN_SEA,2019,13,SEA,MIN,67.0,47.58336607025931
2019_14_DAL_CHI,2019,14,CHI,DAL,55.0,44.169937477489405
2019_14_CAR_ATL,2019,14,ATL,CAR,60.0,45.1435276293816
2019_14_BAL_BUF,2019,14,BUF,BAL,41.0,47.380726184135405
2019_14_CIN_CLE,2019,14,CLE,CIN,46.0,40.35742413736657
2019_14_WAS_GB,2019,14,GB,WAS,35.0,43.481895552753
2019_14_DEN_HOU,2019,14,HOU,DEN,62.0,44.75912691074064
2019_14_DET_MIN,2019,14,MIN,DET,27.0,45.69589480860017
2019_14_SF_NO,2019,14,NO,SF,94.0,46.110853111046914
2019_14_MIA_NYJ,2019,14,NYJ,MIA,43.0,41.21084031445458
2019_14_IND_TB,2019,14,TB,IND,73.0,44.28319900013546
2019_14_LAC_JAX,2019,14,JAX,LAC,55.0,41.687515071636476
2019_14_PIT_ARI,2019,14,ARI,PIT,40.0,41.20569598677479
2019_14_KC_NE,2019,14,NE,KC,39.0,45.863576849358864
2019_14_TEN_OAK,2019,14,OAK,TEN,63.0,45.6582046658716
2019_14_SEA_LA,2019,14,LA,SEA,40.0,44.42970408297268
2019_14_NYG_PHI,2019,14,PHI,NYG,40.0,42.85503035504699
2019_15_NYJ_BAL,2019,15,BAL,NYJ,63.0,42.1418769238286
2019_15_SEA_CAR,2019,15,CAR,SEA,54.0,44.20681314103724
2019_15_NE_CIN,2019,15,CIN,NE,47.0,40.66466101913014
2019_15_TB_DET,2019,15,DET,TB,55.0,45.41329256950107
2019_15_CHI_GB,2019,15,GB,CHI,34.0,43.18049690274976
2019_15_DEN_KC,2019,15,KC,DEN,26.0,45.401586733512126
2019_15_MIA_NYG,2019,15,NYG,MIA,56.0,40.67028737139511
2019_15_HOU_TEN,2019,15,TEN,HOU,45.0,47.12027462212346
2019_15_PHI_WAS,2019,15,WAS,PHI,64.0,40.8297660101561
2019_15_CLE_ARI,2019,15,ARI,CLE,62.0,43.24798687886552
2019_15_MIN_LAC,2019,15,LAC,MIN,49.0,46.28691757534056
2019_15_JAX_OAK,2019,15,OAK,JAX,36.0,43.317190513161435
2019_15_LA_DAL,2019,15,DAL,LA,65.0,46.8443354087576
2019_15_ATL_SF,2019,15,SF,ATL,51.0,47.05395603014722
2019_15_BUF_PIT,2019,15,PIT,BUF,27.0,41.34780738382105
2019_15_IND_NO,2019,15,NO,IND,41.0,47.26198952666116
2019_16_HOU_TB,2019,16,TB,HOU,43.0,44.91385117628484
2019_16_BUF_NE,2019,16,NE,BUF,41.0,41.90676092196623
2019_16_LA_SF,2019,16,SF,LA,65.0,44.777154004925805
2019_16_JAX_ATL,2019,16,ATL,JAX,36.0,45.7382937935792
2019_16_BAL_CLE,2019,16,CLE,BAL,46.0,48.359032190686236
2019_16_CAR_IND,2019,16,IND,CAR,44.0,47.06275048060174
2019_16_CIN_MIA,2019,16,MIA,CIN,73.0,41.131418011444595
2019_16_PIT_NYJ,2019,16,NYJ,PIT,26.0,40.136988429830446
2019_16_NO_TEN,2019,16,TEN,NO,66.0,48.36089712738503
2019_16_NYG_WAS,2019,16,WAS,NYG,76.0,41.148338038624196
2019_16_DET_DEN,2019,16,DEN,DET,44.0,42.78456663556705
2019_16_OAK_LAC,2019,16,LAC,OAK,41.0,45.29321586869982
2019_16_DAL_PHI,2019,16,PHI,DAL,26.0,47.311358681678314
2019_16_ARI_SEA,2019,16,SEA,ARI,40.0,46.000958889770345
2019_16_KC_CHI,2019,16,CHI,KC,29.0,43.725316869810364
2019_16_GB_MIN,2019,16,MIN,GB,33.0,44.09071629543184
2019_17_NYJ_BUF,2019,17,BUF,NYJ,19.0,39.93944139689775
2019_17_NO_CAR,2019,17,CAR,NO,52.0,45.21794178848158
2019_17_CLE_CIN,2019,17,CIN,CLE,56.0,41.589052879946294
2019_17_GB_DET,2019,17,DET,GB,43.0,44.060797133884996
2019_17_LAC_KC,2019,17,KC,LAC,52.0,42.2411321903235
2019_17_CHI_MIN,2019,17,MIN,CHI,40.0,41.88092561093537
2019_17_MIA_NE,2019,17,NE,MIA,51.0,44.309407951117535
2019_17_ATL_TB,2019,17,TB,ATL,50.0,43.82018885202102
2019_17_PIT_BAL,2019,17,BAL,PIT,38.0,42.92607166234592
2019_17_WAS_DAL,2019,17,DAL,WAS,63.0,46.73204600050485
2019_17_OAK_DEN,2019,17,DEN,OAK,31.0,42.47298744420463
2019_17_TEN_HOU,2019,17,HOU,TEN,49.0,47.4050974444612
2019_17_IND_JAX,2019,17,JAX,IND,58.0,44.38121756177693
2019_17_ARI_LA,2019,17,LA,ARI,55.0,44.70131362678841
2019_17_PHI_NYG,2019,17,NYG,PHI,51.0,43.60920277771128
2019_17_SF_SEA,2019,17,SEA,SF,47.0,48.06793181892641
2020_01_HOU_KC,2020,1,KC,HOU,54.0,47.15206873229283
2020_01_SEA_ATL,2020,1,ATL,SEA,63.0,46.34921751359124
2020_01_CLE_BAL,2020,1,BAL,CLE,44.0,43.70224019617956
2020_01_NYJ_BUF,2020,1,BUF,NYJ,44.0,39.46324602333478
2020_01_LV_CAR,2020,1,CAR,LV,64.0,41.13164843736256
2020_01_CHI_DET,2020,1,DET,CHI,50.0,41.242936245810256
2020_01_IND_JAX,2020,1,JAX,IND,47.0,43.66065547367771
2020_01_GB_MIN,2020,1,MIN,GB,77.0,45.25355921891206
2020_01_MIA_NE,2020,1,NE,MIA,32.0,42.604619756106416
2020_01_PHI_WAS,2020,1,WAS,PHI,44.0,42.963204634364494
2020_01_LAC_CIN,2020,1,CIN,LAC,29.0,44.350707292863795
2020_01_TB_NO,2020,1,NO,TB,57.0,46.2993913712433
2020_01_ARI_SF,2020,1,SF,ARI,44.0,43.91682975861045
2020_01_DAL_LA,2020,1,LA,DAL,37.0,48.708218134251005
2020_01_PIT_NYG,2020,1,NYG,PIT,42.0,40.68075432172873
2020_01_TEN_DEN,2020,1,DEN,TEN,30.0,42.49400403579403
2020_02_CIN_CLE,2020,2,CLE,CIN,65.0,39.68001214345008
2020_02_NYG_CHI,2020,2,CHI,NYG,30.0,46.39778993187821
2020_02_ATL_DAL,2020,2,DAL,ATL,79.0,45.85498592106167
2020_02_DET_GB,2020,2,GB,DET,63.0,47.14114003367061
2020_02_MIN_IND,2020,2,IND,MIN,39.0,49.60989062293507
2020_02_BUF_MIA,2020,2,MIA,BUF,59.0,44.16915078114152
2020_02_SF_NYJ,2020,2,NYJ,SF,44.0,42.90094754012162
2020_02_LA_PHI,2020,2,PHI,LA,56.0,41.24056938232507
2020_02_DEN_PIT,2020,2,PIT,DEN,47.0,43.287907149048095
2020_02_CAR_TB,2020,2,TB,CAR,48.0,43.75271524611061
2020_02_JAX_TEN,2020,2,TEN,JAX,63.0,47.561209548697875
2020_02_WAS_ARI,2020,2,ARI,WAS,45.0,45.16782549900542
2020_02_BAL_HOU,2020,2,HOU,BAL,49.0,49.773291320315906
2020_02_KC_LAC,2020,2,LAC,KC,43.0,45.03150779507246
2020_02_NE_SEA,2020,2,SEA,NE,65.0,51.88663115688228
2020_02_NO_LV,2020,2,LV,NO,58.0,45.33144312271772
2020_03_MIA_JAX,2020,3,JAX,MIA,44.0,47.01295823367154
2020_03_CHI_ATL,2020,3,ATL,CHI,56.0,46.80099526270137
2020_03_LA_BUF,2020,3,BUF,LA,67.0,50.63767918301442
2020_03_WAS_CLE,2020,3,CLE,WAS,54.0,40.37797015739562
2020_03_TEN_MIN,2020,3,MIN,TEN,61.0,49.23594614175911
2020_03_LV_NE,2020,3,NE,LV,56.0,49.93230981300887
2020_03_SF_NYG,2020,3,NYG,SF,45.0,44.721614820373844
2020_03_CIN_PHI,2020,3,PHI,CIN,46.0,43.64908425399807
2020_03_HOU_PIT,2020,3,PIT,HOU,49.0,43.78230385285031
2020_03_NYJ_IND,2020,3,IND,NYJ,43.0,43.80345472047849
2020_03_CAR_LAC,2020,3,LAC,CAR,37.0,44.89379561364017
2020_03_DET_ARI,2020,3,ARI,DET,49.0,47.203839640404944
2020_03_TB_DEN,2020,3,DEN,TB,38.0,41.769787995131814
2020_03_DAL_SEA,2020,3,SEA,DAL,69.0,50.1107022211071
2020_03_GB_NO,2020,3,NO,GB,67.0,49.28755357174255
2020_03_KC_BAL,2020,3,BAL,KC,54.0,49.95029196889429
2020_04_DEN_NYJ,2020,4,NYJ,DEN,65.0,42.23720907823495
2020_04_ARI_CAR,2020,4,CAR,ARI,52.0,45.28274515725681
2020_04_JAX_CIN,2020,4,CIN,JAX,58.0,46.5249808090159
2020_04_CLE_DAL,2020,4,DAL,CLE,87.0,47.029381736256745
2020_04_NO_DET,2020,4,DET,NO,64.0,47.7828006197551
2020_04_MIN_HOU,2020,4,HOU,MIN,54.0,47.51742375320841
2020_04_SEA_MIA,2020,4,MIA,SEA,54.0,48.347641766065756
2020_04_LAC_TB,2020,4,TB,LAC,69.0,42.77050343798854
2020_04_BAL_WAS,2020,4,WAS,BAL,48.0,45.174480213594016
2020_04_NYG_LA,2020,4,LA,NYG,26.0,45.613598427505906
2020_04_IND_CHI,2020,4,CHI,IND,30.0,46.204521795986004
2020_04_BUF_LV,2020,4,LV,BUF,53.0,49.77638883757329
2020_04_PHI_SF,2020,4,SF,PHI,45.0,43.978664346398816
2020_04_NE_KC,2020,4,KC,NE,36.0,50.98941343066748
2020_04_ATL_GB,2020,4,GB,ATL,46.0,50.1849958596706
2020_05_TB_CHI,2020,5,CHI,TB,39.0,45.19744935194174
2020_05_CAR_ATL,2020,5,ATL,CAR,39.0,47.80701375930639
2020_05_CIN_BAL,2020,5,BAL,CIN,30.0,45.85021478155655
2020_05_JAX_HOU,2020,5,HOU,JAX,44.0,47.662777575037154
2020_05_LV_KC,2020,5,KC,LV,72.0,49.48483095268002
2020_05_ARI_NYJ,2020,5,NYJ,ARI,40.0,43.239334941065394
2020_05_PHI_PIT,2020,5,PIT,PHI,67.0,44.01745451384278
2020_05_LA_WAS,2020,5,WAS,LA,40.0,48.06561081681063
2020_05_MIA_SF,2020,5,SF,MIA,60.0,47.74860597485605
2020_05_IND_CLE,2020,5,CLE,IND,55.0,46.376943391085774
2020_05_NYG_DAL,2020,5,DAL,NYG,71.0,44.58089966703988
2020_05_MIN_SEA,2020,5,SEA,MIN,53.0,52.7701102769495
2020_05_LAC_NO,2020,5,NO,LAC,57.0,45.970130606610994
2020_05_BUF_TEN,2020,5,TEN,BUF,58.0,50.402435596599766
2020_06_CHI_CAR,2020,6,CAR,CHI,39.0,45.33430468033736
2020_06_CIN_IND,2020,6,IND,CIN,58.0,42.87318299482129
2020_06_DET_JAX,2020,6,JAX,DET,50.0,45.64020532719173
2020_06_ATL_MIN,2020,6,MIN,ATL,63.0,47.44480278336784
2020_06_DEN_NE,2020,6,NE,DEN,30.0,44.9255097352374
2020_06_WAS_NYG,2020,6,NYG,WAS,39.0,42.10986230631836
2020_06_BAL_PHI,2020,6,PHI,BAL,58.0,44.537502106058696
2020_06_CLE_PIT,2020,6,PIT,CLE,45.0,47.77199215226357
2020_06_HOU_TEN,2020,6,TEN,HOU,78.0,47.93665638957484
2020_06_NYJ_MIA,2020,6,MIA,NYJ,24.0,44.121963832105635
2020_06_GB_TB,2020,6,TB,GB,48.0,47.69770157253408
2020_06_LA_SF,2020,6,SF,LA,40.0,47.60835441664447
2020_06_KC_BUF,2020,6,BUF,KC,43.0,50.71558854521551
2020_06_ARI_DAL,2020,6,DAL,ARI,48.0,48.876314257683475
2020_07_NYG_PHI,2020,7,PHI,NYG,43.0,44.682910092609895
2020_07_DET_ATL,2020,7,ATL,DET,45.0,47.728082120189214
2020_07_CLE_CIN,2020,7,CIN,CLE,71.0,43.81886004463257
2020_07_GB_HOU,2020,7,HOU,GB,55.0,48.405962858216895
2020_07_CAR_NO,2020,7,NO,CAR,51.0,46.98549134765984
2020_07_BUF_NYJ,2020,7,NYJ,BUF,28.0,44.16874080341136
2020_07_PIT_TEN,2020,7,TEN,PIT,51.0,49.050720346648745
2020_07_DAL_WAS,2020,7,WAS,DAL,28.0,45.766869386155925
2020_07_TB_LV,2020,7,LV,TB,65.0,47.28420711930817
2020_07_KC_DEN,2020,7,DEN,KC,59.0,46.05443291013763
2020_07_JAX_LAC,2020,7,LAC,JAX,68.0,45.504142159845784
2020_07_SF_NE,2020,7,NE,SF,39.0,45.763861677002915
2020_07_SEA_ARI,2020,7,ARI,SEA,71.0,49.9483537009491
2020_07_CHI_LA,2020,7,LA,CHI,34.0,43.893939681900406
2020_08_ATL_CAR,2020,8,CAR,ATL,42.0,47.508416361528724
2020_08_PIT_BAL,2020,8,BAL,PIT,52.0,45.126527508259834
2020_08_NE_BUF,2020,8,BUF,NE,45.0,45.64298874732903
2020_08_TEN_CIN,2020,8,CIN,TEN,51.0,46.05943411202976
2020_08_LV_CLE,2020,8,CLE,LV,22.0,46.544376958057406
2020_08_IND_DET,2020,8,DET,IND,62.0,46.56059989641559
2020_08_MIN_GB,2020,8,GB,MIN,50.0,48.36529703923638
2020_08_NYJ_KC,2020,8,KC,NYJ,44.0,44.94616265692973
2020_08_LA_MIA,2020,8,MIA,LA,45.0,48.14588709469366
2020_08_LAC_DEN,2020,8,DEN,LAC,61.0,43.41424056486019
2020_08_NO_CHI,2020,8,CHI,NO,49.0,46.05210002899603
2020_08_SF_SEA,2020,8,SEA,SF,64.0,49.894546103237
2020_08_DAL_PHI,2020,8,PHI,DAL,32.0,43.9414626244014
2020_08_TB_NYG,2020,8,NYG,TB,48.0,45.65904614696171
2020_09_GB_SF,2020,9,SF,GB,51.0,49.93107778859667
2020_09_DEN_ATL,2020,9,ATL,DEN,61.0,45.45831793338095
2020_09_SEA_BUF,2020,9,BUF,SEA,78.0,49.22896400651262
2020_09_BAL_IND,2020,9,IND,BAL,34.0,46.020717741564106
2020_09_HOU_JAX,2020,9,JAX,HOU,52.0,46.13761262043234
2020_09_CAR_KC,2020,9,KC,CAR,64.0,47.213460255980536
2020_09_DET_MIN,2020,9,MIN,DET,54.0,46.86134618822689
2020_09_CHI_TEN,2020,9,TEN,CHI,41.0,45.008210736167705
2020_09_NYG_WAS,2020,9,WAS,NYG,43.0,43.99453044996018
2020_09_LV_LAC,2020,9,LAC,LV,57.0,47.82611717901517
2020_09_MIA_ARI,2020,9,ARI,MIA,65.0,47.74274262081066
2020_09_PIT_DAL,2020,9,DAL,PIT,43.0,45.387224030635146
2020_09_NO_TB,2020,9,TB,NO,41.0,47.714453926343495
2020_09_NE_NYJ,2020,9,NYJ,NE,57.0,43.659345872245794
2020_10_IND_TEN,2020,10,TEN,IND,51.0,47.63883156976261
2020_10_TB_CAR,2020,10,CAR,TB,69.0,45.66702881779953
2020_10_HOU_CLE,2020,10,CLE,HOU,17.0,44.61415840817189
2020_10_WAS_DET,2020,10,DET,WAS,57.0,44.530861053878716
2020_10_JAX_GB,2020,10,GB,JAX,44.0,45.46654545252049
2020_10_PHI_NYG,2020,10,NYG,PHI,44.0,40.003023380706104
2020_10_BUF_ARI,2020,10,ARI,BUF,62.0,50.125101208999105
2020_10_DEN_LV,2020,10,LV,DEN,49.0,44.84419857708622
2020_10_LAC_MIA,2020,10,MIA,LAC,50.0,44.28925090460158
2020_10_SEA_LA,2020,10,LA,SEA,39.0,47.02222432518921
2020_10_SF_NO,2020,10,NO,SF,40.0,48.080439320662705
2020_10_CIN_PIT,2020,10,PIT,CIN,46.0,44.72305933407419
2020_10_BAL_NE,2020,10,NE,BAL,40.0,45.67610070139035
2020_10_MIN_CHI,2020,10,CHI,MIN,32.0,45.507038704435935
2020_11_ARI_SEA,2020,11,SEA,ARI,49.0,49.9730254547085
2020_11_TEN_BAL,2020,11,BAL,TEN,54.0,48.016017426578856
2020_11_DET_CAR,2020,11,CAR,DET,20.0,47.39952517632654
2020_11_PHI_CLE,2020,11,CLE,PHI,39.0,45.648007020569935
2020_11_NE_HOU,2020,11,HOU,NE,47.0,46.7079865885948
2020_11_PIT_JAX,2020,11,JAX,PIT,30.0,46.23680321866662
2020_11_ATL_NO,2020,11,NO,ATL,33.0,48.825440052737704
2020_11_CIN_WAS,2020,11,WAS,CIN,29.0,44.60545756036091
2020_11_MIA_DEN,2020,11,DEN,MIA,33.0,42.885566346709766
2020_11_NYJ_LAC,2020,11,LAC,NYJ,62.0,45.56056746818412
2020_11_GB_IND,2020,11,IND,GB,65.0,47.93801035070631
2020_11_DAL_MIN,2020,11,MIN,DAL,59.0,46.92276160504151
2020_11_KC_LV,2020,11,LV,KC,66.0,50.419591201875164
2020_11_LA_TB,2020,11,TB,LA,51.0,45.925241887865674
2020_12_HOU_DET,2020,12,DET,HOU,66.0,46.2368785115121
2020_12_WAS_DAL,2020,12,DAL,WAS,57.0,44.49502798073875
2020_12_LV_ATL,2020,12,ATL,LV,49.0,47.759308196544055
2020_12_LAC_BUF,2020,12,BUF,LAC,44.0,47.54690779261478
2020_12_NYG_CIN,2020,12,CIN,NYG,36.0,44.027494205892744
2020_12_TEN_IND,2020,12,IND,TEN,71.0,48.008231398793356
2020_12_CLE_JAX,2020,12,JAX,CLE,52.0,45.21130317030174
2020_12_CAR_MIN,2020,12,MIN,CAR,55.0,47.31774541530448
2020_12_ARI_NE,2020,12,NE,ARI,37.0,48.746245342844716
2020_12_MIA_NYJ,2020,12,NYJ,MIA,23.0,43.1970621968392
2020_12_NO_DEN,2020,12,DEN,NO,34.0,45.67738697758125
2020_12_SF_LA,2020,12,LA,SF,43.0,46.33360065285229
2020_12_KC_TB,2020,12,TB,KC,51.0,49.785808720128855
2020_12_CHI_GB,2020,12,GB,CHI,66.0,45.2561202631303
2020_12_SEA_PHI,2020,12,PHI,SEA,40.0,45.351732956157825
2020_12_BAL_PIT,2020,12,PIT,BAL,33.0,43.35496911400258
2020_13_NO_ATL,2020,13,ATL,NO,37.0,45.99947103382686
2020_13_DET_CHI,2020,13,CHI,DET,64.0,43.42158849197797
2020_13_IND_HOU,2020,13,HOU,IND,46.0,47.6935521983987
2020_13_CIN_MIA,2020,13,MIA,CIN,26.0,43.14250861492958
2020_13_JAX_MIN,2020,13,MIN,JAX,51.0,46.19277440685941
2020_13_LV_NYJ,2020,13,NYJ,LV,59.0,42.29197033622765
2020_13_CLE_TEN,2020,13,TEN,CLE,76.0,47.88125567396152
2020_13_LA_ARI,2020,13,ARI,LA,66.0,47.26362764777318
2020_13_NYG_SEA,2020,13,SEA,NYG,29.0,45.99448633731429
2020_13_PHI_GB,2020,13,GB,PHI,46.0,45.407877208885594
2020_13_NE_LAC,2020,13,LAC,NE,45.0,46.54026197185509
2020_13_DEN_KC,2020,13,KC,DEN,38.0,44.921653623020326
2020_13_WAS_PIT,2020,13,PIT,WAS,40.0,42.33584643581588
2020_13_BUF_SF,2020,13,SF,BUF,58.0,50.0510928078617
2020_13_DAL_BAL,2020,13,BAL,DAL,51.0,45.736240768559504
2020_14_NE_LA,2020,14,LA,NE,27.0,44.574710168695525
2020_14_DEN_CAR,2020,14,CAR,DEN,59.0,43.634276832446666
2020_14_HOU_CHI,2020,14,CHI,HOU,43.0,46.268644314913054
2020_14_DAL_CIN,2020,14,CIN,DAL,37.0,43.337194469681194
2020_14_TEN_JAX,2020,14,JAX,TEN,41.0,46.07302262914775
2020_14_KC_MIA,2020,14,MIA,KC,60.0,46.29911037872738
2020_14_ARI_NYG,2020,14,NYG,ARI,33.0,44.262119840885944
2020_14_MIN_TB,2020,14,TB,MIN,40.0,48.03258014105442
2020_14_IND_LV,2020,14,LV,IND,71.0,47.572770645356776
2020_14_NYJ_SEA,2020,14,SEA,NYJ,43.0,46.22284404235929
2020_14_GB_DET,2020,14,DET,GB,55.0,48.712708224841926
2020_14_ATL_LAC,2020,14,LAC,ATL,37.0,45.135993701219306
2020_14_NO_PHI,2020,14,PHI,NO,45.0,42.21032627398455
2020_14_WAS_SF,2020,14,SF,WAS,38.0,46.11906251821388
2020_14_PIT_BUF,2020,14,BUF,PIT,41.0,48.119603545084935
2020_14_BAL_CLE,2020,14,CLE,BAL,89.0,45.70040545019327
2020_15_LAC_LV,2020,15,LV,LAC,57.0,45.6505578277279
2020_15_BUF_DEN,2020,15,DEN,BUF,67.0,41.447205849256264
2020_15_CAR_GB,2020,15,GB,CAR,40.0,49.069217640029976
2020_15_TB_ATL,2020,15,ATL,TB,58.0,47.065448461737326
2020_15_JAX_BAL,2020,15,BAL,JAX,54.0,45.70182894063131
2020_15_SF_DAL,2020,15,DAL,SF,74.0,44.03955142990505
2020_15_HOU_IND,2020,15,IND,HOU,47.0,47.79716903282954
2020_15_NE_MIA,2020,15,MIA,NE,34.0,43.92686430703575
2020_15_CHI_MIN,2020,15,MIN,CHI,60.0,46.278333530698106
2020_15_DET_TEN,2020,15,TEN,DET,71.0,48.37521772086848
2020_15_SEA_WAS,2020,15,WAS,SEA,35.0,43.13144178843205
2020_15_PHI_ARI,2020,15,ARI,PHI,59.0,45.61412293501713
2020_15_NYJ_LA,2020,15,LA,NYJ,43.0,43.307837366983684
2020_15_KC_NO,2020,15,NO,KC,61.0,48.19402490981138
2020_15_CLE_NYG,2020,15,NYG,CLE,26.0,43.82553407251904
2020_15_PIT_CIN,2020,15,CIN,PIT,44.0,41.34937606346404
2020_16_MIN_NO,2020,16,NO,MIN,85.0,46.94395417377078
2020_16_TB_DET,2020,16,DET,TB,54.0,46.94340801469082
2020_16_SF_ARI,2020,16,ARI,SF,32.0,46.03433896710939
2020_16_MIA_LV,2020,16,LV,MIA,51.0,46.10001908322725
2020_16_NYG_BAL,2020,16,BAL,NYG,40.0,43.82597337861099
2020_16_CIN_HOU,2020,16,HOU,CIN,68.0,45.54749199170716
2020_16_CHI_JAX,2020,16,JAX,CHI,58.0,45.141748004063494
2020_16_ATL_KC,2020,16,KC,ATL,31.0,47.38755033725736
2020_16_CLE_NYJ,2020,16,NYJ,CLE,39.0,45.07083473696834
2020_16_IND_PIT,2020,16,PIT,IND,52.0,46.74642934059543
2020_16_DEN_LAC,2020,16,LAC,DEN,35.0,45.180316124012116
2020_16_CAR_WAS,2020,16,WAS,CAR,33.0,42.845507034458265
2020_16_PHI_DAL,2020,16,DAL,PHI,54.0,44.65841959931121
2020_16_LA_SEA,2020,16,SEA,LA,29.0,45.63506628468505
2020_16_TEN_GB,2020,16,GB,TEN,54.0,50.99319343170975
2020_16_BUF_NE,2020,16,NE,BUF,47.0,46.993188854277165
2020_17_MIA_BUF,2020,17,BUF,MIA,82.0,48.22901861024869
2020_17_BAL_CIN,2020,17,CIN,BAL,41.0,46.48740897522297
2020_17_PIT_CLE,2020,17,CLE,PIT,46.0,46.48437512432251
2020_17_MIN_DET,2020,17,DET,MIN,72.0,47.46628966192011
2020_17_NYJ_NE,2020,17,NE,NYJ,42.0,42.688897374251034
2020_17_DAL_NYG,2020,17,NYG,DAL,42.0,44.422244482692214
2020_17_ATL_TB,2020,17,TB,ATL,71.0,46.286328243518746
2020_17_NO_CAR,2020,17,CAR,NO,40.0,47.57586283892814
2020_17_GB_CHI,2020,17,CHI,GB,51.0,47.6414671422738
2020_17_LV_DEN,2020,17,DEN,LV,63.0,44.52227557526119
2020_17_TEN_HOU,2020,17,HOU,TEN,79.0,49.69634340405678
2020_17_JAX_IND,2020,17,IND,JAX,42.0,46.653390417826394
2020_17_LAC_KC,2020,17,KC,LAC,59.0,47.330737157128226
2020_17_ARI_LA,2020,17,LA,ARI,25.0,44.14846183368541
2020_17_SEA_SF,2020,17,SF,SEA,49.0,47.82385382390335
2020_17_WAS_PHI,2020,17,PHI,WAS,34.0,40.807981340565014
2021_01_DAL_TB,2021,1,TB,DAL,60.0,47.79192912573982
2021_01_PHI_ATL,2021,1,ATL,PHI,38.0,44.796885513315765
2021_01_PIT_BUF,2021,1,BUF,PIT,39.0,49.23865799789346
2021_01_NYJ_CAR,2021,1,CAR,NYJ,33.0,42.93902623266493
2021_01_MIN_CIN,2021,1,CIN,MIN,51.0,44.50009597693559
2021_01_SF_DET,2021,1,DET,SF,74.0,47.678974769898154
2021_01_JAX_HOU,2021,1,HOU,JAX,58.0,48.157584433562285
2021_01_SEA_IND,2021,1,IND,SEA,44.0,50.09548828480891
2021_01_ARI_TEN,2021,1,TEN,ARI,51.0,49.79257661349897
2021_01_LAC_WAS,2021,1,WAS,LAC,36.0,44.39306772469776
2021_01_CLE_KC,2021,1,KC,CLE,62.0,49.66035054324621
2021_01_MIA_NE,2021,1,NE,MIA,33.0,44.287425748070675
2021_01_GB_NO,2021,1,NO,GB,41.0,50.169786362215085
2021_01_DEN_NYG,2021,1,NYG,DEN,40.0,40.41666133872724
2021_01_CHI_LA,2021,1,LA,CHI,48.0,42.351867634009466
2021_01_BAL_LV,2021,1,LV,BAL,60.0,50.55678247238362
2021_02_NYG_WAS,2021,2,WAS,NYG,59.0,43.81708623731983
2021_02_NO_CAR,2021,2,CAR,NO,33.0,42.02426925901416
2021_02_CIN_CHI,2021,2,CHI,CIN,37.0,44.649711269728606
2021_02_HOU_CLE,2021,2,CLE,HOU,52.0,50.40609858723005
2021_02_LA_IND,2021,2,IND,LA,51.0,47.69566338840796
2021_02_DEN_JAX,2021,2,JAX,DEN,36.0,47.38599514628525
2021_02_BUF_MIA,2021,2,MIA,BUF,35.0,40.076387021080926
2021_02_NE_NYJ,2021,2,NYJ,NE,31.0,41.970075915371595
2021_02_SF_PHI,2021,2,PHI,SF,28.0,53.888593784186206
2021_02_LV_PIT,2021,2,PIT,LV,43.0,44.20761672561114
2021_02_MIN_ARI,2021,2,ARI,MIN,67.0,47.47147774437774
2021_02_ATL_TB,2021,2,TB,ATL,73.0,45.669478668162405
2021_02_DAL_LAC,2021,2,LAC,DAL,37.0,48.433739944254924
2021_02_TEN_SEA,2021,2,SEA,TEN,63.0,43.003758858063065
2021_02_KC_BAL,2021,2,BAL,KC,71.0,50.60109437989514
2021_02_DET_GB,2021,2,GB,DET,52.0,43.62820006214029
2021_03_CAR_HOU,2021,3,HOU,CAR,33.0,49.038890213398936
2021_03_WAS_BUF,2021,3,BUF,WAS,64.0,39.95366283251326
2021_03_CHI_CLE,2021,3,CLE,CHI,32.0,46.14494895460487
2021_03_BAL_DET,2021,3,DET,BAL,36.0,49.88167784058584
2021_03_ARI_JAX,2021,3,JAX,ARI,50.0,45.65506781816784
2021_03_LAC_KC,2021,3,KC,LAC,54.0,49.664312079126496
2021_03_NO_NE,2021,3,NE,NO,41.0,40.01206347986984
2021_03_ATL_NYG,2021,3,NYG,ATL,31.0,42.966509366167834
2021_03_CIN_PIT,2021,3,PIT,CIN,34.0,40.821873120862584
2021_03_IND_TEN,2021,3,TEN,IND,41.0,46.35558747937087
2021_03_NYJ_DEN,2021,3,DEN,NYJ,26.0,40.696581025662155
2021_03_MIA_LV,2021,3,LV,MIA,59.0,46.172449510577486
2021_03_TB_LA,2021,3,LA,TB,58.0,53.41498328190328
2021_03_SEA_MIN,2021,3,MIN,SEA,47.0,53.720356425928486
2021_03_GB_SF,2021,3,SF,GB,58.0,48.59752452780919
2021_03_PHI_DAL,2021,3,DAL,PHI,62.0,48.746877402978924
2021_04_JAX_CIN,2021,4,CIN,JAX,45.0,43.80756568430069
2021_04_WAS_ATL,2021,4,ATL,WAS,64.0,46.04805119706139
2021_04_HOU_BUF,2021,4,BUF,HOU,40.0,44.111759835948476
2021_04_DET_CHI,2021,4,CHI,DET,38.0,45.36302456573499
2021_04_CAR_DAL,2021,4,DAL,CAR,64.0,50.054778760181684
2021_04_IND_MIA,2021,4,MIA,IND,44.0,40.91510397647904
2021_04_CLE_MIN,2021,4,MIN,CLE,21.0,51.10303970767261
2021_04_NYG_NO,2021,4,NO,NYG,48.0,43.558102548633016
2021_04_TEN_NYJ,2021,4,NYJ,TEN,51.0,42.14434602598177
2021_04_KC_PHI,2021,4,PHI,KC,72.0,51.97100603759215
2021_04_ARI_LA,2021,4,LA,ARI,57.0,53.87642892201877
2021_04_SEA_SF,2021,4,SF,SEA,49.0,49.67575248117275
2021_04_BAL_DEN,2021,4,DEN,BAL,30.0,44.267525397605006
2021_04_PIT_GB,2021,4,GB,PIT,44.0,46.82911930416148
2021_04_TB_NE,2021,4,NE,TB,36.0,45.67654395070216
2021_04_LV_LAC,2021,4,LAC,LV,42.0,49.38285385420945
2021_05_LA_SEA,2021,5,SEA,LA,43.0,50.07068627970192
2021_05_NYJ_ATL,2021,5,ATL,NYJ,47.0,39.78307696953465
2021_05_PHI_CAR,2021,5,CAR,PHI,39.0,49.036102230045884
2021_05_GB_CIN,2021,5,CIN,GB,47.0,46.998348810088174
2021_05_NE_HOU,2021,5,HOU,NE,47.0,43.18468946688291
2021_05_TEN_JAX,2021,5,JAX,TEN,56.0,43.91770335742818
2021_05_DET_MIN,2021,5,MIN,DET,36.0,46.452730377537755
2021_05_DEN_PIT,2021,5,PIT,DEN,46.0,40.66228889732326
2021_05_MIA_TB,2021,5,TB,MIA,62.0,45.18765055920522
2021_05_NO_WAS,2021,5,WAS,NO,55.0,45.08706202483816
2021_05_CLE_LAC,2021,5,LAC,CLE,89.0,48.06646603588752
2021_05_CHI_LV,2021,5,LV,CHI,29.0,44.19139216213723
2021_05_SF_ARI,2021,5,ARI,SF,27.0,54.09216268775936
2021_05_NYG_DAL,2021,5,DAL,NYG,64.0,50.49320063605904
2021_05_BUF_KC,2021,5,KC,BUF,58.0,52.38149232186518
2021_05_IND_BAL,2021,5,BAL,IND,56.0,47.93815076737727
2021_06_TB_PHI,2021,6,PHI,TB,50.0,50.975678632817385
2021_06_MIA_JAX,2021,6,JAX,MIA,43.0,43.950943622392614
2021_06_LAC_BAL,2021,6,BAL,LAC,40.0,51.18814336038333
2021_06_MIN_CAR,2021,6,CAR,MIN,62.0,43.03801002308541
2021_06_GB_CHI,2021,6,CHI,GB,38.0,44.11771224844254
2021_06_CIN_DET,2021,6,DET,CIN,45.0,44.856473970430706
2021_06_HOU_IND,2021,6,IND,HOU,34.0,44.73629765210891
2021_06_LA_NYG,2021,6,NYG,LA,49.0,48.514537019321914
2021_06_KC_WAS,2021,6,WAS,KC,44.0,49.70698013512509
2021_06_ARI_CLE,2021,6,CLE,ARI,51.0,46.658880723550915
2021_06_LV_DEN,2021,6,DEN,LV,58.0,40.51125419104653
2021_06_DAL_NE,2021,6,NE,DAL,64.0,47.08150556811513
2021_06_SEA_PIT,2021,6,PIT,SEA,43.0,47.295718206087344
2021_06_BUF_TEN,2021,6,TEN,BUF,65.0,53.96882690691095
2021_07_DEN_CLE,2021,7,CLE,DEN,31.0,40.009613594145534
2021_07_CIN_BAL,2021,7,BAL,CIN,58.0,47.6773138913311
2021_07_WAS_GB,2021,7,GB,WAS,34.0,46.64230589961337
2021_07_ATL_MIA,2021,7,MIA,ATL,58.0,44.26332814739599
2021_07_NYJ_NE,2021,7,NE,NYJ,67.0,41.98578696307564
2021_07_CAR_NYG,2021,7,NYG,CAR,28.0,44.812478526318046
2021_07_KC_TEN,2021,7,TEN,KC,30.0,53.888344640362114
2021_07_DET_LA,2021,7,LA,DET,47.0,48.277764968347434
2021_07_PHI_LV,2021,7,LV,PHI,55.0,48.66173921177362
2021_07_HOU_ARI,2021,7,ARI,HOU,36.0,45.11794420177698
2021_07_CHI_TB,2021,7,TB,CHI,41.0,46.117707394541924
2021_07_IND_SF,2021,7,SF,IND,48.0,45.696817317105214
2021_07_NO_SEA,2021,7,SEA,NO,23.0,44.66196580086501
2021_08_GB_ARI,2021,8,ARI,GB,45.0,51.22902052316802
2021_08_CAR_ATL,2021,8,ATL,CAR,32.0,43.80121669515122
2021_08_MIA_BUF,2021,8,BUF,MIA,37.0,45.18217802132385
2021_08_SF_CHI,2021,8,CHI,SF,55.0,40.87640278816078
2021_08_PIT_CLE,2021,8,CLE,PIT,25.0,45.57544495039991
2021_08_PHI_DET,2021,8,DET,PHI,50.0,47.242129429600226
2021_08_LA_HOU,2021,8,HOU,LA,60.0,47.89403862552589
2021_08_TEN_IND,2021,8,IND,TEN,65.0,48.369825082192065
2021_08_CIN_NYJ,2021,8,NYJ,CIN,65.0,43.0573752467851
2021_08_NE_LAC,2021,8,LAC,NE,51.0,49.125777328021805
2021_08_JAX_SEA,2021,8,SEA,JAX,38.0,44.75155853117705
2021_08_WAS_DEN,2021,8,DEN,WAS,27.0,42.74608653180995
2021_08_TB_NO,2021,8,NO,TB,63.0,48.86942879393598
2021_08_DAL_MIN,2021,8,MIN,DAL,36.0,49.9499419222106
2021_08_NYG_KC,2021,8,KC,NYG,37.0,48.52973209365131
2021_09_NYJ_IND,2021,9,IND,NYJ,75.0,48.70593550291452
2021_09_MIN_BAL,2021,9,BAL,MIN,65.0,45.61674342783785
2021_09_NE_CAR,2021,9,CAR,NE,30.0,41.21488207567886
2021_09_CLE_CIN,2021,9,CIN,CLE,57.0,47.833047689298205
2021_09_DEN_DAL,2021,9,DAL,DEN,46.0,50.144009121301956
2021_09_BUF_JAX,2021,9,JAX,BUF,15.0,47.43431589426986
2021_09_HOU_MIA,2021,9,MIA,HOU,26.0,40.27399054227793
2021_09_ATL_NO,2021,9,NO,ATL,52.0,45.9749749456064
2021_09_LV_NYG,2021,9,NYG,LV,39.0,45.34475526524464
2021_09_LAC_PHI,2021,9,PHI,LAC,51.0,48.84364616527089
2021_09_GB_KC,2021,9,KC,GB,20.0,50.8738649033646
2021_09_ARI_SF,2021,9,SF,ARI,48.0,46.70763361608219
2021_09_TEN_LA,2021,9,LA,TEN,44.0,52.027710079318496
2021_09_CHI_PIT,2021,9,PIT,CHI,56.0,41.23018636448772
2021_10_BAL_MIA,2021,10,MIA,BAL,32.0,46.66061177741675
2021_10_ATL_DAL,2021,10,DAL,ATL,46.0,49.434082265633194
2021_10_JAX_IND,2021,10,IND,JAX,40.0,49.245265948018734
2021_10_CLE_NE,2021,10,NE,CLE,52.0,46.93692118826072
2021_10_BUF_NYJ,2021,10,NYJ,BUF,62.0,47.14454446215836
2021_10_DET_PIT,2021,10,PIT,DET,32.0,42.31673345008664
2021_10_NO_TEN,2021,10,TEN,NO,44.0,46.96538453111445
2021_10_TB_WAS,2021,10,WAS,TB,48.0,45.37442097289183
2021_10_CAR_ARI,2021,10,ARI,CAR,44.0,41.59015309698608
2021_10_MIN_LAC,2021,10,LAC,MIN,47.0,47.70353345076313
2021_10_PHI_DEN,2021,10,DEN,PHI,43.0,46.36561228616774
2021_10_SEA_GB,2021,10,GB,SEA,17.0,45.959315670868875
2021_10_KC_LV,2021,10,LV,KC,55.0,50.9544446796867
2021_10_LA_SF,2021,10,SF,LA,41.0,47.000404985301486
2021_11_NE_ATL,2021,11,ATL,NE,25.0,47.79170044384949
2021_11_IND_BUF,2021,11,BUF,IND,56.0,50.813218001244145
2021_11_WAS_CAR,2021,11,CAR,WAS,48.0,42.10829483824951
2021_11_BAL_CHI,2021,11,CHI,BAL,29.0,41.975367025260525
2021_11_DET_CLE,2021,11,CLE,DET,23.0,44.33936855014129
2021_11_SF_JAX,2021,11,JAX,SF,40.0,41.65484724858176
2021_11_GB_MIN,2021,11,MIN,GB,65.0,47.22230783160853
2021_11_MIA_NYJ,2021,11,NYJ,MIA,41.0,44.056343927386116
2021_11_NO_PHI,2021,11,PHI,NO,69.0,48.678103454697215
2021_11_HOU_TEN,2021,11,TEN,HOU,35.0,42.93770546654941
2021_11_CIN_LV,2021,11,LV,CIN,45.0,48.80053551261729
2021_11_DAL_KC,2021,11,KC,DAL,28.0,48.70149414545457
2021_11_ARI_SEA,2021,11,SEA,ARI,36.0,43.7490393328483
2021_11_PIT_LAC,2021,11,LAC,PIT,78.0,47.14408443385486
2021_11_NYG_TB,2021,11,TB,NYG,40.0,47.10585589939169
2021_12_CHI_DET,2021,12,DET,CHI,30.0,42.87949862834868
2021_12_LV_DAL,2021,12,DAL,LV,69.0,48.64111683056807
2021_12_BUF_NO,2021,12,NO,BUF,37.0,48.38809488221863
2021_12_PIT_CIN,2021,12,CIN,PIT,51.0,45.33179012127619
2021_12_NYJ_HOU,2021,12,HOU,NYJ,35.0,46.1530786371265
2021_12_TB_IND,2021,12,IND,TB,69.0,51.98897191162892
2021_12_ATL_JAX,2021,12,JAX,ATL,35.0,42.95361538985027
2021_12_CAR_MIA,2021,12,MIA,CAR,43.0,38.96527128916922
2021_12_TEN_NE,2021,12,NE,TEN,49.0,45.44454319260249
2021_12_PHI_NYG,2021,12,NYG,PHI,20.0,45.791122343091786
2021_12_LAC_DEN,2021,12,DEN,LAC,41.0,47.54103494947204
2021_12_LA_GB,2021,12,GB,LA,64.0,47.65498243138237
2021_12_MIN_SF,2021,12,SF,MIN,60.0,47.95318385195028
2021_12_CLE_BAL,2021,12,BAL,CLE,26.0,48.739635549466826
2021_12_SEA_WAS,2021,12,WAS,SEA,32.0,42.45192358683417
2021_13_DAL_NO,2021,13,NO,DAL,44.0,45.51814356597535
2021_13_TB_ATL,2021,13,ATL,TB,47.0,46.06162209347648
2021_13_ARI_CHI,2021,13,CHI,ARI,55.0,43.299730752176735
2021_13_LAC_CIN,2021,13,CIN,LAC,63.0,49.77247547322807
2021_13_MIN_DET,2021,13,DET,MIN,56.0,45.92093106680603
2021_13_IND_HOU,2021,13,HOU,IND,31.0,47.079736556747655
2021_13_NYG_MIA,2021,13,MIA,NYG,29.0,39.56402459798401
2021_13_PHI_NYJ,2021,13,NYJ,PHI,51.0,46.81375815143307
2021_13_JAX_LA,2021,13,LA,JAX,44.0,48.53569118709129
2021_13_WAS_LV,2021,13,LV,WAS,32.0,49.626480032114465
2021_13_BAL_PIT,2021,13,PIT,BAL,39.0,41.64798442268903
2021_13_SF_SEA,2021,13,SEA,SF,53.0,44.98562032538398
2021_13_DEN_KC,2021,13,KC,DEN,31.0,42.99252864138599
2021_13_NE_BUF,2021,13,BUF,NE,24.0,43.419307955455814
2021_14_PIT_MIN,2021,14,MIN,PIT,64.0,47.818412960393374
2021_14_ATL_CAR,2021,14,CAR,ATL,50.0,41.33085455151636
2021_14_BAL_CLE,2021,14,CLE,BAL,46.0,42.34706488374636
2021_14_SEA_HOU,2021,14,HOU,SEA,46.0,42.584202304291296
2021_14_LV_KC,2021,14,KC,LV,57.0,46.641179235378566
2021_14_NO_NYJ,2021,14,NYJ,NO,39.0,41.05443024350653
2021_14_JAX_TEN,2021,14,TEN,JAX,20.0,45.68523213348077
2021_14_DAL_WAS,2021,14,WAS,DAL,47.0,44.750029965342605
2021_14_DET_DEN,2021,14,DEN,DET,48.0,41.37735220621965
2021_14_NYG_LAC,2021,14,LAC,NYG,58.0,47.22561158360953
2021_14_SF_CIN,2021,14,CIN,SF,49.0,47.683334288973356
2021_14_BUF_TB,2021,14,TB,BUF,60.0,50.85966612173812
2021_14_CHI_GB,2021,14,GB,CHI,75.0,42.11828575659559
2021_14_LA_ARI,2021,14,ARI,LA,53.0,47.74472725750557
2021_15_KC_LAC,2021,15,LAC,KC,62.0,54.78068951105005
2021_15_NE_IND,2021,15,IND,NE,44.0,49.365456540630504
2021_15_CAR_BUF,2021,15,BUF,CAR,45.0,44.58414206911286
2021_15_ARI_DET,2021,15,DET,ARI,42.0,44.41615376770128
2021_15_HOU_JAX,2021,15,JAX,HOU,46.0,39.33036822121217
2021_15_NYJ_MIA,2021,15,MIA,NYJ,55.0,41.291908247383354
2021_15_DAL_NYG,2021,15,NYG,DAL,27.0,41.09503820991478
2021_15_TEN_PIT,2021,15,PIT,TEN,32.0,42.053721399668525
2021_15_CIN_DEN,2021,15,DEN,CIN,25.0,43.579055445073216
2021_15_ATL_SF,2021,15,SF,ATL,44.0,45.96429241591908
2021_15_GB_BAL,2021,15,BAL,GB,61.0,47.71281523844667
2021_15_NO_TB,2021,15,TB,NO,9.0,45.66712877996918
2021_15_LV_CLE,2021,15,CLE,LV,30.0,44.14577951851947
2021_15_MIN_CHI,2021,15,CHI,MIN,26.0,44.69267872092963
2021_15_SEA_LA,2021,15,LA,SEA,30.0,47.175705845935404
2021_15_WAS_PHI,2021,15,PHI,WAS,44.0,44.6513261499342
2021_16_SF_TEN,2021,16,TEN,SF,37.0,45.26689053725896
2021_16_CLE_GB,2021,16,GB,CLE,46.0,47.19208148084473
2021_16_IND_ARI,2021,16,ARI,IND,38.0,50.36682894382962
2021_16_DET_ATL,2021,16,ATL,DET,36.0,44.38499090565313
2021_16_TB_CAR,2021,16,CAR,TB,38.0,42.91825957538746
2021_16_BAL_CIN,2021,16,CIN,BAL,62.0,46.53098469748114
2021_16_LAC_HOU,2021,16,HOU,LAC,70.0,47.40652838688209
2021_16_LA_MIN,2021,16,MIN,LA,53.0,50.504982391086095
2021_16_BUF_NE,2021,16,NE,BUF,54.0,43.26866106871654
2021_16_JAX_NYJ,2021,16,NYJ,JAX,47.0,42.1052000641067
2021_16_NYG_PHI,2021,16,PHI,NYG,44.0,44.66542227116032
2021_16_CHI_SEA,2021,16,SEA,CHI,49.0,40.8560787458065
2021_16_PIT_KC,2021,16,KC,PIT,46.0,41.80453176409547
2021_16_DEN_LV,2021,16,LV,DEN,30.0,45.04165944301567
2021_16_WAS_DAL,2021,16,DAL,WAS,70.0,43.36889926559296
2021_16_MIA_NO,2021,16,NO,MIA,23.0,42.14303815605317
2021_17_LA_BAL,2021,17,BAL,LA,39.0,49.69481771831844
2021_17_ATL_BUF,2021,17,BUF,ATL,44.0,44.61650690070246
2021_17_NYG_CHI,2021,17,CHI,NYG,32.0,40.836809301914435
2021_17_KC_CIN,2021,17,CIN,KC,65.0,51.031251843132715
2021_17_LV_IND,2021,17,IND,LV,43.0,45.51537135759245
2021_17_JAX_NE,2021,17,NE,JAX,60.0,44.01605274921383
2021_17_TB_NYJ,2021,17,NYJ,TB,52.0,45.136235083188424
2021_17_MIA_TEN,2021,17,TEN,MIA,37.0,41.508551920547
2021_17_PHI_WAS,2021,17,WAS,PHI,36.0,45.12365959238682
2021_17_DEN_LAC,2021,17,LAC,DEN,47.0,47.69314152207043
2021_17_HOU_SF,2021,17,SF,HOU,30.0,46.06555837517404
2021_17_ARI_DAL,2021,17,DAL,ARI,47.0,48.015550201421604
2021_17_CAR_NO,2021,17,NO,CAR,28.0,40.244006602530916
2021_17_DET_SEA,2021,17,SEA,DET,80.0,43.43060388101581
2021_17_MIN_GB,2021,17,GB,MIN,47.0,48.99320664590372
2021_17_CLE_PIT,2021,17,PIT,CLE,40.0,41.92448337658667
2021_18_KC_DEN,2021,18,DEN,KC,52.0,46.438298252541216
2021_18_DAL_PHI,2021,18,PHI,DAL,77.0,47.22059001170519
2021_18_PIT_BAL,2021,18,BAL,PIT,29.0,46.84778839179646
2021_18_CIN_CLE,2021,18,CLE,CIN,37.0,44.895616191839274
2021_18_GB_DET,2021,18,DET,GB,67.0,48.25905745600283
2021_18_TEN_HOU,2021,18,HOU,TEN,53.0,43.6440225826618
2021_18_IND_JAX,2021,18,JAX,IND,37.0,40.52024142202521
2021_18_CHI_MIN,2021,18,MIN,CHI,48.0,44.65629517808621
2021_18_WAS_NYG,2021,18,NYG,WAS,29.0,44.94438265636714
2021_18_SEA_ARI,2021,18,ARI,SEA,68.0,46.449289185705275
2021_18_NO_ATL,2021,18,ATL,NO,50.0,39.56434534109466
2021_18_NYJ_BUF,2021,18,BUF,NYJ,37.0,43.738889724935795
2021_18_SF_LA,2021,18,LA,SF,51.0,47.31885291515931
2021_18_NE_MIA,2021,18,MIA,NE,57.0,41.17724859593926
2021_18_CAR_TB,2021,18,TB,CAR,58.0,41.76670153252496
2021_18_LAC_LV,2021,18,LV,LAC,67.0,48.51738926559215
2022_01_BUF_LA,2022,1,LA,BUF,41.0,48.91860041656367
2022_01_NO_ATL,2022,1,ATL,NO,53.0,41.842120501980794
2022_01_CLE_CAR,2022,1,CAR,CLE,50.0,42.62296046411833
2022_01_SF_CHI,2022,1,CHI,SF,29.0,45.180508305369244
2022_01_PIT_CIN,2022,1,CIN,PIT,43.0,43.34148677505139
2022_01_PHI_DET,2022,1,DET,PHI,73.0,46.60666114527891
2022_01_IND_HOU,2022,1,HOU,IND,40.0,44.980403115706075
2022_01_NE_MIA,2022,1,MIA,NE,27.0,45.91722568837899
2022_01_BAL_NYJ,2022,1,NYJ,BAL,33.0,44.744392280925766
2022_01_JAX_WAS,2022,1,WAS,JAX,50.0,43.477002938555124
2022_01_KC_ARI,2022,1,ARI,KC,65.0,49.188490056549654
2022_01_LV_LAC,2022,1,LAC,LV,43.0,48.195945216206574
2022_01_GB_MIN,2022,1,MIN,GB,30.0,48.728152750222044
2022_01_NYG_TEN,2022,1,TEN,NYG,41.0,43.793417683410304
2022_01_TB_DAL,2022,1,DAL,TB,22.0,50.924885143211085
2022_01_DEN_SEA,2022,1,SEA,DEN,33.0,46.10830149994352
2022_02_LAC_KC,2022,2,KC,LAC,51.0,52.052213857331324
2022_02_MIA_BAL,2022,2,BAL,MIA,80.0,41.34674420389679
2022_02_NYJ_CLE,2022,2,CLE,NYJ,61.0,44.89304885055032
2022_02_WAS_DET,2022,2,DET,WAS,63.0,49.7793817897809
2022_02_IND_JAX,2022,2,JAX,IND,24.0,45.0730276289903
2022_02_TB_NO,2022,2,NO,TB,30.0,46.810953096403956
2022_02_CAR_NYG,2022,2,NYG,CAR,35.0,46.755879670592456
2022_02_NE_PIT,2022,2,PIT,NE,31.0,43.65176277937519
2022_02_ATL_LA,2022,2,LA,ATL,58.0,46.78660104406624
2022_02_SEA_SF,2022,2,SF,SEA,34.0,42.095796830326215
2022_02_CIN_DAL,2022,2,DAL,CIN,37.0,41.429925087074636
2022_02_HOU_DEN,2022,2,DEN,HOU,25.0,43.03349911636009
2022_02_ARI_LV,2022,2,LV,ARI,52.0,44.17523335045
2022_02_CHI_GB,2022,2,GB,CHI,37.0,43.52858877668209
2022_02_TEN_BUF,2022,2,BUF,TEN,48.0,41.8735373541323
2022_02_MIN_PHI,2022,2,PHI,MIN,31.0,50.92187238528573
2022_03_PIT_CLE,2022,3,CLE,PIT,46.0,45.228526539279194
2022_03_NO_CAR,2022,3,CAR,NO,36.0,42.36185105872063
2022_03_HOU_CHI,2022,3,CHI,HOU,43.0,40.91248689842879
2022_03_KC_IND,2022,3,IND,KC,37.0,45.93666295178861
2022_03_BUF_MIA,2022,3,MIA,BUF,40.0,53.54622009624054
2022_03_DET_MIN,2022,3,MIN,DET,52.0,46.44903503331036
2022_03_BAL_NE,2022,3,NE,BAL,63.0,45.753391443921736
2022_03_CIN_NYJ,2022,3,NYJ,CIN,39.0,41.46277070576931
2022_03_LV_TEN,2022,3,TEN,LV,46.0,43.561567471694886
2022_03_PHI_WAS,2022,3,WAS,PHI,32.0,52.19359529097691
2022_03_JAX_LAC,2022,3,LAC,JAX,48.0,47.50676802802209
2022_03_LA_ARI,2022,3,ARI,LA,32.0,46.77934806746052
2022_03_ATL_SEA,2022,3,SEA,ATL,50.0,45.5131573753729
2022_03_GB_TB,2022,3,TB,GB,26.0,42.086492033566124
2022_03_SF_DEN,2022,3,DEN,SF,21.0,39.93226422525071
2022_03_DAL_NYG,2022,3,NYG,DAL,39.0,41.264122247424204
2022_04_MIA_CIN,2022,4,CIN,MIA,42.0,47.40586735480373
2022_04_MIN_NO,2022,4,NO,MIN,53.0,43.10085808315589
2022_04_CLE_ATL,2022,4,ATL,CLE,43.0,51.49266096576205
2022_04_BUF_BAL,2022,4,BAL,BUF,43.0,54.0010097523471
2022_04_WAS_DAL,2022,4,DAL,WAS,35.0,43.46619526161811
2022_04_SEA_DET,2022,4,DET,SEA,93.0,48.60218102446799
2022_04_LAC_HOU,2022,4,HOU,LAC,58.0,44.01822468204819
2022_04_TEN_IND,2022,4,IND,TEN,41.0,42.85400893055242
2022_04_CHI_NYG,2022,4,NYG,CHI,32.0,42.114839586020445
2022_04_JAX_PHI,2022,4,PHI,JAX,50.0,49.66116327709953
2022_04_NYJ_PIT,2022,4,PIT,NYJ,44.0,43.92758780422613
2022_04_ARI_CAR,2022,4,CAR,ARI,42.0,43.8688367407227
2022_04_NE_GB,2022,4,GB,NE,51.0,45.0801485830169
2022_04_DEN_LV,2022,4,LV,DEN,55.0,42.25430474232112
2022_04_KC_TB,2022,4,TB,KC,72.0,44.086464013418336
2022_04_LA_SF,2022,4,SF,LA,33.0,41.21938481425729
2022_05_IND_DEN,2022,5,DEN,IND,21.0,41.29152848078407
2022_05_NYG_GB,2022,5,GB,NYG,49.0,42.91599544537287
2022_05_PIT_BUF,2022,5,BUF,PIT,41.0,43.69682560408421
2022_05_LAC_CLE,2022,5,CLE,LAC,58.0,48.98485184985261
2022_05_HOU_JAX,2022,5,JAX,HOU,19.0,42.80012163773806
2022_05_CHI_MIN,2022,5,MIN,CHI,51.0,43.12257773037115
2022_05_DET_NE,2022,5,NE,DET,29.0,46.935849931263014
2022_05_SEA_NO,2022,5,NO,SEA,71.0,46.88821066270091
2022_05_MIA_NYJ,2022,5,NYJ,MIA,57.0,46.18183301914914
2022_05_ATL_TB,2022,5,TB,ATL,36.0,45.63467671804244
2022_05_TEN_WAS,2022,5,WAS,TEN,38.0,43.17859567174548
2022_05_SF_CAR,2022,5,CAR,SF,52.0,39.65773290219613
2022_05_PHI_ARI,2022,5,ARI,PHI,37.0,48.55508494413107
2022_05_DAL_LA,2022,5,LA,DAL,32.0,42.730198289316384
2022_05_CIN_BAL,2022,5,BAL,CIN,36.0,46.09911440037945
2022_05_LV_KC,2022,5,KC,LV,59.0,49.67261423094891
2022_06_WAS_CHI,2022,6,CHI,WAS,19.0,41.460261306345025
2022_06_SF_ATL,2022,6,ATL,SF,42.0,45.799506820672015
2022_06_NE_CLE,2022,6,CLE,NE,53.0,47.84797998415061
2022_06_NYJ_GB,2022,6,GB,NYJ,37.0,46.088583435528626
2022_06_JAX_IND,2022,6,IND,JAX,61.0,41.96765796183683
2022_06_MIN_MIA,2022,6,MIA,MIN,40.0,48.114883036594875
2022_06_CIN_NO,2022,6,NO,CIN,56.0,45.4251456658659
2022_06_BAL_NYG,2022,6,NYG,BAL,44.0,47.93619493199823
2022_06_TB_PIT,2022,6,PIT,TB,38.0,42.33514253977558
2022_06_CAR_LA,2022,6,LA,CAR,34.0,41.785763681195
2022_06_ARI_SEA,2022,6,SEA,ARI,28.0,47.53264063682363
2022_06_BUF_KC,2022,6,KC,BUF,44.0,53.867711441327096
2022_06_DAL_PHI,2022,6,PHI,DAL,43.0,41.296265378222934
2022_06_DEN_LAC,2022,6,LAC,DEN,35.0,42.85620984076974
2022_07_NO_ARI,2022,7,ARI,NO,76.0,44.79566354274765
2022_07_CLE_BAL,2022,7,BAL,CLE,43.0,48.360793284473296
2022_07_TB_CAR,2022,7,CAR,TB,24.0,43.04703627330203
2022_07_ATL_CIN,2022,7,CIN,ATL,52.0,47.02626604274039
2022_07_DET_DAL,2022,7,DAL,DET,30.0,44.628215303689494
2022_07_NYG_JAX,2022,7,JAX,NYG,40.0,45.58561487011
2022_07_IND_TEN,2022,7,TEN,IND,29.0,42.93569331832591
2022_07_GB_WAS,2022,7,WAS,GB,44.0,42.899940979459124
2022_07_NYJ_DEN,2022,7,DEN,NYJ,25.0,42.326077043564126
2022_07_HOU_LV,2022,7,LV,HOU,58.0,44.365425095325214
2022_07_SEA_LAC,2022,7,LAC,SEA,60.0,48.615666626841175
2022_07_KC_SF,2022,7,SF,KC,67.0,47.208863147632854
2022_07_PIT_MIA,2022,7,MIA,PIT,26.0,44.984465942174815
2022_07_CHI_NE,2022,7,NE,CHI,47.0,43.793462480237196
2022_08_BAL_TB,2022,8,TB,BAL,49.0,47.632504588398795
2022_08_DEN_JAX,2022,8,JAX,DEN,38.0,42.62094987555888
2022_08_CAR_ATL,2022,8,ATL,CAR,71.0,45.15204187019389
2022_08_CHI_DAL,2022,8,DAL,CHI,78.0,41.24545921582628
2022_08_MIA_DET,2022,8,DET,MIA,58.0,43.078496082441724
2022_08_ARI_MIN,2022,8,MIN,ARI,60.0,47.949220239085655
2022_08_LV_NO,2022,8,NO,LV,24.0,50.10298751982669
2022_08_NE_NYJ,2022,8,NYJ,NE,39.0,42.07722125507468
2022_08_PIT_PHI,2022,8,PHI,PIT,48.0,44.59867466003455
2022_08_TEN_HOU,2022,8,HOU,TEN,27.0,43.06630992342297
2022_08_WAS_IND,2022,8,IND,WAS,33.0,41.00922837625846
2022_08_SF_LA,2022,8,LA,SF,45.0,42.83005987240822
2022_08_NYG_SEA,2022,8,SEA,NYG,40.0,48.176305022367394
2022_08_GB_BUF,2022,8,BUF,GB,44.0,45.19679340143186
2022_08_CIN_CLE,2022,8,CLE,CIN,45.0,46.83301108074275
2022_09_PHI_HOU,2022,9,HOU,PHI,46.0,44.83896724838262
2022_09_LAC_ATL,2022,9,ATL,LAC,37.0,49.041091304104846
2022_09_MIA_CHI,2022,9,CHI,MIA,67.0,44.04268324034411
2022_09_CAR_CIN,2022,9,CIN,CAR,63.0,44.02215073310606
2022_09_GB_DET,2022,9,DET,GB,24.0,45.642322983880426
2022_09_LV_JAX,2022,9,JAX,LV,47.0,45.525571449826806
2022_09_IND_NE,2022,9,NE,IND,29.0,40.158714116912954
2022_09_BUF_NYJ,2022,9,NYJ,BUF,37.0,44.09940370127292
2022_09_MIN_WAS,2022,9,WAS,MIN,37.0,42.74614675810055
2022_09_SEA_ARI,2022,9,ARI,SEA,52.0,48.22128102356801
2022_09_LA_TB,2022,9,TB,LA,29.0,42.75995399269255
2022_09_TEN_KC,2022,9,KC,TEN,37.0,46.85806704340554
2022_09_BAL_NO,2022,9,NO,BAL,40.0,51.06907889460302
2022_10_ATL_CAR,2022,10,CAR,ATL,40.0,45.14995881217138
2022_10_SEA_TB,2022,10,TB,SEA,37.0,44.780678341483025
2022_10_MIN_BUF,2022,10,BUF,MIN,63.0,46.17229982839548
2022_10_DET_CHI,2022,10,CHI,DET,61.0,45.168919800163835
2022_10_JAX_KC,2022,10,KC,JAX,44.0,49.89185043789471
2022_10_CLE_MIA,2022,10,MIA,CLE,56.0,47.27751918994715
2022_10_HOU_NYG,2022,10,NYG,HOU,40.0,43.10471631539649
2022_10_NO_PIT,2022,10,PIT,NO,30.0,42.67686317843436
2022_10_DEN_TEN,2022,10,TEN,DEN,27.0,39.964141953938665
2022_10_IND_LV,2022,10,LV,IND,45.0,43.60466099616682
2022_10_DAL_GB,2022,10,GB,DAL,59.0,42.59385690528276
2022_10_ARI_LA,2022,10,LA,ARI,44.0,43.08648669622925
2022_10_LAC_SF,2022,10,SF,LAC,38.0,46.13957748872117
2022_10_WAS_PHI,2022,10,PHI,WAS,53.0,44.04669479258465
2022_11_TEN_GB,2022,11,GB,TEN,44.0,41.13762256982324
2022_11_CHI_ATL,2022,11,ATL,CHI,51.0,48.53443585639718
2022_11_CAR_BAL,2022,11,BAL,CAR,16.0,45.87419002738629
2022_11_CLE_BUF,2022,11,BUF,CLE,54.0,48.97036604254699
2022_11_WAS_HOU,2022,11,HOU,WAS,33.0,41.55114650720402
2022_11_PHI_IND,2022,11,IND,PHI,33.0,44.35316630416727
2022_11_NYJ_NE,2022,11,NE,NYJ,13.0,41.51984940921416
2022_11_LA_NO,2022,11,NO,LA,47.0,43.395061855874935
2022_11_DET_NYG,2022,11,NYG,DET,49.0,45.95401152717328
2022_11_LV_DEN,2022,11,DEN,LV,38.0,41.824254420742555
2022_11_DAL_MIN,2022,11,MIN,DAL,43.0,46.65506958730789
2022_11_CIN_PIT,2022,11,PIT,CIN,67.0,43.40466431151782
2022_11_KC_LAC,2022,11,LAC,KC,57.0,49.42130072995391
2022_11_SF_ARI,2022,11,ARI,SF,48.0,47.70764974889336
2022_12_BUF_DET,2022,12,DET,BUF,53.0,48.86033284838491
2022_12_NYG_DAL,2022,12,DAL,NYG,48.0,44.657566366268654
2022_12_NE_MIN,2022,12,MIN,NE,59.0,43.5705377181786
2022_12_DEN_CAR,2022,12,CAR,DEN,33.0,38.8562136383897
2022_12_TB_CLE,2022,12,CLE,TB,40.0,44.278353976511546
2022_12_BAL_JAX,2022,12,JAX,BAL,55.0,45.880239724392716
2022_12_HOU_MIA,2022,12,MIA,HOU,45.0,45.705387364759616
2022_12_CHI_NYJ,2022,12,NYJ,CHI,41.0,42.73506297717604
2022_12_CIN_TEN,2022,12,TEN,CIN,36.0,46.20116784498477
2022_12_ATL_WAS,2022,12,WAS,ATL,32.0,42.24796441218088
2022_12_LAC_ARI,2022,12,ARI,LAC,49.0,47.36813700644413
2022_12_LV_SEA,2022,12,SEA,LV,74.0,46.58199689354532
2022_12_LA_KC,2022,12,KC,LA,36.0,45.30239190333271
2022_12_NO_SF,2022,12,SF,NO,13.0,46.57846181858553
2022_12_GB_PHI,2022,12,PHI,GB,73.0,39.42118613372156
2022_12_PIT_IND,2022,12,IND,PIT,41.0,42.14941897277286
2022_13_BUF_NE,2022,13,NE,BUF,34.0,44.79527826190239
2022_13_PIT_ATL,2022,13,ATL,PIT,35.0,46.202060836683096
2022_13_DEN_BAL,2022,13,BAL,DEN,19.0,42.97064598655911
2022_13_GB_CHI,2022,13,CHI,GB,47.0,44.055337375408016
2022_13_JAX_DET,2022,13,DET,JAX,54.0,47.480207576841636
2022_13_CLE_HOU,2022,13,HOU,CLE,41.0,45.98596786547675
2022_13_NYJ_MIN,2022,13,MIN,NYJ,49.0,43.40330470022587
2022_13_WAS_NYG,2022,13,NYG,WAS,40.0,41.88926752251615
2022_13_TEN_PHI,2022,13,PHI,TEN,45.0,44.92060861504864
2022_13_SEA_LA,2022,13,LA,SEA,50.0,45.43115637736946
2022_13_MIA_SF,2022,13,SF,MIA,50.0,45.82847296613411
2022_13_KC_CIN,2022,13,CIN,KC,51.0,51.553804373460295
2022_13_LAC_LV,2022,13,LV,LAC,47.0,48.960054960932446
2022_13_IND_DAL,2022,13,DAL,IND,73.0,43.38799670788108
2022_13_NO_TB,2022,13,TB,NO,33.0,43.18995021709002
2022_14_LV_LA,2022,14,LA,LV,33.0,45.39095817735268
2022_14_NYJ_BUF,2022,14,BUF,NYJ,32.0,42.88609436222403
2022_14_CLE_CIN,2022,14,CIN,CLE,33.0,47.97348291928759
2022_14_HOU_DAL,2022,14,DAL,HOU,50.0,43.82101004703307
2022_14_MIN_DET,2022,14,DET,MIN,57.0,47.62468049942882
2022_14_PHI_NYG,2022,14,NYG,PHI,70.0,46.53383120086149
2022_14_BAL_PIT,2022,14,PIT,BAL,30.0,45.23204806747768
2022_14_JAX_TEN,2022,14,TEN,JAX,58.0,44.442589353215084
2022_14_KC_DEN,2022,14,DEN,KC,62.0,47.100225720805106
2022_14_CAR_SEA,2022,14,SEA,CAR,54.0,45.697906108903744
2022_14_TB_SF,2022,14,SF,TB,42.0,40.184971360789774
2022_14_MIA_LAC,2022,14,LAC,MIA,40.0,47.62351708790548
2022_14_NE_ARI,2022,14,ARI,NE,40.0,42.11918595676003
2022_15_SF_SEA,2022,15,SEA,SF,34.0,48.17516071194533
2022_15_IND_MIN,2022,15,MIN,IND,75.0,44.53191760267151
2022_15_BAL_CLE,2022,15,CLE,BAL,16.0,45.07112282829987
2022_15_MIA_BUF,2022,15,BUF,MIA,61.0,47.53151069994598
2022_15_PIT_CAR,2022,15,CAR,PIT,40.0,42.17361633214636
2022_15_PHI_CHI,2022,15,CHI,PHI,45.0,46.42510842698466
2022_15_KC_HOU,2022,15,HOU,KC,54.0,48.49361867561434
2022_15_DAL_JAX,2022,15,JAX,DAL,74.0,47.307133960836325
2022_15_ATL_NO,2022,15,NO,ATL,39.0,46.171904247775984
2022_15_DET_NYJ,2022,15,NYJ,DET,37.0,44.72688422645055
2022_15_ARI_DEN,2022,15,DEN,ARI,39.0,43.410113385120866
2022_15_NE_LV,2022,15,LV,NE,54.0,44.68013320608824
2022_15_TEN_LAC,2022,15,LAC,TEN,31.0,44.694217611569925
2022_15_CIN_TB,2022,15,TB,CIN,57.0,45.78725282737795
2022_15_NYG_WAS,2022,15,WAS,NYG,32.0,42.14771794956049
2022_15_LA_GB,2022,15,GB,LA,36.0,43.799912990859426
2022_16_JAX_NYJ,2022,16,NYJ,JAX,22.0,45.38316973398862
2022_16_ATL_BAL,2022,16,BAL,ATL,26.0,45.2894951708323
2022_16_DET_CAR,2022,16,CAR,DET,60.0,45.736876413012226
2022_16_BUF_CHI,2022,16,CHI,BUF,48.0,45.15328024151485
2022_16_NO_CLE,2022,16,CLE,NO,27.0,37.7671407874236
2022_16_SEA_KC,2022,16,KC,SEA,34.0,49.35652921403655
2022_16_NYG_MIN,2022,16,MIN,NYG,51.0,47.062901600641695
2022_16_CIN_NE,2022,16,NE,CIN,40.0,46.9834684406174
2022_16_HOU_TEN,2022,16,TEN,HOU,33.0,40.14646658474246
2022_16_WAS_SF,2022,16,SF,WAS,57.0,41.677316195685314
2022_16_PHI_DAL,2022,16,DAL,PHI,74.0,50.986806908474
2022_16_LV_PIT,2022,16,PIT,LV,23.0,44.71808989041631
2022_16_GB_MIA,2022,16,MIA,GB,46.0,44.56250118298602
2022_16_DEN_LA,2022,16,LA,DEN,65.0,40.83120280419969
2022_16_TB_ARI,2022,16,ARI,TB,35.0,42.35193081117174
2022_16_LAC_IND,2022,16,IND,LAC,23.0,44.86908828843328
2022_17_DAL_TEN,2022,17,TEN,DAL,40.0,44.81195050140801
2022_17_ARI_ATL,2022,17,ATL,ARI,39.0,44.23066259377074
2022_17_CHI_DET,2022,17,DET,CHI,51.0,46.840493658833466
2022_17_JAX_HOU,2022,17,HOU,JAX,34.0,46.181877419131666
2022_17_DEN_KC,2022,17,KC,DEN,51.0,44.16085878412727
2022_17_MIA_NE,2022,17,NE,MIA,44.0,44.795538328877704
2022_17_IND_NYG,2022,17,NYG,IND,48.0,41.734521535998006
2022_17_NO_PHI,2022,17,PHI,NO,30.0,45.40168068579466
2022_17_CAR_TB,2022,17,TB,CAR,54.0,42.28609607967589
2022_17_CLE_WAS,2022,17,WAS,CLE,34.0,41.63152696299076
2022_17_SF_LV,2022,17,LV,SF,71.0,45.88096368517449
2022_17_NYJ_SEA,2022,17,SEA,NYJ,29.0,42.932032495777364
2022_17_MIN_GB,2022,17,GB,MIN,58.0,46.37772379573167
2022_17_LA_LAC,2022,17,LAC,LA,41.0,43.916800074212915
2022_17_PIT_BAL,2022,17,BAL,PIT,29.0,43.44241983083393
2022_18_KC_LV,2022,18,LV,KC,44.0,50.301062477246916
2022_18_TEN_JAX,2022,18,JAX,TEN,36.0,43.05570726414192
2022_18_TB_ATL,2022,18,ATL,TB,47.0,43.05122971395444
2022_18_NE_BUF,2022,18,BUF,NE,58.0,43.68284330316969
2022_18_MIN_CHI,2022,18,CHI,MIN,42.0,45.00749174131665
2022_18_BAL_CIN,2022,18,CIN,BAL,43.0,45.31829780122162
2022_18_HOU_IND,2022,18,IND,HOU,63.0,41.98935778863591
2022_18_NYJ_MIA,2022,18,MIA,NYJ,17.0,42.28860930326278
2022_18_CAR_NO,2022,18,NO,CAR,17.0,43.215747674764565
2022_18_CLE_PIT,2022,18,PIT,CLE,42.0,43.86696565199258
2022_18_LAC_DEN,2022,18,DEN,LAC,59.0,43.95798153871789
2022_18_NYG_PHI,2022,18,PHI,NYG,38.0,46.737441088045124
2022_18_LA_SEA,2022,18,SEA,LA,35.0,43.582385986414536
2022_18_ARI_SF,2022,18,SF,ARI,51.0,43.598100949906765
2022_18_DAL_WAS,2022,18,WAS,DAL,32.0,44.13755606581598
2022_18_DET_GB,2022,18,GB,DET,36.0,47.97591672825073
2023_01_DET_KC,2023,1,KC,DET,41.0,52.28542048899795
2023_01_CAR_ATL,2023,1,ATL,CAR,34.0,44.5876070031849
2023_01_HOU_BAL,2023,1,BAL,HOU,34.0,42.94099824425808
2023_01_CIN_CLE,2023,1,CLE,CIN,27.0,46.806471362046075
2023_01_JAX_IND,2023,1,IND,JAX,52.0,44.44616098833004
2023_01_TB_MIN,2023,1,MIN,TB,37.0,44.16187681074735
2023_01_TEN_NO,2023,1,NO,TEN,31.0,41.76439158839007
2023_01_SF_PIT,2023,1,PIT,SF,37.0,46.42399499744807
2023_01_ARI_WAS,2023,1,WAS,ARI,36.0,42.26450887291377
2023_01_GB_CHI,2023,1,CHI,GB,58.0,44.62817068020434
2023_01_LV_DEN,2023,1,DEN,LV,33.0,44.26721402543826
2023_01_MIA_LAC,2023,1,LAC,MIA,70.0,46.536298533314756
2023_01_PHI_NE,2023,1,NE,PHI,45.0,45.55782843172711
2023_01_LA_SEA,2023,1,SEA,LA,43.0,43.31366998219628
2023_01_DAL_NYG,2023,1,NYG,DAL,40.0,46.47017124427491
2023_01_BUF_NYJ,2023,1,NYJ,BUF,38.0,44.65816062231442
2023_02_MIN_PHI,2023,2,PHI,MIN,62.0,40.06000277469308
2023_02_GB_ATL,2023,2,ATL,GB,49.0,43.86005452172523
2023_02_LV_BUF,2023,2,BUF,LV,48.0,44.27548019878604
2023_02_BAL_CIN,2023,2,CIN,BAL,51.0,40.926981954753
2023_02_SEA_DET,2023,2,DET,SEA,68.0,43.61334285222351
2023_02_IND_HOU,2023,2,HOU,IND,51.0,41.25870649447404
2023_02_KC_JAX,2023,2,JAX,KC,26.0,43.34428028080634
2023_02_CHI_TB,2023,2,TB,CHI,44.0,42.29114455116496
2023_02_LAC_TEN,2023,2,TEN,LAC,51.0,47.55353028176392
2023_02_NYG_ARI,2023,2,ARI,NYG,59.0,41.96847541737289
2023_02_SF_LA,2023,2,LA,SF,53.0,49.7526645930333
2023_02_NYJ_DAL,2023,2,DAL,NYJ,40.0,43.85777725986376
2023_02_WAS_DEN,2023,2,DEN,WAS,68.0,41.577867949835685
2023_02_MIA_NE,2023,2,NE,MIA,41.0,49.52933950930314
2023_02_NO_CAR,2023,2,CAR,NO,37.0,39.899743184200595
2023_02_CLE_PIT,2023,2,PIT,CLE,48.0,40.47685624547949
2023_03_NYG_SF,2023,3,SF,NYG,42.0,44.52635172492251
2023_03_IND_BAL,2023,3,BAL,IND,41.0,47.111008204170595
2023_03_TEN_CLE,2023,3,CLE,TEN,30.0,40.49561716632187
2023_03_ATL_DET,2023,3,DET,ATL,26.0,47.46071272944339
2023_03_NO_GB,2023,3,GB,NO,35.0,44.09143427648377
2023_03_HOU_JAX,2023,3,JAX,HOU,54.0,42.212685879041445
2023_03_DEN_MIA,2023,3,MIA,DEN,90.0,51.02735969510911
2023_03_LAC_MIN,2023,3,MIN,LAC,52.0,49.79157824739724
2023_03_NE_NYJ,2023,3,NYJ,NE,25.0,39.98753930709642
2023_03_BUF_WAS,2023,3,WAS,BUF,40.0,49.28191397234616
2023_03_CAR_SEA,2023,3,SEA,CAR,64.0,44.64547198305931
2023_03_DAL_ARI,2023,3,ARI,DAL,44.0,45.395349114275426
2023_03_CHI_KC,2023,3,KC,CHI,51.0,42.00786246343603
2023_03_PIT_LV,2023,3,LV,PIT,41.0,43.654248576229854
2023_03_PHI_TB,2023,3,TB,PHI,36.0,44.39288876905524
2023_03_LA_CIN,2023,3,CIN,LA,35.0,44.330090267930146
2023_04_DET_GB,2023,4,GB,DET,54.0,45.08930417778969
2023_04_ATL_JAX,2023,4,JAX,ATL,30.0,40.908258214884476
2023_04_MIA_BUF,2023,4,BUF,MIA,68.0,50.29728607145541
2023_04_MIN_CAR,2023,4,CAR,MIN,34.0,43.49531606105284
2023_04_DEN_CHI,2023,4,CHI,DEN,59.0,44.49871468089548
2023_04_BAL_CLE,2023,4,CLE,BAL,31.0,42.38409927142645
2023_04_PIT_HOU,2023,4,HOU,PIT,36.0,42.43580746924732
2023_04_LA_IND,2023,4,IND,LA,52.0,45.12454680342734
2023_04_TB_NO,2023,4,NO,TB,35.0,42.74267574787707
2023_04_WAS_PHI,2023,4,PHI,WAS,65.0,44.64669988811288
2023_04_CIN_TEN,2023,4,TEN,CIN,30.0,41.32551166905342
2023_04_LV_LAC,2023,4,LAC,LV,41.0,48.926487300071464
2023_04_NE_DAL,2023,4,DAL,NE,41.0,41.60148235780482
2023_04_ARI_SF,2023,4,SF,ARI,51.0,44.83094185104246
2023_04_KC_NYJ,2023,4,NYJ,KC,43.0,43.065259090466824
2023_04_SEA_NYG,2023,4,NYG,SEA,27.0,44.54403242659812
2023_05_CHI_WAS,2023,5,WAS,CHI,60.0,44.75998059564736
2023_05_JAX_BUF,2023,5,BUF,JAX,45.0,42.73554775495051
2023_05_HOU_ATL,2023,5,ATL,HOU,40.0,43.38573763515397
2023_05_CAR_DET,2023,5,DET,CAR,66.0,44.43755297837567
2023_05_TEN_IND,2023,5,IND,TEN,39.0,42.259409309807246
2023_05_NYG_MIA,2023,5,MIA,NYG,47.0,46.063113359460154
2023_05_NO_NE,2023,5,NE,NO,34.0,39.767264765890054
2023_05_BAL_PIT,2023,5,PIT,BAL,27.0,41.71215728632721
2023_05_CIN_ARI,2023,5,ARI,CIN,54.0,44.379743447371986
2023_05_PHI_LA,2023,5,LA,PHI,37.0,48.885260469444276
2023_05_NYJ_DEN,2023,5,DEN,NYJ,52.0,42.62401237468962
2023_05_KC_MIN,2023,5,MIN,KC,47.0,47.20877734184749
2023_05_DAL_SF,2023,5,SF,DAL,52.0,47.437230587509504
2023_05_GB_LV,2023,5,LV,GB,30.0,44.46258992667008
2023_06_DEN_KC,2023,6,KC,DEN,27.0,44.97996417986768
2023_06_BAL_TEN,2023,6,TEN,BAL,40.0,43.684517004638664
2023_06_WAS_ATL,2023,6,ATL,WAS,40.0,44.71286273567653
2023_06_MIN_CHI,2023,6,CHI,MIN,32.0,43.02250096590512
2023_06_SEA_CIN,2023,6,CIN,SEA,30.0,43.24705910594976
2023_06_SF_CLE,2023,6,CLE,SF,36.0,44.72763779497511
2023_06_NO_HOU,2023,6,HOU,NO,33.0,41.82332127677104
2023_06_IND_JAX,2023,6,JAX,IND,57.0,43.454527821059166
2023_06_CAR_MIA,2023,6,MIA,CAR,63.0,46.90243944532439
2023_06_NE_LV,2023,6,LV,NE,38.0,40.603486473323194
2023_06_ARI_LA,2023,6,LA,ARI,35.0,48.053932211942175
2023_06_PHI_NYJ,2023,6,NYJ,PHI,34.0,44.19591642962959
2023_06_DET_TB,2023,6,TB,DET,26.0,44.95057224458512
2023_06_NYG_BUF,2023,6,BUF,NYG,23.0,44.640449023159974
2023_06_DAL_LAC,2023,6,LAC,DAL,37.0,46.13918118766523
2023_07_JAX_NO,2023,7,NO,JAX,55.0,41.91175895857513
2023_07_DET_BAL,2023,7,BAL,DET,44.0,42.84953317304803
2023_07_LV_CHI,2023,7,CHI,LV,42.0,40.22924693244954
2023_07_CLE_IND,2023,7,IND,CLE,77.0,40.35240372208503
2023_07_BUF_NE,2023,7,NE,BUF,54.0,44.845936800996625
2023_07_WAS_NYG,2023,7,NYG,WAS,21.0,41.222265656711016
2023_07_ATL_TB,2023,7,TB,ATL,29.0,41.004009574006304
2023_07_PIT_LA,2023,7,LA,PIT,41.0,44.058554039141946
2023_07_ARI_SEA,2023,7,SEA,ARI,30.0,46.96143807662135
2023_07_GB_DEN,2023,7,DEN,GB,36.0,42.143440611550105
2023_07_LAC_KC,2023,7,KC,LAC,48.0,44.87157556991954
2023_07_MIA_PHI,2023,7,PHI,MIA,48.0,50.86385953875471
2023_07_SF_MIN,2023,7,MIN,SF,39.0,49.18857907451168
2023_08_TB_BUF,2023,8,BUF,TB,42.0,42.84921845775726
2023_08_HOU_CAR,2023,8,CAR,HOU,28.0,41.72094998272259
2023_08_LA_DAL,2023,8,DAL,LA,63.0,44.992921660003475
2023_08_MIN_GB,2023,8,GB,MIN,34.0,42.286446198305875
2023_08_NO_IND,2023,8,IND,NO,65.0,42.36635715171022
2023_08_NE_MIA,2023,8,MIA,NE,48.0,44.57296102406864
2023_08_NYJ_NYG,2023,8,NYG,NYJ,23.0,41.01675222684357
2023_08_JAX_PIT,2023,8,PIT,JAX,30.0,43.19788089336716
2023_08_ATL_TEN,2023,8,TEN,ATL,51.0,39.68194774665824
2023_08_PHI_WAS,2023,8,WAS,PHI,69.0,45.90054105277824
2023_08_CLE_SEA,2023,8,SEA,CLE,44.0,41.59330802176689
2023_08_BAL_ARI,2023,8,ARI,BAL,55.0,43.939324281815054
2023_08_KC_DEN,2023,8,DEN,KC,33.0,44.695041512186165
2023_08_CIN_SF,2023,8,SF,CIN,48.0,44.07152689434175
2023_08_CHI_LAC,2023,8,LAC,CHI,43.0,48.10386687021868
2023_08_LV_DET,2023,8,DET,LV,40.0,46.69140268962743
2023_09_TEN_PIT,2023,9,PIT,TEN,36.0,41.9466841736545
2023_09_MIA_KC,2023,9,KC,MIA,35.0,47.87385726697223
2023_09_MIN_ATL,2023,9,ATL,MIN,59.0,43.03969423744983
2023_09_SEA_BAL,2023,9,BAL,SEA,40.0,45.565849601245226
2023_09_ARI_CLE,2023,9,CLE,ARI,27.0,42.425852653964135
2023_09_LA_GB,2023,9,GB,LA,23.0,42.74280984030589
2023_09_TB_HOU,2023,9,HOU,TB,76.0,43.41296426516137
2023_09_WAS_NE,2023,9,NE,WAS,37.0,43.42285836116523
2023_09_CHI_NO,2023,9,NO,CHI,41.0,44.33370932383639
2023_09_IND_CAR,2023,9,CAR,IND,40.0,44.548844653766146
2023_09_NYG_LV,2023,9,LV,NYG,36.0,40.55551316394014
2023_09_DAL_PHI,2023,9,PHI,DAL,51.0,46.710205905452625
2023_09_BUF_CIN,2023,9,CIN,BUF,42.0,46.981228632126424
2023_09_LAC_NYJ,2023,9,NYJ,LAC,33.0,44.99582496379555
2023_10_CAR_CHI,2023,10,CHI,CAR,29.0,40.9745761532048
2023_10_IND_NE,2023,10,NE,IND,16.0,44.63876146945598
2023_10_CLE_BAL,2023,10,BAL,CLE,64.0,39.69315248106238
2023_10_HOU_CIN,2023,10,CIN,HOU,57.0,44.17199900574879
2023_10_SF_JAX,2023,10,JAX,SF,37.0,45.943410749261304
2023_10_NO_MIN,2023,10,MIN,NO,46.0,43.56202268631164
2023_10_GB_PIT,2023,10,PIT,GB,42.0,42.44370472765723
2023_10_TEN_TB,2023,10,TB,TEN,26.0,43.00781509278409
2023_10_ATL_ARI,2023,10,ARI,ATL,48.0,41.815419313059245
2023_10_DET_LAC,2023,10,LAC,DET,79.0,46.66321775854863
2023_10_NYG_DAL,2023,10,DAL,NYG,66.0,42.86901467474358
2023_10_WAS_SEA,2023,10,SEA,WAS,55.0,43.42601311451976
2023_10_NYJ_LV,2023,10,LV,NYJ,28.0,39.943538960567025
2023_10_DEN_BUF,2023,10,BUF,DEN,46.0,44.83539601154616
2023_11_CIN_BAL,2023,11,BAL,CIN,54.0,42.20450995381606
2023_11_DAL_CAR,2023,11,CAR,DAL,43.0,44.36553454231
2023_11_PIT_CLE,2023,11,CLE,PIT,23.0,40.69037128610038
2023_11_CHI_DET,2023,11,DET,CHI,57.0,47.712860697124945
2023_11_LAC_GB,2023,11,GB,LAC,43.0,45.71090293973012
2023_11_ARI_HOU,2023,11,HOU,ARI,37.0,44.85577850727886
2023_11_TEN_JAX,2023,11,JAX,TEN,48.0,41.51470380158339
2023_11_LV_MIA,2023,11,MIA,LV,33.0,45.25957287902526
2023_11_NYG_WAS,2023,11,WAS,NYG,50.0,39.58512550146071
2023_11_TB_SF,2023,11,SF,TB,41.0,42.05320021849555
2023_11_NYJ_BUF,2023,11,BUF,NYJ,38.0,43.0997290254163
2023_11_SEA_LA,2023,11,LA,SEA,33.0,43.54279111686758
2023_11_MIN_DEN,2023,11,DEN,MIN,41.0,44.210977914876274
2023_11_PHI_KC,2023,11,KC,PHI,38.0,46.09192054962077
2023_12_GB_DET,2023,12,DET,GB,51.0,45.92256230021663
2023_12_WAS_DAL,2023,12,DAL,WAS,55.0,45.71467434633473
2023_12_SF_SEA,2023,12,SEA,SF,44.0,46.95522196523481
2023_12_MIA_NYJ,2023,12,NYJ,MIA,47.0,42.13748312025969
2023_12_NO_ATL,2023,12,ATL,NO,39.0,43.70032513287329
2023_12_PIT_CIN,2023,12,CIN,PIT,26.0,41.21227449467298
2023_12_JAX_HOU,2023,12,HOU,JAX,45.0,43.4511061747711
2023_12_TB_IND,2023,12,IND,TB,47.0,44.42620541908205
2023_12_NE_NYG,2023,12,NYG,NE,17.0,41.736571480555945
2023_12_CAR_TEN,2023,12,TEN,CAR,27.0,40.344308599823464
2023_12_LA_ARI,2023,12,ARI,LA,51.0,42.50549122512719
2023_12_CLE_DEN,2023,12,DEN,CLE,41.0,41.19602185614441
2023_12_KC_LV,2023,12,LV,KC,48.0,40.80187373320564
2023_12_BUF_PHI,2023,12,PHI,BUF,71.0,50.151070112925275
2023_12_BAL_LAC,2023,12,LAC,BAL,30.0,49.20933665370655
2023_12_CHI_MIN,2023,12,MIN,CHI,22.0,45.6113991171953
2023_13_SEA_DAL,2023,13,DAL,SEA,76.0,45.9758689344237
2023_13_DEN_HOU,2023,13,HOU,DEN,39.0,46.39761324587237
2023_13_LAC_NE,2023,13,NE,LAC,6.0,41.915020790431754
2023_13_DET_NO,2023,13,NO,DET,61.0,47.2811294124698
2023_13_ATL_NYJ,2023,13,NYJ,ATL,21.0,40.019739728186195
2023_13_ARI_PIT,2023,13,PIT,ARI,34.0,41.46567588565202
2023_13_IND_TEN,2023,13,TEN,IND,59.0,41.846228256317296
2023_13_MIA_WAS,2023,13,WAS,MIA,60.0,44.50629044323496
2023_13_CAR_TB,2023,13,TB,CAR,39.0,40.401252522187086
2023_13_CLE_LA,2023,13,LA,CLE,55.0,42.36400043988296
2023_13_SF_PHI,2023,13,PHI,SF,61.0,45.89261098698433
2023_13_KC_GB,2023,13,GB,KC,46.0,43.125537282943874
2023_13_CIN_JAX,2023,13,JAX,CIN,65.0,43.599295116282256
2023_14_NE_PIT,2023,14,PIT,NE,39.0,40.67612696084234
2023_14_TB_ATL,2023,14,ATL,TB,54.0,42.15587610071403
2023_14_LA_BAL,2023,14,BAL,LA,68.0,43.84545384114415
2023_14_DET_CHI,2023,14,CHI,DET,41.0,45.30696051299545
2023_14_IND_CIN,2023,14,CIN,IND,48.0,42.89919183256319
2023_14_JAX_CLE,2023,14,CLE,JAX,58.0,42.00022536327561
2023_14_CAR_NO,2023,14,NO,CAR,34.0,42.48001525075934
2023_14_HOU_NYJ,2023,14,NYJ,HOU,36.0,41.25586654083283
2023_14_MIN_LV,2023,14,LV,MIN,3.0,42.3417443979039
2023_14_SEA_SF,2023,14,SF,SEA,44.0,45.439618380812526
2023_14_BUF_KC,2023,14,KC,BUF,37.0,47.27789468647215
2023_14_DEN_LAC,2023,14,LAC,DEN,31.0,45.78750192720879
2023_14_PHI_DAL,2023,14,DAL,PHI,46.0,50.66775171370611
2023_14_TEN_MIA,2023,14,MIA,TEN,55.0,42.648236986070444
2023_14_GB_NYG,2023,14,NYG,GB,46.0,43.150653414707925
2023_15_LAC_LV,2023,15,LV,LAC,84.0,41.89753530760937
2023_15_MIN_CIN,2023,15,CIN,MIN,51.0,43.245721295082326
2023_15_PIT_IND,2023,15,IND,PIT,43.0,43.88224566680178
2023_15_DEN_DET,2023,15,DET,DEN,59.0,46.02441957250342
2023_15_ATL_CAR,2023,15,CAR,ATL,16.0,39.42867364961669
2023_15_CHI_CLE,2023,15,CLE,CHI,37.0,40.88779618974535
2023_15_TB_GB,2023,15,GB,TB,54.0,43.2301037445194
2023_15_NYJ_MIA,2023,15,MIA,NYJ,30.0,41.44274231568045
2023_15_KC_NE,2023,15,NE,KC,44.0,41.24292062685556
2023_15_NYG_NO,2023,15,NO,NYG,30.0,42.01903647386878
2023_15_HOU_TEN,2023,15,TEN,HOU,35.0,40.551006552622965
2023_15_SF_ARI,2023,15,ARI,SF,74.0,47.61866821609328
2023_15_WAS_LA,2023,15,LA,WAS,48.0,45.93456055353556
2023_15_DAL_BUF,2023,15,BUF,DAL,41.0,49.295158050537154
2023_15_BAL_JAX,2023,15,JAX,BAL,30.0,46.44747495294273
2023_15_PHI_SEA,2023,15,SEA,PHI,37.0,47.581031760287715
2023_16_NO_LA,2023,16,LA,NO,52.0,45.57231211918255
2023_16_CIN_PIT,2023,16,PIT,CIN,45.0,43.47832219872103
2023_16_BUF_LAC,2023,16,LAC,BUF,46.0,44.03137553058509
2023_16_IND_ATL,2023,16,ATL,IND,39.0,42.86117834961375
2023_16_GB_CAR,2023,16,CAR,GB,63.0,44.02452925794933
2023_16_CLE_HOU,2023,16,HOU,CLE,58.0,41.37835774773557
2023_16_DET_MIN,2023,16,MIN,DET,54.0,45.314700411207056
2023_16_WAS_NYJ,2023,16,NYJ,WAS,58.0,42.16194819683504
2023_16_SEA_TEN,2023,16,TEN,SEA,37.0,43.55908706049683
2023_16_JAX_TB,2023,16,TB,JAX,42.0,42.58490985683176
2023_16_ARI_CHI,2023,16,CHI,ARI,43.0,42.1046238628862
2023_16_DAL_MIA,2023,16,MIA,DAL,42.0,49.44260026040793
2023_16_NE_DEN,2023,16,DEN,NE,49.0,39.01155521265027
2023_16_LV_KC,2023,16,KC,LV,34.0,41.66653164133771
2023_16_NYG_PHI,2023,16,PHI,NYG,58.0,43.07578559157555
2023_16_BAL_SF,2023,16,SF,BAL,52.0,50.88908400494134
2023_17_NYJ_CLE,2023,17,CLE,NYJ,57.0,40.109127304106764
2023_17_DET_DAL,2023,17,DAL,DET,39.0,49.4810500726588
2023_17_MIA_BAL,2023,17,BAL,MIA,75.0,44.718863060879116
2023_17_NE_BUF,2023,17,BUF,NE,48.0,43.39701037256626
2023_17_ATL_CHI,2023,17,CHI,ATL,54.0,39.31971402586287
2023_17_TEN_HOU,2023,17,HOU,TEN,29.0,42.76843191281539
2023_17_LV_IND,2023,17,IND,LV,43.0,42.62509081406325
2023_17_CAR_JAX,2023,17,JAX,CAR,26.0,41.13045661110029
2023_17_LA_NYG,2023,17,NYG,LA,51.0,42.75897298743
2023_17_ARI_PHI,2023,17,PHI,ARI,66.0,45.879632231831984
2023_17_NO_TB,2023,17,TB,NO,36.0,43.15650194475553
2023_17_SF_WAS,2023,17,WAS,SF,37.0,46.4275953064908
2023_17_PIT_SEA,2023,17,SEA,PIT,53.0,41.696415016972644
2023_17_LAC_DEN,2023,17,DEN,LAC,25.0,43.30713861885141
2023_17_CIN_KC,2023,17,KC,CIN,42.0,43.625931223560876
2023_17_GB_MIN,2023,17,MIN,GB,43.0,44.32269571716408
2023_18_PIT_BAL,2023,18,BAL,PIT,27.0,42.062185419334384
2023_18_HOU_IND,2023,18,IND,HOU,42.0,43.43696848140136
2023_18_TB_CAR,2023,18,CAR,TB,9.0,39.28681997025329
2023_18_CLE_CIN,2023,18,CIN,CLE,45.0,41.63399233536702
2023_18_MIN_DET,2023,18,DET,MIN,50.0,45.73143558443402
2023_18_NYJ_NE,2023,18,NE,NYJ,20.0,39.071422966780624
2023_18_ATL_NO,2023,18,NO,ATL,65.0,42.01083724434332
2023_18_JAX_TEN,2023,18,TEN,JAX,48.0,39.75261807733765
2023_18_SEA_ARI,2023,18,ARI,SEA,41.0,45.76060091851607
2023_18_CHI_GB,2023,18,GB,CHI,26.0,43.596777446549694
2023_18_KC_LAC,2023,18,LAC,KC,25.0,42.59401135327321
2023_18_DEN_LV,2023,18,LV,DEN,41.0,42.350562105058344
2023_18_PHI_NYG,2023,18,NYG,PHI,37.0,45.789583622624676
2023_18_LA_SF,2023,18,SF,LA,41.0,45.82904913657492
2023_18_DAL_WAS,2023,18,WAS,DAL,48.0,44.571434749935655
2023_18_BUF_MIA,2023,18,MIA,BUF,35.0,48.220482439237486
2024_01_BAL_KC,2024,1,KC,BAL,47.0,45.747799807541355
2024_01_GB_PHI,2024,1,PHI,GB,63.0,47.69178217982651
2024_01_PIT_ATL,2024,1,ATL,PIT,28.0,41.925281305849424
2024_01_ARI_BUF,2024,1,BUF,ARI,62.0,42.90810983077884
2024_01_TEN_CHI,2024,1,CHI,TEN,41.0,41.015418354701765
2024_01_NE_CIN,2024,1,CIN,NE,26.0,41.8831622887433
2024_01_HOU_IND,2024,1,IND,HOU,56.0,44.562728557859835
2024_01_JAX_MIA,2024,1,MIA,JAX,37.0,45.99437281861146
2024_01_CAR_NO,2024,1,NO,CAR,57.0,43.405500098988405
2024_01_MIN_NYG,2024,1,NYG,MIN,34.0,41.012494261586475
2024_01_LV_LAC,2024,1,LAC,LV,32.0,41.84636019630514
2024_01_DEN_SEA,2024,1,SEA,DEN,46.0,42.86862972522009
2024_01_DAL_CLE,2024,1,CLE,DAL,50.0,44.33403588729822
2024_01_WAS_TB,2024,1,TB,WAS,57.0,43.03495918940528
2024_01_LA_DET,2024,1,DET,LA,46.0,47.76649194001267
2024_01_NYJ_SF,2024,1,SF,NYJ,51.0,43.47666695734088
2024_02_BUF_MIA,2024,2,MIA,BUF,41.0,46.77666243741865
2024_02_LV_BAL,2024,2,BAL,LV,49.0,41.962436983459305
2024_02_LAC_CAR,2024,2,CAR,LAC,29.0,38.9337698820924
2024_02_NO_DAL,2024,2,DAL,NO,63.0,49.079853959176496
2024_02_TB_DET,2024,2,DET,TB,36.0,51.36965533769004
2024_02_IND_GB,2024,2,GB,IND,26.0,49.19766321922429
2024_02_CLE_JAX,2024,2,JAX,CLE,31.0,40.35352222858433
2024_02_SF_MIN,2024,2,MIN,SF,40.0,46.73043273585154
2024_02_SEA_NE,2024,2,NE,SEA,43.0,41.994843525126484
2024_02_NYJ_TEN,2024,2,TEN,NYJ,41.0,43.06930218058592
2024_02_NYG_WAS,2024,2,WAS,NYG,39.0,43.94924593757044
2024_02_LA_ARI,2024,2,ARI,LA,51.0,48.386400667463086
2024_02_PIT_DEN,2024,2,DEN,PIT,19.0,40.989985964478414
2024_02_CIN_KC,2024,2,KC,CIN,51.0,44.23909368664786
2024_02_CHI_HOU,2024,2,HOU,CHI,32.0,45.70060303792353
2024_02_ATL_PHI,2024,2,PHI,ATL,43.0,46.87170236563064
2024_03_NE_NYJ,2024,3,NYJ,NE,27.0,44.265201062397004
2024_03_NYG_CLE,2024,3,CLE,NYG,36.0,44.28608705965155
2024_03_CHI_IND,2024,3,IND,CHI,37.0,40.76160907767371
2024_03_HOU_MIN,2024,3,MIN,HOU,41.0,43.93650667978487
2024_03_PHI_NO,2024,3,NO,PHI,27.0,51.07343999277835
2024_03_LAC_PIT,2024,3,PIT,LAC,30.0,40.4219483688368
2024_03_DEN_TB,2024,3,TB,DEN,33.0,43.5821006482854
2024_03_GB_TEN,2024,3,TEN,GB,44.0,41.33112694268478
2024_03_CAR_LV,2024,3,LV,CAR,58.0,42.82094273210235
2024_03_MIA_SEA,2024,3,SEA,MIA,27.0,44.45280536389095
2024_03_DET_ARI,2024,3,ARI,DET,33.0,49.30093518848998
2024_03_BAL_DAL,2024,3,DAL,BAL,53.0,47.60387621474294
2024_03_SF_LA,2024,3,LA,SF,51.0,44.87358501905131
2024_03_KC_ATL,2024,3,ATL,KC,39.0,46.183299801761315
2024_03_JAX_BUF,2024,3,BUF,JAX,57.0,45.15934741178306
2024_03_WAS_CIN,2024,3,CIN,WAS,71.0,45.22121908580058
2024_04_DAL_NYG,2024,4,NYG,DAL,35.0,43.986512742092614
2024_04_NO_ATL,2024,4,ATL,NO,50.0,43.774850229287196
2024_04_CIN_CAR,2024,4,CAR,CIN,58.0,47.37600683469258
2024_04_LA_CHI,2024,4,CHI,LA,42.0,43.06355416325517
2024_04_MIN_GB,2024,4,GB,MIN,60.0,43.79237858628996
2024_04_JAX_HOU,2024,4,HOU,JAX,44.0,41.91527526538543
2024_04_PIT_IND,2024,4,IND,PIT,51.0,40.66182842719525
2024_04_DEN_NYJ,2024,4,NYJ,DEN,19.0,41.74442257594184
2024_04_PHI_TB,2024,4,TB,PHI,49.0,44.130098282707884
2024_04_WAS_ARI,2024,4,ARI,WAS,56.0,49.83780190764097
2024_04_NE_SF,2024,4,SF,NE,43.0,45.72109182154434
2024_04_KC_LAC,2024,4,LAC,KC,27.0,43.245139099725364
2024_04_CLE_LV,2024,4,LV,CLE,36.0,42.243148974186006
2024_04_BUF_BAL,2024,4,BAL,BUF,45.0,49.735378567516335
2024_04_TEN_MIA,2024,4,MIA,TEN,43.0,39.468649874568776
2024_04_SEA_DET,2024,4,DET,SEA,71.0,44.950020170667486
2024_05_TB_ATL,2024,5,ATL,TB,66.0,45.096893435084866
2024_05_NYJ_MIN,2024,5,MIN,NYJ,40.0,41.737364793240474
2024_05_CAR_CHI,2024,5,CHI,CAR,46.0,41.75371223029187
2024_05_BAL_CIN,2024,5,CIN,BAL,79.0,47.98735080584575
2024_05_BUF_HOU,2024,5,HOU,BUF,43.0,46.960769202171456
2024_05_IND_JAX,2024,5,JAX,IND,71.0,44.2287692287415
2024_05_MIA_NE,2024,5,NE,MIA,25.0,41.54385564546077
2024_05_CLE_WAS,2024,5,WAS,CLE,47.0,45.905339292720925
2024_05_LV_DEN,2024,5,DEN,LV,52.0,39.892817321470645
2024_05_ARI_SF,2024,5,SF,ARI,47.0,46.831230389010386
2024_05_GB_LA,2024,5,LA,GB,43.0,46.28629339947401
2024_05_NYG_SEA,2024,5,SEA,NYG,49.0,44.99942925390713
2024_05_DAL_PIT,2024,5,PIT,DAL,37.0,44.281276915220246
2024_05_NO_KC,2024,5,KC,NO,39.0,47.677909698284594
2024_06_SF_SEA,2024,6,SEA,SF,60.0,45.52597215359225
2024_06_JAX_CHI,2024,6,CHI,JAX,51.0,43.120339359902644
2024_06_WAS_BAL,2024,6,BAL,WAS,53.0,52.1530139968256
2024_06_ARI_GB,2024,6,GB,ARI,47.0,48.14126836470155
2024_06_HOU_NE,2024,6,NE,HOU,62.0,42.228797738992945
2024_06_TB_NO,2024,6,NO,TB,78.0,46.380063677552236
2024_06_CLE_PHI,2024,6,PHI,CLE,36.0,41.07534354835275
2024_06_IND_TEN,2024,6,TEN,IND,37.0,41.9311948462625
2024_06_LAC_DEN,2024,6,DEN,LAC,39.0,39.127839902005064
2024_06_PIT_LV,2024,6,LV,PIT,45.0,43.1359707894473
2024_06_ATL_CAR,2024,6,CAR,ATL,58.0,42.77405925029175
2024_06_DET_DAL,2024,6,DAL,DET,56.0,48.72235716832987
2024_06_CIN_NYG,2024,6,NYG,CIN,24.0,48.44244108699521
2024_06_BUF_NYJ,2024,6,NYJ,BUF,43.0,41.73187742472993
2024_07_DEN_NO,2024,7,NO,DEN,43.0,43.54723141518072
2024_07_NE_JAX,2024,7,JAX,NE,48.0,42.22978105513729
2024_07_SEA_ATL,2024,7,ATL,SEA,48.0,48.734622304927
2024_07_TEN_BUF,2024,7,BUF,TEN,44.0,44.22188118402704
2024_07_CIN_CLE,2024,7,CLE,CIN,35.0,45.22621131681073
2024_07_HOU_GB,2024,7,GB,HOU,46.0,44.51959277502646
2024_07_MIA_IND,2024,7,IND,MIA,26.0,43.09629974242719
2024_07_DET_MIN,2024,7,MIN,DET,60.0,46.96150359887828
2024_07_PHI_NYG,2024,7,NYG,PHI,31.0,43.564156431022035
2024_07_LV_LA,2024,7,LA,LV,35.0,43.357014469298555
2024_07_CAR_WAS,2024,7,WAS,CAR,47.0,47.597660632360636
2024_07_KC_SF,2024,7,SF,KC,46.0,48.90556390902153
2024_07_NYJ_PIT,2024,7,PIT,NYJ,52.0,42.10199578327264
2024_07_BAL_TB,2024,7,TB,BAL,72.0,50.796899739272014
2024_07_LAC_ARI,2024,7,ARI,LAC,32.0,43.24032703593402
2024_08_MIN_LA,2024,8,LA,MIN,50.0,45.64203414337461
2024_08_PHI_CIN,2024,8,CIN,PHI,54.0,47.90878803766427
2024_08_BAL_CLE,2024,8,CLE,BAL,53.0,46.40122274003376
2024_08_TEN_DET,2024,8,DET,TEN,66.0,45.46366845762837
2024_08_IND_HOU,2024,8,HOU,IND,43.0,44.571249415469815
2024_08_GB_JAX,2024,8,JAX,GB,57.0,46.63028671543332
2024_08_ARI_MIA,2024,8,MIA,ARI,55.0,43.757997012284534
2024_08_NYJ_NE,2024,8,NE,NYJ,47.0,40.41427300312179
2024_08_ATL_TB,2024,8,TB,ATL,57.0,48.69219562608606
2024_08_NO_LAC,2024,8,LAC,NO,34.0,45.07609275223109
2024_08_BUF_SEA,2024,8,SEA,BUF,41.0,48.82476834504029
2024_08_CAR_DEN,2024,8,DEN,CAR,42.0,42.337110252300036
2024_08_KC_LV,2024,8,LV,KC,47.0,42.53018905181248
2024_08_CHI_WAS,2024,8,WAS,CHI,33.0,47.15178993079749
2024_08_DAL_SF,2024,8,SF,DAL,54.0,44.91549135232801
2024_08_NYG_PIT,2024,8,PIT,NYG,44.0,42.976374963674985
2024_09_HOU_NYJ,2024,9,NYJ,HOU,34.0,41.39273854409566
2024_09_DAL_ATL,2024,9,ATL,DAL,48.0,47.615138342009644
2024_09_DEN_BAL,2024,9,BAL,DEN,51.0,46.41946977951643
2024_09_MIA_BUF,2024,9,BUF,MIA,57.0,43.88496522223366
2024_09_NO_CAR,2024,9,CAR,NO,45.0,41.6335972349753
2024_09_LV_CIN,2024,9,CIN,LV,65.0,43.862422913023025
2024_09_LAC_CLE,2024,9,CLE,LAC,37.0,40.195900255203945
2024_09_WAS_NYG,2024,9,NYG,WAS,49.0,46.429589283447896
2024_09_NE_TEN,2024,9,TEN,NE,37.0,41.59049272885523
2024_09_CHI_ARI,2024,9,ARI,CHI,38.0,46.771222696440255
2024_09_JAX_PHI,2024,9,PHI,JAX,51.0,47.09677638170074
2024_09_DET_GB,2024,9,GB,DET,38.0,48.482428630376994
2024_09_LA_SEA,2024,9,SEA,LA,46.0,46.42984131143686
2024_09_IND_MIN,2024,9,MIN,IND,34.0,44.6507332515508
2024_09_TB_KC,2024,9,KC,TB,54.0,48.552943687126366
2024_10_CIN_BAL,2024,10,BAL,CIN,69.0,50.628450190693094
2024_10_NYG_CAR,2024,10,CAR,NYG,37.0,42.9903267213209
2024_10_NE_CHI,2024,10,CHI,NE,22.0,42.83804531701514
2024_10_BUF_IND,2024,10,IND,BUF,50.0,45.9071227540478
2024_10_MIN_JAX,2024,10,JAX,MIN,19.0,44.75142335624243
2024_10_DEN_KC,2024,10,KC,DEN,30.0,43.54004628749202
2024_10_ATL_NO,2024,10,NO,ATL,37.0,45.6073214472505
2024_10_SF_TB,2024,10,TB,SF,43.0,49.83858728762936
2024_10_PIT_WAS,2024,10,WAS,PIT,55.0,46.82084381849577
2024_10_TEN_LAC,2024,10,LAC,TEN,44.0,41.610051941807576
2024_10_NYJ_ARI,2024,10,ARI,NYJ,37.0,46.011556168928564
2024_10_PHI_DAL,2024,10,DAL,PHI,40.0,45.33034157412407
2024_10_DET_HOU,2024,10,HOU,DET,49.0,46.53393808181167
2024_10_MIA_LA,2024,10,LA,MIA,38.0,44.614798001949836
2024_11_WAS_PHI,2024,11,PHI,WAS,44.0,46.392370456546416
2024_11_GB_CHI,2024,11,CHI,GB,39.0,42.41235334911896
2024_11_JAX_DET,2024,11,DET,JAX,58.0,46.207343328552625
2024_11_LV_MIA,2024,11,MIA,LV,53.0,40.894587843212975
2024_11_LA_NE,2024,11,NE,LA,50.0,41.67210385290968
2024_11_CLE_NO,2024,11,NO,CLE,49.0,43.09439326512201
2024_11_IND_NYJ,2024,11,NYJ,IND,55.0,41.634463364450326
2024_11_BAL_PIT,2024,11,PIT,BAL,34.0,47.180655595347545
2024_11_MIN_TEN,2024,11,TEN,MIN,36.0,41.41698694148848
2024_11_ATL_DEN,2024,11,DEN,ATL,44.0,44.18844999593599
2024_11_SEA_SF,2024,11,SF,SEA,37.0,47.481220716978605
2024_11_KC_BUF,2024,11,BUF,KC,51.0,48.00333057450483
2024_11_CIN_LAC,2024,11,LAC,CIN,61.0,47.20952467689773
2024_11_HOU_DAL,2024,11,DAL,HOU,44.0,42.86402961638306
2024_12_PIT_CLE,2024,12,CLE,PIT,43.0,40.85636553888007
2024_12_KC_CAR,2024,12,CAR,KC,57.0,45.285863066687575
2024_12_MIN_CHI,2024,12,CHI,MIN,57.0,42.32325305305942
2024_12_TEN_HOU,2024,12,HOU,TEN,59.0,42.9352113400667
2024_12_DET_IND,2024,12,IND,DET,30.0,47.98078064975684
2024_12_NE_MIA,2024,12,MIA,NE,49.0,43.2428536969967
2024_12_TB_NYG,2024,12,NYG,TB,37.0,45.54486104156422
2024_12_DAL_WAS,2024,12,WAS,DAL,60.0,45.60190197060756
2024_12_DEN_LV,2024,12,LV,DEN,48.0,43.65983319734067
2024_12_SF_GB,2024,12,GB,SF,48.0,46.17203708851958
2024_12_ARI_SEA,2024,12,SEA,ARI,22.0,46.12215864745478
2024_12_PHI_LA,2024,12,LA,PHI,57.0,47.475601582021646
2024_12_BAL_LAC,2024,12,LAC,BAL,53.0,47.56956824752611
2024_13_CHI_DET,2024,13,DET,CHI,43.0,43.762266379163634
2024_13_NYG_DAL,2024,13,DAL,NYG,47.0,44.236167290841706
2024_13_MIA_GB,2024,13,GB,MIA,47.0,44.33028162296612
2024_13_LV_KC,2024,13,KC,LV,36.0,45.24564702181207
2024_13_LAC_ATL,2024,13,ATL,LAC,30.0,46.67980045499603
2024_13_PIT_CIN,2024,13,CIN,PIT,82.0,44.15504866441525
2024_13_HOU_JAX,2024,13,JAX,HOU,43.0,43.44861633989057
2024_13_ARI_MIN,2024,13,MIN,ARI,45.0,44.69774578435979
2024_13_IND_NE,2024,13,NE,IND,49.0,40.52608407367366
2024_13_SEA_NYJ,2024,13,NYJ,SEA,47.0,43.062150870607496
2024_13_TEN_WAS,2024,13,WAS,TEN,61.0,45.00946353169756
2024_13_TB_CAR,2024,13,CAR,TB,49.0,45.66873061358936
2024_13_LA_NO,2024,13,NO,LA,35.0,47.170795006282624
2024_13_PHI_BAL,2024,13,BAL,PHI,43.0,50.497510547439084
2024_13_SF_BUF,2024,13,BUF,SF,45.0,47.38334031639349
2024_13_CLE_DEN,2024,13,DEN,CLE,73.0,42.88348692702814
2024_14_GB_DET,2024,14,DET,GB,65.0,48.26322056203508
2024_14_NYJ_MIA,2024,14,MIA,NYJ,58.0,41.81431559283215
2024_14_ATL_MIN,2024,14,MIN,ATL,63.0,46.3084777566949
2024_14_NO_NYG,2024,14,NYG,NO,25.0,41.609528991621424
2024_14_CAR_PHI,2024,14,PHI,CAR,38.0,42.51460122413238
2024_14_CLE_PIT,2024,14,PIT,CLE,41.0,42.69698591940847
2024_14_LV_TB,2024,14,TB,LV,41.0,46.684107816383666
2024_14_JAX_TEN,2024,14,TEN,JAX,16.0,41.7124669590592
2024_14_SEA_ARI,2024,14,ARI,SEA,48.0,45.6057784248732
2024_14_BUF_LA,2024,14,LA,BUF,86.0,47.74105727046126
2024_14_CHI_SF,2024,14,SF,CHI,51.0,43.42943473115773
2024_14_LAC_KC,2024,14,KC,LAC,36.0,42.26141061027433
2024_14_CIN_DAL,2024,14,DAL,CIN,47.0,48.1028248225316
2024_15_LA_SF,2024,15,SF,LA,18.0,47.115242312037175
2024_15_DAL_CAR,2024,15,CAR,DAL,44.0,41.11504593978894
2024_15_KC_CLE,2024,15,CLE,KC,28.0,44.36138911993414
2024_15_MIA_HOU,2024,15,HOU,MIA,32.0,45.825931970982246
2024_15_NYJ_JAX,2024,15,JAX,NYJ,57.0,43.026057913035544
2024_15_WAS_NO,2024,15,NO,WAS,39.0,47.32142568231807
2024_15_BAL_NYG,2024,15,NYG,BAL,49.0,45.708227797347504
2024_15_CIN_TEN,2024,15,TEN,CIN,64.0,45.82852592126963
2024_15_NE_ARI,2024,15,ARI,NE,47.0,46.19655340778108
2024_15_IND_DEN,2024,15,DEN,IND,44.0,41.84893765640261
2024_15_BUF_DET,2024,15,DET,BUF,90.0,50.46095964357055
2024_15_TB_LAC,2024,15,LAC,TB,57.0,47.25838313665185
2024_15_PIT_PHI,2024,15,PHI,PIT,40.0,45.7005009913981
2024_15_GB_SEA,2024,15,SEA,GB,43.0,46.31631923832461
2024_15_CHI_MIN,2024,15,MIN,CHI,42.0,45.04728501997074
2024_15_ATL_LV,2024,15,LV,ATL,24.0,45.65308512195741
2024_16_DEN_LAC,2024,16,LAC,DEN,61.0,44.14248155642822
2024_16_HOU_KC,2024,16,KC,HOU,46.0,44.36884179375902
2024_16_PIT_BAL,2024,16,BAL,PIT,51.0,45.528260092389864
2024_16_NYG_ATL,2024,16,ATL,NYG,41.0,43.50337637029165
2024_16_ARI_CAR,2024,16,CAR,ARI,66.0,43.27386832711172
2024_16_DET_CHI,2024,16,CHI,DET,51.0,45.8031656532714
2024_16_CLE_CIN,2024,16,CIN,CLE,30.0,44.67572179716383
2024_16_TEN_IND,2024,16,IND,TEN,68.0,43.00617596317289
2024_16_LA_NYJ,2024,16,NYJ,LA,28.0,45.95764140603168
2024_16_PHI_WAS,2024,16,WAS,PHI,69.0,48.94673501684139
2024_16_MIN_SEA,2024,16,SEA,MIN,51.0,45.57599748166395
2024_16_NE_BUF,2024,16,BUF,NE,45.0,48.23738093822165
2024_16_JAX_LV,2024,16,LV,JAX,33.0,43.76721877784468
2024_16_SF_MIA,2024,16,MIA,SF,46.0,43.14877647469054
2024_16_TB_DAL,2024,16,DAL,TB,50.0,47.778543805589464
2024_16_NO_GB,2024,16,GB,NO,34.0,43.87092343284828
2024_17_KC_PIT,2024,17,PIT,KC,39.0,47.02341640885391
2024_17_BAL_HOU,2024,17,HOU,BAL,33.0,48.50327857581297
2024_17_SEA_CHI,2024,17,CHI,SEA,9.0,43.4488489297635
2024_17_LAC_NE,2024,17,NE,LAC,47.0,43.63472770132549
2024_17_DEN_CIN,2024,17,CIN,DEN,54.0,47.060928147696295
2024_17_ARI_LA,2024,17,LA,ARI,22.0,47.52790831509737
2024_17_NYJ_BUF,2024,17,BUF,NYJ,54.0,46.460524062650535
2024_17_TEN_JAX,2024,17,JAX,TEN,33.0,41.7154649176161
2024_17_LV_NO,2024,17,NO,LV,35.0,43.052188164009046
2024_17_IND_NYG,2024,17,NYG,IND,78.0,42.131109488061895
2024_17_DAL_PHI,2024,17,PHI,DAL,48.0,44.856580670392795
2024_17_CAR_TB,2024,17,TB,CAR,62.0,45.42556087870591
2024_17_MIA_CLE,2024,17,CLE,MIA,23.0,41.42173221640459
2024_17_GB_MIN,2024,17,MIN,GB,52.0,48.837227391613226
2024_17_ATL_WAS,2024,17,WAS,ATL,54.0,47.18583310357269
2024_17_DET_SF,2024,17,SF,DET,74.0,48.986413258387515
2024_18_CLE_BAL,2024,18,BAL,CLE,45.0,42.59157287717318
2024_18_CIN_PIT,2024,18,PIT,CIN,36.0,45.998697342674504
2024_18_CAR_ATL,2024,18,ATL,CAR,82.0,44.844728272797155
2024_18_WAS_DAL,2024,18,DAL,WAS,42.0,46.69557326733415
2024_18_CHI_GB,2024,18,GB,CHI,46.0,42.41463734730416
2024_18_JAX_IND,2024,18,IND,JAX,49.0,44.504622964414196
2024_18_BUF_NE,2024,18,NE,BUF,39.0,47.26140568815294
2024_18_NYG_PHI,2024,18,PHI,NYG,33.0,41.92713551539445
2024_18_NO_TB,2024,18,TB,NO,46.0,45.64532567925297
2024_18_HOU_TEN,2024,18,TEN,HOU,37.0,40.5426780010368
2024_18_SF_ARI,2024,18,ARI,SF,71.0,47.60360599550971
2024_18_KC_DEN,2024,18,DEN,KC,38.0,46.07337778752536
2024_18_SEA_LA,2024,18,LA,SEA,55.0,45.490230786682126
2024_18_LAC_LV,2024,18,LV,LAC,54.0,43.12322428119786
2024_18_MIA_NYJ,2024,18,NYJ,MIA,52.0,42.73819096113272
2024_18_MIN_DET,2024,18,DET,MIN,40.0,53.07422190633094
