game_id,season,week,home_team,away_team,y_true,y_pred
2010_01_MIN_NO,2010,1,NO,MIN,1.0,0.6094677626065271
2010_01_MIA_BUF,2010,1,BUF,MIA,0.0,0.5085040679402337
2010_01_DET_CHI,2010,1,CHI,DET,1.0,0.7460423409811534
2010_01_IND_HOU,2010,1,HOU,IND,1.0,0.43181954079172874
2010_01_DEN_JAX,2010,1,JAX,DEN,1.0,0.5726802820913608
2010_01_CIN_NE,2010,1,NE,CIN,1.0,0.7598839380860366
2010_01_CAR_NYG,2010,1,NYG,CAR,1.0,0.5029378494752328
2010_01_ATL_PIT,2010,1,PIT,ATL,1.0,0.5343634343684902
2010_01_CLE_TB,2010,1,TB,CLE,1.0,0.5991004205090136
2010_01_OAK_TEN,2010,1,TEN,OAK,1.0,0.7019020916953019
2010_01_GB_PHI,2010,1,PHI,GB,0.0,0.6404445169307889
2010_01_SF_SEA,2010,1,SEA,SF,1.0,0.43366893507326354
2010_01_ARI_STL,2010,1,STL,ARI,0.0,0.31840314209573983
2010_01_DAL_WAS,2010,1,WAS,DAL,1.0,0.40820050213864584
2010_01_BAL_NYJ,2010,1,NYJ,BAL,0.0,0.6114283551228636
2010_01_SD_KC,2010,1,KC,SD,1.0,0.2673389192316313
2010_02_ARI_ATL,2010,2,ATL,ARI,1.0,0.5824685177573848
2010_02_TB_CAR,2010,2,CAR,TB,0.0,0.6582769310036285
2010_02_BAL_CIN,2010,2,CIN,BAL,1.0,0.5807274544539233
2010_02_KC_CLE,2010,2,CLE,KC,0.0,0.6472424043515597
2010_02_CHI_DAL,2010,2,DAL,CHI,0.0,0.6513821423091652
2010_02_PHI_DET,2010,2,DET,PHI,0.0,0.5021174557491653
2010_02_BUF_GB,2010,2,GB,BUF,1.0,0.8068719764070702
2010_02_MIA_MIN,2010,2,MIN,MIA,0.0,0.5853315298403959
2010_02_PIT_TEN,2010,2,TEN,PIT,0.0,0.6194192019900988
2010_02_SEA_DEN,2010,2,DEN,SEA,1.0,0.5440306521696127
2010_02_STL_OAK,2010,2,OAK,STL,1.0,0.6914388638707488
2010_02_NE_NYJ,2010,2,NYJ,NE,1.0,0.20956451377913357
2010_02_JAX_SD,2010,2,SD,JAX,1.0,0.7542802205456131
2010_02_HOU_WAS,2010,2,WAS,HOU,0.0,0.2664292252634086
2010_02_NYG_IND,2010,2,IND,NYG,1.0,0.6433103509832224
2010_02_NO_SF,2010,2,SF,NO,0.0,0.3430817019832224
2010_03_CLE_BAL,2010,3,BAL,CLE,1.0,0.7066822899237971
2010_03_CIN_CAR,2010,3,CAR,CIN,0.0,0.5804901275376109
2010_03_DAL_HOU,2010,3,HOU,DAL,0.0,0.6226964939481966
2010_03_SF_KC,2010,3,KC,SF,1.0,0.5372754201363321
2010_03_DET_MIN,2010,3,MIN,DET,1.0,0.7329656042453324
2010_03_BUF_NE,2010,3,NE,BUF,1.0,0.7959683153145722
2010_03_ATL_NO,2010,3,NO,ATL,0.0,0.6462535341578386
2010_03_TEN_NYG,2010,3,NYG,TEN,0.0,0.5359421324104255
2010_03_PIT_TB,2010,3,TB,PIT,0.0,0.6008563054459622
2010_03_PHI_JAX,2010,3,JAX,PHI,0.0,0.5258191248621037
2010_03_WAS_STL,2010,3,STL,WAS,1.0,0.4335210910639133
2010_03_OAK_ARI,2010,3,ARI,OAK,1.0,0.7385346882133099
2010_03_IND_DEN,2010,3,DEN,IND,0.0,0.443676874144988
2010_03_SD_SEA,2010,3,SEA,SD,1.0,0.40619578094950304
2010_03_NYJ_MIA,2010,3,MIA,NYJ,0.0,0.4827647530643097
2010_03_GB_CHI,2010,3,CHI,GB,1.0,0.3991345782663313
2010_04_SF_ATL,2010,4,ATL,SF,1.0,0.7795111111887062
2010_04_NYJ_BUF,2010,4,BUF,NYJ,0.0,0.3602042387548731
2010_04_CIN_CLE,2010,4,CLE,CIN,1.0,0.4603111090544702
2010_04_DET_GB,2010,4,GB,DET,1.0,0.8386728873911619
2010_04_CAR_NO,2010,4,NO,CAR,1.0,0.7966652217155676
2010_04_BAL_PIT,2010,4,PIT,BAL,0.0,0.6457888903974148
2010_04_SEA_STL,2010,4,STL,SEA,1.0,0.395963419108709
2010_04_DEN_TEN,2010,4,TEN,DEN,0.0,0.8059178557622974
2010_04_IND_JAX,2010,4,JAX,IND,1.0,0.3486853030278233
2010_04_HOU_OAK,2010,4,OAK,HOU,0.0,0.3634935445642052
2010_04_WAS_PHI,2010,4,PHI,WAS,0.0,0.7813782955842505
2010_04_ARI_SD,2010,4,SD,ARI,1.0,0.66676839033826
2010_04_CHI_NYG,2010,4,NYG,CHI,1.0,0.5213525437262583
2010_04_NE_MIA,2010,4,MIA,NE,0.0,0.34430216036565353
2010_05_DEN_BAL,2010,5,BAL,DEN,1.0,0.714861500586737
2010_05_JAX_BUF,2010,5,BUF,JAX,0.0,0.5989844018019557
2010_05_CHI_CAR,2010,5,CAR,CHI,0.0,0.5657687762907381
2010_05_TB_CIN,2010,5,CIN,TB,0.0,0.7415089060013995
2010_05_ATL_CLE,2010,5,CLE,ATL,0.0,0.4699315141027589
2010_05_STL_DET,2010,5,DET,STL,1.0,0.5392981479252685
2010_05_NYG_HOU,2010,5,HOU,NYG,0.0,0.6676784970507589
2010_05_KC_IND,2010,5,IND,KC,1.0,0.779765528472115
2010_05_GB_WAS,2010,5,WAS,GB,1.0,0.2624500819840343
2010_05_NO_ARI,2010,5,ARI,NO,1.0,0.38119408433304036
2010_05_TEN_DAL,2010,5,DAL,TEN,0.0,0.5905480523678054
2010_05_SD_OAK,2010,5,OAK,SD,1.0,0.31606223747113665
2010_05_PHI_SF,2010,5,SF,PHI,0.0,0.4281535493450687
2010_05_MIN_NYJ,2010,5,NYJ,MIN,1.0,0.6798834415098732
2010_06_SEA_CHI,2010,6,CHI,SEA,0.0,0.7291878826274596
2010_06_MIA_GB,2010,6,GB,MIA,0.0,0.7032782104126694
2010_06_KC_HOU,2010,6,HOU,KC,1.0,0.6232623209111281
2010_06_BAL_NE,2010,6,NE,BAL,1.0,0.6644725292005473
2010_06_DET_NYG,2010,6,NYG,DET,1.0,0.7556826195323131
2010_06_ATL_PHI,2010,6,PHI,ATL,1.0,0.552565878573192
2010_06_CLE_PIT,2010,6,PIT,CLE,1.0,0.789278986216905
2010_06_SD_STL,2010,6,STL,SD,1.0,0.4396502198259158
2010_06_NO_TB,2010,6,TB,NO,0.0,0.3794933089703328
2010_06_NYJ_DEN,2010,6,DEN,NYJ,0.0,0.47497221153710784
2010_06_OAK_SF,2010,6,SF,OAK,1.0,0.5674958066302063
2010_06_DAL_MIN,2010,6,MIN,DAL,1.0,0.4716149831761516
2010_06_IND_WAS,2010,6,WAS,IND,0.0,0.2623943488794427
2010_06_TEN_JAX,2010,6,JAX,TEN,0.0,0.4833203194759781
2010_07_CIN_ATL,2010,7,ATL,CIN,1.0,0.5457826833567513
2010_07_BUF_BAL,2010,7,BAL,BUF,1.0,0.7777717234122984
2010_07_SF_CAR,2010,7,CAR,SF,1.0,0.5576088117087571
2010_07_WAS_CHI,2010,7,CHI,WAS,0.0,0.652257994020707
2010_07_JAX_KC,2010,7,KC,JAX,1.0,0.5845136705768241
2010_07_PIT_MIA,2010,7,MIA,PIT,0.0,0.44775621082026884
2010_07_CLE_NO,2010,7,NO,CLE,0.0,0.8337560285036586
2010_07_STL_TB,2010,7,TB,STL,1.0,0.7181923905395103
2010_07_PHI_TEN,2010,7,TEN,PHI,1.0,0.6808531166867507
2010_07_ARI_SEA,2010,7,SEA,ARI,1.0,0.43769293588181263
2010_07_OAK_DEN,2010,7,DEN,OAK,0.0,0.6295074112902912
2010_07_NE_SD,2010,7,SD,NE,0.0,0.47621072753808247
2010_07_MIN_GB,2010,7,GB,MIN,1.0,0.5141113037352072
2010_07_NYG_DAL,2010,7,DAL,NYG,0.0,0.4917588501076757
2010_08_MIA_CIN,2010,8,CIN,MIA,0.0,0.5571792794583693
2010_08_JAX_DAL,2010,8,DAL,JAX,0.0,0.7005698240599155
2010_08_WAS_DET,2010,8,DET,WAS,1.0,0.5620513145595853
2010_08_BUF_KC,2010,8,KC,BUF,1.0,0.8071841634641427
2010_08_GB_NYJ,2010,8,NYJ,GB,0.0,0.6574070446479858
2010_08_DEN_SF,2010,8,SF,DEN,1.0,0.5766192010310163
2010_08_CAR_STL,2010,8,STL,CAR,1.0,0.6342016997318266
2010_08_TEN_SD,2010,8,SD,TEN,1.0,0.48943578928516385
2010_08_TB_ARI,2010,8,ARI,TB,0.0,0.694882084155437
2010_08_MIN_NE,2010,8,NE,MIN,1.0,0.7410134058792279
2010_08_SEA_OAK,2010,8,OAK,SEA,1.0,0.6164625063771995
2010_08_PIT_NO,2010,8,NO,PIT,1.0,0.49320275085742366
2010_08_HOU_IND,2010,8,IND,HOU,1.0,0.7592780530060035
2010_09_TB_ATL,2010,9,ATL,TB,1.0,0.7589530086338403
2010_09_MIA_BAL,2010,9,BAL,MIA,1.0,0.6197928506512177
2010_09_CHI_BUF,2010,9,BUF,CHI,0.0,0.5389048086092026
2010_09_NO_CAR,2010,9,CAR,NO,0.0,0.3213110936200701
2010_09_NE_CLE,2010,9,CLE,NE,1.0,0.37560145043737553
2010_09_NYJ_DET,2010,9,DET,NYJ,0.0,0.45559984914699697
2010_09_SD_HOU,2010,9,HOU,SD,0.0,0.5528723661868807
2010_09_ARI_MIN,2010,9,MIN,ARI,1.0,0.6355876150025052
2010_09_NYG_SEA,2010,9,SEA,NYG,0.0,0.46600258091249996
2010_09_KC_OAK,2010,9,OAK,KC,1.0,0.5669847257688012
2010_09_IND_PHI,2010,9,PHI,IND,1.0,0.5080605799067202
2010_09_DAL_GB,2010,9,GB,DAL,1.0,0.7402271244708701
2010_09_PIT_CIN,2010,9,CIN,PIT,0.0,0.4895984470632726
2010_10_BAL_ATL,2010,10,ATL,BAL,1.0,0.5435362178940898
2010_10_DET_BUF,2010,10,BUF,DET,1.0,0.5923882065556425
2010_10_MIN_CHI,2010,10,CHI,MIN,1.0,0.4133874588133213
2010_10_NYJ_CLE,2010,10,CLE,NYJ,0.0,0.4139760735226928
2010_10_CIN_IND,2010,10,IND,CIN,1.0,0.7464381992524546
2010_10_HOU_JAX,2010,10,JAX,HOU,1.0,0.5827644550089036
2010_10_TEN_MIA,2010,10,MIA,TEN,1.0,0.48692970016156445
2010_10_CAR_TB,2010,10,TB,CAR,1.0,0.7586846147847934
2010_10_KC_DEN,2010,10,DEN,KC,1.0,0.3976603919834008
2010_10_SEA_ARI,2010,10,ARI,SEA,0.0,0.6102431095481721
2010_10_DAL_NYG,2010,10,NYG,DAL,0.0,0.744756489420142
2010_10_STL_SF,2010,10,SF,STL,1.0,0.6853011961955576
2010_10_NE_PIT,2010,10,PIT,NE,0.0,0.5578841682579289
2010_10_PHI_WAS,2010,10,WAS,PHI,0.0,0.3619032939108258
2010_11_CHI_MIA,2010,11,MIA,CHI,0.0,0.5836950015822241
2010_11_BAL_CAR,2010,11,CAR,BAL,0.0,0.37444533557170384
2010_11_BUF_CIN,2010,11,CIN,BUF,0.0,0.6953828493829073
2010_11_DET_DAL,2010,11,DAL,DET,1.0,0.6656727093799614
2010_11_CLE_JAX,2010,11,JAX,CLE,1.0,0.6311799767897789
2010_11_ARI_KC,2010,11,KC,ARI,1.0,0.6285240933843668
2010_11_GB_MIN,2010,11,MIN,GB,0.0,0.3501422294867535
2010_11_HOU_NYJ,2010,11,NYJ,HOU,1.0,0.7095912869786986
2010_11_OAK_PIT,2010,11,PIT,OAK,1.0,0.6290915714955482
2010_11_WAS_TEN,2010,11,TEN,WAS,0.0,0.8122208384962193
2010_11_SEA_NO,2010,11,NO,SEA,1.0,0.7772192776502657
2010_11_TB_SF,2010,11,SF,TB,0.0,0.574798641755279
2010_11_ATL_STL,2010,11,STL,ATL,0.0,0.3404221998641975
2010_11_IND_NE,2010,11,NE,IND,1.0,0.7181214167775378
2010_11_NYG_PHI,2010,11,PHI,NYG,1.0,0.6026097132640414
2010_11_DEN_SD,2010,11,SD,DEN,1.0,0.821246034418727
2010_12_NE_DET,2010,12,DET,NE,0.0,0.3462438897996343
2010_12_NO_DAL,2010,12,DAL,NO,0.0,0.4378764804786144
2010_12_CIN_NYJ,2010,12,NYJ,CIN,1.0,0.7058921328077733
2010_12_GB_ATL,2010,12,ATL,GB,1.0,0.5149416247245847
2010_12_PIT_BUF,2010,12,BUF,PIT,0.0,0.43979656752944135
2010_12_CAR_CLE,2010,12,CLE,CAR,1.0,0.806121707301483
2010_12_TEN_HOU,2010,12,HOU,TEN,1.0,0.4273211126838674
2010_12_JAX_NYG,2010,12,NYG,JAX,1.0,0.6781255742304098
2010_12_MIN_WAS,2010,12,WAS,MIN,0.0,0.4575728776289219
2010_12_MIA_OAK,2010,12,OAK,MIA,0.0,0.541903008697024
2010_12_KC_SEA,2010,12,SEA,KC,0.0,0.473136146928822
2010_12_TB_BAL,2010,12,BAL,TB,1.0,0.8015808083121831
2010_12_PHI_CHI,2010,12,CHI,PHI,1.0,0.47581214383757453
2010_12_STL_DEN,2010,12,DEN,STL,0.0,0.7240507954813938
2010_12_SD_IND,2010,12,IND,SD,0.0,0.6268139106387727
2010_12_SF_ARI,2010,12,ARI,SF,0.0,0.5234855968553072
2010_13_HOU_PHI,2010,13,PHI,HOU,1.0,0.753420737381751
2010_13_NO_CIN,2010,13,CIN,NO,0.0,0.36775750808845264
2010_13_CHI_DET,2010,13,DET,CHI,0.0,0.4795744729877541
2010_13_SF_GB,2010,13,GB,SF,1.0,0.8320437663907869
2010_13_DEN_KC,2010,13,KC,DEN,1.0,0.7184682947748259
2010_13_CLE_MIA,2010,13,MIA,CLE,0.0,0.5636190923622724
2010_13_BUF_MIN,2010,13,MIN,BUF,1.0,0.7276868519523177
2010_13_WAS_NYG,2010,13,NYG,WAS,1.0,0.8188229655962528
2010_13_JAX_TEN,2010,13,TEN,JAX,0.0,0.4679328680223474
2010_13_OAK_SD,2010,13,SD,OAK,0.0,0.8567187956518498
2010_13_STL_ARI,2010,13,ARI,STL,0.0,0.5533113858866586
2010_13_DAL_IND,2010,13,IND,DAL,0.0,0.6195366103346144
2010_13_CAR_SEA,2010,13,SEA,CAR,1.0,0.7011988844620272
2010_13_ATL_TB,2010,13,TB,ATL,0.0,0.3544409427536357
2010_13_PIT_BAL,2010,13,BAL,PIT,0.0,0.6616626130892592
2010_13_NYJ_NE,2010,13,NE,NYJ,1.0,0.7269839758413259
2010_14_IND_TEN,2010,14,TEN,IND,0.0,0.40331428113923523
2010_14_CLE_BUF,2010,14,BUF,CLE,1.0,0.5058479412265825
2010_14_ATL_CAR,2010,14,CAR,ATL,0.0,0.3271319097424749
2010_14_GB_DET,2010,14,DET,GB,1.0,0.3506502021798696
2010_14_OAK_JAX,2010,14,JAX,OAK,1.0,0.6408581333583234
2010_14_CIN_PIT,2010,14,PIT,CIN,1.0,0.7633674641364045
2010_14_TB_WAS,2010,14,WAS,TB,0.0,0.4398596439998068
2010_14_STL_NO,2010,14,NO,STL,1.0,0.8014969178031501
2010_14_SEA_SF,2010,14,SF,SEA,1.0,0.470900468941256
2010_14_DEN_ARI,2010,14,ARI,DEN,1.0,0.47302729565860036
2010_14_NE_CHI,2010,14,CHI,NE,0.0,0.3135378233020878
2010_14_MIA_NYJ,2010,14,NYJ,MIA,0.0,0.6147549504517549
2010_14_KC_SD,2010,14,SD,KC,1.0,0.8012130128745666
2010_14_PHI_DAL,2010,14,DAL,PHI,0.0,0.5461237935526135
2010_14_NYG_MIN,2010,14,MIN,NYG,0.0,0.5188008545734649
2010_14_BAL_HOU,2010,14,HOU,BAL,0.0,0.3994473649250282
2010_15_SF_SD,2010,15,SD,SF,1.0,0.8843283210101075
2010_15_NO_BAL,2010,15,BAL,NO,1.0,0.4207843310238924
2010_15_ARI_CAR,2010,15,CAR,ARI,1.0,0.5660003757969141
2010_15_CLE_CIN,2010,15,CIN,CLE,1.0,0.3994650783028375
2010_15_WAS_DAL,2010,15,DAL,WAS,1.0,0.7241892486281882
2010_15_JAX_IND,2010,15,IND,JAX,1.0,0.647918151105678
2010_15_BUF_MIA,2010,15,MIA,BUF,0.0,0.6985014365982816
2010_15_PHI_NYG,2010,15,NYG,PHI,0.0,0.6221597049578547
2010_15_KC_STL,2010,15,STL,KC,0.0,0.4210678840962167
2010_15_DET_TB,2010,15,TB,DET,0.0,0.7390789111968408
2010_15_HOU_TEN,2010,15,TEN,HOU,1.0,0.5345855416502707
2010_15_ATL_SEA,2010,15,SEA,ATL,0.0,0.45632542111722546
2010_15_DEN_OAK,2010,15,OAK,DEN,1.0,0.74879179138092
2010_15_NYJ_PIT,2010,15,PIT,NYJ,0.0,0.640748633532514
2010_15_GB_NE,2010,15,NE,GB,1.0,0.8028231992985957
2010_15_CHI_MIN,2010,15,MIN,CHI,0.0,0.45431312095095366
2010_16_CAR_PIT,2010,16,PIT,CAR,1.0,0.8376446122739488
2010_16_DAL_ARI,2010,16,ARI,DAL,1.0,0.3715768519272615
2010_16_NE_BUF,2010,16,BUF,NE,0.0,0.22422160119140228
2010_16_NYJ_CHI,2010,16,CHI,NYJ,1.0,0.512430945516802
2010_16_BAL_CLE,2010,16,CLE,BAL,0.0,0.32812290904757463
2010_16_WAS_JAX,2010,16,JAX,WAS,0.0,0.7393575567725496
2010_16_TEN_KC,2010,16,KC,TEN,1.0,0.5146625066025764
2010_16_DET_MIA,2010,16,MIA,DET,0.0,0.7029867322854128
2010_16_SF_STL,2010,16,STL,SF,1.0,0.4981752845082035
2010_16_SD_CIN,2010,16,CIN,SD,1.0,0.3641411154466297
2010_16_HOU_DEN,2010,16,DEN,HOU,1.0,0.42619870415694916
2010_16_IND_OAK,2010,16,OAK,IND,0.0,0.38911979610495145
2010_16_NYG_GB,2010,16,GB,NYG,1.0,0.6219454847340011
2010_16_SEA_TB,2010,16,TB,SEA,1.0,0.6780793813847033
2010_16_NO_ATL,2010,16,ATL,NO,0.0,0.566824968592328
2010_16_MIN_PHI,2010,16,PHI,MIN,0.0,0.7500561196111244
2010_17_CAR_ATL,2010,17,ATL,CAR,1.0,0.8189202104572514
2010_17_CIN_BAL,2010,17,BAL,CIN,1.0,0.7275115597279236
2010_17_PIT_CLE,2010,17,CLE,PIT,0.0,0.3939418016988848
2010_17_MIN_DET,2010,17,DET,MIN,1.0,0.5125354233497099
2010_17_OAK_KC,2010,17,KC,OAK,0.0,0.6849483440204541
2010_17_MIA_NE,2010,17,NE,MIA,1.0,0.8373444698629096
2010_17_TB_NO,2010,17,NO,TB,0.0,0.7374800383910144
2010_17_BUF_NYJ,2010,17,NYJ,BUF,1.0,0.7197373902239542
2010_17_SD_DEN,2010,17,DEN,SD,0.0,0.33802175741359486
2010_17_CHI_GB,2010,17,GB,CHI,1.0,0.6022485803382904
2010_17_JAX_HOU,2010,17,HOU,JAX,1.0,0.5322096481495708
2010_17_TEN_IND,2010,17,IND,TEN,1.0,0.7150575664694048
2010_17_DAL_PHI,2010,17,PHI,DAL,0.0,0.7074720124786072
2010_17_ARI_SF,2010,17,SF,ARI,1.0,0.5887777286284833
2010_17_NYG_WAS,2010,17,WAS,NYG,0.0,0.4483835710042037
2010_17_STL_SEA,2010,17,SEA,STL,1.0,0.6098365434207662
2011_01_NO_GB,2011,1,GB,NO,1.0,0.6126779507041135
2011_01_PIT_BAL,2011,1,BAL,PIT,1.0,0.6203402254023622
2011_01_ATL_CHI,2011,1,CHI,ATL,1.0,0.5220340451211951
2011_01_CIN_CLE,2011,1,CLE,CIN,0.0,0.5988969503414249
2011_01_IND_HOU,2011,1,HOU,IND,1.0,0.528059382840415
2011_01_TEN_JAX,2011,1,JAX,TEN,1.0,0.43875496139736414
2011_01_BUF_KC,2011,1,KC,BUF,0.0,0.6712233883016394
2011_01_PHI_STL,2011,1,STL,PHI,0.0,0.48031015638437535
2011_01_DET_TB,2011,1,TB,DET,0.0,0.6843054107207716
2011_01_CAR_ARI,2011,1,ARI,CAR,1.0,0.6019125256030311
2011_01_MIN_SD,2011,1,SD,MIN,1.0,0.6876043708168458
2011_01_SEA_SF,2011,1,SF,SEA,1.0,0.6083569230820586
2011_01_NYG_WAS,2011,1,WAS,NYG,1.0,0.3491552934254867
2011_01_DAL_NYJ,2011,1,NYJ,DAL,1.0,0.6232749512954532
2011_01_NE_MIA,2011,1,MIA,NE,0.0,0.26796776606792777
2011_01_OAK_DEN,2011,1,DEN,OAK,0.0,0.4860697158744711
2011_02_OAK_BUF,2011,2,BUF,OAK,1.0,0.6446146837873643
2011_02_GB_CAR,2011,2,CAR,GB,0.0,0.25010733667858537
2011_02_KC_DET,2011,2,DET,KC,1.0,0.6643504480280952
2011_02_CLE_IND,2011,2,IND,CLE,0.0,0.6100180340786914
2011_02_TB_MIN,2011,2,MIN,TB,0.0,0.527537519032405
2011_02_CHI_NO,2011,2,NO,CHI,1.0,0.6460904173433372
2011_02_JAX_NYJ,2011,2,NYJ,JAX,1.0,0.6915520969107664
2011_02_SEA_PIT,2011,2,PIT,SEA,1.0,0.6570555076241087
2011_02_BAL_TEN,2011,2,TEN,BAL,1.0,0.3759292122135132
2011_02_ARI_WAS,2011,2,WAS,ARI,1.0,0.7524289216706033
2011_02_DAL_SF,2011,2,SF,DAL,0.0,0.5814627943293035
2011_02_CIN_DEN,2011,2,DEN,CIN,1.0,0.4710723696370804
2011_02_HOU_MIA,2011,2,MIA,HOU,0.0,0.3909316081648693
2011_02_SD_NE,2011,2,NE,SD,1.0,0.7280759212057262
2011_02_PHI_ATL,2011,2,ATL,PHI,1.0,0.4561070533827106
2011_02_STL_NYG,2011,2,NYG,STL,1.0,0.689599916773078
2011_03_NE_BUF,2011,3,BUF,NE,1.0,0.4259531575460102
2011_03_JAX_CAR,2011,3,CAR,JAX,1.0,0.5971058000656537
2011_03_SF_CIN,2011,3,CIN,SF,0.0,0.6436147893999515
2011_03_MIA_CLE,2011,3,CLE,MIA,1.0,0.6622238884154893
2011_03_DET_MIN,2011,3,MIN,DET,0.0,0.5510149557040491
2011_03_HOU_NO,2011,3,NO,HOU,1.0,0.6055318743752486
2011_03_NYG_PHI,2011,3,PHI,NYG,0.0,0.6584336711911382
2011_03_DEN_TEN,2011,3,TEN,DEN,1.0,0.7230401990346121
2011_03_NYJ_OAK,2011,3,OAK,NYJ,1.0,0.4140179686720206
2011_03_KC_SD,2011,3,SD,KC,1.0,0.7769651303458495
2011_03_BAL_STL,2011,3,STL,BAL,0.0,0.3412945777266911
2011_03_GB_CHI,2011,3,CHI,GB,0.0,0.353185664299392
2011_03_ARI_SEA,2011,3,SEA,ARI,1.0,0.507337713898784
2011_03_ATL_TB,2011,3,TB,ATL,1.0,0.45358268221101516
2011_03_PIT_IND,2011,3,IND,PIT,0.0,0.42730953360381424
2011_03_WAS_DAL,2011,3,DAL,WAS,1.0,0.7318934608618978
2011_04_CAR_CHI,2011,4,CHI,CAR,1.0,0.7440392342118859
2011_04_BUF_CIN,2011,4,CIN,BUF,1.0,0.4269016477338764
2011_04_TEN_CLE,2011,4,CLE,TEN,0.0,0.5079695755537711
2011_04_DET_DAL,2011,4,DAL,DET,0.0,0.7019660115654908
2011_04_PIT_HOU,2011,4,HOU,PIT,1.0,0.5743631115677268
2011_04_NO_JAX,2011,4,JAX,NO,0.0,0.4012156689281652
2011_04_MIN_KC,2011,4,KC,MIN,1.0,0.4451794024459019
2011_04_SF_PHI,2011,4,PHI,SF,0.0,0.6482562189580889
2011_04_WAS_STL,2011,4,STL,WAS,0.0,0.30453595844740844
2011_04_NYG_ARI,2011,4,ARI,NYG,0.0,0.47505336643236706
2011_04_ATL_SEA,2011,4,SEA,ATL,0.0,0.35976697259618373
2011_04_DEN_GB,2011,4,GB,DEN,1.0,0.8546850126699926
2011_04_NE_OAK,2011,4,OAK,NE,0.0,0.3399984955859678
2011_04_MIA_SD,2011,4,SD,MIA,1.0,0.7626924746769207
2011_04_NYJ_BAL,2011,4,BAL,NYJ,1.0,0.6644218329306194
2011_04_IND_TB,2011,4,TB,IND,1.0,0.6244420741702806
2011_05_PHI_BUF,2011,5,BUF,PHI,1.0,0.45156481958993816
2011_05_NO_CAR,2011,5,CAR,NO,0.0,0.3530357099431931
2011_05_OAK_HOU,2011,5,HOU,OAK,0.0,0.7054312395688274
2011_05_KC_IND,2011,5,IND,KC,0.0,0.6396288867817449
2011_05_CIN_JAX,2011,5,JAX,CIN,0.0,0.47409123013407894
2011_05_ARI_MIN,2011,5,MIN,ARI,1.0,0.6267073591742808
2011_05_SEA_NYG,2011,5,NYG,SEA,0.0,0.7939650627715459
2011_05_TEN_PIT,2011,5,PIT,TEN,1.0,0.5428389745565335
2011_05_TB_SF,2011,5,SF,TB,1.0,0.5311603868241013
2011_05_SD_DEN,2011,5,DEN,SD,0.0,0.4267301770217398
2011_05_NYJ_NE,2011,5,NE,NYJ,1.0,0.7454198798087105
2011_05_GB_ATL,2011,5,ATL,GB,0.0,0.41145636844668615
2011_05_CHI_DET,2011,5,DET,CHI,1.0,0.6760618463288866
2011_06_CAR_ATL,2011,6,ATL,CAR,1.0,0.7269864298914898
2011_06_IND_CIN,2011,6,CIN,IND,1.0,0.6995823285604791
2011_06_SF_DET,2011,6,DET,SF,0.0,0.6780571512320979
2011_06_STL_GB,2011,6,GB,STL,1.0,0.8763894216614426
2011_06_BUF_NYG,2011,6,NYG,BUF,1.0,0.7107679043886481
2011_06_JAX_PIT,2011,6,PIT,JAX,1.0,0.8210872786734396
2011_06_PHI_WAS,2011,6,WAS,PHI,0.0,0.4032386481492957
2011_06_HOU_BAL,2011,6,BAL,HOU,1.0,0.7536360844135963
2011_06_CLE_OAK,2011,6,OAK,CLE,1.0,0.7620313727615496
2011_06_DAL_NE,2011,6,NE,DAL,1.0,0.6970440945018385
2011_06_NO_TB,2011,6,TB,NO,1.0,0.36181029855987995
2011_06_MIN_CHI,2011,6,CHI,MIN,1.0,0.696168517161455
2011_06_MIA_NYJ,2011,6,NYJ,MIA,1.0,0.7723582486697265
2011_07_WAS_CAR,2011,7,CAR,WAS,1.0,0.5325649067227443
2011_07_SEA_CLE,2011,7,CLE,SEA,1.0,0.593473469144203
2011_07_ATL_DET,2011,7,DET,ATL,0.0,0.5889333968283653
2011_07_DEN_MIA,2011,7,MIA,DEN,0.0,0.5437106162319478
2011_07_SD_NYJ,2011,7,NYJ,SD,1.0,0.5747964168307234
2011_07_CHI_TB,2011,7,TB,CHI,0.0,0.5000099105237598
2011_07_HOU_TEN,2011,7,TEN,HOU,0.0,0.615470535153235
2011_07_PIT_ARI,2011,7,ARI,PIT,0.0,0.3891672444341464
2011_07_KC_OAK,2011,7,OAK,KC,0.0,0.6282103750705151
2011_07_STL_DAL,2011,7,DAL,STL,1.0,0.7539177028168388
2011_07_GB_MIN,2011,7,MIN,GB,0.0,0.3388994908477706
2011_07_IND_NO,2011,7,NO,IND,1.0,0.7991470131015542
2011_07_BAL_JAX,2011,7,JAX,BAL,1.0,0.2549752479744848
2011_08_ARI_BAL,2011,8,BAL,ARI,1.0,0.8219295738732691
2011_08_MIN_CAR,2011,8,CAR,MIN,0.0,0.6301344570103156
2011_08_JAX_HOU,2011,8,HOU,JAX,1.0,0.7823056195415418
2011_08_MIA_NYG,2011,8,NYG,MIA,1.0,0.7977851217566965
2011_08_NO_STL,2011,8,STL,NO,1.0,0.21376383130070006
2011_08_IND_TEN,2011,8,TEN,IND,1.0,0.6869703830899798
2011_08_WAS_BUF,2011,8,BUF,WAS,1.0,0.677818206416226
2011_08_DET_DEN,2011,8,DEN,DET,0.0,0.3810269611840421
2011_08_NE_PIT,2011,8,PIT,NE,1.0,0.4123052771579838
2011_08_CIN_SEA,2011,8,SEA,CIN,0.0,0.5231684737653529
2011_08_CLE_SF,2011,8,SF,CLE,1.0,0.8293614195412636
2011_08_DAL_PHI,2011,8,PHI,DAL,1.0,0.6043467582119404
2011_08_SD_KC,2011,8,KC,SD,1.0,0.5216406804977102
2011_09_NYJ_BUF,2011,9,BUF,NYJ,0.0,0.5982540598493672
2011_09_SEA_DAL,2011,9,DAL,SEA,1.0,0.758437634841204
2011_09_CLE_HOU,2011,9,HOU,CLE,1.0,0.8125227615167298
2011_09_ATL_IND,2011,9,IND,ATL,0.0,0.3599837500753014
2011_09_MIA_KC,2011,9,KC,MIA,0.0,0.7101197444120535
2011_09_TB_NO,2011,9,NO,TB,1.0,0.707891113336667
2011_09_SF_WAS,2011,9,WAS,SF,0.0,0.43346985576971286
2011_09_DEN_OAK,2011,9,OAK,DEN,0.0,0.702661996317186
2011_09_CIN_TEN,2011,9,TEN,CIN,0.0,0.5266302978222357
2011_09_STL_ARI,2011,9,ARI,STL,1.0,0.6006160165260995
2011_09_NYG_NE,2011,9,NE,NYG,0.0,0.7486049340037295
2011_09_GB_SD,2011,9,SD,GB,0.0,0.3084968777267518
2011_09_BAL_PIT,2011,9,PIT,BAL,0.0,0.5804349984153031
2011_09_CHI_PHI,2011,9,PHI,CHI,0.0,0.6262811296243717
2011_10_OAK_SD,2011,10,SD,OAK,0.0,0.7407701118745085
2011_10_NO_ATL,2011,10,ATL,NO,0.0,0.5792307556117074
2011_10_TEN_CAR,2011,10,CAR,TEN,0.0,0.48642754793943965
2011_10_PIT_CIN,2011,10,CIN,PIT,0.0,0.5273479492117205
2011_10_STL_CLE,2011,10,CLE,STL,0.0,0.6408178670966781
2011_10_BUF_DAL,2011,10,DAL,BUF,1.0,0.6379068496473058
2011_10_JAX_IND,2011,10,IND,JAX,0.0,0.495062938998713
2011_10_DEN_KC,2011,10,KC,DEN,0.0,0.6290677404590455
2011_10_WAS_MIA,2011,10,MIA,WAS,1.0,0.6787117682264919
2011_10_ARI_PHI,2011,10,PHI,ARI,0.0,0.7860437806862274
2011_10_HOU_TB,2011,10,TB,HOU,0.0,0.3414273927295159
2011_10_BAL_SEA,2011,10,SEA,BAL,1.0,0.2609987424025305
2011_10_DET_CHI,2011,10,CHI,DET,1.0,0.6698632014601147
2011_10_NYG_SF,2011,10,SF,NYG,1.0,0.7435393522413899
2011_10_NE_NYJ,2011,10,NYJ,NE,0.0,0.4879910695045399
2011_10_MIN_GB,2011,10,GB,MIN,1.0,0.8604292952588082
2011_11_NYJ_DEN,2011,11,DEN,NYJ,1.0,0.3971514183676434
2011_11_CIN_BAL,2011,11,BAL,CIN,1.0,0.7176335397689654
2011_11_JAX_CLE,2011,11,CLE,JAX,1.0,0.5368864548084356
2011_11_CAR_DET,2011,11,DET,CAR,1.0,0.7007488024651523
2011_11_TB_GB,2011,11,GB,TB,1.0,0.8450263593801687
2011_11_BUF_MIA,2011,11,MIA,BUF,1.0,0.5537395888027533
2011_11_OAK_MIN,2011,11,MIN,OAK,0.0,0.5352866222175889
2011_11_DAL_WAS,2011,11,WAS,DAL,0.0,0.3126951046671069
2011_11_ARI_SF,2011,11,SF,ARI,1.0,0.8120685834822678
2011_11_SEA_STL,2011,11,STL,SEA,0.0,0.4576206172556662
2011_11_TEN_ATL,2011,11,ATL,TEN,1.0,0.6831705782610191
2011_11_SD_CHI,2011,11,CHI,SD,1.0,0.7324090104807558
2011_11_PHI_NYG,2011,11,NYG,PHI,0.0,0.5930750572702839
2011_11_KC_NE,2011,11,NE,KC,1.0,0.8258809221809231
2011_12_GB_DET,2011,12,DET,GB,0.0,0.3490853900723483
2011_12_MIA_DAL,2011,12,DAL,MIA,1.0,0.6094676198985478
2011_12_SF_BAL,2011,12,BAL,SF,1.0,0.654972294492705
2011_12_MIN_ATL,2011,12,ATL,MIN,1.0,0.8114691330436924
2011_12_CLE_CIN,2011,12,CIN,CLE,1.0,0.7497749867346077
2011_12_CAR_IND,2011,12,IND,CAR,0.0,0.529337707169403
2011_12_HOU_JAX,2011,12,JAX,HOU,0.0,0.28636168364165615
2011_12_BUF_NYJ,2011,12,NYJ,BUF,1.0,0.7802077807111996
2011_12_ARI_STL,2011,12,STL,ARI,0.0,0.47016176954076894
2011_12_TB_TEN,2011,12,TEN,TB,1.0,0.6396754057846058
2011_12_CHI_OAK,2011,12,OAK,CHI,1.0,0.41785276728353277
2011_12_WAS_SEA,2011,12,SEA,WAS,0.0,0.7027155836798838
2011_12_NE_PHI,2011,12,PHI,NE,0.0,0.5668257219845454
2011_12_DEN_SD,2011,12,SD,DEN,0.0,0.7011075359461378
2011_12_PIT_KC,2011,12,KC,PIT,0.0,0.2819638483012488
2011_12_NYG_NO,2011,12,NO,NYG,1.0,0.7945090402282803
2011_13_PHI_SEA,2011,13,SEA,PHI,1.0,0.4034610145712515
2011_13_TEN_BUF,2011,13,BUF,TEN,0.0,0.44544040476212243
2011_13_KC_CHI,2011,13,CHI,KC,0.0,0.8158356534365612
2011_13_ATL_HOU,2011,13,HOU,ATL,1.0,0.6292441170174222
2011_13_OAK_MIA,2011,13,MIA,OAK,1.0,0.5774220950909856
2011_13_DEN_MIN,2011,13,MIN,DEN,0.0,0.5083343262873772
2011_13_IND_NE,2011,13,NE,IND,1.0,0.8550853587000963
2011_13_CIN_PIT,2011,13,PIT,CIN,1.0,0.6708590870631201
2011_13_CAR_TB,2011,13,TB,CAR,0.0,0.6204615081196289
2011_13_NYJ_WAS,2011,13,WAS,NYJ,0.0,0.48686841914880197
2011_13_BAL_CLE,2011,13,CLE,BAL,0.0,0.30253710906309245
2011_13_DAL_ARI,2011,13,ARI,DAL,1.0,0.39920436410076454
2011_13_GB_NYG,2011,13,NYG,GB,0.0,0.29761464468982296
2011_13_STL_SF,2011,13,SF,STL,1.0,0.8378174166401566
2011_13_DET_NO,2011,13,NO,DET,1.0,0.719218348378663
2011_13_SD_JAX,2011,13,JAX,SD,0.0,0.4739332018915571
2011_14_CLE_PIT,2011,14,PIT,CLE,1.0,0.8080561012395335
2011_14_IND_BAL,2011,14,BAL,IND,1.0,0.8590968725418121
2011_14_ATL_CAR,2011,14,CAR,ATL,0.0,0.41053088834509804
2011_14_HOU_CIN,2011,14,CIN,HOU,0.0,0.4207271899317024
2011_14_MIN_DET,2011,14,DET,MIN,1.0,0.7238306285929847
2011_14_TB_JAX,2011,14,JAX,TB,1.0,0.543522152480857
2011_14_PHI_MIA,2011,14,MIA,PHI,0.0,0.5498588286277002
2011_14_KC_NYJ,2011,14,NYJ,KC,1.0,0.806154187359916
2011_14_NO_TEN,2011,14,TEN,NO,0.0,0.44334004253145
2011_14_NE_WAS,2011,14,WAS,NE,0.0,0.29875111432754786
2011_14_SF_ARI,2011,14,ARI,SF,1.0,0.31818523517296193
2011_14_CHI_DEN,2011,14,DEN,CHI,1.0,0.4394968041988521
2011_14_OAK_GB,2011,14,GB,OAK,1.0,0.834198071092632
2011_14_BUF_SD,2011,14,SD,BUF,1.0,0.8051634364006005
2011_14_NYG_DAL,2011,14,DAL,NYG,0.0,0.6190435335797216
2011_14_STL_SEA,2011,14,SEA,STL,1.0,0.7307405779121231
2011_15_JAX_ATL,2011,15,ATL,JAX,1.0,0.8501170228199844
2011_15_DAL_TB,2011,15,TB,DAL,0.0,0.4060174804359343
2011_15_MIA_BUF,2011,15,BUF,MIA,0.0,0.446622755280282
2011_15_SEA_CHI,2011,15,CHI,SEA,0.0,0.7561307754968855
2011_15_CAR_HOU,2011,15,HOU,CAR,0.0,0.8140501609204079
2011_15_TEN_IND,2011,15,IND,TEN,1.0,0.3800652796338189
2011_15_GB_KC,2011,15,KC,GB,1.0,0.29951095784100173
2011_15_NO_MIN,2011,15,MIN,NO,0.0,0.37575832859509356
2011_15_WAS_NYG,2011,15,NYG,WAS,0.0,0.7462007853351991
2011_15_CIN_STL,2011,15,STL,CIN,0.0,0.310134083148061
2011_15_DET_OAK,2011,15,OAK,DET,0.0,0.5426309830994508
2011_15_CLE_ARI,2011,15,ARI,CLE,1.0,0.658729036866743
2011_15_NE_DEN,2011,15,DEN,NE,0.0,0.2386530548754347
2011_15_NYJ_PHI,2011,15,PHI,NYJ,1.0,0.5191048212026378
2011_15_BAL_SD,2011,15,SD,BAL,1.0,0.46549189619252307
2011_15_PIT_SF,2011,15,SF,PIT,1.0,0.4610202857829332
2011_16_HOU_IND,2011,16,IND,HOU,1.0,0.2933513748987278
2011_16_CLE_BAL,2011,16,BAL,CLE,1.0,0.8629626977947229
2011_16_DEN_BUF,2011,16,BUF,DEN,1.0,0.4512909619916423
2011_16_TB_CAR,2011,16,CAR,TB,1.0,0.7767187606145314
2011_16_ARI_CIN,2011,16,CIN,ARI,1.0,0.6481349352408126
2011_16_OAK_KC,2011,16,KC,OAK,0.0,0.5373812676575518
2011_16_MIA_NE,2011,16,NE,MIA,1.0,0.8136525330379608
2011_16_NYG_NYJ,2011,16,NYJ,NYG,0.0,0.7671737263645377
2011_16_STL_PIT,2011,16,PIT,STL,1.0,0.838514959053342
2011_16_JAX_TEN,2011,16,TEN,JAX,1.0,0.6270137560321761
2011_16_MIN_WAS,2011,16,WAS,MIN,0.0,0.6099823169307161
2011_16_SD_DET,2011,16,DET,SD,1.0,0.56294686607763
2011_16_PHI_DAL,2011,16,DAL,PHI,0.0,0.5601264091452932
2011_16_SF_SEA,2011,16,SEA,SF,0.0,0.4710061620034998
2011_16_CHI_GB,2011,16,GB,CHI,1.0,0.8211568241184513
2011_16_ATL_NO,2011,16,NO,ATL,1.0,0.6701714454810015
2011_17_DET_GB,2011,17,GB,DET,1.0,0.791254427155287
2011_17_TEN_HOU,2011,17,HOU,TEN,0.0,0.7390399452891651
2011_17_IND_JAX,2011,17,JAX,IND,1.0,0.5658271491507972
2011_17_NYJ_MIA,2011,17,MIA,NYJ,1.0,0.49914630811265925
2011_17_CHI_MIN,2011,17,MIN,CHI,0.0,0.5399569550364853
2011_17_BUF_NE,2011,17,NE,BUF,1.0,0.8841827612675508
2011_17_CAR_NO,2011,17,NO,CAR,1.0,0.775120621549657
2011_17_WAS_PHI,2011,17,PHI,WAS,1.0,0.7773468044844521
2011_17_SF_STL,2011,17,STL,SF,0.0,0.25058136251635993
2011_17_SEA_ARI,2011,17,ARI,SEA,1.0,0.5392235374876255
2011_17_TB_ATL,2011,17,ATL,TB,1.0,0.8337334453484267
2011_17_BAL_CIN,2011,17,CIN,BAL,0.0,0.39921147158361614
2011_17_PIT_CLE,2011,17,CLE,PIT,0.0,0.36194859511557115
2011_17_KC_DEN,2011,17,DEN,KC,0.0,0.6082002786853056
2011_17_SD_OAK,2011,17,OAK,SD,0.0,0.43330217580721286
2011_17_DAL_NYG,2011,17,NYG,DAL,1.0,0.49608532371349806
2012_01_DAL_NYG,2012,1,NYG,DAL,0.0,0.5792686174856301
2012_01_IND_CHI,2012,1,CHI,IND,1.0,0.7393218407563009
2012_01_PHI_CLE,2012,1,CLE,PHI,0.0,0.36573475334748573
2012_01_STL_DET,2012,1,DET,STL,1.0,0.8412785899806697
2012_01_MIA_HOU,2012,1,HOU,MIA,1.0,0.667979542253842
2012_01_ATL_KC,2012,1,KC,ATL,0.0,0.45191501928544364
2012_01_JAX_MIN,2012,1,MIN,JAX,1.0,0.6139529798687208
2012_01_WAS_NO,2012,1,NO,WAS,0.0,0.8697228835448471
2012_01_BUF_NYJ,2012,1,NYJ,BUF,1.0,0.668766315230472
2012_01_NE_TEN,2012,1,TEN,NE,0.0,0.2782368216514813
2012_01_SEA_ARI,2012,1,ARI,SEA,1.0,0.5224681956679762
2012_01_SF_GB,2012,1,GB,SF,0.0,0.7275486702085512
2012_01_CAR_TB,2012,1,TB,CAR,1.0,0.43187843609764504
2012_01_PIT_DEN,2012,1,DEN,PIT,1.0,0.42105027251551264
2012_01_CIN_BAL,2012,1,BAL,CIN,1.0,0.7897881593579357
2012_01_SD_OAK,2012,1,OAK,SD,0.0,0.3540365861213846
2012_02_CHI_GB,2012,2,GB,CHI,1.0,0.6475925765721068
2012_02_KC_BUF,2012,2,BUF,KC,1.0,0.6099012686154307
2012_02_NO_CAR,2012,2,CAR,NO,1.0,0.34574217543967645
2012_02_CLE_CIN,2012,2,CIN,CLE,1.0,0.6709596627911627
2012_02_MIN_IND,2012,2,IND,MIN,1.0,0.48270871361378787
2012_02_HOU_JAX,2012,2,JAX,HOU,0.0,0.4721337517028448
2012_02_OAK_MIA,2012,2,MIA,OAK,1.0,0.5647422781139945
2012_02_ARI_NE,2012,2,NE,ARI,0.0,0.8225130900713314
2012_02_TB_NYG,2012,2,NYG,TB,1.0,0.7754956323121408
2012_02_BAL_PHI,2012,2,PHI,BAL,1.0,0.4827530968517264
2012_02_DAL_SEA,2012,2,SEA,DAL,1.0,0.3813281221519896
2012_02_WAS_STL,2012,2,STL,WAS,1.0,0.389008283711368
2012_02_NYJ_PIT,2012,2,PIT,NYJ,1.0,0.5791654800136182
2012_02_TEN_SD,2012,2,SD,TEN,1.0,0.7408543664387836
2012_02_DET_SF,2012,2,SF,DET,1.0,0.5215531160411024
2012_02_DEN_ATL,2012,2,ATL,DEN,1.0,0.5131700542443938
2012_03_NYG_CAR,2012,3,CAR,NYG,0.0,0.5742013842050548
2012_03_STL_CHI,2012,3,CHI,STL,1.0,0.8086709062328405
2012_03_BUF_CLE,2012,3,CLE,BUF,0.0,0.47655096751028025
2012_03_TB_DAL,2012,3,DAL,TB,1.0,0.7538882030943133
2012_03_JAX_IND,2012,3,IND,JAX,0.0,0.6890740860799218
2012_03_NYJ_MIA,2012,3,MIA,NYJ,0.0,0.5380960859937649
2012_03_SF_MIN,2012,3,MIN,SF,1.0,0.31004748836705553
2012_03_KC_NO,2012,3,NO,KC,0.0,0.7903027984598247
2012_03_DET_TEN,2012,3,TEN,DET,1.0,0.33571694796877777
2012_03_CIN_WAS,2012,3,WAS,CIN,0.0,0.5194692490373632
2012_03_PHI_ARI,2012,3,ARI,PHI,1.0,0.44247132298212233
2012_03_ATL_SD,2012,3,SD,ATL,0.0,0.5247385823922242
2012_03_HOU_DEN,2012,3,DEN,HOU,0.0,0.5383620003188948
2012_03_PIT_OAK,2012,3,OAK,PIT,1.0,0.2355890930577832
2012_03_NE_BAL,2012,3,BAL,NE,1.0,0.4041744637359807
2012_03_GB_SEA,2012,3,SEA,GB,1.0,0.3789264054486322
2012_04_CLE_BAL,2012,4,BAL,CLE,1.0,0.8080510476267823
2012_04_CAR_ATL,2012,4,ATL,CAR,1.0,0.715849508442665
2012_04_NE_BUF,2012,4,BUF,NE,0.0,0.4787342385574258
2012_04_MIN_DET,2012,4,DET,MIN,0.0,0.6790746159817849
2012_04_TEN_HOU,2012,4,HOU,TEN,1.0,0.8301419019804233
2012_04_SD_KC,2012,4,KC,SD,0.0,0.48086728280555335
2012_04_SF_NYJ,2012,4,NYJ,SF,0.0,0.5964961506442966
2012_04_SEA_STL,2012,4,STL,SEA,1.0,0.32100569395879663
2012_04_MIA_ARI,2012,4,ARI,MIA,1.0,0.6352323163875827
2012_04_OAK_DEN,2012,4,DEN,OAK,1.0,0.7456355496136775
2012_04_CIN_JAX,2012,4,JAX,CIN,0.0,0.42014571114489
2012_04_NO_GB,2012,4,GB,NO,1.0,0.6574742851480863
2012_04_WAS_TB,2012,4,TB,WAS,0.0,0.5549565338846557
2012_04_NYG_PHI,2012,4,PHI,NYG,1.0,0.6076494980690917
2012_04_CHI_DAL,2012,4,DAL,CHI,0.0,0.5909339701012916
2012_05_ARI_STL,2012,5,STL,ARI,1.0,0.3063798362321143
2012_05_MIA_CIN,2012,5,CIN,MIA,0.0,0.6013804484159727
2012_05_GB_IND,2012,5,IND,GB,1.0,0.2622533384687535
2012_05_BAL_KC,2012,5,KC,BAL,0.0,0.4823139314735292
2012_05_CLE_NYG,2012,5,NYG,CLE,1.0,0.769939930946134
2012_05_PHI_PIT,2012,5,PIT,PHI,1.0,0.6179151899529348
2012_05_ATL_WAS,2012,5,WAS,ATL,0.0,0.3427351468143419
2012_05_SEA_CAR,2012,5,CAR,SEA,0.0,0.5424495293385488
2012_05_CHI_JAX,2012,5,JAX,CHI,0.0,0.28936415411064115
2012_05_TEN_MIN,2012,5,MIN,TEN,1.0,0.6061233803694044
2012_05_DEN_NE,2012,5,NE,DEN,1.0,0.7152665206595769
2012_05_BUF_SF,2012,5,SF,BUF,1.0,0.7892823637569972
2012_05_SD_NO,2012,5,NO,SD,1.0,0.5775757122515593
2012_05_HOU_NYJ,2012,5,NYJ,HOU,0.0,0.3820597156399746
2012_06_PIT_TEN,2012,6,TEN,PIT,1.0,0.29260485661325064
2012_06_OAK_ATL,2012,6,ATL,OAK,1.0,0.8526318657695021
2012_06_DAL_BAL,2012,6,BAL,DAL,1.0,0.5792827705612741
2012_06_CIN_CLE,2012,6,CLE,CIN,1.0,0.3010724731470881
2012_06_STL_MIA,2012,6,MIA,STL,1.0,0.7475933030049114
2012_06_IND_NYJ,2012,6,NYJ,IND,1.0,0.6304946711914586
2012_06_DET_PHI,2012,6,PHI,DET,0.0,0.5975463699490432
2012_06_KC_TB,2012,6,TB,KC,1.0,0.562326450133796
2012_06_BUF_ARI,2012,6,ARI,BUF,0.0,0.7283700684658315
2012_06_NE_SEA,2012,6,SEA,NE,1.0,0.30057962446998787
2012_06_NYG_SF,2012,6,SF,NYG,0.0,0.6262243207381278
2012_06_MIN_WAS,2012,6,WAS,MIN,1.0,0.5271344255981371
2012_06_GB_HOU,2012,6,HOU,GB,0.0,0.6387409494841888
2012_06_DEN_SD,2012,6,SD,DEN,0.0,0.6723451413935561
2012_07_SEA_SF,2012,7,SF,SEA,1.0,0.6200170397707042
2012_07_TEN_BUF,2012,7,BUF,TEN,0.0,0.615824530002391
2012_07_DAL_CAR,2012,7,CAR,DAL,0.0,0.49950785870566694
2012_07_BAL_HOU,2012,7,HOU,BAL,1.0,0.6285229407939343
2012_07_CLE_IND,2012,7,IND,CLE,1.0,0.5845042029318145
2012_07_ARI_MIN,2012,7,MIN,ARI,1.0,0.6854330171481523
2012_07_WAS_NYG,2012,7,NYG,WAS,1.0,0.6729711995056734
2012_07_GB_STL,2012,7,STL,GB,0.0,0.24749022718059752
2012_07_NO_TB,2012,7,TB,NO,0.0,0.44600387431330235
2012_07_NYJ_NE,2012,7,NE,NYJ,1.0,0.8356122426026392
2012_07_JAX_OAK,2012,7,OAK,JAX,1.0,0.5845020988494387
2012_07_PIT_CIN,2012,7,CIN,PIT,0.0,0.44778325015848525
2012_07_DET_CHI,2012,7,CHI,DET,1.0,0.7242100021282086
2012_08_TB_MIN,2012,8,MIN,TB,0.0,0.6565381985991459
2012_08_CAR_CHI,2012,8,CHI,CAR,1.0,0.8485382182673225
2012_08_SD_CLE,2012,8,CLE,SD,1.0,0.4046781250916275
2012_08_SEA_DET,2012,8,DET,SEA,1.0,0.5563348984669848
2012_08_JAX_GB,2012,8,GB,JAX,1.0,0.8796749582568089
2012_08_MIA_NYJ,2012,8,NYJ,MIA,0.0,0.563161049771215
2012_08_ATL_PHI,2012,8,PHI,ATL,0.0,0.47404355364416434
2012_08_WAS_PIT,2012,8,PIT,WAS,1.0,0.6937127259643481
2012_08_NE_STL,2012,8,STL,NE,0.0,0.2269222071645253
2012_08_IND_TEN,2012,8,TEN,IND,0.0,0.6052612979166901
2012_08_OAK_KC,2012,8,KC,OAK,0.0,0.584140775891946
2012_08_NYG_DAL,2012,8,DAL,NYG,0.0,0.5441308913713192
2012_08_NO_DEN,2012,8,DEN,NO,1.0,0.5853845062308477
2012_08_SF_ARI,2012,8,ARI,SF,0.0,0.38886765419195335
2012_09_KC_SD,2012,9,SD,KC,1.0,0.7888721772053698
2012_09_DEN_CIN,2012,9,CIN,DEN,0.0,0.3361763732700241
2012_09_BAL_CLE,2012,9,CLE,BAL,0.0,0.35663070048472273
2012_09_ARI_GB,2012,9,GB,ARI,1.0,0.8631954916259027
2012_09_BUF_HOU,2012,9,HOU,BUF,1.0,0.8680504982689051
2012_09_MIA_IND,2012,9,IND,MIA,1.0,0.4626439382196289
2012_09_DET_JAX,2012,9,JAX,DET,0.0,0.3145077616157511
2012_09_CHI_TEN,2012,9,TEN,CHI,0.0,0.38663235706733184
2012_09_CAR_WAS,2012,9,WAS,CAR,0.0,0.6704836853737097
2012_09_TB_OAK,2012,9,OAK,TB,0.0,0.6256889211119551
2012_09_MIN_SEA,2012,9,SEA,MIN,1.0,0.6350806170895742
2012_09_PIT_NYG,2012,9,NYG,PIT,0.0,0.6012672014432779
2012_09_DAL_ATL,2012,9,ATL,DAL,1.0,0.692195735727402
2012_09_PHI_NO,2012,9,NO,PHI,1.0,0.6556738334601213
2012_10_IND_JAX,2012,10,JAX,IND,0.0,0.31115041400758314
2012_10_OAK_BAL,2012,10,BAL,OAK,1.0,0.7791635807397349
2012_10_DEN_CAR,2012,10,CAR,DEN,0.0,0.36483183464384394
2012_10_NYG_CIN,2012,10,CIN,NYG,1.0,0.41495588039940845
2012_10_TEN_MIA,2012,10,MIA,TEN,0.0,0.7875604666232218
2012_10_DET_MIN,2012,10,MIN,DET,1.0,0.38042290247781624
2012_10_BUF_NE,2012,10,NE,BUF,1.0,0.8684029147669533
2012_10_ATL_NO,2012,10,NO,ATL,1.0,0.4575840498000365
2012_10_SD_TB,2012,10,TB,SD,1.0,0.5738250136582385
2012_10_NYJ_SEA,2012,10,SEA,NYJ,1.0,0.6252666126025359
2012_10_DAL_PHI,2012,10,PHI,DAL,0.0,0.4653407800914773
2012_10_STL_SF,2012,10,SF,STL,0.0,0.8349945233229796
2012_10_HOU_CHI,2012,10,CHI,HOU,0.0,0.6421648260341117
2012_10_KC_PIT,2012,10,PIT,KC,1.0,0.8530899675699088
2012_11_MIA_BUF,2012,11,BUF,MIA,1.0,0.5610159752864664
2012_11_ARI_ATL,2012,11,ATL,ARI,1.0,0.8521731580135596
2012_11_TB_CAR,2012,11,CAR,TB,0.0,0.4211855816319826
2012_11_CLE_DAL,2012,11,DAL,CLE,1.0,0.8141020903691949
2012_11_GB_DET,2012,11,DET,GB,0.0,0.46348595722389174
2012_11_JAX_HOU,2012,11,HOU,JAX,1.0,0.877694627834053
2012_11_CIN_KC,2012,11,KC,CIN,0.0,0.4222124267813243
2012_11_NYJ_STL,2012,11,STL,NYJ,0.0,0.43819504251164587
2012_11_PHI_WAS,2012,11,WAS,PHI,1.0,0.567583716110428
2012_11_NO_OAK,2012,11,OAK,NO,0.0,0.26788423496601904
2012_11_SD_DEN,2012,11,DEN,SD,1.0,0.8111384526178017
2012_11_IND_NE,2012,11,NE,IND,1.0,0.7985308934755717
2012_11_BAL_PIT,2012,11,PIT,BAL,0.0,0.5763478736728606
2012_11_CHI_SF,2012,11,SF,CHI,1.0,0.629330737569626
2012_12_HOU_DET,2012,12,DET,HOU,0.0,0.5110994741687076
2012_12_WAS_DAL,2012,12,DAL,WAS,0.0,0.6401737309894767
2012_12_NE_NYJ,2012,12,NYJ,NE,0.0,0.2596575392891605
2012_12_MIN_CHI,2012,12,CHI,MIN,1.0,0.7766950077053127
2012_12_OAK_CIN,2012,12,CIN,OAK,1.0,0.8231578171945817
2012_12_PIT_CLE,2012,12,CLE,PIT,1.0,0.3364604049883479
2012_12_BUF_IND,2012,12,IND,BUF,1.0,0.5194760938783547
2012_12_TEN_JAX,2012,12,JAX,TEN,1.0,0.3311247685961989
2012_12_DEN_KC,2012,12,KC,DEN,0.0,0.33662170234739264
2012_12_SEA_MIA,2012,12,MIA,SEA,1.0,0.43787144110535003
2012_12_ATL_TB,2012,12,TB,ATL,0.0,0.4830912195710001
2012_12_BAL_SD,2012,12,SD,BAL,0.0,0.43495499205069527
2012_12_STL_ARI,2012,12,ARI,STL,0.0,0.6725572550754674
2012_12_SF_NO,2012,12,NO,SF,0.0,0.6217087129770904
2012_12_GB_NYG,2012,12,NYG,GB,1.0,0.4663180057573075
2012_12_CAR_PHI,2012,12,PHI,CAR,0.0,0.6595591706882393
2012_13_NO_ATL,2012,13,ATL,NO,1.0,0.630391887467018
2012_13_JAX_BUF,2012,13,BUF,JAX,1.0,0.7235376528888756
2012_13_SEA_CHI,2012,13,CHI,SEA,0.0,0.6421985482018172
2012_13_IND_DET,2012,13,DET,IND,0.0,0.582430278358957
2012_13_MIN_GB,2012,13,GB,MIN,1.0,0.8312770405394052
2012_13_CAR_KC,2012,13,KC,CAR,1.0,0.4616690591392483
2012_13_NE_MIA,2012,13,MIA,NE,0.0,0.20609073022177468
2012_13_ARI_NYJ,2012,13,NYJ,ARI,1.0,0.6176601006778708
2012_13_SF_STL,2012,13,STL,SF,1.0,0.24845030297230355
2012_13_HOU_TEN,2012,13,TEN,HOU,0.0,0.3346094893657458
2012_13_TB_DEN,2012,13,DEN,TB,1.0,0.7579892486154562
2012_13_PIT_BAL,2012,13,BAL,PIT,0.0,0.7124477364597459
2012_13_CLE_OAK,2012,13,OAK,CLE,0.0,0.5465888465490103
2012_13_CIN_SD,2012,13,SD,CIN,0.0,0.5054011186567308
2012_13_PHI_DAL,2012,13,DAL,PHI,1.0,0.7433896792241661
2012_13_NYG_WAS,2012,13,WAS,NYG,1.0,0.4588987001933908
2012_14_DEN_OAK,2012,14,OAK,DEN,0.0,0.23487328395442755
2012_14_STL_BUF,2012,14,BUF,STL,0.0,0.6615602614441822
2012_14_ATL_CAR,2012,14,CAR,ATL,1.0,0.33973676342073056
2012_14_DAL_CIN,2012,14,CIN,DAL,0.0,0.577721904232347
2012_14_KC_CLE,2012,14,CLE,KC,1.0,0.6748394410083368
2012_14_TEN_IND,2012,14,IND,TEN,1.0,0.5756062594080279
2012_14_NYJ_JAX,2012,14,JAX,NYJ,0.0,0.3296478089703625
2012_14_CHI_MIN,2012,14,MIN,CHI,1.0,0.442373058261801
2012_14_SD_PIT,2012,14,PIT,SD,0.0,0.7390692170401199
2012_14_PHI_TB,2012,14,TB,PHI,0.0,0.7997170879891321
2012_14_BAL_WAS,2012,14,WAS,BAL,1.0,0.4852273941173897
2012_14_MIA_SF,2012,14,SF,MIA,1.0,0.8432094500419196
2012_14_NO_NYG,2012,14,NYG,NO,1.0,0.5905100579784003
2012_14_ARI_SEA,2012,14,SEA,ARI,1.0,0.7525086654383658
2012_14_DET_GB,2012,14,GB,DET,1.0,0.8250515727820499
2012_14_HOU_NE,2012,14,NE,HOU,1.0,0.7011851177056898
2012_15_CIN_PHI,2012,15,PHI,CIN,0.0,0.45037084946487516
2012_15_NYG_ATL,2012,15,ATL,NYG,1.0,0.5860434935243629
2012_15_DEN_BAL,2012,15,BAL,DEN,0.0,0.5398302741785187
2012_15_GB_CHI,2012,15,CHI,GB,0.0,0.4578160241417519
2012_15_WAS_CLE,2012,15,CLE,WAS,0.0,0.46866281906842217
2012_15_IND_HOU,2012,15,HOU,IND,1.0,0.7650032609085639
2012_15_JAX_MIA,2012,15,MIA,JAX,1.0,0.7430762587192041
2012_15_TB_NO,2012,15,NO,TB,1.0,0.7475566911279155
2012_15_MIN_STL,2012,15,STL,MIN,0.0,0.4891980150776262
2012_15_DET_ARI,2012,15,ARI,DET,1.0,0.3659295783356421
2012_15_SEA_BUF,2012,15,BUF,SEA,0.0,0.44933351648702485
2012_15_CAR_SD,2012,15,SD,CAR,0.0,0.7071598028201731
2012_15_PIT_DAL,2012,15,DAL,PIT,1.0,0.5542910675099291
2012_15_KC_OAK,2012,15,OAK,KC,1.0,0.4672937579151732
2012_15_SF_NE,2012,15,NE,SF,0.0,0.7165886683977374
2012_15_NYJ_TEN,2012,15,TEN,NYJ,1.0,0.6001362453141084
2012_16_ATL_DET,2012,16,DET,ATL,0.0,0.3670306312235423
2012_16_OAK_CAR,2012,16,CAR,OAK,1.0,0.7590014893079154
2012_16_NO_DAL,2012,16,DAL,NO,0.0,0.5337260186663099
2012_16_TEN_GB,2012,16,GB,TEN,1.0,0.8523371100269622
2012_16_MIN_HOU,2012,16,HOU,MIN,0.0,0.8398168233398547
2012_16_NE_JAX,2012,16,JAX,NE,0.0,0.19089535432308816
2012_16_IND_KC,2012,16,KC,IND,0.0,0.4338553835267288
2012_16_BUF_MIA,2012,16,MIA,BUF,1.0,0.6276558039102612
2012_16_SD_NYJ,2012,16,NYJ,SD,0.0,0.4664761594986908
2012_16_WAS_PHI,2012,16,PHI,WAS,0.0,0.4184551960643143
2012_16_CIN_PIT,2012,16,PIT,CIN,0.0,0.6055263753499727
2012_16_STL_TB,2012,16,TB,STL,0.0,0.7089997983730386
2012_16_CLE_DEN,2012,16,DEN,CLE,1.0,0.8955982319201453
2012_16_CHI_ARI,2012,16,ARI,CHI,0.0,0.3971329748169111
2012_16_NYG_BAL,2012,16,BAL,NYG,1.0,0.5430141243885376
2012_16_SF_SEA,2012,16,SEA,SF,1.0,0.6453167581561875
2012_17_TB_ATL,2012,17,ATL,TB,0.0,0.8683394112705429
2012_17_NYJ_BUF,2012,17,BUF,NYJ,1.0,0.5987217448075406
2012_17_BAL_CIN,2012,17,CIN,BAL,1.0,0.6422167017628486
2012_17_CHI_DET,2012,17,DET,CHI,0.0,0.40995181074783615
2012_17_HOU_IND,2012,17,IND,HOU,1.0,0.38022654446526144
2012_17_CAR_NO,2012,17,NO,CAR,0.0,0.7194293910655983
2012_17_PHI_NYG,2012,17,NYG,PHI,1.0,0.8028633330059001
2012_17_CLE_PIT,2012,17,PIT,CLE,1.0,0.762930852853864
2012_17_JAX_TEN,2012,17,TEN,JAX,1.0,0.6788123474792903
2012_17_KC_DEN,2012,17,DEN,KC,1.0,0.8660066529036289
2012_17_GB_MIN,2012,17,MIN,GB,1.0,0.47258143905946814
2012_17_MIA_NE,2012,17,NE,MIA,1.0,0.8719333744378099
2012_17_OAK_SD,2012,17,SD,OAK,1.0,0.7757812784562881
2012_17_STL_SEA,2012,17,SEA,STL,1.0,0.8432340562756699
2012_17_ARI_SF,2012,17,SF,ARI,1.0,0.8098382899558629
2012_17_DAL_WAS,2012,17,WAS,DAL,1.0,0.6186206482450809
2013_01_BAL_DEN,2013,1,DEN,BAL,1.0,0.7377369524983397
2013_01_NE_BUF,2013,1,BUF,NE,0.0,0.2772089255594559
2013_01_SEA_CAR,2013,1,CAR,SEA,0.0,0.5294998187961341
2013_01_CIN_CHI,2013,1,CHI,CIN,1.0,0.6061604273994906
2013_01_MIA_CLE,2013,1,CLE,MIA,0.0,0.4666029659365999
2013_01_MIN_DET,2013,1,DET,MIN,1.0,0.4715530116242456
2013_01_OAK_IND,2013,1,IND,OAK,1.0,0.7520492275440477
2013_01_KC_JAX,2013,1,JAX,KC,0.0,0.5067775333938147
2013_01_ATL_NO,2013,1,NO,ATL,1.0,0.5481802385037038
2013_01_TB_NYJ,2013,1,NYJ,TB,1.0,0.5805420227081556
2013_01_TEN_PIT,2013,1,PIT,TEN,0.0,0.6671801849867585
2013_01_GB_SF,2013,1,SF,GB,1.0,0.6206248556644625
2013_01_ARI_STL,2013,1,STL,ARI,1.0,0.601632544024812
2013_01_NYG_DAL,2013,1,DAL,NYG,1.0,0.5728449673963955
2013_01_PHI_WAS,2013,1,WAS,PHI,0.0,0.8153548432384411
2013_01_HOU_SD,2013,1,SD,HOU,0.0,0.4604660440369801
2013_02_NYJ_NE,2013,2,NE,NYJ,1.0,0.7889286931686189
2013_02_STL_ATL,2013,2,ATL,STL,1.0,0.7292456623634896
2013_02_CLE_BAL,2013,2,BAL,CLE,1.0,0.7790852118570369
2013_02_CAR_BUF,2013,2,BUF,CAR,1.0,0.5292407694318199
2013_02_MIN_CHI,2013,2,CHI,MIN,1.0,0.6468604689522598
2013_02_WAS_GB,2013,2,GB,WAS,1.0,0.7063512548876253
2013_02_TEN_HOU,2013,2,HOU,TEN,1.0,0.7554261935142227
2013_02_MIA_IND,2013,2,IND,MIA,0.0,0.6216514656908045
2013_02_DAL_KC,2013,2,KC,DAL,1.0,0.5730855109204465
2013_02_SD_PHI,2013,2,PHI,SD,0.0,0.6108556972865293
2013_02_DET_ARI,2013,2,ARI,DET,1.0,0.5135606104667872
2013_02_NO_TB,2013,2,TB,NO,0.0,0.4048256673834065
2013_02_DEN_NYG,2013,2,NYG,DEN,0.0,0.32880583775108435
2013_02_JAX_OAK,2013,2,OAK,JAX,1.0,0.734077727217832
2013_02_SF_SEA,2013,2,SEA,SF,1.0,0.48629852546209773
2013_02_PIT_CIN,2013,2,CIN,PIT,1.0,0.5302913308486495
2013_03_KC_PHI,2013,3,PHI,KC,0.0,0.7073271487270476
2013_03_HOU_BAL,2013,3,BAL,HOU,1.0,0.49061158288534856
2013_03_NYG_CAR,2013,3,CAR,NYG,1.0,0.5674591430412244
2013_03_GB_CIN,2013,3,CIN,GB,1.0,0.33331067676450354
2013_03_STL_DAL,2013,3,DAL,STL,1.0,0.6588412332274483
2013_03_CLE_MIN,2013,3,MIN,CLE,0.0,0.7739480170687707
2013_03_TB_NE,2013,3,NE,TB,1.0,0.7962420089284196
2013_03_ARI_NO,2013,3,NO,ARI,1.0,0.7238941734823423
2013_03_SD_TEN,2013,3,TEN,SD,1.0,0.5154737044945588
2013_03_DET_WAS,2013,3,WAS,DET,0.0,0.6975244698528766
2013_03_ATL_MIA,2013,3,MIA,ATL,1.0,0.5093617507309902
2013_03_BUF_NYJ,2013,3,NYJ,BUF,1.0,0.5569550591336296
2013_03_JAX_SEA,2013,3,SEA,JAX,1.0,0.87789044900571
2013_03_IND_SF,2013,3,SF,IND,0.0,0.6002641729401427
2013_03_CHI_PIT,2013,3,PIT,CHI,0.0,0.3757339856434808
2013_03_OAK_DEN,2013,3,DEN,OAK,1.0,0.8431047503490245
2013_04_SF_STL,2013,4,STL,SF,0.0,0.35645134921447036
2013_04_BAL_BUF,2013,4,BUF,BAL,1.0,0.37869714074247995
2013_04_CIN_CLE,2013,4,CLE,CIN,1.0,0.34726510588313675
2013_04_CHI_DET,2013,4,DET,CHI,1.0,0.4243311270633156
2013_04_SEA_HOU,2013,4,HOU,SEA,0.0,0.5056589276819677
2013_04_IND_JAX,2013,4,JAX,IND,0.0,0.22686080942799353
2013_04_NYG_KC,2013,4,KC,NYG,1.0,0.6209355171127793
2013_04_PIT_MIN,2013,4,MIN,PIT,1.0,0.6481922896205176
2013_04_ARI_TB,2013,4,TB,ARI,0.0,0.5931698910550006
2013_04_NYJ_TEN,2013,4,TEN,NYJ,1.0,0.5809251680726677
2013_04_PHI_DEN,2013,4,DEN,PHI,1.0,0.8323529292318341
2013_04_WAS_OAK,2013,4,OAK,WAS,0.0,0.39490776533658256
2013_04_DAL_SD,2013,4,SD,DAL,1.0,0.5801856360485607
2013_04_NE_ATL,2013,4,ATL,NE,0.0,0.4829779104232691
2013_04_MIA_NO,2013,4,NO,MIA,1.0,0.6596086058317425
2013_05_BUF_CLE,2013,5,CLE,BUF,1.0,0.5704536772243093
2013_05_NO_CHI,2013,5,CHI,NO,0.0,0.5421290242404265
2013_05_NE_CIN,2013,5,CIN,NE,1.0,0.43752212858958933
2013_05_DET_GB,2013,5,GB,DET,1.0,0.6480710701364908
2013_05_SEA_IND,2013,5,IND,SEA,1.0,0.6301036290936428
2013_05_BAL_MIA,2013,5,MIA,BAL,0.0,0.528366099528302
2013_05_PHI_NYG,2013,5,NYG,PHI,0.0,0.5767345598514758
2013_05_JAX_STL,2013,5,STL,JAX,1.0,0.7673257427115517
2013_05_KC_TEN,2013,5,TEN,KC,0.0,0.7099313412591179
2013_05_CAR_ARI,2013,5,ARI,CAR,1.0,0.42664850494997586
2013_05_DEN_DAL,2013,5,DAL,DEN,0.0,0.2616851568477578
2013_05_HOU_SF,2013,5,SF,HOU,1.0,0.5785345913393266
2013_05_SD_OAK,2013,5,OAK,SD,1.0,0.3365416595938835
2013_05_NYJ_ATL,2013,5,ATL,NYJ,0.0,0.7531701462783202
2013_06_NYG_CHI,2013,6,CHI,NYG,1.0,0.7612204192728685
2013_06_GB_BAL,2013,6,BAL,GB,0.0,0.526350230792302
2013_06_CIN_BUF,2013,6,BUF,CIN,0.0,0.4010436699310233
2013_06_DET_CLE,2013,6,CLE,DET,0.0,0.6231664671815181
2013_06_STL_HOU,2013,6,HOU,STL,0.0,0.7016060574340663
2013_06_OAK_KC,2013,6,KC,OAK,1.0,0.6802844565585217
2013_06_CAR_MIN,2013,6,MIN,CAR,0.0,0.6497862552728055
2013_06_PIT_NYJ,2013,6,NYJ,PIT,0.0,0.6357207309006889
2013_06_PHI_TB,2013,6,TB,PHI,0.0,0.6718028763259317
2013_06_JAX_DEN,2013,6,DEN,JAX,1.0,0.9115929415551489
2013_06_TEN_SEA,2013,6,SEA,TEN,1.0,0.7887391701910904
2013_06_NO_NE,2013,6,NE,NO,1.0,0.5971008868786052
2013_06_ARI_SF,2013,6,SF,ARI,1.0,0.6633753035050682
2013_06_WAS_DAL,2013,6,DAL,WAS,1.0,0.6251005043151685
2013_06_IND_SD,2013,6,SD,IND,1.0,0.40586023970142787
2013_07_SEA_ARI,2013,7,ARI,SEA,0.0,0.338669897587995
2013_07_TB_ATL,2013,7,ATL,TB,1.0,0.8562501441434757
2013_07_STL_CAR,2013,7,CAR,STL,1.0,0.6897410952209837
2013_07_CIN_DET,2013,7,DET,CIN,0.0,0.5359714045908779
2013_07_SD_JAX,2013,7,JAX,SD,0.0,0.33164035353734816
2013_07_BUF_MIA,2013,7,MIA,BUF,0.0,0.6969404733904304
2013_07_NE_NYJ,2013,7,NYJ,NE,1.0,0.39616880761953266
2013_07_DAL_PHI,2013,7,PHI,DAL,0.0,0.4928413470880756
2013_07_CHI_WAS,2013,7,WAS,CHI,1.0,0.5119186577922225
2013_07_SF_TEN,2013,7,TEN,SF,0.0,0.42664338559530307
2013_07_CLE_GB,2013,7,GB,CLE,1.0,0.8381042383829274
2013_07_HOU_KC,2013,7,KC,HOU,1.0,0.6241923188288394
2013_07_BAL_PIT,2013,7,PIT,BAL,1.0,0.515223910369793
2013_07_DEN_IND,2013,7,IND,DEN,1.0,0.29560130390626405
2013_07_MIN_NYG,2013,7,NYG,MIN,1.0,0.5860613955925473
2013_08_CAR_TB,2013,8,TB,CAR,0.0,0.3290238675903722
2013_08_DAL_DET,2013,8,DET,DAL,1.0,0.5185510824835851
2013_08_SF_JAX,2013,8,JAX,SF,0.0,0.29788142672788276
2013_08_CLE_KC,2013,8,KC,CLE,1.0,0.6572214915519791
2013_08_MIA_NE,2013,8,NE,MIA,1.0,0.7503539909248321
2013_08_BUF_NO,2013,8,NO,BUF,1.0,0.8425418243543082
2013_08_NYG_PHI,2013,8,PHI,NYG,0.0,0.6122647687931082
2013_08_NYJ_CIN,2013,8,CIN,NYJ,1.0,0.7080913417541361
2013_08_PIT_OAK,2013,8,OAK,PIT,1.0,0.38451328910709326
2013_08_ATL_ARI,2013,8,ARI,ATL,1.0,0.3634548264446361
2013_08_WAS_DEN,2013,8,DEN,WAS,1.0,0.7478959332133137
2013_08_GB_MIN,2013,8,MIN,GB,0.0,0.3912103582057838
2013_08_SEA_STL,2013,8,STL,SEA,0.0,0.32200631462801665
2013_09_CIN_MIA,2013,9,MIA,CIN,1.0,0.29179138705308544
2013_09_KC_BUF,2013,9,BUF,KC,0.0,0.38790072044067425
2013_09_ATL_CAR,2013,9,CAR,ATL,1.0,0.6032361801880545
2013_09_MIN_DAL,2013,9,DAL,MIN,1.0,0.844806526046395
2013_09_NO_NYJ,2013,9,NYJ,NO,1.0,0.41223405419307607
2013_09_TEN_STL,2013,9,STL,TEN,0.0,0.5082838375059286
2013_09_SD_WAS,2013,9,WAS,SD,1.0,0.5784440211145158
2013_09_PHI_OAK,2013,9,OAK,PHI,0.0,0.6223717164867161
2013_09_TB_SEA,2013,9,SEA,TB,1.0,0.8640992798232597
2013_09_BAL_CLE,2013,9,CLE,BAL,1.0,0.4165131400168529
2013_09_PIT_NE,2013,9,NE,PIT,1.0,0.7356525297087545
2013_09_IND_HOU,2013,9,HOU,IND,0.0,0.39434624632433146
2013_09_CHI_GB,2013,9,GB,CHI,0.0,0.7463451332184329
2013_10_WAS_MIN,2013,10,MIN,WAS,1.0,0.4485143126931584
2013_10_SEA_ATL,2013,10,ATL,SEA,0.0,0.4322136891403577
2013_10_CIN_BAL,2013,10,BAL,CIN,1.0,0.4523264381548942
2013_10_DET_CHI,2013,10,CHI,DET,0.0,0.595523759803447
2013_10_PHI_GB,2013,10,GB,PHI,0.0,0.7875151468250422
2013_10_STL_IND,2013,10,IND,STL,0.0,0.7958306562833349
2013_10_OAK_NYG,2013,10,NYG,OAK,1.0,0.7638304390367658
2013_10_BUF_PIT,2013,10,PIT,BUF,1.0,0.6628537863217729
2013_10_JAX_TEN,2013,10,TEN,JAX,0.0,0.8001787010021583
2013_10_CAR_SF,2013,10,SF,CAR,0.0,0.6629122209057465
2013_10_HOU_ARI,2013,10,ARI,HOU,1.0,0.6399888039855699
2013_10_DEN_SD,2013,10,SD,DEN,0.0,0.26743861665348084
2013_10_DAL_NO,2013,10,NO,DAL,1.0,0.7115943117838017
2013_10_MIA_TB,2013,10,TB,MIA,1.0,0.41026950590069466
2013_11_IND_TEN,2013,11,TEN,IND,0.0,0.5557742139190198
2013_11_NYJ_BUF,2013,11,BUF,NYJ,1.0,0.46057681572116005
2013_11_BAL_CHI,2013,11,CHI,BAL,1.0,0.5807692240703881
2013_11_CLE_CIN,2013,11,CIN,CLE,1.0,0.7363405342815672
2013_11_OAK_HOU,2013,11,HOU,OAK,0.0,0.6967537051613533
2013_11_ARI_JAX,2013,11,JAX,ARI,0.0,0.29685458519423785
2013_11_WAS_PHI,2013,11,PHI,WAS,1.0,0.5735209134366367
2013_11_DET_PIT,2013,11,PIT,DET,1.0,0.5860190140374674
2013_11_ATL_TB,2013,11,TB,ATL,1.0,0.4309279509371352
2013_11_SD_MIA,2013,11,MIA,SD,1.0,0.49804331053682666
2013_11_SF_NO,2013,11,NO,SF,1.0,0.6662531503894917
2013_11_GB_NYG,2013,11,NYG,GB,1.0,0.4519831623676823
2013_11_MIN_SEA,2013,11,SEA,MIN,1.0,0.8680517739520245
2013_11_KC_DEN,2013,11,DEN,KC,1.0,0.7367807610895033
2013_11_NE_CAR,2013,11,CAR,NE,1.0,0.6018437375011314
2013_12_NO_ATL,2013,12,ATL,NO,0.0,0.33224229644287595
2013_12_NYJ_BAL,2013,12,BAL,NYJ,1.0,0.7370745870187897
2013_12_PIT_CLE,2013,12,CLE,PIT,0.0,0.42609863678590576
2013_12_TB_DET,2013,12,DET,TB,0.0,0.7912880012387377
2013_12_MIN_GB,2013,12,GB,MIN,0.0,0.8148287385460466
2013_12_JAX_HOU,2013,12,HOU,JAX,0.0,0.7894299685534261
2013_12_SD_KC,2013,12,KC,SD,0.0,0.658848050596907
2013_12_CAR_MIA,2013,12,MIA,CAR,0.0,0.38312818168426327
2013_12_CHI_STL,2013,12,STL,CHI,1.0,0.49185612824047104
2013_12_IND_ARI,2013,12,ARI,IND,1.0,0.4870042901033035
2013_12_TEN_OAK,2013,12,OAK,TEN,0.0,0.4067642273227272
2013_12_DAL_NYG,2013,12,NYG,DAL,0.0,0.5541452337485884
2013_12_DEN_NE,2013,12,NE,DEN,1.0,0.5514607524593904
2013_12_SF_WAS,2013,12,WAS,SF,0.0,0.49327755451626554
2013_13_GB_DET,2013,13,DET,GB,1.0,0.5880157237433942
2013_13_OAK_DAL,2013,13,DAL,OAK,1.0,0.808917689136761
2013_13_PIT_BAL,2013,13,BAL,PIT,1.0,0.5301857736678639
2013_13_TB_CAR,2013,13,CAR,TB,1.0,0.8290392538217228
2013_13_JAX_CLE,2013,13,CLE,JAX,0.0,0.74478828785049
2013_13_NE_HOU,2013,13,HOU,NE,0.0,0.30100340789864016
2013_13_TEN_IND,2013,13,IND,TEN,1.0,0.6265041087106008
2013_13_CHI_MIN,2013,13,MIN,CHI,1.0,0.571584326982043
2013_13_MIA_NYJ,2013,13,NYJ,MIA,0.0,0.3616530484152161
2013_13_ARI_PHI,2013,13,PHI,ARI,1.0,0.5959956446687399
2013_13_ATL_BUF,2013,13,BUF,ATL,0.0,0.5593856834693008
2013_13_STL_SF,2013,13,SF,STL,1.0,0.7488135537425508
2013_13_DEN_KC,2013,13,KC,DEN,0.0,0.39073287220112235
2013_13_CIN_SD,2013,13,SD,CIN,0.0,0.4092048645827359
2013_13_NYG_WAS,2013,13,WAS,NYG,0.0,0.5562142793840932
2013_13_NO_SEA,2013,13,SEA,NO,1.0,0.6922294937349635
2013_14_HOU_JAX,2013,14,JAX,HOU,1.0,0.48868053114481497
2013_14_MIN_BAL,2013,14,BAL,MIN,1.0,0.7248619235721955
2013_14_IND_CIN,2013,14,CIN,IND,1.0,0.680655410606889
2013_14_ATL_GB,2013,14,GB,ATL,1.0,0.5250929508325701
2013_14_CLE_NE,2013,14,NE,CLE,1.0,0.8707120607344577
2013_14_OAK_NYJ,2013,14,NYJ,OAK,1.0,0.5856092509669073
2013_14_DET_PHI,2013,14,PHI,DET,1.0,0.5611940385216844
2013_14_MIA_PIT,2013,14,PIT,MIA,0.0,0.6483441707716955
2013_14_BUF_TB,2013,14,TB,BUF,1.0,0.6350281972302813
2013_14_KC_WAS,2013,14,WAS,KC,0.0,0.5676098621018886
2013_14_TEN_DEN,2013,14,DEN,TEN,1.0,0.7708188378171992
2013_14_STL_ARI,2013,14,ARI,STL,1.0,0.6937864532811694
2013_14_NYG_SD,2013,14,SD,NYG,1.0,0.4998849586700217
2013_14_SEA_SF,2013,14,SF,SEA,1.0,0.39921023428266755
2013_14_CAR_NO,2013,14,NO,CAR,1.0,0.6497104220181282
2013_14_DAL_CHI,2013,14,CHI,DAL,1.0,0.5380708961527102
2013_15_SD_DEN,2013,15,DEN,SD,0.0,0.7663653892301006
2013_15_WAS_ATL,2013,15,ATL,WAS,1.0,0.7099745447220643
2013_15_CHI_CLE,2013,15,CLE,CHI,0.0,0.3868038018084162
2013_15_HOU_IND,2013,15,IND,HOU,1.0,0.760993288163845
2013_15_BUF_JAX,2013,15,JAX,BUF,0.0,0.6404250115633474
2013_15_NE_MIA,2013,15,MIA,NE,1.0,0.3773206300094901
2013_15_PHI_MIN,2013,15,MIN,PHI,1.0,0.4836039416966862
2013_15_SEA_NYG,2013,15,NYG,SEA,0.0,0.3431486702682425
2013_15_SF_TB,2013,15,TB,SF,0.0,0.32268585182478055
2013_15_NYJ_CAR,2013,15,CAR,NYJ,1.0,0.8463692961015762
2013_15_KC_OAK,2013,15,OAK,KC,0.0,0.3258413166848448
2013_15_GB_DAL,2013,15,DAL,GB,0.0,0.7080146792202091
2013_15_NO_STL,2013,15,STL,NO,1.0,0.3460734105753031
2013_15_ARI_TEN,2013,15,TEN,ARI,0.0,0.5010812786597743
2013_15_CIN_PIT,2013,15,PIT,CIN,1.0,0.45735221115167
2013_15_BAL_DET,2013,15,DET,BAL,0.0,0.5884347330360905
2013_16_MIA_BUF,2013,16,BUF,MIA,1.0,0.410592458650258
2013_16_NO_CAR,2013,16,CAR,NO,1.0,0.5452072066785476
2013_16_MIN_CIN,2013,16,CIN,MIN,1.0,0.7587564497926501
2013_16_DEN_HOU,2013,16,HOU,DEN,0.0,0.2641807455801971
2013_16_TEN_JAX,2013,16,JAX,TEN,0.0,0.520913792834003
2013_16_IND_KC,2013,16,KC,IND,0.0,0.6222674667007729
2013_16_CLE_NYJ,2013,16,NYJ,CLE,1.0,0.6437991287951937
2013_16_TB_STL,2013,16,STL,TB,1.0,0.6381860729941223
2013_16_DAL_WAS,2013,16,WAS,DAL,0.0,0.31882513000026913
2013_16_NYG_DET,2013,16,DET,NYG,0.0,0.6733294735440977
2013_16_ARI_SEA,2013,16,SEA,ARI,0.0,0.7958050288438702
2013_16_NE_BAL,2013,16,BAL,NE,0.0,0.4342080376756149
2013_16_PIT_GB,2013,16,GB,PIT,0.0,0.5341398216882027
2013_16_OAK_SD,2013,16,SD,OAK,1.0,0.8369336685988467
2013_16_CHI_PHI,2013,16,PHI,CHI,1.0,0.5528759252982288
2013_16_ATL_SF,2013,16,SF,ATL,1.0,0.7723221854812472
2013_17_CAR_ATL,2013,17,ATL,CAR,0.0,0.38432471595353457
2013_17_BAL_CIN,2013,17,CIN,BAL,1.0,0.6586964310150094
2013_17_JAX_IND,2013,17,IND,JAX,1.0,0.8584319515416837
2013_17_NYJ_MIA,2013,17,MIA,NYJ,0.0,0.7174238741269855
2013_17_DET_MIN,2013,17,MIN,DET,1.0,0.4902240639677292
2013_17_WAS_NYG,2013,17,NYG,WAS,1.0,0.6929092889401883
2013_17_CLE_PIT,2013,17,PIT,CLE,1.0,0.7424794737346047
2013_17_HOU_TEN,2013,17,TEN,HOU,1.0,0.614412478819178
2013_17_SF_ARI,2013,17,ARI,SF,0.0,0.5231819900303344
2013_17_GB_CHI,2013,17,CHI,GB,0.0,0.6426984706239441
2013_17_BUF_NE,2013,17,NE,BUF,1.0,0.8652580607479049
2013_17_TB_NO,2013,17,NO,TB,1.0,0.8062468775157645
2013_17_DEN_OAK,2013,17,OAK,DEN,0.0,0.1995054032438348
2013_17_KC_SD,2013,17,SD,KC,1.0,0.5957768262741315
2013_17_STL_SEA,2013,17,SEA,STL,1.0,0.8147603104580683
2013_17_PHI_DAL,2013,17,DAL,PHI,0.0,0.5828648537844299
2014_01_GB_SEA,2014,1,SEA,GB,1.0,0.6641981303006254
2014_01_NO_ATL,2014,1,ATL,NO,1.0,0.4470218194596608
2014_01_CIN_BAL,2014,1,BAL,CIN,0.0,0.4951927827455426
2014_01_BUF_CHI,2014,1,CHI,BUF,0.0,0.6266003555728358
2014_01_WAS_HOU,2014,1,HOU,WAS,1.0,0.5355117102685418
2014_01_TEN_KC,2014,1,KC,TEN,0.0,0.630183756805321
2014_01_NE_MIA,2014,1,MIA,NE,1.0,0.39475012216477234
2014_01_OAK_NYJ,2014,1,NYJ,OAK,1.0,0.7103279060381529
2014_01_JAX_PHI,2014,1,PHI,JAX,1.0,0.7599550370616459
2014_01_CLE_PIT,2014,1,PIT,CLE,1.0,0.7298842317074447
2014_01_MIN_STL,2014,1,STL,MIN,0.0,0.590185891211938
2014_01_SF_DAL,2014,1,DAL,SF,0.0,0.46214084408997247
2014_01_CAR_TB,2014,1,TB,CAR,0.0,0.39620952957710404
2014_01_IND_DEN,2014,1,DEN,IND,1.0,0.6546861170859744
2014_01_NYG_DET,2014,1,DET,NYG,1.0,0.5802094784725614
2014_01_SD_ARI,2014,1,ARI,SD,1.0,0.584062759728334
2014_02_PIT_BAL,2014,2,BAL,PIT,1.0,0.5003516026096023
2014_02_MIA_BUF,2014,2,BUF,MIA,1.0,0.5105950297417748
2014_02_DET_CAR,2014,2,CAR,DET,1.0,0.7306074837545309
2014_02_ATL_CIN,2014,2,CIN,ATL,1.0,0.6477937909158217
2014_02_NO_CLE,2014,2,CLE,NO,1.0,0.37659312993418226
2014_02_NE_MIN,2014,2,MIN,NE,0.0,0.5535942539586143
2014_02_ARI_NYG,2014,2,NYG,ARI,0.0,0.4263436142653395
2014_02_DAL_TEN,2014,2,TEN,DAL,0.0,0.5847121964353533
2014_02_JAX_WAS,2014,2,WAS,JAX,1.0,0.6632001611159734
2014_02_SEA_SD,2014,2,SD,SEA,1.0,0.37476833993921466
2014_02_STL_TB,2014,2,TB,STL,0.0,0.6382115977843236
2014_02_KC_DEN,2014,2,DEN,KC,1.0,0.7435934568780667
2014_02_NYJ_GB,2014,2,GB,NYJ,1.0,0.5680019602272901
2014_02_HOU_OAK,2014,2,OAK,HOU,0.0,0.48562958568577497
2014_02_CHI_SF,2014,2,SF,CHI,0.0,0.6840936053962573
2014_02_PHI_IND,2014,2,IND,PHI,0.0,0.5606619789617309
2014_03_TB_ATL,2014,3,ATL,TB,1.0,0.5802058168846173
2014_03_SD_BUF,2014,3,BUF,SD,0.0,0.5582265648345712
2014_03_TEN_CIN,2014,3,CIN,TEN,1.0,0.6416904577006659
2014_03_BAL_CLE,2014,3,CLE,BAL,0.0,0.451633888335015
2014_03_GB_DET,2014,3,DET,GB,1.0,0.5269314427328563
2014_03_IND_JAX,2014,3,JAX,IND,0.0,0.3872600678527993
2014_03_OAK_NE,2014,3,NE,OAK,1.0,0.7923650918550822
2014_03_MIN_NO,2014,3,NO,MIN,1.0,0.5975097495097222
2014_03_HOU_NYG,2014,3,NYG,HOU,1.0,0.5733145607513637
2014_03_WAS_PHI,2014,3,PHI,WAS,1.0,0.6264631884279009
2014_03_DAL_STL,2014,3,STL,DAL,0.0,0.4330075422400464
2014_03_SF_ARI,2014,3,ARI,SF,1.0,0.5278793436100652
2014_03_KC_MIA,2014,3,MIA,KC,0.0,0.6118293193049914
2014_03_DEN_SEA,2014,3,SEA,DEN,1.0,0.5010787649052932
2014_03_PIT_CAR,2014,3,CAR,PIT,0.0,0.589292726273582
2014_03_CHI_NYJ,2014,3,NYJ,CHI,0.0,0.526251951637174
2014_04_NYG_WAS,2014,4,WAS,NYG,0.0,0.5310584822622557
2014_04_CAR_BAL,2014,4,BAL,CAR,1.0,0.5688074097150797
2014_04_GB_CHI,2014,4,CHI,GB,0.0,0.562774260209898
2014_04_BUF_HOU,2014,4,HOU,BUF,1.0,0.5799435783145213
2014_04_TEN_IND,2014,4,IND,TEN,1.0,0.6845940285092327
2014_04_DET_NYJ,2014,4,NYJ,DET,0.0,0.5295666699470708
2014_04_MIA_OAK,2014,4,OAK,MIA,0.0,0.4291937268056183
2014_04_TB_PIT,2014,4,PIT,TB,0.0,0.7630247193207639
2014_04_JAX_SD,2014,4,SD,JAX,1.0,0.8057448175335872
2014_04_ATL_MIN,2014,4,MIN,ATL,1.0,0.4979569702112811
2014_04_PHI_SF,2014,4,SF,PHI,1.0,0.5914918329415458
2014_04_NO_DAL,2014,4,DAL,NO,1.0,0.5461790875532351
2014_04_NE_KC,2014,4,KC,NE,1.0,0.40960056659603844
2014_05_MIN_GB,2014,5,GB,MIN,1.0,0.6130460798633898
2014_05_CHI_CAR,2014,5,CAR,CHI,1.0,0.598797302707563
2014_05_HOU_DAL,2014,5,DAL,HOU,1.0,0.7392263637453275
2014_05_BUF_DET,2014,5,DET,BUF,0.0,0.6534944071558447
2014_05_BAL_IND,2014,5,IND,BAL,1.0,0.603156660486374
2014_05_PIT_JAX,2014,5,JAX,PIT,0.0,0.3871291395701752
2014_05_TB_NO,2014,5,NO,TB,1.0,0.7581259956920484
2014_05_ATL_NYG,2014,5,NYG,ATL,1.0,0.5567777237791697
2014_05_STL_PHI,2014,5,PHI,STL,1.0,0.7392632919592513
2014_05_CLE_TEN,2014,5,TEN,CLE,0.0,0.5948871912944034
2014_05_ARI_DEN,2014,5,DEN,ARI,1.0,0.6449660388752847
2014_05_NYJ_SD,2014,5,SD,NYJ,1.0,0.7399497997783118
2014_05_KC_SF,2014,5,SF,KC,1.0,0.610656853558253
2014_05_CIN_NE,2014,5,NE,CIN,1.0,0.547663577147161
2014_05_SEA_WAS,2014,5,WAS,SEA,0.0,0.3956204958627461
2014_06_IND_HOU,2014,6,HOU,IND,0.0,0.35897382267609074
2014_06_NE_BUF,2014,6,BUF,NE,0.0,0.4024680118584879
2014_06_CAR_CIN,2014,6,CIN,CAR,0.0,0.5981856833572181
2014_06_PIT_CLE,2014,6,CLE,PIT,1.0,0.451227746122385
2014_06_GB_MIA,2014,6,MIA,GB,0.0,0.5320507954538963
2014_06_DET_MIN,2014,6,MIN,DET,0.0,0.47956810799347976
2014_06_DEN_NYJ,2014,6,NYJ,DEN,0.0,0.34373043434006445
2014_06_BAL_TB,2014,6,TB,BAL,0.0,0.4133457473169507
2014_06_JAX_TEN,2014,6,TEN,JAX,1.0,0.6493030267690506
2014_06_SD_OAK,2014,6,OAK,SD,0.0,0.42416876456453095
2014_06_WAS_ARI,2014,6,ARI,WAS,1.0,0.7643084402228594
2014_06_CHI_ATL,2014,6,ATL,CHI,0.0,0.5890529930741805
2014_06_DAL_SEA,2014,6,SEA,DAL,0.0,0.6787705309578639
2014_06_NYG_PHI,2014,6,PHI,NYG,1.0,0.6532690900227459
2014_06_SF_STL,2014,6,STL,SF,0.0,0.36918759859004135
2014_07_NYJ_NE,2014,7,NE,NYJ,1.0,0.8138871170249544
2014_07_ATL_BAL,2014,7,BAL,ATL,1.0,0.6159687748844833
2014_07_MIN_BUF,2014,7,BUF,MIN,1.0,0.5837235284274243
2014_07_MIA_CHI,2014,7,CHI,MIA,0.0,0.5875120528310203
2014_07_NO_DET,2014,7,DET,NO,1.0,0.507326223845359
2014_07_CAR_GB,2014,7,GB,CAR,1.0,0.6607219285429401
2014_07_CIN_IND,2014,7,IND,CIN,1.0,0.6361296876238826
2014_07_CLE_JAX,2014,7,JAX,CLE,1.0,0.4297293338815821
2014_07_SEA_STL,2014,7,STL,SEA,1.0,0.38513269681012113
2014_07_TEN_WAS,2014,7,WAS,TEN,1.0,0.5105969586200889
2014_07_KC_SD,2014,7,SD,KC,0.0,0.702695121195767
2014_07_NYG_DAL,2014,7,DAL,NYG,1.0,0.7085615806687965
2014_07_ARI_OAK,2014,7,OAK,ARI,0.0,0.36514520893877256
2014_07_SF_DEN,2014,7,DEN,SF,1.0,0.6637301889777196
2014_07_HOU_PIT,2014,7,PIT,HOU,1.0,0.73454054582236
2014_08_SD_DEN,2014,8,DEN,SD,1.0,0.7748295252501177
2014_08_DET_ATL,2014,8,ATL,DET,0.0,0.46285292682941226
2014_08_SEA_CAR,2014,8,CAR,SEA,0.0,0.5161034457662358
2014_08_BAL_CIN,2014,8,CIN,BAL,1.0,0.5193487850235584
2014_08_MIA_JAX,2014,8,JAX,MIA,0.0,0.4086380846367713
2014_08_STL_KC,2014,8,KC,STL,1.0,0.6866983816251614
2014_08_CHI_NE,2014,8,NE,CHI,1.0,0.696175384545853
2014_08_BUF_NYJ,2014,8,NYJ,BUF,0.0,0.4983849514735632
2014_08_MIN_TB,2014,8,TB,MIN,0.0,0.5134704664145467
2014_08_HOU_TEN,2014,8,TEN,HOU,0.0,0.6345283393831288
2014_08_PHI_ARI,2014,8,ARI,PHI,1.0,0.5974759594708111
2014_08_OAK_CLE,2014,8,CLE,OAK,1.0,0.7251861094763514
2014_08_IND_PIT,2014,8,PIT,IND,1.0,0.5455872253145351
2014_08_GB_NO,2014,8,NO,GB,1.0,0.5236926880918172
2014_08_WAS_DAL,2014,8,DAL,WAS,0.0,0.7693235202084124
2014_09_NO_CAR,2014,9,CAR,NO,0.0,0.4950394576379839
2014_09_JAX_CIN,2014,9,CIN,JAX,1.0,0.7537318483466842
2014_09_TB_CLE,2014,9,CLE,TB,1.0,0.6647362405260049
2014_09_ARI_DAL,2014,9,DAL,ARI,0.0,0.5913179993759917
2014_09_PHI_HOU,2014,9,HOU,PHI,0.0,0.4621359071432796
2014_09_NYJ_KC,2014,9,KC,NYJ,1.0,0.740115516559949
2014_09_SD_MIA,2014,9,MIA,SD,1.0,0.5525544414756854
2014_09_WAS_MIN,2014,9,MIN,WAS,1.0,0.5645505983436555
2014_09_STL_SF,2014,9,SF,STL,0.0,0.7838049689562834
2014_09_DEN_NE,2014,9,NE,DEN,1.0,0.5217486427742886
2014_09_OAK_SEA,2014,9,SEA,OAK,1.0,0.8123553378038949
2014_09_BAL_PIT,2014,9,PIT,BAL,1.0,0.586568136397036
2014_09_IND_NYG,2014,9,NYG,IND,0.0,0.5061086648265101
2014_10_CLE_CIN,2014,10,CIN,CLE,0.0,0.7235786900022039
2014_10_TEN_BAL,2014,10,BAL,TEN,1.0,0.74245957532184
2014_10_KC_BUF,2014,10,BUF,KC,0.0,0.5359498089011632
2014_10_MIA_DET,2014,10,DET,MIA,1.0,0.5283541252148092
2014_10_DAL_JAX,2014,10,JAX,DAL,0.0,0.38431315951731543
2014_10_SF_NO,2014,10,NO,SF,0.0,0.6005286893941858
2014_10_PIT_NYJ,2014,10,NYJ,PIT,1.0,0.4122165197592673
2014_10_ATL_TB,2014,10,TB,ATL,0.0,0.4632403979178989
2014_10_DEN_OAK,2014,10,OAK,DEN,0.0,0.36431934317690184
2014_10_STL_ARI,2014,10,ARI,STL,1.0,0.7520878991556796
2014_10_NYG_SEA,2014,10,SEA,NYG,1.0,0.7590477899291903
2014_10_CHI_GB,2014,10,GB,CHI,1.0,0.6898458497524902
2014_10_CAR_PHI,2014,10,PHI,CAR,1.0,0.6137438949884562
2014_11_BUF_MIA,2014,11,MIA,BUF,1.0,0.6612297662299454
2014_11_ATL_CAR,2014,11,CAR,ATL,0.0,0.5429032525976114
2014_11_MIN_CHI,2014,11,CHI,MIN,1.0,0.5651002254900045
2014_11_HOU_CLE,2014,11,CLE,HOU,0.0,0.6201449950111243
2014_11_SEA_KC,2014,11,KC,SEA,1.0,0.5387756193612442
2014_11_CIN_NO,2014,11,NO,CIN,0.0,0.6402025363092851
2014_11_SF_NYG,2014,11,NYG,SF,0.0,0.38445003594612054
2014_11_DEN_STL,2014,11,STL,DEN,1.0,0.37784103515821776
2014_11_TB_WAS,2014,11,WAS,TB,0.0,0.6398751522274444
2014_11_OAK_SD,2014,11,SD,OAK,1.0,0.7773422817471831
2014_11_DET_ARI,2014,11,ARI,DET,1.0,0.6503634723971397
2014_11_PHI_GB,2014,11,GB,PHI,1.0,0.5928680039253521
2014_11_NE_IND,2014,11,IND,NE,0.0,0.5505106312274743
2014_11_PIT_TEN,2014,11,TEN,PIT,0.0,0.33615747574295063
2014_12_KC_OAK,2014,12,OAK,KC,1.0,0.32700047950906636
2014_12_CLE_ATL,2014,12,ATL,CLE,0.0,0.6084754379077971
2014_12_TB_CHI,2014,12,CHI,TB,1.0,0.6951195990168653
2014_12_CIN_HOU,2014,12,HOU,CIN,0.0,0.48003082572789024
2014_12_JAX_IND,2014,12,IND,JAX,1.0,0.7678055171540532
2014_12_GB_MIN,2014,12,MIN,GB,0.0,0.3553147013110591
2014_12_DET_NE,2014,12,NE,DET,1.0,0.770939616035763
2014_12_TEN_PHI,2014,12,PHI,TEN,1.0,0.6654755694237988
2014_12_STL_SD,2014,12,SD,STL,1.0,0.5925862436981765
2014_12_ARI_SEA,2014,12,SEA,ARI,1.0,0.6017628218366828
2014_12_MIA_DEN,2014,12,DEN,MIA,1.0,0.6909912849447915
2014_12_WAS_SF,2014,12,SF,WAS,1.0,0.7520824928061034
2014_12_DAL_NYG,2014,12,NYG,DAL,0.0,0.3836541545499942
2014_12_NYJ_BUF,2014,12,BUF,NYJ,1.0,0.6203589448163367
2014_12_BAL_NO,2014,12,NO,BAL,0.0,0.6016536724254508
2014_13_CHI_DET,2014,13,DET,CHI,1.0,0.5890042387448554
2014_13_PHI_DAL,2014,13,DAL,PHI,0.0,0.5938150532916522
2014_13_SEA_SF,2014,13,SF,SEA,0.0,0.5188515591530893
2014_13_SD_BAL,2014,13,BAL,SD,0.0,0.56804602519179
2014_13_CLE_BUF,2014,13,BUF,CLE,1.0,0.6248523791678984
2014_13_TEN_HOU,2014,13,HOU,TEN,1.0,0.615943523153246
2014_13_WAS_IND,2014,13,IND,WAS,1.0,0.7824562429189496
2014_13_NYG_JAX,2014,13,JAX,NYG,1.0,0.3852176502428911
2014_13_CAR_MIN,2014,13,MIN,CAR,1.0,0.5554805633864061
2014_13_NO_PIT,2014,13,PIT,NO,0.0,0.568903328437956
2014_13_OAK_STL,2014,13,STL,OAK,1.0,0.7347383147726545
2014_13_CIN_TB,2014,13,TB,CIN,0.0,0.42530473934188945
2014_13_ARI_ATL,2014,13,ATL,ARI,1.0,0.4869847259764732
2014_13_NE_GB,2014,13,GB,NE,1.0,0.4595962332942401
2014_13_DEN_KC,2014,13,KC,DEN,0.0,0.5118356935687831
2014_13_MIA_NYJ,2014,13,NYJ,MIA,0.0,0.3017551051429308
2014_14_DAL_CHI,2014,14,CHI,DAL,0.0,0.46070821023467895
2014_14_PIT_CIN,2014,14,CIN,PIT,0.0,0.5806643236395153
2014_14_IND_CLE,2014,14,CLE,IND,0.0,0.39603504363088815
2014_14_TB_DET,2014,14,DET,TB,1.0,0.7343249131661149
2014_14_HOU_JAX,2014,14,JAX,HOU,0.0,0.3771564715281538
2014_14_BAL_MIA,2014,14,MIA,BAL,0.0,0.5380103918513651
2014_14_NYJ_MIN,2014,14,MIN,NYJ,1.0,0.7224059094274482
2014_14_CAR_NO,2014,14,NO,CAR,0.0,0.7482624126927792
2014_14_NYG_TEN,2014,14,TEN,NYG,0.0,0.4654419941901779
2014_14_STL_WAS,2014,14,WAS,STL,0.0,0.3996514125197577
2014_14_KC_ARI,2014,14,ARI,KC,1.0,0.6059839926206354
2014_14_BUF_DEN,2014,14,DEN,BUF,1.0,0.7786833810078654
2014_14_SF_OAK,2014,14,OAK,SF,1.0,0.3818661020025836
2014_14_SEA_PHI,2014,14,PHI,SEA,0.0,0.5505746754670527
2014_14_NE_SD,2014,14,SD,NE,0.0,0.39956219769573814
2014_14_ATL_GB,2014,14,GB,ATL,1.0,0.709414747506405
2014_15_ARI_STL,2014,15,STL,ARI,0.0,0.5246170240175363
2014_15_PIT_ATL,2014,15,ATL,PIT,0.0,0.5034397443611849
2014_15_JAX_BAL,2014,15,BAL,JAX,1.0,0.8007849152394183
2014_15_GB_BUF,2014,15,BUF,GB,1.0,0.3485766319404157
2014_15_TB_CAR,2014,15,CAR,TB,1.0,0.7074486646515243
2014_15_CIN_CLE,2014,15,CLE,CIN,0.0,0.40730484389154237
2014_15_HOU_IND,2014,15,IND,HOU,1.0,0.7344899488674543
2014_15_OAK_KC,2014,15,KC,OAK,1.0,0.7396916080482615
2014_15_MIA_NE,2014,15,NE,MIA,1.0,0.7339935678350228
2014_15_WAS_NYG,2014,15,NYG,WAS,1.0,0.7174413800916088
2014_15_DEN_SD,2014,15,SD,DEN,0.0,0.3952803807597792
2014_15_NYJ_TEN,2014,15,TEN,NYJ,0.0,0.5307911688004313
2014_15_MIN_DET,2014,15,DET,MIN,1.0,0.7077068289524412
2014_15_SF_SEA,2014,15,SEA,SF,1.0,0.7606586338916952
2014_15_DAL_PHI,2014,15,PHI,DAL,0.0,0.5627155244518465
2014_15_NO_CHI,2014,15,CHI,NO,0.0,0.5268249435955569
2014_16_TEN_JAX,2014,16,JAX,TEN,1.0,0.5203908267200382
2014_16_PHI_WAS,2014,16,WAS,PHI,1.0,0.3597843702888695
2014_16_SD_SF,2014,16,SF,SD,0.0,0.5495078804580491
2014_16_CLE_CAR,2014,16,CAR,CLE,1.0,0.7129174556021878
2014_16_DET_CHI,2014,16,CHI,DET,0.0,0.3806324702527996
2014_16_BAL_HOU,2014,16,HOU,BAL,1.0,0.4402273926063682
2014_16_MIN_MIA,2014,16,MIA,MIN,1.0,0.5950926242072733
2014_16_ATL_NO,2014,16,NO,ATL,0.0,0.6484327539723582
2014_16_NE_NYJ,2014,16,NYJ,NE,0.0,0.340590023810463
2014_16_KC_PIT,2014,16,PIT,KC,1.0,0.6267412162982348
2014_16_GB_TB,2014,16,TB,GB,0.0,0.3987889039899175
2014_16_NYG_STL,2014,16,STL,NYG,0.0,0.623957015472156
2014_16_IND_DAL,2014,16,DAL,IND,1.0,0.5840209515427148
2014_16_BUF_OAK,2014,16,OAK,BUF,1.0,0.41376802852504113
2014_16_SEA_ARI,2014,16,ARI,SEA,0.0,0.44834474602459645
2014_16_DEN_CIN,2014,16,CIN,DEN,1.0,0.4766022741275261
2014_17_CLE_BAL,2014,17,BAL,CLE,1.0,0.7593005397044013
2014_17_JAX_HOU,2014,17,HOU,JAX,1.0,0.6899112021432998
2014_17_SD_KC,2014,17,KC,SD,1.0,0.56003331734179
2014_17_NYJ_MIA,2014,17,MIA,NYJ,0.0,0.7238663794756868
2014_17_CHI_MIN,2014,17,MIN,CHI,1.0,0.6337613581511571
2014_17_BUF_NE,2014,17,NE,BUF,0.0,0.7866396502667468
2014_17_PHI_NYG,2014,17,NYG,PHI,0.0,0.5735715727907155
2014_17_NO_TB,2014,17,TB,NO,0.0,0.4124417324625237
2014_17_IND_TEN,2014,17,TEN,IND,0.0,0.36428176407973206
2014_17_DAL_WAS,2014,17,WAS,DAL,0.0,0.34278094826977035
2014_17_CAR_ATL,2014,17,ATL,CAR,0.0,0.5957862601830909
2014_17_OAK_DEN,2014,17,DEN,OAK,1.0,0.794664535221024
2014_17_DET_GB,2014,17,GB,DET,1.0,0.6664686391748337
2014_17_STL_SEA,2014,17,SEA,STL,1.0,0.8081877064722701
2014_17_ARI_SF,2014,17,SF,ARI,1.0,0.5099765323588036
2014_17_CIN_PIT,2014,17,PIT,CIN,1.0,0.6430439381746977
2015_01_PIT_NE,2015,1,NE,PIT,1.0,0.7210879159179598
2015_01_IND_BUF,2015,1,BUF,IND,1.0,0.5190300025302212
2015_01_GB_CHI,2015,1,CHI,GB,0.0,0.30312028753302855
2015_01_KC_HOU,2015,1,HOU,KC,0.0,0.5755002099362689
2015_01_CAR_JAX,2015,1,JAX,CAR,0.0,0.3750404844403137
2015_01_CLE_NYJ,2015,1,NYJ,CLE,1.0,0.6752000509624116
2015_01_SEA_STL,2015,1,STL,SEA,1.0,0.3428206958326419
2015_01_MIA_WAS,2015,1,WAS,MIA,0.0,0.3730115367283173
2015_01_NO_ARI,2015,1,ARI,NO,1.0,0.5578730391201193
2015_01_DET_SD,2015,1,SD,DET,1.0,0.5199250252655176
2015_01_BAL_DEN,2015,1,DEN,BAL,1.0,0.7173848801118484
2015_01_CIN_OAK,2015,1,OAK,CIN,0.0,0.2913855720193152
2015_01_TEN_TB,2015,1,TB,TEN,0.0,0.5985239754478752
2015_01_NYG_DAL,2015,1,DAL,NYG,1.0,0.79195058288022
2015_01_PHI_ATL,2015,1,ATL,PHI,1.0,0.5930967913295777
2015_01_MIN_SF,2015,1,SF,MIN,1.0,0.5852857952005601
2015_02_DEN_KC,2015,2,KC,DEN,0.0,0.559073455523235
2015_02_NE_BUF,2015,2,BUF,NE,0.0,0.36323826644134005
2015_02_HOU_CAR,2015,2,CAR,HOU,1.0,0.6016633415539991
2015_02_ARI_CHI,2015,2,CHI,ARI,0.0,0.4051376419027846
2015_02_SD_CIN,2015,2,CIN,SD,1.0,0.6538053721767518
2015_02_TEN_CLE,2015,2,CLE,TEN,1.0,0.5652640642142235
2015_02_DET_MIN,2015,2,MIN,DET,1.0,0.3775577684576595
2015_02_TB_NO,2015,2,NO,TB,0.0,0.8331248774375624
2015_02_ATL_NYG,2015,2,NYG,ATL,0.0,0.5960072227524685
2015_02_SF_PIT,2015,2,PIT,SF,1.0,0.5232702431740295
2015_02_STL_WAS,2015,2,WAS,STL,1.0,0.4658047118938482
2015_02_MIA_JAX,2015,2,JAX,MIA,1.0,0.38128510378210784
2015_02_BAL_OAK,2015,2,OAK,BAL,1.0,0.42585438399552
2015_02_DAL_PHI,2015,2,PHI,DAL,0.0,0.3879133187611884
2015_02_SEA_GB,2015,2,GB,SEA,1.0,0.6762522210342086
2015_02_NYJ_IND,2015,2,IND,NYJ,0.0,0.5662285837604677
2015_03_WAS_NYG,2015,3,NYG,WAS,1.0,0.6174712087888349
2015_03_CIN_BAL,2015,3,BAL,CIN,0.0,0.4347792189504916
2015_03_NO_CAR,2015,3,CAR,NO,1.0,0.7918540076028442
2015_03_OAK_CLE,2015,3,CLE,OAK,0.0,0.6894736784486639
2015_03_ATL_DAL,2015,3,DAL,ATL,0.0,0.6283231136902309
2015_03_TB_HOU,2015,3,HOU,TB,1.0,0.7780395100429992
2015_03_SD_MIN,2015,3,MIN,SD,1.0,0.5353177316715646
2015_03_JAX_NE,2015,3,NE,JAX,1.0,0.8147633965121808
2015_03_PHI_NYJ,2015,3,NYJ,PHI,0.0,0.6552196295805841
2015_03_PIT_STL,2015,3,STL,PIT,0.0,0.22485007148989417
2015_03_IND_TEN,2015,3,TEN,IND,0.0,0.5984307918425494
2015_03_SF_ARI,2015,3,ARI,SF,1.0,0.6651644827770318
2015_03_BUF_MIA,2015,3,MIA,BUF,0.0,0.530825480689053
2015_03_CHI_SEA,2015,3,SEA,CHI,1.0,0.8049886210955205
2015_03_DEN_DET,2015,3,DET,DEN,0.0,0.39333506257581935
2015_03_KC_GB,2015,3,GB,KC,1.0,0.8313804340280786
2015_04_BAL_PIT,2015,4,PIT,BAL,0.0,0.6931824504807278
2015_04_NYJ_MIA,2015,4,MIA,NYJ,0.0,0.5427294035583645
2015_04_HOU_ATL,2015,4,ATL,HOU,1.0,0.6595362426796354
2015_04_NYG_BUF,2015,4,BUF,NYG,0.0,0.6902753190869758
2015_04_OAK_CHI,2015,4,CHI,OAK,1.0,0.5029822467001364
2015_04_KC_CIN,2015,4,CIN,KC,1.0,0.6950306182235255
2015_04_JAX_IND,2015,4,IND,JAX,1.0,0.7616746347531427
2015_04_CAR_TB,2015,4,TB,CAR,0.0,0.3413332622806792
2015_04_PHI_WAS,2015,4,WAS,PHI,1.0,0.4629590382687232
2015_04_CLE_SD,2015,4,SD,CLE,1.0,0.7293064227241173
2015_04_STL_ARI,2015,4,ARI,STL,0.0,0.827616613606465
2015_04_MIN_DEN,2015,4,DEN,MIN,1.0,0.8302614904695529
2015_04_GB_SF,2015,4,SF,GB,0.0,0.29938208538740735
2015_04_DAL_NO,2015,4,NO,DAL,1.0,0.2890651721403275
2015_04_DET_SEA,2015,4,SEA,DET,1.0,0.7000820855348399
2015_05_IND_HOU,2015,5,HOU,IND,0.0,0.5113795748393801
2015_05_WAS_ATL,2015,5,ATL,WAS,1.0,0.7971271283706391
2015_05_CLE_BAL,2015,5,BAL,CLE,0.0,0.7823905796352598
2015_05_SEA_CIN,2015,5,CIN,SEA,1.0,0.5918137364144366
2015_05_STL_GB,2015,5,GB,STL,1.0,0.848131833066924
2015_05_CHI_KC,2015,5,KC,CHI,0.0,0.7602243989745173
2015_05_NO_PHI,2015,5,PHI,NO,1.0,0.5534559955022942
2015_05_JAX_TB,2015,5,TB,JAX,1.0,0.5695800061645443
2015_05_BUF_TEN,2015,5,TEN,BUF,0.0,0.563142912887138
2015_05_ARI_DET,2015,5,DET,ARI,0.0,0.35300248584740085
2015_05_NE_DAL,2015,5,DAL,NE,0.0,0.3087556925543766
2015_05_DEN_OAK,2015,5,OAK,DEN,0.0,0.4263504203306936
2015_05_SF_NYG,2015,5,NYG,SF,1.0,0.6125781346584221
2015_05_PIT_SD,2015,5,SD,PIT,0.0,0.35367280952881
2015_06_ATL_NO,2015,6,NO,ATL,1.0,0.31699813412592814
2015_06_CIN_BUF,2015,6,BUF,CIN,0.0,0.424832510357056
2015_06_DEN_CLE,2015,6,CLE,DEN,0.0,0.4984352724158881
2015_06_CHI_DET,2015,6,DET,CHI,1.0,0.6254038977025583
2015_06_HOU_JAX,2015,6,JAX,HOU,0.0,0.4580458644939991
2015_06_KC_MIN,2015,6,MIN,KC,1.0,0.6290046432242429
2015_06_WAS_NYJ,2015,6,NYJ,WAS,1.0,0.7804628234263725
2015_06_ARI_PIT,2015,6,PIT,ARI,1.0,0.5407801979790384
2015_06_MIA_TEN,2015,6,TEN,MIA,0.0,0.5937205225522381
2015_06_CAR_SEA,2015,6,SEA,CAR,0.0,0.6314830520812702
2015_06_SD_GB,2015,6,GB,SD,1.0,0.8463881267558402
2015_06_BAL_SF,2015,6,SF,BAL,1.0,0.45659486261352183
2015_06_NE_IND,2015,6,IND,NE,0.0,0.2422233565624412
2015_06_NYG_PHI,2015,6,PHI,NYG,1.0,0.5483729458673929
2015_07_SEA_SF,2015,7,SF,SEA,0.0,0.3526709050444289
2015_07_BUF_JAX,2015,7,JAX,BUF,1.0,0.32329731674419965
2015_07_MIN_DET,2015,7,DET,MIN,0.0,0.5438372071067398
2015_07_NO_IND,2015,7,IND,NO,0.0,0.5685965977841178
2015_07_PIT_KC,2015,7,KC,PIT,1.0,0.39599934569599643
2015_07_HOU_MIA,2015,7,MIA,HOU,1.0,0.5308217380445076
2015_07_NYJ_NE,2015,7,NE,NYJ,1.0,0.8234341373359019
2015_07_CLE_STL,2015,7,STL,CLE,1.0,0.5112560850852383
2015_07_ATL_TEN,2015,7,TEN,ATL,0.0,0.3102007059369057
2015_07_TB_WAS,2015,7,WAS,TB,1.0,0.575219167633757
2015_07_OAK_SD,2015,7,SD,OAK,0.0,0.7103933103584047
2015_07_DAL_NYG,2015,7,NYG,DAL,1.0,0.5357320974175418
2015_07_PHI_CAR,2015,7,CAR,PHI,1.0,0.695326549593775
2015_07_BAL_ARI,2015,7,ARI,BAL,1.0,0.6240559561831575
2015_08_MIA_NE,2015,8,NE,MIA,1.0,0.8765365913678616
2015_08_DET_KC,2015,8,KC,DET,1.0,0.5624550340998794
2015_08_TB_ATL,2015,8,ATL,TB,0.0,0.7830714865260089
2015_08_SD_BAL,2015,8,BAL,SD,1.0,0.5988174277297742
2015_08_MIN_CHI,2015,8,CHI,MIN,0.0,0.39108587870524786
2015_08_ARI_CLE,2015,8,CLE,ARI,0.0,0.34806433584243507
2015_08_TEN_HOU,2015,8,HOU,TEN,1.0,0.7253143386405273
2015_08_NYG_NO,2015,8,NO,NYG,1.0,0.5927635096573016
2015_08_CIN_PIT,2015,8,PIT,CIN,0.0,0.4377292682099285
2015_08_SF_STL,2015,8,STL,SF,1.0,0.5210283737189765
2015_08_NYJ_OAK,2015,8,OAK,NYJ,1.0,0.4428560968205265
2015_08_SEA_DAL,2015,8,DAL,SEA,0.0,0.3677632109308458
2015_08_GB_DEN,2015,8,DEN,GB,1.0,0.6096685184112921
2015_08_IND_CAR,2015,8,CAR,IND,1.0,0.7805055489286574
2015_09_CLE_CIN,2015,9,CIN,CLE,1.0,0.855625163667255
2015_09_MIA_BUF,2015,9,BUF,MIA,1.0,0.6096142417941067
2015_09_GB_CAR,2015,9,CAR,GB,1.0,0.577434337760859
2015_09_STL_MIN,2015,9,MIN,STL,1.0,0.6449292684403694
2015_09_WAS_NE,2015,9,NE,WAS,1.0,0.9083354773107201
2015_09_TEN_NO,2015,9,NO,TEN,0.0,0.7911837590833494
2015_09_JAX_NYJ,2015,9,NYJ,JAX,1.0,0.7158756426598334
2015_09_OAK_PIT,2015,9,PIT,OAK,1.0,0.7848656072414854
2015_09_ATL_SF,2015,9,SF,ATL,1.0,0.38070942842068056
2015_09_NYG_TB,2015,9,TB,NYG,0.0,0.41159427149145034
2015_09_DEN_IND,2015,9,IND,DEN,1.0,0.3298685215838516
2015_09_PHI_DAL,2015,9,DAL,PHI,0.0,0.5421855179915688
2015_09_CHI_SD,2015,9,SD,CHI,0.0,0.5961956183118295
2015_10_BUF_NYJ,2015,10,NYJ,BUF,0.0,0.6473583979332634
2015_10_JAX_BAL,2015,10,BAL,JAX,0.0,0.7177310374439252
2015_10_DET_GB,2015,10,GB,DET,0.0,0.8398164437064822
2015_10_MIA_PHI,2015,10,PHI,MIA,0.0,0.5646810559729295
2015_10_CLE_PIT,2015,10,PIT,CLE,1.0,0.8392168520932596
2015_10_CHI_STL,2015,10,STL,CHI,0.0,0.7355747655748909
2015_10_DAL_TB,2015,10,TB,DAL,1.0,0.40698104570960547
2015_10_CAR_TEN,2015,10,TEN,CAR,0.0,0.37604468132451696
2015_10_NO_WAS,2015,10,WAS,NO,1.0,0.44674193726947997
2015_10_MIN_OAK,2015,10,OAK,MIN,0.0,0.5037024728643532
2015_10_KC_DEN,2015,10,DEN,KC,0.0,0.6698717031461674
2015_10_NE_NYG,2015,10,NYG,NE,0.0,0.2866713678658979
2015_10_ARI_SEA,2015,10,SEA,ARI,0.0,0.630772382954074
2015_10_HOU_CIN,2015,10,CIN,HOU,0.0,0.8561703765707875
2015_11_TEN_JAX,2015,11,JAX,TEN,1.0,0.5654572525917868
2015_11_IND_ATL,2015,11,ATL,IND,0.0,0.5602061088173599
2015_11_STL_BAL,2015,11,BAL,STL,1.0,0.7416791381272897
2015_11_WAS_CAR,2015,11,CAR,WAS,1.0,0.8873371447326478
2015_11_DEN_CHI,2015,11,CHI,DEN,0.0,0.3602678537055546
2015_11_OAK_DET,2015,11,DET,OAK,1.0,0.5995859210122412
2015_11_NYJ_HOU,2015,11,HOU,NYJ,1.0,0.5518682905896811
2015_11_DAL_MIA,2015,11,MIA,DAL,0.0,0.5522429719352019
2015_11_TB_PHI,2015,11,PHI,TB,0.0,0.6594001310683871
2015_11_KC_SD,2015,11,SD,KC,0.0,0.3657019919284449
2015_11_GB_MIN,2015,11,MIN,GB,0.0,0.5440629637464458
2015_11_SF_SEA,2015,11,SEA,SF,1.0,0.7821568761889244
2015_11_CIN_ARI,2015,11,ARI,CIN,1.0,0.630069478692082
2015_11_BUF_NE,2015,11,NE,BUF,1.0,0.8468566910247874
2015_12_PHI_DET,2015,12,DET,PHI,1.0,0.5016561225560667
2015_12_CAR_DAL,2015,12,DAL,CAR,0.0,0.3961736674037786
2015_12_CHI_GB,2015,12,GB,CHI,0.0,0.8219911355263012
2015_12_MIN_ATL,2015,12,ATL,MIN,0.0,0.5864679477875887
2015_12_STL_CIN,2015,12,CIN,STL,1.0,0.7965327053857987
2015_12_NO_HOU,2015,12,HOU,NO,1.0,0.6311545229667845
2015_12_TB_IND,2015,12,IND,TB,1.0,0.7428285007841509
2015_12_SD_JAX,2015,12,JAX,SD,0.0,0.5839648840436825
2015_12_BUF_KC,2015,12,KC,BUF,1.0,0.7710508731566855
2015_12_MIA_NYJ,2015,12,NYJ,MIA,1.0,0.6632136654966938
2015_12_OAK_TEN,2015,12,TEN,OAK,0.0,0.5395871081518597
2015_12_NYG_WAS,2015,12,WAS,NYG,1.0,0.37260157779543246
2015_12_ARI_SF,2015,12,SF,ARI,0.0,0.29033381467851666
2015_12_PIT_SEA,2015,12,SEA,PIT,1.0,0.6743346152330537
2015_12_NE_DEN,2015,12,DEN,NE,1.0,0.48731435241725596
2015_12_BAL_CLE,2015,12,CLE,BAL,0.0,0.35375031453810596
2015_13_GB_DET,2015,13,DET,GB,0.0,0.4255649280417949
2015_13_HOU_BUF,2015,13,BUF,HOU,1.0,0.6430938793993227
2015_13_SF_CHI,2015,13,CHI,SF,0.0,0.6834777245791867
2015_13_CIN_CLE,2015,13,CLE,CIN,0.0,0.27124470875855994
2015_13_BAL_MIA,2015,13,MIA,BAL,1.0,0.42925834644021754
2015_13_SEA_MIN,2015,13,MIN,SEA,0.0,0.5080085213070752
2015_13_NYJ_NYG,2015,13,NYG,NYJ,0.0,0.6127810497492817
2015_13_ARI_STL,2015,13,STL,ARI,0.0,0.3242039062884923
2015_13_ATL_TB,2015,13,TB,ATL,1.0,0.49335466380203685
2015_13_JAX_TEN,2015,13,TEN,JAX,1.0,0.6009693784812505
2015_13_KC_OAK,2015,13,OAK,KC,0.0,0.38562100695192786
2015_13_DEN_SD,2015,13,SD,DEN,0.0,0.33143956055253876
2015_13_PHI_NE,2015,13,NE,PHI,0.0,0.8836613949564773
2015_13_CAR_NO,2015,13,NO,CAR,0.0,0.45357762751491304
2015_13_IND_PIT,2015,13,PIT,IND,1.0,0.6280423141308387
2015_13_DAL_WAS,2015,13,WAS,DAL,0.0,0.5216842455765724
2015_14_MIN_ARI,2015,14,ARI,MIN,1.0,0.7918203194416625
2015_14_SEA_BAL,2015,14,BAL,SEA,0.0,0.3529891750269256
2015_14_ATL_CAR,2015,14,CAR,ATL,1.0,0.7943493065206223
2015_14_WAS_CHI,2015,14,CHI,WAS,0.0,0.6872063982278169
2015_14_PIT_CIN,2015,14,CIN,PIT,0.0,0.596951932614705
2015_14_SF_CLE,2015,14,CLE,SF,1.0,0.3347467782508945
2015_14_IND_JAX,2015,14,JAX,IND,1.0,0.4064658438665031
2015_14_SD_KC,2015,14,KC,SD,1.0,0.7933669029381436
2015_14_TEN_NYJ,2015,14,NYJ,TEN,1.0,0.7896491133467743
2015_14_BUF_PHI,2015,14,PHI,BUF,1.0,0.5511794584039845
2015_14_DET_STL,2015,14,STL,DET,1.0,0.30067011350812706
2015_14_NO_TB,2015,14,TB,NO,0.0,0.6165632521403762
2015_14_OAK_DEN,2015,14,DEN,OAK,0.0,0.8299171659882512
2015_14_DAL_GB,2015,14,GB,DAL,1.0,0.7633867214283245
2015_14_NE_HOU,2015,14,HOU,NE,0.0,0.3813982712019831
2015_14_NYG_MIA,2015,14,MIA,NYG,0.0,0.40016344302499157
2015_15_TB_STL,2015,15,STL,TB,1.0,0.4538209295814565
2015_15_NYJ_DAL,2015,15,DAL,NYJ,0.0,0.4791479375336756
2015_15_KC_BAL,2015,15,BAL,KC,0.0,0.3772416450068056
2015_15_HOU_IND,2015,15,IND,HOU,0.0,0.5523718766119042
2015_15_ATL_JAX,2015,15,JAX,ATL,0.0,0.5128473339357262
2015_15_CHI_MIN,2015,15,MIN,CHI,1.0,0.7053668686874728
2015_15_TEN_NE,2015,15,NE,TEN,1.0,0.9099045281415984
2015_15_CAR_NYG,2015,15,NYG,CAR,0.0,0.4130762818446673
2015_15_BUF_WAS,2015,15,WAS,BUF,1.0,0.5175797743248095
2015_15_GB_OAK,2015,15,OAK,GB,0.0,0.3429942542291562
2015_15_CLE_SEA,2015,15,SEA,CLE,1.0,0.8812524608729871
2015_15_DEN_PIT,2015,15,PIT,DEN,1.0,0.6642495513822687
2015_15_MIA_SD,2015,15,SD,MIA,1.0,0.48157670316555956
2015_15_CIN_SF,2015,15,SF,CIN,0.0,0.2718014068399498
2015_15_ARI_PHI,2015,15,PHI,ARI,0.0,0.4137607569300909
2015_15_DET_NO,2015,15,NO,DET,0.0,0.5856866344219827
2015_16_SD_OAK,2015,16,OAK,SD,1.0,0.5256066735126524
2015_16_WAS_PHI,2015,16,PHI,WAS,0.0,0.5500390528795425
2015_16_CAR_ATL,2015,16,ATL,CAR,1.0,0.3607472420681915
2015_16_PIT_BAL,2015,16,BAL,PIT,1.0,0.269855354482581
2015_16_DAL_BUF,2015,16,BUF,DAL,1.0,0.5762315572075352
2015_16_SF_DET,2015,16,DET,SF,1.0,0.699730961362425
2015_16_CLE_KC,2015,16,KC,CLE,1.0,0.854236391950315
2015_16_IND_MIA,2015,16,MIA,IND,0.0,0.4793464977675887
2015_16_NE_NYJ,2015,16,NYJ,NE,1.0,0.5264369995559751
2015_16_CHI_TB,2015,16,TB,CHI,0.0,0.6197832070213484
2015_16_HOU_TEN,2015,16,TEN,HOU,0.0,0.34029561311734235
2015_16_JAX_NO,2015,16,NO,JAX,1.0,0.6723574179819168
2015_16_GB_ARI,2015,16,ARI,GB,1.0,0.5830950124288772
2015_16_STL_SEA,2015,16,SEA,STL,0.0,0.8890412999198231
2015_16_NYG_MIN,2015,16,MIN,NYG,1.0,0.6230490662421632
2015_16_CIN_DEN,2015,16,DEN,CIN,1.0,0.5938599508539255
2015_17_NO_ATL,2015,17,ATL,NO,0.0,0.6076340523982422
2015_17_NYJ_BUF,2015,17,BUF,NYJ,1.0,0.605854663734666
2015_17_DET_CHI,2015,17,CHI,DET,0.0,0.5108518972045324
2015_17_BAL_CIN,2015,17,CIN,BAL,1.0,0.7744799996899421
2015_17_PIT_CLE,2015,17,CLE,PIT,0.0,0.3220071871633852
2015_17_WAS_DAL,2015,17,DAL,WAS,0.0,0.4508459582890657
2015_17_JAX_HOU,2015,17,HOU,JAX,1.0,0.7155576922054335
2015_17_TEN_IND,2015,17,IND,TEN,1.0,0.6616527700707244
2015_17_NE_MIA,2015,17,MIA,NE,1.0,0.34170113818175746
2015_17_PHI_NYG,2015,17,NYG,PHI,0.0,0.6531206422138015
2015_17_SEA_ARI,2015,17,ARI,SEA,0.0,0.6562508567163066
2015_17_TB_CAR,2015,17,CAR,TB,1.0,0.7818200310332329
2015_17_SD_DEN,2015,17,DEN,SD,1.0,0.7526310432331894
2015_17_OAK_KC,2015,17,KC,OAK,1.0,0.8598441852806099
2015_17_STL_SF,2015,17,SF,STL,1.0,0.5106298603389832
2015_17_MIN_GB,2015,17,GB,MIN,0.0,0.6855701478249007
2016_01_CAR_DEN,2016,1,DEN,CAR,1.0,0.5387703114626715
2016_01_TB_ATL,2016,1,ATL,TB,0.0,0.6347351958884293
2016_01_BUF_BAL,2016,1,BAL,BUF,1.0,0.5478527245715566
2016_01_CHI_HOU,2016,1,HOU,CHI,1.0,0.6712820516127399
2016_01_GB_JAX,2016,1,JAX,GB,0.0,0.37075038296814045
2016_01_SD_KC,2016,1,KC,SD,1.0,0.686697036458645
2016_01_OAK_NO,2016,1,NO,OAK,0.0,0.6907466842552311
2016_01_CIN_NYJ,2016,1,NYJ,CIN,0.0,0.5441806937456615
2016_01_CLE_PHI,2016,1,PHI,CLE,1.0,0.7364989165951996
2016_01_MIN_TEN,2016,1,TEN,MIN,0.0,0.34730660457855334
2016_01_MIA_SEA,2016,1,SEA,MIA,1.0,0.8471154896475959
2016_01_NYG_DAL,2016,1,DAL,NYG,0.0,0.46892864343211277
2016_01_DET_IND,2016,1,IND,DET,0.0,0.551097318311675
2016_01_NE_ARI,2016,1,ARI,NE,0.0,0.671913348339566
2016_01_PIT_WAS,2016,1,WAS,PIT,0.0,0.4935945117713857
2016_01_LA_SF,2016,1,SF,LA,1.0,0.50725871502877
2016_02_NYJ_BUF,2016,2,BUF,NYJ,0.0,0.5096668941578318
2016_02_TB_ARI,2016,2,ARI,TB,1.0,0.6604137123150351
2016_02_SF_CAR,2016,2,CAR,SF,1.0,0.758918451541193
2016_02_BAL_CLE,2016,2,CLE,BAL,0.0,0.35593818307800396
2016_02_TEN_DET,2016,2,DET,TEN,0.0,0.7036819766961419
2016_02_KC_HOU,2016,2,HOU,KC,1.0,0.5198674778183844
2016_02_MIA_NE,2016,2,NE,MIA,1.0,0.8264383482031661
2016_02_NO_NYG,2016,2,NYG,NO,1.0,0.5820227548489448
2016_02_CIN_PIT,2016,2,PIT,CIN,1.0,0.619003287658851
2016_02_DAL_WAS,2016,2,WAS,DAL,0.0,0.5763751906021407
2016_02_SEA_LA,2016,2,LA,SEA,1.0,0.31168139191216027
2016_02_IND_DEN,2016,2,DEN,IND,1.0,0.6731562150131101
2016_02_ATL_OAK,2016,2,OAK,ATL,0.0,0.5600309463030332
2016_02_JAX_SD,2016,2,SD,JAX,1.0,0.6025641314370316
2016_02_GB_MIN,2016,2,MIN,GB,1.0,0.5540272944604235
2016_02_PHI_CHI,2016,2,CHI,PHI,0.0,0.39657379036980767
2016_03_HOU_NE,2016,3,NE,HOU,1.0,0.6248469789742889
2016_03_ARI_BUF,2016,3,BUF,ARI,1.0,0.3202381390329426
2016_03_MIN_CAR,2016,3,CAR,MIN,0.0,0.655531851063684
2016_03_DEN_CIN,2016,3,CIN,DEN,0.0,0.46820864592831396
2016_03_DET_GB,2016,3,GB,DET,1.0,0.5441454050919063
2016_03_BAL_JAX,2016,3,JAX,BAL,0.0,0.3789459582144494
2016_03_CLE_MIA,2016,3,MIA,CLE,1.0,0.5681792532968429
2016_03_WAS_NYG,2016,3,NYG,WAS,0.0,0.5848145290011814
2016_03_OAK_TEN,2016,3,TEN,OAK,0.0,0.6121467809809041
2016_03_SF_SEA,2016,3,SEA,SF,1.0,0.7456978553961843
2016_03_LA_TB,2016,3,TB,LA,0.0,0.6611732153724349
2016_03_SD_IND,2016,3,IND,SD,1.0,0.5632822766277616
2016_03_NYJ_KC,2016,3,KC,NYJ,1.0,0.5839422908814212
2016_03_PIT_PHI,2016,3,PHI,PIT,1.0,0.48123181210651783
2016_03_CHI_DAL,2016,3,DAL,CHI,1.0,0.6787918598422732
2016_03_ATL_NO,2016,3,NO,ATL,0.0,0.5417521261201829
2016_04_MIA_CIN,2016,4,CIN,MIA,1.0,0.6388317830226526
2016_04_IND_JAX,2016,4,JAX,IND,1.0,0.3933515353812666
2016_04_CAR_ATL,2016,4,ATL,CAR,1.0,0.5372825439896775
2016_04_OAK_BAL,2016,4,BAL,OAK,0.0,0.6826541565482537
2016_04_DET_CHI,2016,4,CHI,DET,1.0,0.35197933545368915
2016_04_TEN_HOU,2016,4,HOU,TEN,1.0,0.6609590467200734
2016_04_BUF_NE,2016,4,NE,BUF,0.0,0.7619221815967424
2016_04_SEA_NYJ,2016,4,NYJ,SEA,0.0,0.40062827924081573
2016_04_CLE_WAS,2016,4,WAS,CLE,1.0,0.7960511069168477
2016_04_DEN_TB,2016,4,TB,DEN,0.0,0.3478224030345909
2016_04_LA_ARI,2016,4,ARI,LA,0.0,0.671864688177674
2016_04_NO_SD,2016,4,SD,NO,0.0,0.5993520999654681
2016_04_DAL_SF,2016,4,SF,DAL,0.0,0.5173686394192826
2016_04_KC_PIT,2016,4,PIT,KC,1.0,0.5856114074476765
2016_04_NYG_MIN,2016,4,MIN,NYG,1.0,0.6038947751688423
2016_05_ARI_SF,2016,5,SF,ARI,0.0,0.3787420851220562
2016_05_WAS_BAL,2016,5,BAL,WAS,0.0,0.5594845601069863
2016_05_NE_CLE,2016,5,CLE,NE,0.0,0.28214750685035234
2016_05_PHI_DET,2016,5,DET,PHI,1.0,0.5955031269838564
2016_05_CHI_IND,2016,5,IND,CHI,1.0,0.6457192964632066
2016_05_TEN_MIA,2016,5,MIA,TEN,0.0,0.5481647664470773
2016_05_HOU_MIN,2016,5,MIN,HOU,1.0,0.7268181488986563
2016_05_NYJ_PIT,2016,5,PIT,NYJ,1.0,0.7863383200508359
2016_05_ATL_DEN,2016,5,DEN,ATL,0.0,0.6580966576390521
2016_05_CIN_DAL,2016,5,DAL,CIN,1.0,0.5293226877226572
2016_05_BUF_LA,2016,5,LA,BUF,0.0,0.4579836776272994
2016_05_SD_OAK,2016,5,OAK,SD,1.0,0.5566702623453241
2016_05_NYG_GB,2016,5,GB,NYG,1.0,0.5868951603281625
2016_05_TB_CAR,2016,5,CAR,TB,0.0,0.5855270654454925
2016_06_DEN_SD,2016,6,SD,DEN,1.0,0.4249012286254191
2016_06_SF_BUF,2016,6,BUF,SF,1.0,0.8311974288300882
2016_06_JAX_CHI,2016,6,CHI,JAX,0.0,0.5790171169454422
2016_06_LA_DET,2016,6,DET,LA,1.0,0.656836941469865
2016_06_PIT_MIA,2016,6,MIA,PIT,1.0,0.3639844810639581
2016_06_CIN_NE,2016,6,NE,CIN,1.0,0.6504512525106592
2016_06_CAR_NO,2016,6,NO,CAR,1.0,0.5712106181266675
2016_06_BAL_NYG,2016,6,NYG,BAL,1.0,0.5610619912037462
2016_06_CLE_TEN,2016,6,TEN,CLE,1.0,0.6175831813106457
2016_06_PHI_WAS,2016,6,WAS,PHI,1.0,0.5244091315888555
2016_06_KC_OAK,2016,6,OAK,KC,0.0,0.4588924938988539
2016_06_DAL_GB,2016,6,GB,DAL,0.0,0.5929845937862708
2016_06_ATL_SEA,2016,6,SEA,ATL,1.0,0.5919108301091149
2016_06_IND_HOU,2016,6,HOU,IND,1.0,0.5344838816186979
2016_06_NYJ_ARI,2016,6,ARI,NYJ,1.0,0.6750464412237522
2016_07_CHI_GB,2016,7,GB,CHI,1.0,0.7225799714993867
2016_07_NYG_LA,2016,7,LA,NYG,0.0,0.5108039582898787
2016_07_CLE_CIN,2016,7,CIN,CLE,1.0,0.8151913995734158
2016_07_WAS_DET,2016,7,DET,WAS,1.0,0.566994071845008
2016_07_OAK_JAX,2016,7,JAX,OAK,0.0,0.5815734887367189
2016_07_NO_KC,2016,7,KC,NO,1.0,0.70116583018779
2016_07_BUF_MIA,2016,7,MIA,BUF,1.0,0.4063642352020547
2016_07_BAL_NYJ,2016,7,NYJ,BAL,1.0,0.570003021854308
2016_07_MIN_PHI,2016,7,PHI,MIN,1.0,0.6590151254066228
2016_07_IND_TEN,2016,7,TEN,IND,0.0,0.5821505592828771
2016_07_SD_ATL,2016,7,ATL,SD,0.0,0.8001680840568566
2016_07_TB_SF,2016,7,SF,TB,0.0,0.5431746358825068
2016_07_NE_PIT,2016,7,PIT,NE,0.0,0.5007000235615159
2016_07_SEA_ARI,2016,7,ARI,SEA,0.0,0.5669450513344649
2016_07_HOU_DEN,2016,7,DEN,HOU,1.0,0.5707837319413224
2016_08_JAX_TEN,2016,8,TEN,JAX,1.0,0.6417722132344709
2016_08_WAS_CIN,2016,8,CIN,WAS,0.0,0.5475319552429859
2016_08_NE_BUF,2016,8,BUF,NE,0.0,0.5006118427047292
2016_08_ARI_CAR,2016,8,CAR,ARI,1.0,0.5466353592544906
2016_08_NYJ_CLE,2016,8,CLE,NYJ,0.0,0.3381482512641349
2016_08_DET_HOU,2016,8,HOU,DET,1.0,0.5859262358009689
2016_08_KC_IND,2016,8,IND,KC,0.0,0.44613376352353334
2016_08_SEA_NO,2016,8,NO,SEA,1.0,0.4362922568616518
2016_08_OAK_TB,2016,8,TB,OAK,0.0,0.5876031265314924
2016_08_SD_DEN,2016,8,DEN,SD,1.0,0.6638607221816003
2016_08_GB_ATL,2016,8,ATL,GB,1.0,0.5799939227558424
2016_08_PHI_DAL,2016,8,DAL,PHI,1.0,0.6293122584741083
2016_08_MIN_CHI,2016,8,CHI,MIN,1.0,0.32555329019116147
2016_09_ATL_TB,2016,9,TB,ATL,0.0,0.38676035283636295
2016_09_PIT_BAL,2016,9,BAL,PIT,1.0,0.3618766423028775
2016_09_DAL_CLE,2016,9,CLE,DAL,0.0,0.2997716643284381
2016_09_JAX_KC,2016,9,KC,JAX,1.0,0.7635736774706159
2016_09_NYJ_MIA,2016,9,MIA,NYJ,1.0,0.5733727389158592
2016_09_DET_MIN,2016,9,MIN,DET,0.0,0.7022065339740227
2016_09_PHI_NYG,2016,9,NYG,PHI,1.0,0.48151287492119893
2016_09_CAR_LA,2016,9,LA,CAR,0.0,0.47036735552803216
2016_09_NO_SF,2016,9,SF,NO,0.0,0.4031505708420548
2016_09_IND_GB,2016,9,GB,IND,0.0,0.7277279775366092
2016_09_TEN_SD,2016,9,SD,TEN,1.0,0.6623993200419739
2016_09_DEN_OAK,2016,9,OAK,DEN,1.0,0.5432427422960264
2016_09_BUF_SEA,2016,9,SEA,BUF,1.0,0.6862596808474356
2016_10_CLE_BAL,2016,10,BAL,CLE,1.0,0.7464754929849448
2016_10_KC_CAR,2016,10,CAR,KC,0.0,0.5498703773703126
2016_10_HOU_JAX,2016,10,JAX,HOU,0.0,0.39620888938340365
2016_10_DEN_NO,2016,10,NO,DEN,0.0,0.5758363098185767
2016_10_LA_NYJ,2016,10,NYJ,LA,0.0,0.5867092574660085
2016_10_ATL_PHI,2016,10,PHI,ATL,1.0,0.46319876261260373
2016_10_CHI_TB,2016,10,TB,CHI,1.0,0.5912648893103666
2016_10_GB_TEN,2016,10,TEN,GB,1.0,0.38618400409010184
2016_10_MIN_WAS,2016,10,WAS,MIN,1.0,0.6354667323423434
2016_10_MIA_SD,2016,10,SD,MIA,0.0,0.5945112452045911
2016_10_SF_ARI,2016,10,ARI,SF,1.0,0.8585982807496902
2016_10_DAL_PIT,2016,10,PIT,DAL,0.0,0.4992076887416499
2016_10_SEA_NE,2016,10,NE,SEA,0.0,0.652724670027348
2016_10_CIN_NYG,2016,10,NYG,CIN,1.0,0.47105202213432307
2016_11_NO_CAR,2016,11,CAR,NO,1.0,0.5247454907072661
2016_11_BUF_CIN,2016,11,CIN,BUF,0.0,0.5456333623681896
2016_11_PIT_CLE,2016,11,CLE,PIT,0.0,0.3319672563623248
2016_11_BAL_DAL,2016,11,DAL,BAL,1.0,0.7746581218580967
2016_11_JAX_DET,2016,11,DET,JAX,1.0,0.7418528442150206
2016_11_TEN_IND,2016,11,IND,TEN,1.0,0.6416893031816866
2016_11_TB_KC,2016,11,KC,TB,0.0,0.7504026541032228
2016_11_ARI_MIN,2016,11,MIN,ARI,1.0,0.49976957221975477
2016_11_CHI_NYG,2016,11,NYG,CHI,1.0,0.7800171668355251
2016_11_MIA_LA,2016,11,LA,MIA,0.0,0.5148460314757697
2016_11_PHI_SEA,2016,11,SEA,PHI,1.0,0.6767668578538157
2016_11_NE_SF,2016,11,SF,NE,0.0,0.2698027471913899
2016_11_GB_WAS,2016,11,WAS,GB,1.0,0.5947831142165698
2016_11_HOU_OAK,2016,11,OAK,HOU,1.0,0.5643764676291749
2016_12_MIN_DET,2016,12,DET,MIN,1.0,0.608006520278629
2016_12_WAS_DAL,2016,12,DAL,WAS,1.0,0.5919866450939912
2016_12_PIT_IND,2016,12,IND,PIT,0.0,0.5667848997912474
2016_12_ARI_ATL,2016,12,ATL,ARI,1.0,0.5847573396465631
2016_12_CIN_BAL,2016,12,BAL,CIN,1.0,0.5698069155910702
2016_12_JAX_BUF,2016,12,BUF,JAX,1.0,0.7617696835504459
2016_12_TEN_CHI,2016,12,CHI,TEN,0.0,0.48597909521984317
2016_12_NYG_CLE,2016,12,CLE,NYG,0.0,0.3247987204559787
2016_12_SD_HOU,2016,12,HOU,SD,0.0,0.5862711663809198
2016_12_SF_MIA,2016,12,MIA,SF,1.0,0.8072902369224535
2016_12_LA_NO,2016,12,NO,LA,1.0,0.6862198839904752
2016_12_SEA_TB,2016,12,TB,SEA,1.0,0.32635497954161286
2016_12_NE_NYJ,2016,12,NYJ,NE,0.0,0.3632143203490604
2016_12_CAR_OAK,2016,12,OAK,CAR,1.0,0.5516656639660767
2016_12_KC_DEN,2016,12,DEN,KC,0.0,0.5896612924829673
2016_12_GB_PHI,2016,12,PHI,GB,0.0,0.5028672746689201
2016_13_DAL_MIN,2016,13,MIN,DAL,0.0,0.3628845110120354
2016_13_KC_ATL,2016,13,ATL,KC,0.0,0.5811342950660988
2016_13_MIA_BAL,2016,13,BAL,MIA,1.0,0.5701995132010887
2016_13_SF_CHI,2016,13,CHI,SF,1.0,0.491048460765039
2016_13_PHI_CIN,2016,13,CIN,PHI,1.0,0.5632082992081363
2016_13_HOU_GB,2016,13,GB,HOU,1.0,0.6715727766258969
2016_13_DEN_JAX,2016,13,JAX,DEN,0.0,0.44020781711602447
2016_13_LA_NE,2016,13,NE,LA,1.0,0.8715356445572483
2016_13_DET_NO,2016,13,NO,DET,0.0,0.6004397328091166
2016_13_BUF_OAK,2016,13,OAK,BUF,1.0,0.524967045631331
2016_13_WAS_ARI,2016,13,ARI,WAS,1.0,0.4972953526072833
2016_13_NYG_PIT,2016,13,PIT,NYG,1.0,0.6275649941174661
2016_13_TB_SD,2016,13,SD,TB,0.0,0.5210890775939144
2016_13_CAR_SEA,2016,13,SEA,CAR,1.0,0.7736798058044982
2016_13_IND_NYJ,2016,13,NYJ,IND,0.0,0.5482379764421151
2016_14_OAK_KC,2016,14,KC,OAK,1.0,0.6674724139422247
2016_14_PIT_BUF,2016,14,BUF,PIT,0.0,0.5754389555576193
2016_14_SD_CAR,2016,14,CAR,SD,1.0,0.5635305524634947
2016_14_CIN_CLE,2016,14,CLE,CIN,0.0,0.3298056679552309
2016_14_CHI_DET,2016,14,DET,CHI,1.0,0.753507025669091
2016_14_HOU_IND,2016,14,IND,HOU,0.0,0.6268863377548223
2016_14_MIN_JAX,2016,14,JAX,MIN,0.0,0.3810595265880967
2016_14_ARI_MIA,2016,14,MIA,ARI,1.0,0.5060099288935942
2016_14_WAS_PHI,2016,14,PHI,WAS,0.0,0.47049302783383085
2016_14_DEN_TEN,2016,14,TEN,DEN,1.0,0.47227086093904064
2016_14_NYJ_SF,2016,14,SF,NYJ,0.0,0.39877732803062366
2016_14_SEA_GB,2016,14,GB,SEA,1.0,0.4431900151695992
2016_14_ATL_LA,2016,14,LA,ATL,0.0,0.3102472355644166
2016_14_NO_TB,2016,14,TB,NO,1.0,0.5319199468322469
2016_14_DAL_NYG,2016,14,NYG,DAL,1.0,0.3529386761185693
2016_14_BAL_NE,2016,14,NE,BAL,1.0,0.8083283955941157
2016_15_LA_SEA,2016,15,SEA,LA,1.0,0.8070983314414515
2016_15_MIA_NYJ,2016,15,NYJ,MIA,0.0,0.47342984181582615
2016_15_PHI_BAL,2016,15,BAL,PHI,1.0,0.616799784677727
2016_15_CLE_BUF,2016,15,BUF,CLE,1.0,0.832023515810933
2016_15_GB_CHI,2016,15,CHI,GB,0.0,0.3254175971624172
2016_15_PIT_CIN,2016,15,CIN,PIT,0.0,0.5067559102180521
2016_15_JAX_HOU,2016,15,HOU,JAX,1.0,0.6913047552067124
2016_15_TEN_KC,2016,15,KC,TEN,0.0,0.7935781033491714
2016_15_IND_MIN,2016,15,MIN,IND,0.0,0.5705433687588445
2016_15_DET_NYG,2016,15,NYG,DET,1.0,0.5213886693524034
2016_15_NO_ARI,2016,15,ARI,NO,0.0,0.5466191267133597
2016_15_SF_ATL,2016,15,ATL,SF,1.0,0.8015676789601425
2016_15_NE_DEN,2016,15,DEN,NE,0.0,0.4991143062647733
2016_15_OAK_SD,2016,15,SD,OAK,0.0,0.49352718154345065
2016_15_TB_DAL,2016,15,DAL,TB,1.0,0.7192486485476723
2016_15_CAR_WAS,2016,15,WAS,CAR,0.0,0.6327343111063439
2016_16_NYG_PHI,2016,16,PHI,NYG,1.0,0.45109500665548324
2016_16_MIA_BUF,2016,16,BUF,MIA,0.0,0.5989839433228548
2016_16_ATL_CAR,2016,16,CAR,ATL,0.0,0.4789864587775792
2016_16_WAS_CHI,2016,16,CHI,WAS,0.0,0.3652336047655133
2016_16_SD_CLE,2016,16,CLE,SD,1.0,0.3716998885760515
2016_16_MIN_GB,2016,16,GB,MIN,1.0,0.6819100742371084
2016_16_TEN_JAX,2016,16,JAX,TEN,1.0,0.3126482092965174
2016_16_NYJ_NE,2016,16,NE,NYJ,1.0,0.7892032019848497
2016_16_IND_OAK,2016,16,OAK,IND,1.0,0.5724240240907663
2016_16_SF_LA,2016,16,LA,SF,0.0,0.5959880345655262
2016_16_TB_NO,2016,16,NO,TB,1.0,0.640628301158657
2016_16_ARI_SEA,2016,16,SEA,ARI,0.0,0.6372577577453391
2016_16_CIN_HOU,2016,16,HOU,CIN,1.0,0.5059747221475275
2016_16_BAL_PIT,2016,16,PIT,BAL,1.0,0.7525112448022437
2016_16_DEN_KC,2016,16,KC,DEN,1.0,0.7357130802883266
2016_16_DET_DAL,2016,16,DAL,DET,1.0,0.6348347605559297
2016_17_BAL_CIN,2016,17,CIN,BAL,1.0,0.576894281752235
2016_17_JAX_IND,2016,17,IND,JAX,1.0,0.7748376841617814
2016_17_NE_MIA,2016,17,MIA,NE,0.0,0.4692325541428411
2016_17_CHI_MIN,2016,17,MIN,CHI,1.0,0.5903675296552989
2016_17_BUF_NYJ,2016,17,NYJ,BUF,1.0,0.3352386539371855
2016_17_DAL_PHI,2016,17,PHI,DAL,1.0,0.4058551669947478
2016_17_CLE_PIT,2016,17,PIT,CLE,1.0,0.7800746017051369
2016_17_CAR_TB,2016,17,TB,CAR,1.0,0.564500797569839
2016_17_HOU_TEN,2016,17,TEN,HOU,1.0,0.5905909176493036
2016_17_NO_ATL,2016,17,ATL,NO,1.0,0.7829683921786598
2016_17_OAK_DEN,2016,17,DEN,OAK,1.0,0.4422476841311977
2016_17_ARI_LA,2016,17,LA,ARI,0.0,0.31060179157101964
2016_17_KC_SD,2016,17,SD,KC,0.0,0.3781173308049765
2016_17_SEA_SF,2016,17,SF,SEA,0.0,0.2843318108121783
2016_17_NYG_WAS,2016,17,WAS,NYG,0.0,0.5587801509521095
2016_17_GB_DET,2016,17,DET,GB,0.0,0.5374108936475267
2017_01_KC_NE,2017,1,NE,KC,0.0,0.7482439181392182
2017_01_NYJ_BUF,2017,1,BUF,NYJ,1.0,0.6377986410275924
2017_01_ATL_CHI,2017,1,CHI,ATL,0.0,0.290777006398657
2017_01_BAL_CIN,2017,1,CIN,BAL,0.0,0.5975447356177931
2017_01_PIT_CLE,2017,1,CLE,PIT,0.0,0.30804270887282087
2017_01_ARI_DET,2017,1,DET,ARI,1.0,0.585794169821211
2017_01_JAX_HOU,2017,1,HOU,JAX,0.0,0.723395655828902
2017_01_OAK_TEN,2017,1,TEN,OAK,0.0,0.642030289405641
2017_01_PHI_WAS,2017,1,WAS,PHI,0.0,0.6044089533550399
2017_01_IND_LA,2017,1,LA,IND,1.0,0.37909100324164746
2017_01_SEA_GB,2017,1,GB,SEA,1.0,0.6768931702988557
2017_01_CAR_SF,2017,1,SF,CAR,0.0,0.3792154486190321
2017_01_NYG_DAL,2017,1,DAL,NYG,1.0,0.7341109854075154
2017_01_NO_MIN,2017,1,MIN,NO,1.0,0.4974852557650567
2017_01_LAC_DEN,2017,1,DEN,LAC,1.0,0.5643242429697896
2017_02_HOU_CIN,2017,2,CIN,HOU,0.0,0.6962221844207
2017_02_CLE_BAL,2017,2,BAL,CLE,1.0,0.7838028234785095
2017_02_BUF_CAR,2017,2,CAR,BUF,1.0,0.5414127935309235
2017_02_ARI_IND,2017,2,IND,ARI,0.0,0.4644513582210249
2017_02_TEN_JAX,2017,2,JAX,TEN,0.0,0.5874257702617296
2017_02_PHI_KC,2017,2,KC,PHI,1.0,0.7520652335514214
2017_02_NE_NO,2017,2,NO,NE,0.0,0.5455839870469322
2017_02_MIN_PIT,2017,2,PIT,MIN,1.0,0.6798274352450095
2017_02_CHI_TB,2017,2,TB,CHI,1.0,0.7284787743150917
2017_02_MIA_LAC,2017,2,LAC,MIA,0.0,0.5462798304794704
2017_02_NYJ_OAK,2017,2,OAK,NYJ,1.0,0.7536217113321836
2017_02_DAL_DEN,2017,2,DEN,DAL,1.0,0.44712055558020425
2017_02_WAS_LA,2017,2,LA,WAS,0.0,0.6699027312697143
2017_02_SF_SEA,2017,2,SEA,SF,1.0,0.77694760813938
2017_02_GB_ATL,2017,2,ATL,GB,1.0,0.6135031889311561
2017_02_DET_NYG,2017,2,NYG,DET,0.0,0.5504141663658433
2017_03_LA_SF,2017,3,SF,LA,0.0,0.4406966629882599
2017_03_DEN_BUF,2017,3,BUF,DEN,1.0,0.4888187600397849
2017_03_NO_CAR,2017,3,CAR,NO,0.0,0.5806987000431086
2017_03_PIT_CHI,2017,3,CHI,PIT,1.0,0.32140858343613266
2017_03_ATL_DET,2017,3,DET,ATL,0.0,0.44174350474353846
2017_03_CLE_IND,2017,3,IND,CLE,1.0,0.5355218284797024
2017_03_TB_MIN,2017,3,MIN,TB,1.0,0.44102608446540104
2017_03_HOU_NE,2017,3,NE,HOU,1.0,0.7834629750844819
2017_03_MIA_NYJ,2017,3,NYJ,MIA,1.0,0.4853159979807354
2017_03_NYG_PHI,2017,3,PHI,NYG,1.0,0.6197182930852547
2017_03_SEA_TEN,2017,3,TEN,SEA,1.0,0.6194229863834205
2017_03_CIN_GB,2017,3,GB,CIN,1.0,0.8109479768395481
2017_03_KC_LAC,2017,3,LAC,KC,0.0,0.27828871788448095
2017_03_OAK_WAS,2017,3,WAS,OAK,1.0,0.5379229683948747
2017_03_BAL_JAX,2017,3,JAX,BAL,1.0,0.3956243065749982
2017_03_DAL_ARI,2017,3,ARI,DAL,0.0,0.5439277089572622
2017_04_CHI_GB,2017,4,GB,CHI,1.0,0.8344319521219259
2017_04_BUF_ATL,2017,4,ATL,BUF,0.0,0.7756058822521029
2017_04_PIT_BAL,2017,4,BAL,PIT,0.0,0.46163151412698555
2017_04_CIN_CLE,2017,4,CLE,CIN,0.0,0.5836483740286591
2017_04_LA_DAL,2017,4,DAL,LA,0.0,0.7483735772769639
2017_04_TEN_HOU,2017,4,HOU,TEN,1.0,0.5327524192221208
2017_04_DET_MIN,2017,4,MIN,DET,0.0,0.5013406871996928
2017_04_CAR_NE,2017,4,NE,CAR,0.0,0.7560272369501669
2017_04_JAX_NYJ,2017,4,NYJ,JAX,1.0,0.5798663831931463
2017_04_SF_ARI,2017,4,ARI,SF,1.0,0.7713334360851752
2017_04_PHI_LAC,2017,4,LAC,PHI,0.0,0.5018604427930942
2017_04_NYG_TB,2017,4,TB,NYG,1.0,0.6666909873367791
2017_04_OAK_DEN,2017,4,DEN,OAK,1.0,0.573781060002358
2017_04_IND_SEA,2017,4,SEA,IND,1.0,0.7629109933102481
2017_04_NO_MIA,2017,4,MIA,NO,0.0,0.4440257201957291
2017_04_WAS_KC,2017,4,KC,WAS,1.0,0.6755619729087704
2017_05_NE_TB,2017,5,TB,NE,0.0,0.4497844314137313
2017_05_BUF_CIN,2017,5,CIN,BUF,1.0,0.48020826526096455
2017_05_NYJ_CLE,2017,5,CLE,NYJ,0.0,0.3604148916511814
2017_05_CAR_DET,2017,5,DET,CAR,0.0,0.5932550828263184
2017_05_SF_IND,2017,5,IND,SF,1.0,0.591116208385285
2017_05_TEN_MIA,2017,5,MIA,TEN,1.0,0.5140770958542604
2017_05_LAC_NYG,2017,5,NYG,LAC,0.0,0.5259810976299486
2017_05_ARI_PHI,2017,5,PHI,ARI,1.0,0.5859811570697515
2017_05_JAX_PIT,2017,5,PIT,JAX,0.0,0.7845022046305498
2017_05_SEA_LA,2017,5,LA,SEA,0.0,0.531520354866412
2017_05_BAL_OAK,2017,5,OAK,BAL,0.0,0.6112181332284365
2017_05_GB_DAL,2017,5,DAL,GB,0.0,0.6365661572221682
2017_05_KC_HOU,2017,5,HOU,KC,0.0,0.3453044296299724
2017_05_MIN_CHI,2017,5,CHI,MIN,0.0,0.45981827347084203
2017_06_PHI_CAR,2017,6,CAR,PHI,0.0,0.5560626441439228
2017_06_MIA_ATL,2017,6,ATL,MIA,0.0,0.8016017589127409
2017_06_CHI_BAL,2017,6,BAL,CHI,0.0,0.6972915339645578
2017_06_CLE_HOU,2017,6,HOU,CLE,1.0,0.7726181305756106
2017_06_GB_MIN,2017,6,MIN,GB,1.0,0.34120488441504676
2017_06_DET_NO,2017,6,NO,DET,1.0,0.6253011735790118
2017_06_NE_NYJ,2017,6,NYJ,NE,0.0,0.3606687869002096
2017_06_SF_WAS,2017,6,WAS,SF,1.0,0.8087426977985608
2017_06_TB_ARI,2017,6,ARI,TB,1.0,0.5181965531250736
2017_06_LA_JAX,2017,6,JAX,LA,0.0,0.6333295623182615
2017_06_PIT_KC,2017,6,KC,PIT,0.0,0.611205125101214
2017_06_LAC_OAK,2017,6,OAK,LAC,0.0,0.5303769152407192
2017_06_NYG_DEN,2017,6,DEN,NYG,0.0,0.756595512567185
2017_06_IND_TEN,2017,6,TEN,IND,1.0,0.5749931378724688
2017_07_KC_OAK,2017,7,OAK,KC,1.0,0.3092975057062328
2017_07_TB_BUF,2017,7,BUF,TB,1.0,0.5522235649586255
2017_07_CAR_CHI,2017,7,CHI,CAR,1.0,0.4478344625001803
2017_07_TEN_CLE,2017,7,CLE,TEN,0.0,0.4338685984635641
2017_07_NO_GB,2017,7,GB,NO,0.0,0.5734911940741118
2017_07_JAX_IND,2017,7,IND,JAX,0.0,0.4951262600471462
2017_07_ARI_LA,2017,7,LA,ARI,1.0,0.5366203484940962
2017_07_NYJ_MIA,2017,7,MIA,NYJ,1.0,0.5249304828723397
2017_07_BAL_MIN,2017,7,MIN,BAL,1.0,0.5352894955012529
2017_07_DAL_SF,2017,7,SF,DAL,0.0,0.30760960069132204
2017_07_DEN_LAC,2017,7,LAC,DEN,1.0,0.5155116063961902
2017_07_SEA_NYG,2017,7,NYG,SEA,0.0,0.4588003700277842
2017_07_CIN_PIT,2017,7,PIT,CIN,1.0,0.740851351882169
2017_07_ATL_NE,2017,7,NE,ATL,1.0,0.6922095781587354
2017_07_WAS_PHI,2017,7,PHI,WAS,1.0,0.6238318390218788
2017_08_MIA_BAL,2017,8,BAL,MIA,1.0,0.585038615096701
2017_08_OAK_BUF,2017,8,BUF,OAK,1.0,0.6197618569202523
2017_08_IND_CIN,2017,8,CIN,IND,1.0,0.7192923486880226
2017_08_LAC_NE,2017,8,NE,LAC,1.0,0.7982249228902267
2017_08_CHI_NO,2017,8,NO,CHI,1.0,0.824589716146063
2017_08_ATL_NYJ,2017,8,NYJ,ATL,0.0,0.40398970868370887
2017_08_SF_PHI,2017,8,PHI,SF,1.0,0.838909314446051
2017_08_CAR_TB,2017,8,TB,CAR,0.0,0.5359113775037465
2017_08_HOU_SEA,2017,8,SEA,HOU,1.0,0.7625271962797717
2017_08_DAL_WAS,2017,8,WAS,DAL,0.0,0.5347309224135861
2017_08_PIT_DET,2017,8,DET,PIT,0.0,0.447404883310024
2017_08_MIN_CLE,2017,8,CLE,MIN,0.0,0.36987641428631507
2017_08_DEN_KC,2017,8,KC,DEN,1.0,0.7247253318072624
2017_09_BUF_NYJ,2017,9,NYJ,BUF,1.0,0.41993317902085653
2017_09_ATL_CAR,2017,9,CAR,ATL,1.0,0.45731515513998705
2017_09_IND_HOU,2017,9,HOU,IND,0.0,0.7543590936251894
2017_09_CIN_JAX,2017,9,JAX,CIN,1.0,0.6006240966262567
2017_09_TB_NO,2017,9,NO,TB,1.0,0.7728605969159128
2017_09_LA_NYG,2017,9,NYG,LA,0.0,0.5175501695723269
2017_09_DEN_PHI,2017,9,PHI,DEN,1.0,0.7534740930441945
2017_09_BAL_TEN,2017,9,TEN,BAL,1.0,0.5234561284367161
2017_09_WAS_SEA,2017,9,SEA,WAS,0.0,0.763314085519131
2017_09_ARI_SF,2017,9,SF,ARI,0.0,0.31222496502155056
2017_09_KC_DAL,2017,9,DAL,KC,1.0,0.656797271806596
2017_09_OAK_MIA,2017,9,MIA,OAK,0.0,0.5101910313373594
2017_09_DET_GB,2017,9,GB,DET,0.0,0.6000128120546467
2017_10_SEA_ARI,2017,10,ARI,SEA,0.0,0.38072669168706297
2017_10_NO_BUF,2017,10,BUF,NO,0.0,0.5066938298541598
2017_10_GB_CHI,2017,10,CHI,GB,0.0,0.47913557177547145
2017_10_CLE_DET,2017,10,DET,CLE,1.0,0.8296871944115183
2017_10_PIT_IND,2017,10,IND,PIT,0.0,0.30305735335140466
2017_10_LAC_JAX,2017,10,JAX,LAC,1.0,0.6166985210058555
2017_10_NYJ_TB,2017,10,TB,NYJ,1.0,0.508906839421297
2017_10_CIN_TEN,2017,10,TEN,CIN,1.0,0.6203855063766106
2017_10_MIN_WAS,2017,10,WAS,MIN,0.0,0.5197709359227358
2017_10_HOU_LA,2017,10,LA,HOU,1.0,0.6759256439907487
2017_10_DAL_ATL,2017,10,ATL,DAL,1.0,0.5181689576244656
2017_10_NYG_SF,2017,10,SF,NYG,1.0,0.365728567459684
2017_10_NE_DEN,2017,10,DEN,NE,0.0,0.2955358019185688
2017_10_MIA_CAR,2017,10,CAR,MIA,1.0,0.6430554193018152
2017_11_TEN_PIT,2017,11,PIT,TEN,1.0,0.7695674960274524
2017_11_DET_CHI,2017,11,CHI,DET,0.0,0.40720671964330984
2017_11_JAX_CLE,2017,11,CLE,JAX,0.0,0.2920921399272453
2017_11_BAL_GB,2017,11,GB,BAL,0.0,0.5644376928914475
2017_11_ARI_HOU,2017,11,HOU,ARI,1.0,0.5672571765112494
2017_11_TB_MIA,2017,11,MIA,TB,0.0,0.5564253801404856
2017_11_LA_MIN,2017,11,MIN,LA,1.0,0.6667446598949056
2017_11_WAS_NO,2017,11,NO,WAS,1.0,0.833835230465943
2017_11_KC_NYG,2017,11,NYG,KC,1.0,0.3078993139035258
2017_11_BUF_LAC,2017,11,LAC,BUF,1.0,0.5232158935366555
2017_11_CIN_DEN,2017,11,DEN,CIN,0.0,0.5334227049005399
2017_11_NE_OAK,2017,11,OAK,NE,0.0,0.2750755845268435
2017_11_PHI_DAL,2017,11,DAL,PHI,0.0,0.6950939159845889
2017_11_ATL_SEA,2017,11,SEA,ATL,0.0,0.6327266897336974
2017_12_MIN_DET,2017,12,DET,MIN,0.0,0.5933703945884141
2017_12_LAC_DAL,2017,12,DAL,LAC,0.0,0.6910118681090829
2017_12_NYG_WAS,2017,12,WAS,NYG,1.0,0.6109176377562664
2017_12_TB_ATL,2017,12,ATL,TB,1.0,0.7787438689760083
2017_12_CLE_CIN,2017,12,CIN,CLE,1.0,0.8128018237402035
2017_12_TEN_IND,2017,12,IND,TEN,0.0,0.4589293582759635
2017_12_BUF_KC,2017,12,KC,BUF,0.0,0.6458214645169925
2017_12_MIA_NE,2017,12,NE,MIA,1.0,0.8505149548857027
2017_12_CAR_NYJ,2017,12,NYJ,CAR,0.0,0.47710934792024634
2017_12_CHI_PHI,2017,12,PHI,CHI,1.0,0.8481213837181174
2017_12_SEA_SF,2017,12,SF,SEA,0.0,0.30470379545523435
2017_12_JAX_ARI,2017,12,ARI,JAX,1.0,0.3803932426537597
2017_12_NO_LA,2017,12,LA,NO,1.0,0.47913188211877594
2017_12_DEN_OAK,2017,12,OAK,DEN,1.0,0.5873184122195293
2017_12_GB_PIT,2017,12,PIT,GB,1.0,0.7471160370358306
2017_12_HOU_BAL,2017,12,BAL,HOU,1.0,0.6872330340185632
2017_13_WAS_DAL,2017,13,DAL,WAS,1.0,0.6350218787975093
2017_13_MIN_ATL,2017,13,ATL,MIN,0.0,0.6532822462125065
2017_13_DET_BAL,2017,13,BAL,DET,1.0,0.6281967831061867
2017_13_NE_BUF,2017,13,BUF,NE,0.0,0.2516452776883451
2017_13_SF_CHI,2017,13,CHI,SF,0.0,0.6175788391758953
2017_13_TB_GB,2017,13,GB,TB,1.0,0.5451061706947945
2017_13_IND_JAX,2017,13,JAX,IND,1.0,0.744813141698935
2017_13_DEN_MIA,2017,13,MIA,DEN,1.0,0.4803663681785768
2017_13_KC_NYJ,2017,13,NYJ,KC,1.0,0.46902415104387807
2017_13_HOU_TEN,2017,13,TEN,HOU,1.0,0.6288764536840593
2017_13_CLE_LAC,2017,13,LAC,CLE,1.0,0.8763764510558267
2017_13_LA_ARI,2017,13,ARI,LA,0.0,0.482261967629933
2017_13_CAR_NO,2017,13,NO,CAR,1.0,0.7598674023550042
2017_13_NYG_OAK,2017,13,OAK,NYG,1.0,0.6310092739257452
2017_13_PHI_SEA,2017,13,SEA,PHI,1.0,0.5903869651293645
2017_13_PIT_CIN,2017,13,CIN,PIT,0.0,0.3332314538523963
2017_14_NO_ATL,2017,14,ATL,NO,1.0,0.49917827901226747
2017_14_IND_BUF,2017,14,BUF,IND,1.0,0.6777925268159051
2017_14_MIN_CAR,2017,14,CAR,MIN,1.0,0.5186022742894
2017_14_CHI_CIN,2017,14,CIN,CHI,0.0,0.7457551225873034
2017_14_GB_CLE,2017,14,CLE,GB,0.0,0.3766108471745693
2017_14_SF_HOU,2017,14,HOU,SF,0.0,0.6618943350029723
2017_14_OAK_KC,2017,14,KC,OAK,1.0,0.6004184061982517
2017_14_DAL_NYG,2017,14,NYG,DAL,0.0,0.396237698493195
2017_14_DET_TB,2017,14,TB,DET,0.0,0.5480156537806867
2017_14_TEN_ARI,2017,14,ARI,TEN,1.0,0.4853526273005642
2017_14_NYJ_DEN,2017,14,DEN,NYJ,1.0,0.38207844645320627
2017_14_WAS_LAC,2017,14,LAC,WAS,1.0,0.7872249463227591
2017_14_SEA_JAX,2017,14,JAX,SEA,1.0,0.5363045523370741
2017_14_PHI_LA,2017,14,LA,PHI,0.0,0.5190245149293429
2017_14_BAL_PIT,2017,14,PIT,BAL,1.0,0.7288614780100626
2017_14_NE_MIA,2017,14,MIA,NE,1.0,0.2625584903733021
2017_15_DEN_IND,2017,15,IND,DEN,0.0,0.5320522483727157
2017_15_CHI_DET,2017,15,DET,CHI,1.0,0.7123841990699549
2017_15_LAC_KC,2017,15,KC,LAC,1.0,0.5550320675458636
2017_15_MIA_BUF,2017,15,BUF,MIA,1.0,0.49959370800197134
2017_15_GB_CAR,2017,15,CAR,GB,1.0,0.5866308470491743
2017_15_BAL_CLE,2017,15,CLE,BAL,0.0,0.3795400179354482
2017_15_HOU_JAX,2017,15,JAX,HOU,1.0,0.770974915676255
2017_15_CIN_MIN,2017,15,MIN,CIN,1.0,0.735589960617813
2017_15_NYJ_NO,2017,15,NO,NYJ,1.0,0.8056103825942151
2017_15_PHI_NYG,2017,15,NYG,PHI,0.0,0.31500059638148176
2017_15_ARI_WAS,2017,15,WAS,ARI,1.0,0.5623247858417693
2017_15_LA_SEA,2017,15,SEA,LA,0.0,0.6988600822285411
2017_15_NE_PIT,2017,15,PIT,NE,0.0,0.6053572315262555
2017_15_TEN_SF,2017,15,SF,TEN,1.0,0.430476412042743
2017_15_DAL_OAK,2017,15,OAK,DAL,0.0,0.3516891372138275
2017_15_ATL_TB,2017,15,TB,ATL,0.0,0.3134531381558144
2017_16_IND_BAL,2017,16,BAL,IND,1.0,0.8659529632302284
2017_16_MIN_GB,2017,16,GB,MIN,0.0,0.3933844363514918
2017_16_TB_CAR,2017,16,CAR,TB,1.0,0.6815100676061425
2017_16_CLE_CHI,2017,16,CHI,CLE,1.0,0.7443806280654727
2017_16_DET_CIN,2017,16,CIN,DET,1.0,0.38068604180091503
2017_16_MIA_KC,2017,16,KC,MIA,1.0,0.7712267932679471
2017_16_BUF_NE,2017,16,NE,BUF,1.0,0.8300365248657188
2017_16_ATL_NO,2017,16,NO,ATL,1.0,0.6314182957931527
2017_16_LAC_NYJ,2017,16,NYJ,LAC,0.0,0.3640865225303618
2017_16_LA_TEN,2017,16,TEN,LA,0.0,0.4686228511632852
2017_16_DEN_WAS,2017,16,WAS,DEN,1.0,0.5865634505512144
2017_16_JAX_SF,2017,16,SF,JAX,1.0,0.37395545592858304
2017_16_NYG_ARI,2017,16,ARI,NYG,1.0,0.5861388442120876
2017_16_SEA_DAL,2017,16,DAL,SEA,0.0,0.6776058119413501
2017_16_PIT_HOU,2017,16,HOU,PIT,0.0,0.3147648222871728
2017_16_OAK_PHI,2017,16,PHI,OAK,1.0,0.8174857692469504
2017_17_GB_DET,2017,17,DET,GB,1.0,0.5901614682682979
2017_17_HOU_IND,2017,17,IND,HOU,1.0,0.6159959578904985
2017_17_CHI_MIN,2017,17,MIN,CHI,1.0,0.7826183543937859
2017_17_NYJ_NE,2017,17,NE,NYJ,1.0,0.8828498528002096
2017_17_WAS_NYG,2017,17,NYG,WAS,1.0,0.3734838225838091
2017_17_DAL_PHI,2017,17,PHI,DAL,0.0,0.6211726014757084
2017_17_CLE_PIT,2017,17,PIT,CLE,1.0,0.7994337560084931
2017_17_CAR_ATL,2017,17,ATL,CAR,1.0,0.6107211903360967
2017_17_CIN_BAL,2017,17,BAL,CIN,0.0,0.7980206280942616
2017_17_KC_DEN,2017,17,DEN,KC,0.0,0.3918807188425428
2017_17_SF_LA,2017,17,LA,SF,0.0,0.7244199856171806
2017_17_OAK_LAC,2017,17,LAC,OAK,1.0,0.8160647414981765
2017_17_BUF_MIA,2017,17,MIA,BUF,0.0,0.5196988000203131
2017_17_ARI_SEA,2017,17,SEA,ARI,0.0,0.7675274410910709
2017_17_NO_TB,2017,17,TB,NO,1.0,0.3558248043786618
2017_17_JAX_TEN,2017,17,TEN,JAX,1.0,0.5569360224721612
2018_01_ATL_PHI,2018,1,PHI,ATL,1.0,0.5534653194315371
2018_01_BUF_BAL,2018,1,BAL,BUF,1.0,0.6269185322172982
2018_01_PIT_CLE,2018,1,CLE,PIT,0.0,0.33577182152749907
2018_01_CIN_IND,2018,1,IND,CIN,0.0,0.45847270104132176
2018_01_TEN_MIA,2018,1,MIA,TEN,1.0,0.5115459995785472
2018_01_SF_MIN,2018,1,MIN,SF,1.0,0.7542636286002071
2018_01_HOU_NE,2018,1,NE,HOU,1.0,0.8565085873193742
2018_01_TB_NO,2018,1,NO,TB,0.0,0.7861662405703198
2018_01_JAX_NYG,2018,1,NYG,JAX,0.0,0.46364842416861907
2018_01_KC_LAC,2018,1,LAC,KC,0.0,0.6138756593639798
2018_01_WAS_ARI,2018,1,ARI,WAS,0.0,0.561209354531447
2018_01_DAL_CAR,2018,1,CAR,DAL,1.0,0.5573704600388293
2018_01_SEA_DEN,2018,1,DEN,SEA,1.0,0.4217723363095473
2018_01_CHI_GB,2018,1,GB,CHI,1.0,0.6860773343002217
2018_01_NYJ_DET,2018,1,DET,NYJ,0.0,0.7498173434380369
2018_01_LA_OAK,2018,1,OAK,LA,0.0,0.4213355974694643
2018_02_BAL_CIN,2018,2,CIN,BAL,1.0,0.5246430422191749
2018_02_CAR_ATL,2018,2,ATL,CAR,1.0,0.509898581422997
2018_02_LAC_BUF,2018,2,BUF,LAC,0.0,0.4010701289020224
2018_02_MIN_GB,2018,2,GB,MIN,0.0,0.45233435309987624
2018_02_CLE_NO,2018,2,NO,CLE,1.0,0.8217490002362421
2018_02_MIA_NYJ,2018,2,NYJ,MIA,0.0,0.6458386144170765
2018_02_KC_PIT,2018,2,PIT,KC,0.0,0.6188958561786222
2018_02_PHI_TB,2018,2,TB,PHI,1.0,0.526284469346806
2018_02_HOU_TEN,2018,2,TEN,HOU,1.0,0.522867099857386
2018_02_IND_WAS,2018,2,WAS,IND,0.0,0.6292519033883152
2018_02_ARI_LA,2018,2,LA,ARI,1.0,0.7577670447228498
2018_02_DET_SF,2018,2,SF,DET,1.0,0.6249055514247149
2018_02_OAK_DEN,2018,2,DEN,OAK,1.0,0.6352421952425717
2018_02_NE_JAX,2018,2,JAX,NE,1.0,0.5064850366135117
2018_02_NYG_DAL,2018,2,DAL,NYG,1.0,0.7230111406045526
2018_02_SEA_CHI,2018,2,CHI,SEA,1.0,0.536246754191729
2018_03_NYJ_CLE,2018,3,CLE,NYJ,1.0,0.4003721237113477
2018_03_NO_ATL,2018,3,ATL,NO,0.0,0.5558037714113222
2018_03_DEN_BAL,2018,3,BAL,DEN,1.0,0.6475162447018972
2018_03_CIN_CAR,2018,3,CAR,CIN,1.0,0.5734770288191898
2018_03_NYG_HOU,2018,3,HOU,NYG,0.0,0.5924887862684274
2018_03_TEN_JAX,2018,3,JAX,TEN,0.0,0.6537039251320552
2018_03_SF_KC,2018,3,KC,SF,1.0,0.7295305436659384
2018_03_OAK_MIA,2018,3,MIA,OAK,1.0,0.6245404031761467
2018_03_BUF_MIN,2018,3,MIN,BUF,0.0,0.7554117847908979
2018_03_IND_PHI,2018,3,PHI,IND,1.0,0.7023055853650565
2018_03_GB_WAS,2018,3,WAS,GB,1.0,0.5181910271776202
2018_03_LAC_LA,2018,3,LA,LAC,1.0,0.5873908189819864
2018_03_CHI_ARI,2018,3,ARI,CHI,0.0,0.49971616778144806
2018_03_DAL_SEA,2018,3,SEA,DAL,1.0,0.5303284696995871
2018_03_NE_DET,2018,3,DET,NE,1.0,0.3793138386512046
2018_03_PIT_TB,2018,3,TB,PIT,0.0,0.49260174272293333
2018_04_MIN_LA,2018,4,LA,MIN,1.0,0.6037692236685956
2018_04_CIN_ATL,2018,4,ATL,CIN,0.0,0.6167793386581933
2018_04_TB_CHI,2018,4,CHI,TB,1.0,0.5761263380438233
2018_04_DET_DAL,2018,4,DAL,DET,1.0,0.5671166335623753
2018_04_BUF_GB,2018,4,GB,BUF,1.0,0.5906244773317582
2018_04_HOU_IND,2018,4,IND,HOU,0.0,0.6049025321331477
2018_04_NYJ_JAX,2018,4,JAX,NYJ,1.0,0.7136114544843084
2018_04_MIA_NE,2018,4,NE,MIA,1.0,0.6894784864554245
2018_04_PHI_TEN,2018,4,TEN,PHI,1.0,0.4428299569251939
2018_04_SEA_ARI,2018,4,ARI,SEA,0.0,0.332263763293645
2018_04_CLE_OAK,2018,4,OAK,CLE,1.0,0.6891236134690591
2018_04_SF_LAC,2018,4,LAC,SF,1.0,0.7359248021031026
2018_04_NO_NYG,2018,4,NYG,NO,0.0,0.36862955141130144
2018_04_BAL_PIT,2018,4,PIT,BAL,0.0,0.6245413239333488
2018_04_KC_DEN,2018,4,DEN,KC,0.0,0.380603285208245
2018_05_IND_NE,2018,5,NE,IND,1.0,0.8209932601725508
2018_05_TEN_BUF,2018,5,BUF,TEN,1.0,0.4475252947779995
2018_05_NYG_CAR,2018,5,CAR,NYG,1.0,0.7649144640477967
2018_05_MIA_CIN,2018,5,CIN,MIA,1.0,0.5926030210300011
2018_05_BAL_CLE,2018,5,CLE,BAL,1.0,0.35018351275399756
2018_05_GB_DET,2018,5,DET,GB,1.0,0.5403255008625976
2018_05_JAX_KC,2018,5,KC,JAX,1.0,0.7397891466698812
2018_05_DEN_NYJ,2018,5,NYJ,DEN,1.0,0.5375123679921819
2018_05_ATL_PIT,2018,5,PIT,ATL,1.0,0.5743610391517493
2018_05_OAK_LAC,2018,5,LAC,OAK,1.0,0.8166289771158411
2018_05_MIN_PHI,2018,5,PHI,MIN,0.0,0.5993792539851677
2018_05_LA_SEA,2018,5,SEA,LA,0.0,0.46454018506741246
2018_05_ARI_SF,2018,5,SF,ARI,0.0,0.6130446316290741
2018_05_DAL_HOU,2018,5,HOU,DAL,1.0,0.4532307478017
2018_05_WAS_NO,2018,5,NO,WAS,1.0,0.7396310325683545
2018_06_PHI_NYG,2018,6,NYG,PHI,0.0,0.4296934549896327
2018_06_TB_ATL,2018,6,ATL,TB,1.0,0.6328500170457841
2018_06_PIT_CIN,2018,6,CIN,PIT,0.0,0.4693060513547548
2018_06_LAC_CLE,2018,6,CLE,LAC,0.0,0.371106041367795
2018_06_BUF_HOU,2018,6,HOU,BUF,1.0,0.6326431347953538
2018_06_CHI_MIA,2018,6,MIA,CHI,1.0,0.5523709490788186
2018_06_ARI_MIN,2018,6,MIN,ARI,1.0,0.7701639337511789
2018_06_IND_NYJ,2018,6,NYJ,IND,1.0,0.6078659876915842
2018_06_SEA_OAK,2018,6,OAK,SEA,0.0,0.4108057108737911
2018_06_CAR_WAS,2018,6,WAS,CAR,1.0,0.49291815896129526
2018_06_LA_DEN,2018,6,DEN,LA,0.0,0.3206781813727658
2018_06_JAX_DAL,2018,6,DAL,JAX,1.0,0.5597593753100112
2018_06_BAL_TEN,2018,6,TEN,BAL,0.0,0.4737123719937549
2018_06_KC_NE,2018,6,NE,KC,1.0,0.6205838504212154
2018_06_SF_GB,2018,6,GB,SF,1.0,0.6693745655609604
2018_07_DEN_ARI,2018,7,ARI,DEN,0.0,0.4948313945200614
2018_07_NE_CHI,2018,7,CHI,NE,0.0,0.47567230700385243
2018_07_BUF_IND,2018,7,IND,BUF,1.0,0.6055173807496896
2018_07_HOU_JAX,2018,7,JAX,HOU,0.0,0.6055442668197264
2018_07_DET_MIA,2018,7,MIA,DET,0.0,0.5511540749122724
2018_07_MIN_NYJ,2018,7,NYJ,MIN,0.0,0.4875667293516233
2018_07_CAR_PHI,2018,7,PHI,CAR,0.0,0.5947650802849918
2018_07_CLE_TB,2018,7,TB,CLE,1.0,0.7315973992611268
2018_07_NO_BAL,2018,7,BAL,NO,0.0,0.5590518962111141
2018_07_LA_SF,2018,7,SF,LA,0.0,0.303699250420817
2018_07_DAL_WAS,2018,7,WAS,DAL,1.0,0.5422482759052789
2018_07_CIN_KC,2018,7,KC,CIN,1.0,0.6826187705865313
2018_07_TEN_LAC,2018,7,LAC,TEN,1.0,0.8174568825573797
2018_07_NYG_ATL,2018,7,ATL,NYG,1.0,0.7944526741292386
2018_08_MIA_HOU,2018,8,HOU,MIA,1.0,0.5855553582961056
2018_08_BAL_CAR,2018,8,CAR,BAL,1.0,0.5993834176845326
2018_08_NYJ_CHI,2018,8,CHI,NYJ,1.0,0.6047692609968043
2018_08_TB_CIN,2018,8,CIN,TB,1.0,0.5701692800781575
2018_08_SEA_DET,2018,8,DET,SEA,0.0,0.6118305947735447
2018_08_DEN_KC,2018,8,KC,DEN,1.0,0.7827593333505155
2018_08_WAS_NYG,2018,8,NYG,WAS,0.0,0.38048502454998845
2018_08_CLE_PIT,2018,8,PIT,CLE,1.0,0.8309071715020824
2018_08_IND_OAK,2018,8,OAK,IND,0.0,0.5049945841804978
2018_08_SF_ARI,2018,8,ARI,SF,1.0,0.4578117907284545
2018_08_GB_LA,2018,8,LA,GB,1.0,0.6597283672809169
2018_08_NO_MIN,2018,8,MIN,NO,0.0,0.5437532071628156
2018_08_PHI_JAX,2018,8,JAX,PHI,0.0,0.5252800226434519
2018_08_NE_BUF,2018,8,BUF,NE,0.0,0.29856085153055634
2018_09_OAK_SF,2018,9,SF,OAK,1.0,0.6026535152680145
2018_09_PIT_BAL,2018,9,BAL,PIT,0.0,0.564008590629111
2018_09_CHI_BUF,2018,9,BUF,CHI,0.0,0.38574913601415683
2018_09_TB_CAR,2018,9,CAR,TB,1.0,0.6722998727547206
2018_09_KC_CLE,2018,9,CLE,KC,0.0,0.2788407955163087
2018_09_NYJ_MIA,2018,9,MIA,NYJ,1.0,0.555278563101782
2018_09_DET_MIN,2018,9,MIN,DET,1.0,0.5881520674580621
2018_09_ATL_WAS,2018,9,WAS,ATL,0.0,0.5325429575437834
2018_09_HOU_DEN,2018,9,DEN,HOU,0.0,0.5658013242452563
2018_09_LAC_SEA,2018,9,SEA,LAC,0.0,0.5856362636122439
2018_09_LA_NO,2018,9,NO,LA,1.0,0.6371480757716586
2018_09_GB_NE,2018,9,NE,GB,1.0,0.7298767940254139
2018_09_TEN_DAL,2018,9,DAL,TEN,0.0,0.6094407666337691
2018_10_CAR_PIT,2018,10,PIT,CAR,1.0,0.6142004587853921
2018_10_DET_CHI,2018,10,CHI,DET,1.0,0.6010117171503323
2018_10_NO_CIN,2018,10,CIN,NO,0.0,0.2993775019255809
2018_10_ATL_CLE,2018,10,CLE,ATL,1.0,0.29865793083579345
2018_10_JAX_IND,2018,10,IND,JAX,1.0,0.5853246393160684
2018_10_ARI_KC,2018,10,KC,ARI,1.0,0.8602132572895407
2018_10_BUF_NYJ,2018,10,NYJ,BUF,0.0,0.6967618823181907
2018_10_WAS_TB,2018,10,TB,WAS,0.0,0.559946415546057
2018_10_NE_TEN,2018,10,TEN,NE,1.0,0.3106349387571493
2018_10_LAC_OAK,2018,10,OAK,LAC,0.0,0.24940595867445634
2018_10_MIA_GB,2018,10,GB,MIA,1.0,0.6573093135743678
2018_10_SEA_LA,2018,10,LA,SEA,1.0,0.5984153002523057
2018_10_DAL_PHI,2018,10,PHI,DAL,0.0,0.7515195509185065
2018_10_NYG_SF,2018,10,SF,NYG,0.0,0.5952828274866777
2018_11_GB_SEA,2018,11,SEA,GB,1.0,0.5831873268488458
2018_11_DAL_ATL,2018,11,ATL,DAL,0.0,0.6530954667344561
2018_11_CIN_BAL,2018,11,BAL,CIN,1.0,0.6176921402714276
2018_11_CAR_DET,2018,11,DET,CAR,1.0,0.4533030244770672
2018_11_TEN_IND,2018,11,IND,TEN,1.0,0.557359893104455
2018_11_PIT_JAX,2018,11,JAX,PIT,0.0,0.3626394873847842
2018_11_TB_NYG,2018,11,NYG,TB,1.0,0.5113146151485157
2018_11_HOU_WAS,2018,11,WAS,HOU,0.0,0.5560567068138661
2018_11_OAK_ARI,2018,11,ARI,OAK,0.0,0.49006876337729677
2018_11_DEN_LAC,2018,11,LAC,DEN,0.0,0.8018019811838079
2018_11_PHI_NO,2018,11,NO,PHI,1.0,0.659300773798814
2018_11_MIN_CHI,2018,11,CHI,MIN,1.0,0.5931802098116999
2018_11_KC_LA,2018,11,LA,KC,1.0,0.5626912361881351
2018_12_CHI_DET,2018,12,DET,CHI,0.0,0.46524731580396783
2018_12_WAS_DAL,2018,12,DAL,WAS,1.0,0.6137614885708103
2018_12_ATL_NO,2018,12,NO,ATL,1.0,0.709500309172623
2018_12_OAK_BAL,2018,12,BAL,OAK,1.0,0.7937854253609032
2018_12_JAX_BUF,2018,12,BUF,JAX,1.0,0.5091499438832098
2018_12_SEA_CAR,2018,12,CAR,SEA,0.0,0.549009195373255
2018_12_CLE_CIN,2018,12,CIN,CLE,0.0,0.6964924129589865
2018_12_NE_NYJ,2018,12,NYJ,NE,0.0,0.28722706859715313
2018_12_NYG_PHI,2018,12,PHI,NYG,1.0,0.750376223746814
2018_12_SF_TB,2018,12,TB,SF,1.0,0.6053861803511583
2018_12_ARI_LAC,2018,12,LAC,ARI,1.0,0.7971696550706454
2018_12_PIT_DEN,2018,12,DEN,PIT,1.0,0.31913863659214237
2018_12_MIA_IND,2018,12,IND,MIA,1.0,0.6322971303572005
2018_12_GB_MIN,2018,12,MIN,GB,1.0,0.5833536799220459
2018_12_TEN_HOU,2018,12,HOU,TEN,1.0,0.5879642088384416
2018_13_NO_DAL,2018,13,DAL,NO,1.0,0.3710168435860635
2018_13_BAL_ATL,2018,13,ATL,BAL,0.0,0.5491028891905483
2018_13_DEN_CIN,2018,13,CIN,DEN,0.0,0.47723064135613763
2018_13_LA_DET,2018,13,DET,LA,0.0,0.3097623532502548
2018_13_ARI_GB,2018,13,GB,ARI,0.0,0.7750565340901377
2018_13_CLE_HOU,2018,13,HOU,CLE,1.0,0.7155212275491544
2018_13_IND_JAX,2018,13,JAX,IND,1.0,0.4770785687227823
2018_13_BUF_MIA,2018,13,MIA,BUF,1.0,0.5786977619497448
2018_13_CHI_NYG,2018,13,NYG,CHI,1.0,0.36782502874814416
2018_13_CAR_TB,2018,13,TB,CAR,1.0,0.47254225552843615
2018_13_KC_OAK,2018,13,OAK,KC,0.0,0.27789439508532604
2018_13_NYJ_TEN,2018,13,TEN,NYJ,1.0,0.6989552984393008
2018_13_MIN_NE,2018,13,NE,MIN,1.0,0.6634169370188601
2018_13_SF_SEA,2018,13,SEA,SF,1.0,0.776486804860329
2018_13_LAC_PIT,2018,13,PIT,LAC,0.0,0.5768108538674539
2018_13_WAS_PHI,2018,13,PHI,WAS,1.0,0.6137151629519243
2018_14_JAX_TEN,2018,14,TEN,JAX,1.0,0.57993462445512
2018_14_NYJ_BUF,2018,14,BUF,NYJ,0.0,0.6174707581716827
2018_14_CAR_CLE,2018,14,CLE,CAR,1.0,0.3750759320309624
2018_14_ATL_GB,2018,14,GB,ATL,1.0,0.5824461065516862
2018_14_IND_HOU,2018,14,HOU,IND,0.0,0.6096630480215737
2018_14_BAL_KC,2018,14,KC,BAL,1.0,0.6570010717996304
2018_14_NE_MIA,2018,14,MIA,NE,1.0,0.2993550421595551
2018_14_NO_TB,2018,14,TB,NO,0.0,0.3672271421083193
2018_14_NYG_WAS,2018,14,WAS,NYG,0.0,0.5331258071722376
2018_14_CIN_LAC,2018,14,LAC,CIN,1.0,0.7785231210606922
2018_14_DEN_SF,2018,14,SF,DEN,1.0,0.44422987628669997
2018_14_DET_ARI,2018,14,ARI,DET,0.0,0.4453988078108248
2018_14_PHI_DAL,2018,14,DAL,PHI,1.0,0.5497206892827796
2018_14_PIT_OAK,2018,14,OAK,PIT,1.0,0.31951746695308464
2018_14_LA_CHI,2018,14,CHI,LA,1.0,0.500981640032847
2018_14_MIN_SEA,2018,14,SEA,MIN,1.0,0.6307838687904193
2018_15_LAC_KC,2018,15,KC,LAC,0.0,0.5009466220236123
2018_15_HOU_NYJ,2018,15,NYJ,HOU,0.0,0.33459827992722585
2018_15_CLE_DEN,2018,15,DEN,CLE,0.0,0.5902187931489103
2018_15_ARI_ATL,2018,15,ATL,ARI,1.0,0.7564318542721543
2018_15_TB_BAL,2018,15,BAL,TB,1.0,0.634945159420409
2018_15_DET_BUF,2018,15,BUF,DET,1.0,0.5258278364924411
2018_15_GB_CHI,2018,15,CHI,GB,1.0,0.564404467709972
2018_15_OAK_CIN,2018,15,CIN,OAK,1.0,0.62326046286056
2018_15_DAL_IND,2018,15,IND,DAL,1.0,0.536622257797584
2018_15_WAS_JAX,2018,15,JAX,WAS,0.0,0.5660455793228646
2018_15_MIA_MIN,2018,15,MIN,MIA,1.0,0.7535573002942646
2018_15_TEN_NYG,2018,15,NYG,TEN,0.0,0.5436653383901128
2018_15_SEA_SF,2018,15,SF,SEA,1.0,0.3250251055358472
2018_15_NE_PIT,2018,15,PIT,NE,1.0,0.5381942442433665
2018_15_PHI_LA,2018,15,LA,PHI,0.0,0.6568638885841538
2018_15_NO_CAR,2018,15,CAR,NO,0.0,0.3643574736164653
2018_16_WAS_TEN,2018,16,TEN,WAS,1.0,0.7565045990463066
2018_16_BAL_LAC,2018,16,LAC,BAL,0.0,0.6523595109918661
2018_16_ATL_CAR,2018,16,CAR,ATL,0.0,0.5350351250939005
2018_16_CIN_CLE,2018,16,CLE,CIN,1.0,0.5693882441817892
2018_16_TB_DAL,2018,16,DAL,TB,1.0,0.7063496708129071
2018_16_MIN_DET,2018,16,DET,MIN,0.0,0.46224542596490137
2018_16_NYG_IND,2018,16,IND,NYG,1.0,0.7538736377772626
2018_16_JAX_MIA,2018,16,MIA,JAX,0.0,0.5947263672885098
2018_16_BUF_NE,2018,16,NE,BUF,1.0,0.8276526246019824
2018_16_GB_NYJ,2018,16,NYJ,GB,0.0,0.4359394732257277
2018_16_HOU_PHI,2018,16,PHI,HOU,1.0,0.576974656667763
2018_16_LA_ARI,2018,16,ARI,LA,0.0,0.34358025988588253
2018_16_CHI_SF,2018,16,SF,CHI,0.0,0.41910696625205496
2018_16_PIT_NO,2018,16,NO,PIT,1.0,0.605612138422451
2018_16_KC_SEA,2018,16,SEA,KC,1.0,0.5655342329110052
2018_16_DEN_OAK,2018,16,OAK,DEN,1.0,0.36158546291229593
2018_17_MIA_BUF,2018,17,BUF,MIA,1.0,0.5480587375787084
2018_17_DET_GB,2018,17,GB,DET,0.0,0.6033014971850217
2018_17_JAX_HOU,2018,17,HOU,JAX,1.0,0.7534999139958537
2018_17_NYJ_NE,2018,17,NE,NYJ,1.0,0.8519543728191715
2018_17_CAR_NO,2018,17,NO,CAR,0.0,0.7576905948078428
2018_17_DAL_NYG,2018,17,NYG,DAL,0.0,0.4325553175796654
2018_17_ATL_TB,2018,17,TB,ATL,0.0,0.4985535577775783
2018_17_CLE_BAL,2018,17,BAL,CLE,1.0,0.7591164194871152
2018_17_LAC_DEN,2018,17,DEN,LAC,0.0,0.3456708847921117
2018_17_OAK_KC,2018,17,KC,OAK,1.0,0.8454354391056333
2018_17_SF_LA,2018,17,LA,SF,1.0,0.7409244769887792
2018_17_CHI_MIN,2018,17,MIN,CHI,0.0,0.6094937339361741
2018_17_CIN_PIT,2018,17,PIT,CIN,1.0,0.7588175534018674
2018_17_ARI_SEA,2018,17,SEA,ARI,1.0,0.8250048783266324
2018_17_PHI_WAS,2018,17,WAS,PHI,0.0,0.386156601689404
2018_17_IND_TEN,2018,17,TEN,IND,0.0,0.5389499584464703
2019_01_GB_CHI,2019,1,CHI,GB,0.0,0.618961885332659
2019_01_LA_CAR,2019,1,CAR,LA,0.0,0.4725971394245227
2019_01_TEN_CLE,2019,1,CLE,TEN,0.0,0.5044016652545424
2019_01_KC_JAX,2019,1,JAX,KC,0.0,0.28813251155754627
2019_01_BAL_MIA,2019,1,MIA,BAL,0.0,0.2697141328635142
2019_01_ATL_MIN,2019,1,MIN,ATL,1.0,0.5572745864953181
2019_01_BUF_NYJ,2019,1,NYJ,BUF,0.0,0.4297275621938862
2019_01_WAS_PHI,2019,1,PHI,WAS,1.0,0.7290042852443713
2019_01_IND_LAC,2019,1,LAC,IND,1.0,0.7510300656942009
2019_01_CIN_SEA,2019,1,SEA,CIN,1.0,0.7880203511168421
2019_01_DET_ARI,2019,1,ARI,DET,0.0,0.38551688928802985
2019_01_NYG_DAL,2019,1,DAL,NYG,1.0,0.755388672476174
2019_01_SF_TB,2019,1,TB,SF,0.0,0.48242921937512123
2019_01_PIT_NE,2019,1,NE,PIT,1.0,0.7026793179745767
2019_01_HOU_NO,2019,1,NO,HOU,1.0,0.7763400456071934
2019_01_DEN_OAK,2019,1,OAK,DEN,1.0,0.43106529067659655
2019_02_TB_CAR,2019,2,CAR,TB,0.0,0.703477075105383
2019_02_ARI_BAL,2019,2,BAL,ARI,1.0,0.8421377008100195
2019_02_SF_CIN,2019,2,CIN,SF,0.0,0.5913693185998826
2019_02_LAC_DET,2019,2,DET,LAC,1.0,0.42200158721080455
2019_02_MIN_GB,2019,2,GB,MIN,1.0,0.44769116909080114
2019_02_JAX_HOU,2019,2,HOU,JAX,1.0,0.598749523270438
2019_02_NE_MIA,2019,2,MIA,NE,0.0,0.2927279763018029
2019_02_BUF_NYG,2019,2,NYG,BUF,0.0,0.5593962760415053
2019_02_SEA_PIT,2019,2,PIT,SEA,0.0,0.5604214177444541
2019_02_IND_TEN,2019,2,TEN,IND,0.0,0.5292865283440411
2019_02_DAL_WAS,2019,2,WAS,DAL,0.0,0.3789110196310073
2019_02_KC_OAK,2019,2,OAK,KC,0.0,0.23135189088823988
2019_02_CHI_DEN,2019,2,DEN,CHI,0.0,0.5940282154043189
2019_02_NO_LA,2019,2,LA,NO,1.0,0.531384959466778
2019_02_PHI_ATL,2019,2,ATL,PHI,1.0,0.5090100437191376
2019_02_CLE_NYJ,2019,2,NYJ,CLE,0.0,0.6693142802037658
2019_03_TEN_JAX,2019,3,JAX,TEN,1.0,0.5089649743040027
2019_03_CIN_BUF,2019,3,BUF,CIN,1.0,0.6958658629802117
2019_03_MIA_DAL,2019,3,DAL,MIA,1.0,0.820661806247744
2019_03_DEN_GB,2019,3,GB,DEN,1.0,0.6210800994222562
2019_03_ATL_IND,2019,3,IND,ATL,1.0,0.5431492325931926
2019_03_BAL_KC,2019,3,KC,BAL,1.0,0.7422180531856342
2019_03_OAK_MIN,2019,3,MIN,OAK,1.0,0.7525410424474235
2019_03_NYJ_NE,2019,3,NE,NYJ,1.0,0.9071700085808261
2019_03_DET_PHI,2019,3,PHI,DET,0.0,0.6717750402122081
2019_03_CAR_ARI,2019,3,ARI,CAR,0.0,0.5191538076007621
2019_03_NYG_TB,2019,3,TB,NYG,0.0,0.49170740338611313
2019_03_HOU_LAC,2019,3,LAC,HOU,0.0,0.6340667492084853
2019_03_NO_SEA,2019,3,SEA,NO,0.0,0.5943970984970134
2019_03_PIT_SF,2019,3,SF,PIT,1.0,0.65735503652469
2019_03_LA_CLE,2019,3,CLE,LA,0.0,0.3689875915657708
2019_03_CHI_WAS,2019,3,WAS,CHI,0.0,0.44678356863990626
2019_04_PHI_GB,2019,4,GB,PHI,0.0,0.6000200011667105
2019_04_TEN_ATL,2019,4,ATL,TEN,0.0,0.6080736847605782
2019_04_CLE_BAL,2019,4,BAL,CLE,0.0,0.7798531058812908
2019_04_NE_BUF,2019,4,BUF,NE,0.0,0.41885699937137094
2019_04_KC_DET,2019,4,DET,KC,0.0,0.3451036861790794
2019_04_CAR_HOU,2019,4,HOU,CAR,0.0,0.6507522257741271
2019_04_OAK_IND,2019,4,IND,OAK,0.0,0.7392846583641025
2019_04_LAC_MIA,2019,4,MIA,LAC,0.0,0.31394685306387204
2019_04_WAS_NYG,2019,4,NYG,WAS,1.0,0.5861818068768875
2019_04_SEA_ARI,2019,4,ARI,SEA,0.0,0.3702178153437934
2019_04_TB_LA,2019,4,LA,TB,0.0,0.7367531570552285
2019_04_MIN_CHI,2019,4,CHI,MIN,1.0,0.5862138047975114
2019_04_JAX_DEN,2019,4,DEN,JAX,0.0,0.5115813676400992
2019_04_DAL_NO,2019,4,NO,DAL,1.0,0.526330395324262
2019_04_CIN_PIT,2019,4,PIT,CIN,1.0,0.6723672902563388
2019_05_LA_SEA,2019,5,SEA,LA,1.0,0.6299637343584765
2019_05_JAX_CAR,2019,5,CAR,JAX,1.0,0.5700620672956269
2019_05_ARI_CIN,2019,5,CIN,ARI,0.0,0.5787640846262885
2019_05_ATL_HOU,2019,5,HOU,ATL,1.0,0.5670597389475014
2019_05_TB_NO,2019,5,NO,TB,1.0,0.5461162862496716
2019_05_MIN_NYG,2019,5,NYG,MIN,0.0,0.43771675607738814
2019_05_CHI_OAK,2019,5,OAK,CHI,1.0,0.3327360577715257
2019_05_NYJ_PHI,2019,5,PHI,NYJ,1.0,0.8551911807151172
2019_05_BAL_PIT,2019,5,PIT,BAL,0.0,0.5313605548171662
2019_05_BUF_TEN,2019,5,TEN,BUF,0.0,0.6284639668041735
2019_05_NE_WAS,2019,5,WAS,NE,0.0,0.2852268513588435
2019_05_DEN_LAC,2019,5,LAC,DEN,0.0,0.7260461220281952
2019_05_GB_DAL,2019,5,DAL,GB,0.0,0.6950042739828398
2019_05_IND_KC,2019,5,KC,IND,0.0,0.8072028263823169
2019_05_CLE_SF,2019,5,SF,CLE,1.0,0.6384876372733115
2019_06_NYG_NE,2019,6,NE,NYG,1.0,0.8935459630675548
2019_06_CAR_TB,2019,6,TB,CAR,0.0,0.48618649514590645
2019_06_CIN_BAL,2019,6,BAL,CIN,1.0,0.8027805429379568
2019_06_SEA_CLE,2019,6,CLE,SEA,0.0,0.40858520738333864
2019_06_NO_JAX,2019,6,JAX,NO,0.0,0.3442171467380087
2019_06_HOU_KC,2019,6,KC,HOU,0.0,0.7910567986670177
2019_06_WAS_MIA,2019,6,MIA,WAS,0.0,0.5564170108524833
2019_06_PHI_MIN,2019,6,MIN,PHI,1.0,0.6462244612302942
2019_06_ATL_ARI,2019,6,ARI,ATL,1.0,0.48848505514534235
2019_06_SF_LA,2019,6,LA,SF,0.0,0.5083427738667354
2019_06_TEN_DEN,2019,6,DEN,TEN,1.0,0.5676569056792437
2019_06_DAL_NYJ,2019,6,NYJ,DAL,1.0,0.268018053567175
2019_06_PIT_LAC,2019,6,LAC,PIT,0.0,0.7002204273114446
2019_06_DET_GB,2019,6,GB,DET,1.0,0.6514765825989212
2019_07_KC_DEN,2019,7,DEN,KC,0.0,0.42040802694184487
2019_07_LA_ATL,2019,7,ATL,LA,0.0,0.5147217498357932
2019_07_MIA_BUF,2019,7,BUF,MIA,1.0,0.7847325240781154
2019_07_JAX_CIN,2019,7,CIN,JAX,0.0,0.4789395830828277
2019_07_MIN_DET,2019,7,DET,MIN,0.0,0.48736667785788085
2019_07_OAK_GB,2019,7,GB,OAK,1.0,0.7980688311043304
2019_07_HOU_IND,2019,7,IND,HOU,1.0,0.5531154546788948
2019_07_ARI_NYG,2019,7,NYG,ARI,0.0,0.5656621975334777
2019_07_SF_WAS,2019,7,WAS,SF,0.0,0.25179147188571205
2019_07_LAC_TEN,2019,7,TEN,LAC,1.0,0.4712879535818387
2019_07_NO_CHI,2019,7,CHI,NO,0.0,0.5940253883291832
2019_07_BAL_SEA,2019,7,SEA,BAL,0.0,0.6262737305421595
2019_07_PHI_DAL,2019,7,DAL,PHI,1.0,0.5825408587239614
2019_07_NE_NYJ,2019,7,NYJ,NE,0.0,0.33404344016584114
2019_08_WAS_MIN,2019,8,MIN,WAS,1.0,0.8739106710236978
2019_08_SEA_ATL,2019,8,ATL,SEA,0.0,0.39636599149856916
2019_08_PHI_BUF,2019,8,BUF,PHI,0.0,0.5619523663724796
2019_08_LAC_CHI,2019,8,CHI,LAC,0.0,0.5578466354598758
2019_08_NYG_DET,2019,8,DET,NYG,1.0,0.7485592385484768
2019_08_DEN_IND,2019,8,IND,DEN,1.0,0.6325695720348018
2019_08_NYJ_JAX,2019,8,JAX,NYJ,1.0,0.7988008632191598
2019_08_CIN_LA,2019,8,LA,CIN,1.0,0.8057580913283585
2019_08_ARI_NO,2019,8,NO,ARI,1.0,0.8421967045120923
2019_08_TB_TEN,2019,8,TEN,TB,1.0,0.5735361668108017
2019_08_CAR_SF,2019,8,SF,CAR,1.0,0.6497857683791701
2019_08_OAK_HOU,2019,8,HOU,OAK,1.0,0.7893688139139207
2019_08_CLE_NE,2019,8,NE,CLE,1.0,0.817376577324827
2019_08_GB_KC,2019,8,KC,GB,0.0,0.5217095223599159
2019_08_MIA_PIT,2019,8,PIT,MIA,1.0,0.8010247832794448
2019_09_SF_ARI,2019,9,ARI,SF,0.0,0.29335626347788735
2019_09_HOU_JAX,2019,9,JAX,HOU,0.0,0.3675963900890061
2019_09_WAS_BUF,2019,9,BUF,WAS,1.0,0.694817666911178
2019_09_TEN_CAR,2019,9,CAR,TEN,1.0,0.5692723978826938
2019_09_MIN_KC,2019,9,KC,MIN,1.0,0.5666952022381531
2019_09_NYJ_MIA,2019,9,MIA,NYJ,1.0,0.7292081136109395
2019_09_CHI_PHI,2019,9,PHI,CHI,1.0,0.6243711083273986
2019_09_IND_PIT,2019,9,PIT,IND,1.0,0.5873638649331577
2019_09_DET_OAK,2019,9,OAK,DET,1.0,0.35374968773967475
2019_09_TB_SEA,2019,9,SEA,TB,1.0,0.7659487252022775
2019_09_CLE_DEN,2019,9,DEN,CLE,1.0,0.5784687312035269
2019_09_GB_LAC,2019,9,LAC,GB,1.0,0.45718148815105647
2019_09_NE_BAL,2019,9,BAL,NE,1.0,0.5281495508710956
2019_09_DAL_NYG,2019,9,NYG,DAL,0.0,0.3275908751286427
2019_10_LAC_OAK,2019,10,OAK,LAC,1.0,0.3471673971032977
2019_10_DET_CHI,2019,10,CHI,DET,1.0,0.5532395110915391
2019_10_BAL_CIN,2019,10,CIN,BAL,0.0,0.3176039584160991
2019_10_BUF_CLE,2019,10,CLE,BUF,1.0,0.3925379321437543
2019_10_ATL_NO,2019,10,NO,ATL,0.0,0.7554827246672227
2019_10_NYG_NYJ,2019,10,NYJ,NYG,1.0,0.5401332347166607
2019_10_ARI_TB,2019,10,TB,ARI,1.0,0.5589430968996288
2019_10_KC_TEN,2019,10,TEN,KC,1.0,0.3779612658907004
2019_10_MIA_IND,2019,10,IND,MIA,0.0,0.7851167484678736
2019_10_CAR_GB,2019,10,GB,CAR,1.0,0.7127972421693776
2019_10_LA_PIT,2019,10,PIT,LA,1.0,0.6132626483003312
2019_10_MIN_DAL,2019,10,DAL,MIN,0.0,0.641862399811522
2019_10_SEA_SF,2019,10,SF,SEA,0.0,0.6259595509831416
2019_11_PIT_CLE,2019,11,CLE,PIT,1.0,0.42267885243360187
2019_11_HOU_BAL,2019,11,BAL,HOU,1.0,0.591939583789399
2019_11_ATL_CAR,2019,11,CAR,ATL,0.0,0.4998311049638867
2019_11_DAL_DET,2019,11,DET,DAL,0.0,0.4386028570636581
2019_11_JAX_IND,2019,11,IND,JAX,1.0,0.6466894692371397
2019_11_BUF_MIA,2019,11,MIA,BUF,0.0,0.42659882702617985
2019_11_DEN_MIN,2019,11,MIN,DEN,1.0,0.8067912125009723
2019_11_NO_TB,2019,11,TB,NO,0.0,0.3105691708103263
2019_11_NYJ_WAS,2019,11,WAS,NYJ,0.0,0.711978662927666
2019_11_ARI_SF,2019,11,SF,ARI,1.0,0.8021195925722274
2019_11_CIN_OAK,2019,11,OAK,CIN,1.0,0.6606990679116073
2019_11_NE_PHI,2019,11,PHI,NE,0.0,0.5106900635190991
2019_11_CHI_LA,2019,11,LA,CHI,1.0,0.5973578891499477
2019_11_KC_LAC,2019,11,LAC,KC,0.0,0.45334944627314655
2019_12_IND_HOU,2019,12,HOU,IND,1.0,0.631393581588199
2019_12_TB_ATL,2019,12,ATL,TB,0.0,0.7052341967181818
2019_12_DEN_BUF,2019,12,BUF,DEN,1.0,0.634333748959896
2019_12_NYG_CHI,2019,12,CHI,NYG,1.0,0.7395147944828805
2019_12_PIT_CIN,2019,12,CIN,PIT,0.0,0.34116554143868444
2019_12_MIA_CLE,2019,12,CLE,MIA,1.0,0.7427147930061911
2019_12_CAR_NO,2019,12,NO,CAR,1.0,0.8042600043628375
2019_12_OAK_NYJ,2019,12,NYJ,OAK,1.0,0.5272499767888849
2019_12_SEA_PHI,2019,12,PHI,SEA,0.0,0.46662843750488997
2019_12_DET_WAS,2019,12,WAS,DET,1.0,0.3738423820997332
2019_12_JAX_TEN,2019,12,TEN,JAX,1.0,0.6042316666557647
2019_12_DAL_NE,2019,12,NE,DAL,1.0,0.7502726947446702
2019_12_GB_SF,2019,12,SF,GB,1.0,0.5562819545231749
2019_12_BAL_LA,2019,12,LA,BAL,0.0,0.4698106455097541
2019_13_CHI_DET,2019,13,DET,CHI,0.0,0.5349120661964004
2019_13_BUF_DAL,2019,13,DAL,BUF,0.0,0.632988727776781
2019_13_NO_ATL,2019,13,ATL,NO,0.0,0.2967932453791682
2019_13_SF_BAL,2019,13,BAL,SF,1.0,0.6833165379337118
2019_13_WAS_CAR,2019,13,CAR,WAS,0.0,0.7408757120429141
2019_13_NYJ_CIN,2019,13,CIN,NYJ,1.0,0.4748702964564372
2019_13_TEN_IND,2019,13,IND,TEN,0.0,0.5906832365219477
2019_13_TB_JAX,2019,13,JAX,TB,0.0,0.5022243212141353
2019_13_PHI_MIA,2019,13,MIA,PHI,1.0,0.32936489358516774
2019_13_GB_NYG,2019,13,NYG,GB,0.0,0.3102298657611081
2019_13_CLE_PIT,2019,13,PIT,CLE,1.0,0.5899418332766185
2019_13_LA_ARI,2019,13,ARI,LA,0.0,0.34625505265819495
2019_13_LAC_DEN,2019,13,DEN,LAC,1.0,0.4304134929753713
2019_13_OAK_KC,2019,13,KC,OAK,1.0,0.8392112663291567
2019_13_NE_HOU,2019,13,HOU,NE,1.0,0.538046430296661
2019_13_MIN_SEA,2019,13,SEA,MIN,1.0,0.6049177901393589
2019_14_DAL_CHI,2019,14,CHI,DAL,1.0,0.5576791450941433
2019_14_CAR_ATL,2019,14,ATL,CAR,1.0,0.6193162633418963
2019_14_BAL_BUF,2019,14,BUF,BAL,0.0,0.3850570408159232
2019_14_CIN_CLE,2019,14,CLE,CIN,1.0,0.7493740077743918
2019_14_WAS_GB,2019,14,GB,WAS,1.0,0.8494184288243157
2019_14_DEN_HOU,2019,14,HOU,DEN,0.0,0.7723510098569466
2019_14_DET_MIN,2019,14,MIN,DET,1.0,0.7773202571433725
2019_14_SF_NO,2019,14,NO,SF,0.0,0.6945634916101721
2019_14_MIA_NYJ,2019,14,NYJ,MIA,1.0,0.6096570066472708
2019_14_IND_TB,2019,14,TB,IND,1.0,0.568056847235006
2019_14_LAC_JAX,2019,14,JAX,LAC,0.0,0.360277030505921
2019_14_PIT_ARI,2019,14,ARI,PIT,0.0,0.323635091973971
2019_14_KC_NE,2019,14,NE,KC,0.0,0.7282085613242529
2019_14_TEN_OAK,2019,14,OAK,TEN,0.0,0.30055662600903693
2019_14_SEA_LA,2019,14,LA,SEA,1.0,0.48775402091436637
2019_14_NYG_PHI,2019,14,PHI,NYG,1.0,0.7824244764782979
2019_15_NYJ_BAL,2019,15,BAL,NYJ,1.0,0.8721989895522114
2019_15_SEA_CAR,2019,15,CAR,SEA,0.0,0.34205681604772786
2019_15_NE_CIN,2019,15,CIN,NE,0.0,0.3287954284779111
2019_15_TB_DET,2019,15,DET,TB,0.0,0.4019896507666114
2019_15_CHI_GB,2019,15,GB,CHI,1.0,0.677177098042174
2019_15_DEN_KC,2019,15,KC,DEN,1.0,0.8264716364693147
2019_15_MIA_NYG,2019,15,NYG,MIA,1.0,0.4383958396523437
2019_15_HOU_TEN,2019,15,TEN,HOU,0.0,0.54669633134283
2019_15_PHI_WAS,2019,15,WAS,PHI,0.0,0.3704226269477063
2019_15_CLE_ARI,2019,15,ARI,CLE,1.0,0.33332416954044986
2019_15_MIN_LAC,2019,15,LAC,MIN,0.0,0.5948727798213481
2019_15_JAX_OAK,2019,15,OAK,JAX,0.0,0.5615305386874402
2019_15_LA_DAL,2019,15,DAL,LA,1.0,0.5422185065425057
2019_15_ATL_SF,2019,15,SF,ATL,0.0,0.7837617767544219
2019_15_BUF_PIT,2019,15,PIT,BUF,0.0,0.6504236615205241
2019_15_IND_NO,2019,15,NO,IND,1.0,0.8223301181573681
2019_16_HOU_TB,2019,16,TB,HOU,0.0,0.5331991477737178
2019_16_BUF_NE,2019,16,NE,BUF,1.0,0.7577204352722391
2019_16_LA_SF,2019,16,SF,LA,1.0,0.6340045416823394
2019_16_JAX_ATL,2019,16,ATL,JAX,1.0,0.7547402609805489
2019_16_BAL_CLE,2019,16,CLE,BAL,0.0,0.3181123840410876
2019_16_CAR_IND,2019,16,IND,CAR,1.0,0.5524200498098495
2019_16_CIN_MIA,2019,16,MIA,CIN,1.0,0.6114294589487682
2019_16_PIT_NYJ,2019,16,NYJ,PIT,1.0,0.42928566104854626
2019_16_NO_TEN,2019,16,TEN,NO,0.0,0.4948215325884273
2019_16_NYG_WAS,2019,16,WAS,NYG,0.0,0.6111115101689932
2019_16_DET_DEN,2019,16,DEN,DET,1.0,0.6889195726616643
2019_16_OAK_LAC,2019,16,LAC,OAK,0.0,0.8033809823562195
2019_16_DAL_PHI,2019,16,PHI,DAL,1.0,0.5426157704316009
2019_16_ARI_SEA,2019,16,SEA,ARI,0.0,0.8677323739487973
2019_16_KC_CHI,2019,16,CHI,KC,0.0,0.484640706090373
2019_16_GB_MIN,2019,16,MIN,GB,0.0,0.6119073004168482
2019_17_NYJ_BUF,2019,17,BUF,NYJ,0.0,0.7536606860506515
2019_17_NO_CAR,2019,17,CAR,NO,0.0,0.2611283595935094
2019_17_CLE_CIN,2019,17,CIN,CLE,1.0,0.39443696847843124
2019_17_GB_DET,2019,17,DET,GB,0.0,0.3219349765260912
2019_17_LAC_KC,2019,17,KC,LAC,1.0,0.8274563249633717
2019_17_CHI_MIN,2019,17,MIN,CHI,0.0,0.5798495855548677
2019_17_MIA_NE,2019,17,NE,MIA,0.0,0.872597826613714
2019_17_ATL_TB,2019,17,TB,ATL,0.0,0.5475448611126577
2019_17_PIT_BAL,2019,17,BAL,PIT,1.0,0.8270708013293254
2019_17_WAS_DAL,2019,17,DAL,WAS,1.0,0.7746788144037253
2019_17_OAK_DEN,2019,17,DEN,OAK,1.0,0.691148221494428
2019_17_TEN_HOU,2019,17,HOU,TEN,0.0,0.6235418932074994
2019_17_IND_JAX,2019,17,JAX,IND,1.0,0.3531764878158899
2019_17_ARI_LA,2019,17,LA,ARI,1.0,0.7286797716760265
2019_17_PHI_NYG,2019,17,NYG,PHI,0.0,0.31871626356797195
2019_17_SF_SEA,2019,17,SEA,SF,0.0,0.5584748599996784
2020_01_HOU_KC,2020,1,KC,HOU,1.0,0.8022523278731678
2020_01_SEA_ATL,2020,1,ATL,SEA,0.0,0.546195452165736
2020_01_CLE_BAL,2020,1,BAL,CLE,1.0,0.8274881240291837
2020_01_NYJ_BUF,2020,1,BUF,NYJ,1.0,0.6584197803643166
2020_01_LV_CAR,2020,1,CAR,LV,0.0,0.5025841528489332
2020_01_CHI_DET,2020,1,DET,CHI,0.0,0.4649892494610429
2020_01_IND_JAX,2020,1,JAX,IND,1.0,0.49470327334817904
2020_01_GB_MIN,2020,1,MIN,GB,0.0,0.5844845208531024
2020_01_MIA_NE,2020,1,NE,MIA,1.0,0.8065167507085712
2020_01_PHI_WAS,2020,1,WAS,PHI,1.0,0.31081712681000034
2020_01_LAC_CIN,2020,1,CIN,LAC,0.0,0.43465953524875395
2020_01_TB_NO,2020,1,NO,TB,1.0,0.7949443426581752
2020_01_ARI_SF,2020,1,SF,ARI,0.0,0.806705903217225
2020_01_DAL_LA,2020,1,LA,DAL,1.0,0.54486208641317
2020_01_PIT_NYG,2020,1,NYG,PIT,0.0,0.3935978605982745
2020_01_TEN_DEN,2020,1,DEN,TEN,0.0,0.5036154170397199
2020_02_CIN_CLE,2020,2,CLE,CIN,1.0,0.6024238992576438
2020_02_NYG_CHI,2020,2,CHI,NYG,1.0,0.7140817181673506
2020_02_ATL_DAL,2020,2,DAL,ATL,1.0,0.5596882109248532
2020_02_DET_GB,2020,2,GB,DET,1.0,0.7871067211049709
2020_02_MIN_IND,2020,2,IND,MIN,1.0,0.4346843661877799
2020_02_BUF_MIA,2020,2,MIA,BUF,0.0,0.4159084388641711
2020_02_SF_NYJ,2020,2,NYJ,SF,0.0,0.2974162664912425
2020_02_LA_PHI,2020,2,PHI,LA,0.0,0.5004980323217506
2020_02_DEN_PIT,2020,2,PIT,DEN,1.0,0.6600612736126205
2020_02_CAR_TB,2020,2,TB,CAR,1.0,0.5286229395802998
2020_02_JAX_TEN,2020,2,TEN,JAX,1.0,0.6564010814176906
2020_02_WAS_ARI,2020,2,ARI,WAS,1.0,0.6622468697142075
2020_02_BAL_HOU,2020,2,HOU,BAL,0.0,0.38487412064121
2020_02_KC_LAC,2020,2,LAC,KC,0.0,0.30538817051701744
2020_02_NE_SEA,2020,2,SEA,NE,1.0,0.5624291898383977
2020_02_NO_LV,2020,2,LV,NO,1.0,0.4695872592571438
2020_03_MIA_JAX,2020,3,JAX,MIA,0.0,0.619772824583295
2020_03_CHI_ATL,2020,3,ATL,CHI,0.0,0.5470129111882598
2020_03_LA_BUF,2020,3,BUF,LA,1.0,0.5149856389966438
2020_03_WAS_CLE,2020,3,CLE,WAS,1.0,0.6085536512023051
2020_03_TEN_MIN,2020,3,MIN,TEN,0.0,0.4183532120433697
2020_03_LV_NE,2020,3,NE,LV,1.0,0.6475554376099704
2020_03_SF_NYG,2020,3,NYG,SF,0.0,0.3984631501930751
2020_03_CIN_PHI,2020,3,PHI,CIN,0.0,0.6327175474709302
2020_03_HOU_PIT,2020,3,PIT,HOU,1.0,0.6312773119016117
2020_03_NYJ_IND,2020,3,IND,NYJ,1.0,0.6892726237059577
2020_03_CAR_LAC,2020,3,LAC,CAR,0.0,0.511446274868553
2020_03_DET_ARI,2020,3,ARI,DET,0.0,0.6909426267073887
2020_03_TB_DEN,2020,3,DEN,TB,0.0,0.42533321122834616
2020_03_DAL_SEA,2020,3,SEA,DAL,1.0,0.6351880016845542
2020_03_GB_NO,2020,3,NO,GB,0.0,0.5534151458235179
2020_03_KC_BAL,2020,3,BAL,KC,0.0,0.5992806565932167
2020_04_DEN_NYJ,2020,4,NYJ,DEN,0.0,0.49693302834882713
2020_04_ARI_CAR,2020,4,CAR,ARI,1.0,0.5163936266062185
2020_04_JAX_CIN,2020,4,CIN,JAX,1.0,0.49649090285239766
2020_04_CLE_DAL,2020,4,DAL,CLE,0.0,0.5361055198692749
2020_04_NO_DET,2020,4,DET,NO,0.0,0.40177050849241486
2020_04_MIN_HOU,2020,4,HOU,MIN,0.0,0.5482721821707432
2020_04_SEA_MIA,2020,4,MIA,SEA,0.0,0.40035902538045953
2020_04_LAC_TB,2020,4,TB,LAC,1.0,0.7833395198826492
2020_04_BAL_WAS,2020,4,WAS,BAL,0.0,0.3199344140281803
2020_04_NYG_LA,2020,4,LA,NYG,1.0,0.8512786682446245
2020_04_IND_CHI,2020,4,CHI,IND,0.0,0.621441928911556
2020_04_BUF_LV,2020,4,LV,BUF,0.0,0.5370389579195247
2020_04_PHI_SF,2020,4,SF,PHI,0.0,0.7120905769361761
2020_04_NE_KC,2020,4,KC,NE,1.0,0.756035643603799
2020_04_ATL_GB,2020,4,GB,ATL,1.0,0.8120745631242344
2020_05_TB_CHI,2020,5,CHI,TB,1.0,0.5324129568038971
2020_05_CAR_ATL,2020,5,ATL,CAR,0.0,0.5329276705196531
2020_05_CIN_BAL,2020,5,BAL,CIN,1.0,0.866209123632104
2020_05_JAX_HOU,2020,5,HOU,JAX,1.0,0.5680508899300801
2020_05_LV_KC,2020,5,KC,LV,0.0,0.7512080933672085
2020_05_ARI_NYJ,2020,5,NYJ,ARI,0.0,0.3516046414910474
2020_05_PHI_PIT,2020,5,PIT,PHI,1.0,0.6508955506366311
2020_05_LA_WAS,2020,5,WAS,LA,0.0,0.2973767690198719
2020_05_MIA_SF,2020,5,SF,MIA,0.0,0.7642191763930627
2020_05_IND_CLE,2020,5,CLE,IND,1.0,0.527503932276384
2020_05_NYG_DAL,2020,5,DAL,NYG,1.0,0.7209029488842175
2020_05_MIN_SEA,2020,5,SEA,MIN,1.0,0.656180260475992
2020_05_LAC_NO,2020,5,NO,LAC,1.0,0.7915527444611379
2020_05_BUF_TEN,2020,5,TEN,BUF,1.0,0.6470172618932613
2020_06_CHI_CAR,2020,6,CAR,CHI,0.0,0.5561635450201822
2020_06_CIN_IND,2020,6,IND,CIN,1.0,0.7923775075735794
2020_06_DET_JAX,2020,6,JAX,DET,0.0,0.5379652892995581
2020_06_ATL_MIN,2020,6,MIN,ATL,0.0,0.49170404576058085
2020_06_DEN_NE,2020,6,NE,DEN,0.0,0.6767246625164427
2020_06_WAS_NYG,2020,6,NYG,WAS,1.0,0.5872140015698737
2020_06_BAL_PHI,2020,6,PHI,BAL,0.0,0.34496778695384883
2020_06_CLE_PIT,2020,6,PIT,CLE,1.0,0.6673538627224327
2020_06_HOU_TEN,2020,6,TEN,HOU,1.0,0.5920701722480278
2020_06_NYJ_MIA,2020,6,MIA,NYJ,1.0,0.7222307076815723
2020_06_GB_TB,2020,6,TB,GB,1.0,0.42859305932717034
2020_06_LA_SF,2020,6,SF,LA,1.0,0.4396319073406983
2020_06_KC_BUF,2020,6,BUF,KC,0.0,0.4225465400248744
2020_06_ARI_DAL,2020,6,DAL,ARI,0.0,0.5771576806667773
2020_07_NYG_PHI,2020,7,PHI,NYG,1.0,0.6921600322138528
2020_07_DET_ATL,2020,7,ATL,DET,0.0,0.5695410134077367
2020_07_CLE_CIN,2020,7,CIN,CLE,0.0,0.44163686004495506
2020_07_GB_HOU,2020,7,HOU,GB,0.0,0.4457010889229292
2020_07_CAR_NO,2020,7,NO,CAR,1.0,0.8150250896304797
2020_07_BUF_NYJ,2020,7,NYJ,BUF,0.0,0.37895484749142294
2020_07_PIT_TEN,2020,7,TEN,PIT,0.0,0.5728673468216564
2020_07_DAL_WAS,2020,7,WAS,DAL,1.0,0.37268173691009443
2020_07_TB_LV,2020,7,LV,TB,0.0,0.5488875792618569
2020_07_KC_DEN,2020,7,DEN,KC,0.0,0.26958470395001644
2020_07_JAX_LAC,2020,7,LAC,JAX,1.0,0.6728629779544397
2020_07_SF_NE,2020,7,NE,SF,0.0,0.565894198387225
2020_07_SEA_ARI,2020,7,ARI,SEA,1.0,0.5143678024955675
2020_07_CHI_LA,2020,7,LA,CHI,1.0,0.6866215348514593
2020_08_ATL_CAR,2020,8,CAR,ATL,0.0,0.5210593366798293
2020_08_PIT_BAL,2020,8,BAL,PIT,0.0,0.6842275578868712
2020_08_NE_BUF,2020,8,BUF,NE,1.0,0.5610476122884335
2020_08_TEN_CIN,2020,8,CIN,TEN,1.0,0.369967110471697
2020_08_LV_CLE,2020,8,CLE,LV,0.0,0.5255067558109527
2020_08_IND_DET,2020,8,DET,IND,0.0,0.507913874510592
2020_08_MIN_GB,2020,8,GB,MIN,0.0,0.7627399334932704
2020_08_NYJ_KC,2020,8,KC,NYJ,1.0,0.9116665950385875
2020_08_LA_MIA,2020,8,MIA,LA,1.0,0.5350834952086815
2020_08_LAC_DEN,2020,8,DEN,LAC,1.0,0.5823929504219044
2020_08_NO_CHI,2020,8,CHI,NO,0.0,0.36736764018215395
2020_08_SF_SEA,2020,8,SEA,SF,1.0,0.6092432497624531
2020_08_DAL_PHI,2020,8,PHI,DAL,1.0,0.568581114857154
2020_08_TB_NYG,2020,8,NYG,TB,0.0,0.29784344867800194
2020_09_GB_SF,2020,9,SF,GB,0.0,0.4880359091694338
2020_09_DEN_ATL,2020,9,ATL,DEN,1.0,0.6182259844465201
2020_09_SEA_BUF,2020,9,BUF,SEA,1.0,0.4963458140034623
2020_09_BAL_IND,2020,9,IND,BAL,0.0,0.5644403760960599
2020_09_HOU_JAX,2020,9,JAX,HOU,0.0,0.4102860126434121
2020_09_CAR_KC,2020,9,KC,CAR,1.0,0.8334323203297502
2020_09_DET_MIN,2020,9,MIN,DET,1.0,0.630907670390076
2020_09_CHI_TEN,2020,9,TEN,CHI,1.0,0.6506776707110129
2020_09_NYG_WAS,2020,9,WAS,NYG,0.0,0.55651438130481
2020_09_LV_LAC,2020,9,LAC,LV,0.0,0.4279823200655781
2020_09_MIA_ARI,2020,9,ARI,MIA,0.0,0.6365238191923687
2020_09_PIT_DAL,2020,9,DAL,PIT,0.0,0.27810267929992627
2020_09_NO_TB,2020,9,TB,NO,0.0,0.64203730436395
2020_09_NE_NYJ,2020,9,NYJ,NE,0.0,0.38262475408897956
2020_10_IND_TEN,2020,10,TEN,IND,0.0,0.5379795677568666
2020_10_TB_CAR,2020,10,CAR,TB,0.0,0.3609498669954155
2020_10_HOU_CLE,2020,10,CLE,HOU,1.0,0.5089196337874511
2020_10_WAS_DET,2020,10,DET,WAS,1.0,0.6000934195766807
2020_10_JAX_GB,2020,10,GB,JAX,1.0,0.8901927271926019
2020_10_PHI_NYG,2020,10,NYG,PHI,1.0,0.39018694296870526
2020_10_BUF_ARI,2020,10,ARI,BUF,1.0,0.48748116079089526
2020_10_DEN_LV,2020,10,LV,DEN,1.0,0.5963031314312758
2020_10_LAC_MIA,2020,10,MIA,LAC,1.0,0.6951331833200209
2020_10_SEA_LA,2020,10,LA,SEA,1.0,0.6330319567017182
2020_10_SF_NO,2020,10,NO,SF,1.0,0.7246883886173882
2020_10_CIN_PIT,2020,10,PIT,CIN,1.0,0.8078865325850806
2020_10_BAL_NE,2020,10,NE,BAL,1.0,0.28540426090094395
2020_10_MIN_CHI,2020,10,CHI,MIN,0.0,0.43356348748599266
2020_11_ARI_SEA,2020,11,SEA,ARI,1.0,0.5678383482965126
2020_11_TEN_BAL,2020,11,BAL,TEN,0.0,0.7287495890426703
2020_11_DET_CAR,2020,11,CAR,DET,1.0,0.553860543302196
2020_11_PHI_CLE,2020,11,CLE,PHI,1.0,0.6000914357262691
2020_11_NE_HOU,2020,11,HOU,NE,1.0,0.4559160459940178
2020_11_PIT_JAX,2020,11,JAX,PIT,0.0,0.29203973954983165
2020_11_ATL_NO,2020,11,NO,ATL,1.0,0.628646619385928
2020_11_CIN_WAS,2020,11,WAS,CIN,1.0,0.5336689095951496
2020_11_MIA_DEN,2020,11,DEN,MIA,1.0,0.40792542708467205
2020_11_NYJ_LAC,2020,11,LAC,NYJ,1.0,0.7416334346597491
2020_11_GB_IND,2020,11,IND,GB,1.0,0.5681734707998313
2020_11_DAL_MIN,2020,11,MIN,DAL,0.0,0.7343196368964352
2020_11_KC_LV,2020,11,LV,KC,0.0,0.3763993020535288
2020_11_LA_TB,2020,11,TB,LA,0.0,0.6481843331699967
2020_12_HOU_DET,2020,12,DET,HOU,0.0,0.4460144288414517
2020_12_WAS_DAL,2020,12,DAL,WAS,0.0,0.5520355672584516
2020_12_LV_ATL,2020,12,ATL,LV,1.0,0.4506758229561192
2020_12_LAC_BUF,2020,12,BUF,LAC,1.0,0.6853129390700712
2020_12_NYG_CIN,2020,12,CIN,NYG,0.0,0.5558077580001574
2020_12_TEN_IND,2020,12,IND,TEN,0.0,0.6668849316900087
2020_12_CLE_JAX,2020,12,JAX,CLE,0.0,0.3646101493636875
2020_12_CAR_MIN,2020,12,MIN,CAR,1.0,0.6328517760709994
2020_12_ARI_NE,2020,12,NE,ARI,1.0,0.520847460073286
2020_12_MIA_NYJ,2020,12,NYJ,MIA,0.0,0.34765185776797997
2020_12_NO_DEN,2020,12,DEN,NO,0.0,0.3081832846769618
2020_12_SF_LA,2020,12,LA,SF,0.0,0.6173793093365932
2020_12_KC_TB,2020,12,TB,KC,0.0,0.329082164945916
2020_12_CHI_GB,2020,12,GB,CHI,1.0,0.8080372442069882
2020_12_SEA_PHI,2020,12,PHI,SEA,0.0,0.38483627706532025
2020_12_BAL_PIT,2020,12,PIT,BAL,1.0,0.6903202867396833
2020_13_NO_ATL,2020,13,ATL,NO,0.0,0.32781205216523945
2020_13_DET_CHI,2020,13,CHI,DET,0.0,0.5813733940802581
2020_13_IND_HOU,2020,13,HOU,IND,0.0,0.5487457718920477
2020_13_CIN_MIA,2020,13,MIA,CIN,1.0,0.7860868404191897
2020_13_JAX_MIN,2020,13,MIN,JAX,1.0,0.7553041201449264
2020_13_LV_NYJ,2020,13,NYJ,LV,0.0,0.3538378195217144
2020_13_CLE_TEN,2020,13,TEN,CLE,0.0,0.7051051222822385
2020_13_LA_ARI,2020,13,ARI,LA,0.0,0.4755506540091672
2020_13_NYG_SEA,2020,13,SEA,NYG,0.0,0.7479512621921016
2020_13_PHI_GB,2020,13,GB,PHI,1.0,0.8240618937465909
2020_13_NE_LAC,2020,13,LAC,NE,0.0,0.43122422837186136
2020_13_DEN_KC,2020,13,KC,DEN,1.0,0.9175471878157696
2020_13_WAS_PIT,2020,13,PIT,WAS,0.0,0.8396693834056065
2020_13_BUF_SF,2020,13,SF,BUF,0.0,0.5004206643451337
2020_13_DAL_BAL,2020,13,BAL,DAL,1.0,0.8133427649801741
2020_14_NE_LA,2020,14,LA,NE,1.0,0.6095106245365065
2020_14_DEN_CAR,2020,14,CAR,DEN,0.0,0.6152033410742741
2020_14_HOU_CHI,2020,14,CHI,HOU,1.0,0.5162355150958641
2020_14_DAL_CIN,2020,14,CIN,DAL,0.0,0.48736047687997536
2020_14_TEN_JAX,2020,14,JAX,TEN,0.0,0.3339139518236518
2020_14_KC_MIA,2020,14,MIA,KC,0.0,0.2394580334785439
2020_14_ARI_NYG,2020,14,NYG,ARI,0.0,0.5583510343409498
2020_14_MIN_TB,2020,14,TB,MIN,1.0,0.6464080771495482
2020_14_IND_LV,2020,14,LV,IND,0.0,0.466454851587436
2020_14_NYJ_SEA,2020,14,SEA,NYJ,1.0,0.8613756631786232
2020_14_GB_DET,2020,14,DET,GB,0.0,0.3059324761668476
2020_14_ATL_LAC,2020,14,LAC,ATL,1.0,0.37717451667010565
2020_14_NO_PHI,2020,14,PHI,NO,1.0,0.28977817438790643
2020_14_WAS_SF,2020,14,SF,WAS,0.0,0.5560446175360276
2020_14_PIT_BUF,2020,14,BUF,PIT,1.0,0.555722767091528
2020_14_BAL_CLE,2020,14,CLE,BAL,0.0,0.5159180471800593
2020_15_LAC_LV,2020,15,LV,LAC,0.0,0.6206247326820723
2020_15_BUF_DEN,2020,15,DEN,BUF,0.0,0.3205243580326738
2020_15_CAR_GB,2020,15,GB,CAR,1.0,0.8783027971350217
2020_15_TB_ATL,2020,15,ATL,TB,0.0,0.4474548615313046
2020_15_JAX_BAL,2020,15,BAL,JAX,1.0,0.892673748411227
2020_15_SF_DAL,2020,15,DAL,SF,1.0,0.48279989247778937
2020_15_HOU_IND,2020,15,IND,HOU,1.0,0.7620079829569432
2020_15_NE_MIA,2020,15,MIA,NE,1.0,0.5521523459194208
2020_15_CHI_MIN,2020,15,MIN,CHI,0.0,0.5553488781862204
2020_15_DET_TEN,2020,15,TEN,DET,1.0,0.7357675310373705
2020_15_SEA_WAS,2020,15,WAS,SEA,0.0,0.4220684819360247
2020_15_PHI_ARI,2020,15,ARI,PHI,1.0,0.6484689493313701
2020_15_NYJ_LA,2020,15,LA,NYJ,0.0,0.8820114384403722
2020_15_KC_NO,2020,15,NO,KC,0.0,0.5113877666649144
2020_15_CLE_NYG,2020,15,NYG,CLE,0.0,0.40968977161575926
2020_15_PIT_CIN,2020,15,CIN,PIT,1.0,0.3390681608236657
2020_16_MIN_NO,2020,16,NO,MIN,1.0,0.7882322191164415
2020_16_TB_DET,2020,16,DET,TB,0.0,0.3258288024190778
2020_16_SF_ARI,2020,16,ARI,SF,0.0,0.6109379659679122
2020_16_MIA_LV,2020,16,LV,MIA,0.0,0.4596481505623353
2020_16_NYG_BAL,2020,16,BAL,NYG,1.0,0.8847287772874577
2020_16_CIN_HOU,2020,16,HOU,CIN,0.0,0.740269611622053
2020_16_CHI_JAX,2020,16,JAX,CHI,0.0,0.2623417823563289
2020_16_ATL_KC,2020,16,KC,ATL,1.0,0.8865269803575256
2020_16_CLE_NYJ,2020,16,NYJ,CLE,1.0,0.31259347581716296
2020_16_IND_PIT,2020,16,PIT,IND,1.0,0.521694963467898
2020_16_DEN_LAC,2020,16,LAC,DEN,1.0,0.5151635003944295
2020_16_CAR_WAS,2020,16,WAS,CAR,0.0,0.5719594713481757
2020_16_PHI_DAL,2020,16,DAL,PHI,1.0,0.5678677806989121
2020_16_LA_SEA,2020,16,SEA,LA,1.0,0.6433804449560466
2020_16_TEN_GB,2020,16,GB,TEN,1.0,0.7501718116521897
2020_16_BUF_NE,2020,16,NE,BUF,0.0,0.37085984821485013
2020_17_MIA_BUF,2020,17,BUF,MIA,1.0,0.6147943933410566
2020_17_BAL_CIN,2020,17,CIN,BAL,0.0,0.25947518681758497
2020_17_PIT_CLE,2020,17,CLE,PIT,1.0,0.4698706149692597
2020_17_MIN_DET,2020,17,DET,MIN,0.0,0.39543313705532157
2020_17_NYJ_NE,2020,17,NE,NYJ,1.0,0.7273864424752303
2020_17_DAL_NYG,2020,17,NYG,DAL,1.0,0.4090798574255702
2020_17_ATL_TB,2020,17,TB,ATL,1.0,0.7769552113423291
2020_17_NO_CAR,2020,17,CAR,NO,0.0,0.2842236461770643
2020_17_GB_CHI,2020,17,CHI,GB,0.0,0.3829910288917472
2020_17_LV_DEN,2020,17,DEN,LV,0.0,0.5437484819504096
2020_17_TEN_HOU,2020,17,HOU,TEN,0.0,0.3929510348657809
2020_17_JAX_IND,2020,17,IND,JAX,1.0,0.8907408235942852
2020_17_LAC_KC,2020,17,KC,LAC,0.0,0.8441878970723984
2020_17_ARI_LA,2020,17,LA,ARI,1.0,0.6025009688672505
2020_17_SEA_SF,2020,17,SF,SEA,0.0,0.3704151409934285
2020_17_WAS_PHI,2020,17,PHI,WAS,0.0,0.5490846053708388
2021_01_DAL_TB,2021,1,TB,DAL,1.0,0.7808755849945906
2021_01_PHI_ATL,2021,1,ATL,PHI,0.0,0.6279026414581701
2021_01_PIT_BUF,2021,1,BUF,PIT,0.0,0.6924054606262182
2021_01_NYJ_CAR,2021,1,CAR,NYJ,1.0,0.5947951111981625
2021_01_MIN_CIN,2021,1,CIN,MIN,1.0,0.4291348193772534
2021_01_SF_DET,2021,1,DET,SF,0.0,0.4827337604374241
2021_01_JAX_HOU,2021,1,HOU,JAX,1.0,0.6218273030212933
2021_01_SEA_IND,2021,1,IND,SEA,0.0,0.5351275024662671
2021_01_ARI_TEN,2021,1,TEN,ARI,0.0,0.6577106409221926
2021_01_LAC_WAS,2021,1,WAS,LAC,0.0,0.5305227415906134
2021_01_CLE_KC,2021,1,KC,CLE,1.0,0.7967376665353594
2021_01_MIA_NE,2021,1,NE,MIA,0.0,0.5569991393492103
2021_01_GB_NO,2021,1,NO,GB,1.0,0.49639458091820504
2021_01_DEN_NYG,2021,1,NYG,DEN,0.0,0.5147492960363499
2021_01_CHI_LA,2021,1,LA,CHI,1.0,0.6618595113348597
2021_01_BAL_LV,2021,1,LV,BAL,1.0,0.4539101550837892
2021_02_NYG_WAS,2021,2,WAS,NYG,1.0,0.5847624436107209
2021_02_NO_CAR,2021,2,CAR,NO,1.0,0.2778488573746132
2021_02_CIN_CHI,2021,2,CHI,CIN,1.0,0.587218025215915
2021_02_HOU_CLE,2021,2,CLE,HOU,1.0,0.6562292189627896
2021_02_LA_IND,2021,2,IND,LA,0.0,0.4906301165794343
2021_02_DEN_JAX,2021,2,JAX,DEN,0.0,0.3566867433129825
2021_02_BUF_MIA,2021,2,MIA,BUF,0.0,0.5372930820239905
2021_02_NE_NYJ,2021,2,NYJ,NE,0.0,0.3196956447282189
2021_02_SF_PHI,2021,2,PHI,SF,0.0,0.6267961463103203
2021_02_LV_PIT,2021,2,PIT,LV,0.0,0.6982699252399164
2021_02_MIN_ARI,2021,2,ARI,MIN,1.0,0.6707611649491761
2021_02_ATL_TB,2021,2,TB,ATL,1.0,0.7637379816433196
2021_02_DAL_LAC,2021,2,LAC,DAL,0.0,0.5748410504863039
2021_02_TEN_SEA,2021,2,SEA,TEN,0.0,0.8252748170382831
2021_02_KC_BAL,2021,2,BAL,KC,1.0,0.3814032444960858
2021_02_DET_GB,2021,2,GB,DET,1.0,0.7291954387533294
2021_03_CAR_HOU,2021,3,HOU,CAR,0.0,0.48797467380906934
2021_03_WAS_BUF,2021,3,BUF,WAS,1.0,0.7084802374751821
2021_03_CHI_CLE,2021,3,CLE,CHI,1.0,0.5560219243629168
2021_03_BAL_DET,2021,3,DET,BAL,0.0,0.3252278999048162
2021_03_ARI_JAX,2021,3,JAX,ARI,0.0,0.3605825917196452
2021_03_LAC_KC,2021,3,KC,LAC,0.0,0.7343990736260089
2021_03_NO_NE,2021,3,NE,NO,0.0,0.5711757563072745
2021_03_ATL_NYG,2021,3,NYG,ATL,0.0,0.6564386834283324
2021_03_CIN_PIT,2021,3,PIT,CIN,0.0,0.7511613150865383
2021_03_IND_TEN,2021,3,TEN,IND,1.0,0.5351373013110914
2021_03_NYJ_DEN,2021,3,DEN,NYJ,1.0,0.8073437386058583
2021_03_MIA_LV,2021,3,LV,MIA,1.0,0.675278343593185
2021_03_TB_LA,2021,3,LA,TB,1.0,0.611018870332984
2021_03_SEA_MIN,2021,3,MIN,SEA,1.0,0.46423365013793133
2021_03_GB_SF,2021,3,SF,GB,0.0,0.533007441154187
2021_03_PHI_DAL,2021,3,DAL,PHI,1.0,0.6025145005374478
2021_04_JAX_CIN,2021,4,CIN,JAX,1.0,0.6712471621943924
2021_04_WAS_ATL,2021,4,ATL,WAS,0.0,0.5200774982772276
2021_04_HOU_BUF,2021,4,BUF,HOU,1.0,0.8536152106906973
2021_04_DET_CHI,2021,4,CHI,DET,1.0,0.5440925177226298
2021_04_CAR_DAL,2021,4,DAL,CAR,1.0,0.6265215784997981
2021_04_IND_MIA,2021,4,MIA,IND,0.0,0.4570806213826815
2021_04_CLE_MIN,2021,4,MIN,CLE,0.0,0.5128935218941009
2021_04_NYG_NO,2021,4,NO,NYG,0.0,0.8397365028966729
2021_04_TEN_NYJ,2021,4,NYJ,TEN,1.0,0.3888493168544413
2021_04_KC_PHI,2021,4,PHI,KC,0.0,0.3324432007216786
2021_04_ARI_LA,2021,4,LA,ARI,0.0,0.7421765599262022
2021_04_SEA_SF,2021,4,SF,SEA,0.0,0.5014281493668257
2021_04_BAL_DEN,2021,4,DEN,BAL,0.0,0.6212285606612404
2021_04_PIT_GB,2021,4,GB,PIT,1.0,0.7483987881777435
2021_04_TB_NE,2021,4,NE,TB,0.0,0.40551099568807003
2021_04_LV_LAC,2021,4,LAC,LV,1.0,0.6187466560583
2021_05_LA_SEA,2021,5,SEA,LA,0.0,0.6059880973122235
2021_05_NYJ_ATL,2021,5,ATL,NYJ,1.0,0.7365826426128754
2021_05_PHI_CAR,2021,5,CAR,PHI,0.0,0.621255050171878
2021_05_GB_CIN,2021,5,CIN,GB,0.0,0.35944294963117124
2021_05_NE_HOU,2021,5,HOU,NE,0.0,0.39702649751085395
2021_05_TEN_JAX,2021,5,JAX,TEN,0.0,0.38814573884696885
2021_05_DET_MIN,2021,5,MIN,DET,1.0,0.7236683501074433
2021_05_DEN_PIT,2021,5,PIT,DEN,1.0,0.5355605030956854
2021_05_MIA_TB,2021,5,TB,MIA,1.0,0.8325341434877997
2021_05_NO_WAS,2021,5,WAS,NO,0.0,0.3842083899584036
2021_05_CLE_LAC,2021,5,LAC,CLE,1.0,0.5789340499590797
2021_05_CHI_LV,2021,5,LV,CHI,0.0,0.6245428537904463
2021_05_SF_ARI,2021,5,ARI,SF,1.0,0.6850404131146913
2021_05_NYG_DAL,2021,5,DAL,NYG,1.0,0.7112258291471651
2021_05_BUF_KC,2021,5,KC,BUF,0.0,0.7181525838210037
2021_05_IND_BAL,2021,5,BAL,IND,1.0,0.773582436900443
2021_06_TB_PHI,2021,6,PHI,TB,0.0,0.2705560928139615
2021_06_MIA_JAX,2021,6,JAX,MIA,1.0,0.4143775347094892
2021_06_LAC_BAL,2021,6,BAL,LAC,1.0,0.6609256997366875
2021_06_MIN_CAR,2021,6,CAR,MIN,0.0,0.5708612176507589
2021_06_GB_CHI,2021,6,CHI,GB,0.0,0.3141711052217117
2021_06_CIN_DET,2021,6,DET,CIN,0.0,0.39414320866196273
2021_06_HOU_IND,2021,6,IND,HOU,1.0,0.7580990797663371
2021_06_LA_NYG,2021,6,NYG,LA,0.0,0.305561574241465
2021_06_KC_WAS,2021,6,WAS,KC,0.0,0.3079804275478649
2021_06_ARI_CLE,2021,6,CLE,ARI,0.0,0.5828066367249516
2021_06_LV_DEN,2021,6,DEN,LV,0.0,0.5761501487161232
2021_06_DAL_NE,2021,6,NE,DAL,0.0,0.49370287767145576
2021_06_SEA_PIT,2021,6,PIT,SEA,1.0,0.5394629692042484
2021_06_BUF_TEN,2021,6,TEN,BUF,1.0,0.3712001263965505
2021_07_DEN_CLE,2021,7,CLE,DEN,1.0,0.6003982321835308
2021_07_CIN_BAL,2021,7,BAL,CIN,0.0,0.6806059634293281
2021_07_WAS_GB,2021,7,GB,WAS,1.0,0.8665054004633497
2021_07_ATL_MIA,2021,7,MIA,ATL,0.0,0.5092316913901466
2021_07_NYJ_NE,2021,7,NE,NYJ,1.0,0.7065094916945863
2021_07_CAR_NYG,2021,7,NYG,CAR,1.0,0.451080924894904
2021_07_KC_TEN,2021,7,TEN,KC,1.0,0.4233005133950618
2021_07_DET_LA,2021,7,LA,DET,1.0,0.8778458262999721
2021_07_PHI_LV,2021,7,LV,PHI,1.0,0.6792613235861013
2021_07_HOU_ARI,2021,7,ARI,HOU,1.0,0.8780278177234285
2021_07_CHI_TB,2021,7,TB,CHI,1.0,0.8424814289359418
2021_07_IND_SF,2021,7,SF,IND,0.0,0.4868445623929181
2021_07_NO_SEA,2021,7,SEA,NO,0.0,0.46111449088222645
2021_08_GB_ARI,2021,8,ARI,GB,0.0,0.5834355271772299
2021_08_CAR_ATL,2021,8,ATL,CAR,0.0,0.6770304321966946
2021_08_MIA_BUF,2021,8,BUF,MIA,1.0,0.8395118797181651
2021_08_SF_CHI,2021,8,CHI,SF,0.0,0.5475419767232663
2021_08_PIT_CLE,2021,8,CLE,PIT,0.0,0.5739179496880299
2021_08_PHI_DET,2021,8,DET,PHI,0.0,0.4576255587540338
2021_08_LA_HOU,2021,8,HOU,LA,0.0,0.23779244090133397
2021_08_TEN_IND,2021,8,IND,TEN,0.0,0.5216473314738874
2021_08_CIN_NYJ,2021,8,NYJ,CIN,1.0,0.29968800489303055
2021_08_NE_LAC,2021,8,LAC,NE,0.0,0.6076100755094166
2021_08_JAX_SEA,2021,8,SEA,JAX,1.0,0.6789391883986945
2021_08_WAS_DEN,2021,8,DEN,WAS,1.0,0.5274095792301337
2021_08_TB_NO,2021,8,NO,TB,1.0,0.4668967260980129
2021_08_DAL_MIN,2021,8,MIN,DAL,0.0,0.5037749271272951
2021_08_NYG_KC,2021,8,KC,NYG,1.0,0.8180604937252409
2021_09_NYJ_IND,2021,9,IND,NYJ,1.0,0.8186824658305392
2021_09_MIN_BAL,2021,9,BAL,MIN,1.0,0.7841857762323509
2021_09_NE_CAR,2021,9,CAR,NE,0.0,0.4055390566992416
2021_09_CLE_CIN,2021,9,CIN,CLE,0.0,0.5913065430898095
2021_09_DEN_DAL,2021,9,DAL,DEN,0.0,0.682667733102163
2021_09_BUF_JAX,2021,9,JAX,BUF,1.0,0.2794417118554685
2021_09_HOU_MIA,2021,9,MIA,HOU,1.0,0.6364741282118258
2021_09_ATL_NO,2021,9,NO,ATL,0.0,0.6523673427418355
2021_09_LV_NYG,2021,9,NYG,LV,1.0,0.3633366857116675
2021_09_LAC_PHI,2021,9,PHI,LAC,0.0,0.4987292319703553
2021_09_GB_KC,2021,9,KC,GB,1.0,0.5402889264196423
2021_09_ARI_SF,2021,9,SF,ARI,0.0,0.4191682181900691
2021_09_TEN_LA,2021,9,LA,TEN,0.0,0.6284690426520848
2021_09_CHI_PIT,2021,9,PIT,CHI,1.0,0.7530390542268421
2021_10_BAL_MIA,2021,10,MIA,BAL,1.0,0.3075253255446741
2021_10_ATL_DAL,2021,10,DAL,ATL,1.0,0.608843166050348
2021_10_JAX_IND,2021,10,IND,JAX,1.0,0.8337897313033522
2021_10_CLE_NE,2021,10,NE,CLE,1.0,0.5660192211785819
2021_10_BUF_NYJ,2021,10,NYJ,BUF,0.0,0.35678056237818867
2021_10_DET_PIT,2021,10,PIT,DET,0.0,0.7659960738148544
2021_10_NO_TEN,2021,10,TEN,NO,1.0,0.6727989052008715
2021_10_TB_WAS,2021,10,WAS,TB,1.0,0.28261689750026203
2021_10_CAR_ARI,2021,10,ARI,CAR,0.0,0.8445924299000864
2021_10_MIN_LAC,2021,10,LAC,MIN,0.0,0.6412519114436243
2021_10_PHI_DEN,2021,10,DEN,PHI,0.0,0.6308320915465073
2021_10_SEA_GB,2021,10,GB,SEA,1.0,0.7839842559414023
2021_10_KC_LV,2021,10,LV,KC,0.0,0.43576031813923544
2021_10_LA_SF,2021,10,SF,LA,1.0,0.39274128631271704
2021_11_NE_ATL,2021,11,ATL,NE,0.0,0.2652489353326251
2021_11_IND_BUF,2021,11,BUF,IND,0.0,0.7815297793815476
2021_11_WAS_CAR,2021,11,CAR,WAS,0.0,0.5553637156253277
2021_11_BAL_CHI,2021,11,CHI,BAL,0.0,0.40683039878727467
2021_11_DET_CLE,2021,11,CLE,DET,1.0,0.8246374787830828
2021_11_SF_JAX,2021,11,JAX,SF,0.0,0.3312248344503199
2021_11_GB_MIN,2021,11,MIN,GB,1.0,0.37832183390780594
2021_11_MIA_NYJ,2021,11,NYJ,MIA,0.0,0.45865645388050735
2021_11_NO_PHI,2021,11,PHI,NO,1.0,0.5333213471985928
2021_11_HOU_TEN,2021,11,TEN,HOU,0.0,0.891723080624461
2021_11_CIN_LV,2021,11,LV,CIN,0.0,0.5208772240238374
2021_11_DAL_KC,2021,11,KC,DAL,1.0,0.7075758017184647
2021_11_ARI_SEA,2021,11,SEA,ARI,0.0,0.48550198465955186
2021_11_PIT_LAC,2021,11,LAC,PIT,1.0,0.5598511974554901
2021_11_NYG_TB,2021,11,TB,NYG,1.0,0.8494135766074021
2021_12_CHI_DET,2021,12,DET,CHI,0.0,0.44261711272527776
2021_12_LV_DAL,2021,12,DAL,LV,0.0,0.7256794082327859
2021_12_BUF_NO,2021,12,NO,BUF,0.0,0.5575141376372816
2021_12_PIT_CIN,2021,12,CIN,PIT,1.0,0.5357599655476636
2021_12_NYJ_HOU,2021,12,HOU,NYJ,0.0,0.4558155296670877
2021_12_TB_IND,2021,12,IND,TB,0.0,0.6080436430239883
2021_12_ATL_JAX,2021,12,JAX,ATL,0.0,0.4698173570210238
2021_12_CAR_MIA,2021,12,MIA,CAR,1.0,0.5695245857371886
2021_12_TEN_NE,2021,12,NE,TEN,1.0,0.6349341399058076
2021_12_PHI_NYG,2021,12,NYG,PHI,1.0,0.4172471626834917
2021_12_LAC_DEN,2021,12,DEN,LAC,1.0,0.47722560220388416
2021_12_LA_GB,2021,12,GB,LA,1.0,0.776605220943594
2021_12_MIN_SF,2021,12,SF,MIN,1.0,0.5709438066497607
2021_12_CLE_BAL,2021,12,BAL,CLE,1.0,0.6493578265406136
2021_12_SEA_WAS,2021,12,WAS,SEA,1.0,0.5600713061111281
2021_13_DAL_NO,2021,13,NO,DAL,0.0,0.5932710093882718
2021_13_TB_ATL,2021,13,ATL,TB,0.0,0.2657214915969569
2021_13_ARI_CHI,2021,13,CHI,ARI,0.0,0.37414182450336664
2021_13_LAC_CIN,2021,13,CIN,LAC,0.0,0.5313098211353638
2021_13_MIN_DET,2021,13,DET,MIN,1.0,0.3126430476700844
2021_13_IND_HOU,2021,13,HOU,IND,0.0,0.29547155620580273
2021_13_NYG_MIA,2021,13,MIA,NYG,1.0,0.6528274183947301
2021_13_PHI_NYJ,2021,13,NYJ,PHI,0.0,0.3871959973963071
2021_13_JAX_LA,2021,13,LA,JAX,1.0,0.8514112851553517
2021_13_WAS_LV,2021,13,LV,WAS,0.0,0.5515875768895592
2021_13_BAL_PIT,2021,13,PIT,BAL,1.0,0.40749551768768794
2021_13_SF_SEA,2021,13,SEA,SF,1.0,0.4562128396695168
2021_13_DEN_KC,2021,13,KC,DEN,1.0,0.7573312269350542
2021_13_NE_BUF,2021,13,BUF,NE,0.0,0.6715677068660484
2021_14_PIT_MIN,2021,14,MIN,PIT,1.0,0.5123158470295721
2021_14_ATL_CAR,2021,14,CAR,ATL,0.0,0.6348699278820319
2021_14_BAL_CLE,2021,14,CLE,BAL,1.0,0.5102774933677113
2021_14_SEA_HOU,2021,14,HOU,SEA,0.0,0.34447315648148913
2021_14_LV_KC,2021,14,KC,LV,1.0,0.7704763321858766
2021_14_NO_NYJ,2021,14,NYJ,NO,0.0,0.34122445960208436
2021_14_JAX_TEN,2021,14,TEN,JAX,1.0,0.8134403182818332
2021_14_DAL_WAS,2021,14,WAS,DAL,0.0,0.5258361206213066
2021_14_DET_DEN,2021,14,DEN,DET,1.0,0.796866955137886
2021_14_NYG_LAC,2021,14,LAC,NYG,1.0,0.7745530208922627
2021_14_SF_CIN,2021,14,CIN,SF,0.0,0.5587552227879526
2021_14_BUF_TB,2021,14,TB,BUF,1.0,0.6693868684276232
2021_14_CHI_GB,2021,14,GB,CHI,1.0,0.8451222558342297
2021_14_LA_ARI,2021,14,ARI,LA,0.0,0.6840061208618897
2021_15_KC_LAC,2021,15,LAC,KC,0.0,0.4605935335015372
2021_15_NE_IND,2021,15,IND,NE,1.0,0.6166773388036517
2021_15_CAR_BUF,2021,15,BUF,CAR,1.0,0.7559924423107262
2021_15_ARI_DET,2021,15,DET,ARI,1.0,0.2899896026040684
2021_15_HOU_JAX,2021,15,JAX,HOU,0.0,0.593575228221388
2021_15_NYJ_MIA,2021,15,MIA,NYJ,1.0,0.7688925425914903
2021_15_DAL_NYG,2021,15,NYG,DAL,0.0,0.37198695531715364
2021_15_TEN_PIT,2021,15,PIT,TEN,1.0,0.44860843221437996
2021_15_CIN_DEN,2021,15,DEN,CIN,0.0,0.5841954846349727
2021_15_ATL_SF,2021,15,SF,ATL,1.0,0.7983235393500872
2021_15_GB_BAL,2021,15,BAL,GB,0.0,0.3790236706785977
2021_15_NO_TB,2021,15,TB,NO,0.0,0.8399300298572844
2021_15_LV_CLE,2021,15,CLE,LV,0.0,0.623619512467284
2021_15_MIN_CHI,2021,15,CHI,MIN,0.0,0.40898370787269833
2021_15_SEA_LA,2021,15,LA,SEA,1.0,0.6249076900151582
2021_15_WAS_PHI,2021,15,PHI,WAS,1.0,0.5989163700356979
2021_16_SF_TEN,2021,16,TEN,SF,1.0,0.5454371214980362
2021_16_CLE_GB,2021,16,GB,CLE,1.0,0.8153313418180046
2021_16_IND_ARI,2021,16,ARI,IND,0.0,0.4987247274632001
2021_16_DET_ATL,2021,16,ATL,DET,1.0,0.7191739614049998
2021_16_TB_CAR,2021,16,CAR,TB,0.0,0.2572396214697618
2021_16_BAL_CIN,2021,16,CIN,BAL,1.0,0.5389824927136908
2021_16_LAC_HOU,2021,16,HOU,LAC,1.0,0.27592345224817477
2021_16_LA_MIN,2021,16,MIN,LA,0.0,0.5012342526663034
2021_16_BUF_NE,2021,16,NE,BUF,0.0,0.5985463353010372
2021_16_JAX_NYJ,2021,16,NYJ,JAX,1.0,0.6484961303828967
2021_16_NYG_PHI,2021,16,PHI,NYG,1.0,0.7775796984782521
2021_16_CHI_SEA,2021,16,SEA,CHI,0.0,0.7706767698195847
2021_16_PIT_KC,2021,16,KC,PIT,1.0,0.791508705720173
2021_16_DEN_LV,2021,16,LV,DEN,1.0,0.5468904405304961
2021_16_WAS_DAL,2021,16,DAL,WAS,1.0,0.7974154439371337
2021_16_MIA_NO,2021,16,NO,MIA,0.0,0.6449320386042221
2021_17_LA_BAL,2021,17,BAL,LA,0.0,0.48095668090974947
2021_17_ATL_BUF,2021,17,BUF,ATL,1.0,0.7925233764107613
2021_17_NYG_CHI,2021,17,CHI,NYG,1.0,0.6769082203389933
2021_17_KC_CIN,2021,17,CIN,KC,1.0,0.35704754751127254
2021_17_LV_IND,2021,17,IND,LV,0.0,0.7769175183897993
2021_17_JAX_NE,2021,17,NE,JAX,1.0,0.8512491173000128
2021_17_TB_NYJ,2021,17,NYJ,TB,0.0,0.2746194251053145
2021_17_MIA_TEN,2021,17,TEN,MIA,1.0,0.5813333666377497
2021_17_PHI_WAS,2021,17,WAS,PHI,0.0,0.33725810484165103
2021_17_DEN_LAC,2021,17,LAC,DEN,1.0,0.6302625169820312
2021_17_HOU_SF,2021,17,SF,HOU,1.0,0.8066698386090054
2021_17_ARI_DAL,2021,17,DAL,ARI,0.0,0.7060814233522416
2021_17_CAR_NO,2021,17,NO,CAR,1.0,0.7428373396416917
2021_17_DET_SEA,2021,17,SEA,DET,1.0,0.8141836347123163
2021_17_MIN_GB,2021,17,GB,MIN,1.0,0.8472936181141802
2021_17_CLE_PIT,2021,17,PIT,CLE,1.0,0.515771579827126
2021_18_KC_DEN,2021,18,DEN,KC,0.0,0.220658182007102
2021_18_DAL_PHI,2021,18,PHI,DAL,0.0,0.6151134664282212
2021_18_PIT_BAL,2021,18,BAL,PIT,0.0,0.5076823025838114
2021_18_CIN_CLE,2021,18,CLE,CIN,1.0,0.43987440637657804
2021_18_GB_DET,2021,18,DET,GB,1.0,0.2615929685648152
2021_18_TEN_HOU,2021,18,HOU,TEN,0.0,0.3047260015982609
2021_18_IND_JAX,2021,18,JAX,IND,1.0,0.31360312476532093
2021_18_CHI_MIN,2021,18,MIN,CHI,1.0,0.6354157337162546
2021_18_WAS_NYG,2021,18,NYG,WAS,0.0,0.400263842025404
2021_18_SEA_ARI,2021,18,ARI,SEA,0.0,0.559518598746219
2021_18_NO_ATL,2021,18,ATL,NO,0.0,0.39117005120491105
2021_18_NYJ_BUF,2021,18,BUF,NYJ,1.0,0.8923961099426843
2021_18_SF_LA,2021,18,LA,SF,0.0,0.560935253681758
2021_18_NE_MIA,2021,18,MIA,NE,1.0,0.45253186244747967
2021_18_CAR_TB,2021,18,TB,CAR,1.0,0.8776535681941474
2021_18_LAC_LV,2021,18,LV,LAC,1.0,0.44562392506080667
2022_01_BUF_LA,2022,1,LA,BUF,0.0,0.6096179098692421
2022_01_NO_ATL,2022,1,ATL,NO,0.0,0.3852606580394587
2022_01_CLE_CAR,2022,1,CAR,CLE,0.0,0.4935093768168097
2022_01_SF_CHI,2022,1,CHI,SF,1.0,0.430290460607341
2022_01_PIT_CIN,2022,1,CIN,PIT,0.0,0.5759037229595622
2022_01_PHI_DET,2022,1,DET,PHI,0.0,0.38854865879829253
2022_01_IND_HOU,2022,1,HOU,IND,0.0,0.2889217265123982
2022_01_NE_MIA,2022,1,MIA,NE,1.0,0.5535387985969702
2022_01_BAL_NYJ,2022,1,NYJ,BAL,0.0,0.3034873744182577
2022_01_JAX_WAS,2022,1,WAS,JAX,1.0,0.7267633183215556
2022_01_KC_ARI,2022,1,ARI,KC,0.0,0.4451190672715014
2022_01_LV_LAC,2022,1,LAC,LV,1.0,0.5801551302774167
2022_01_GB_MIN,2022,1,MIN,GB,1.0,0.3404491552461108
2022_01_NYG_TEN,2022,1,TEN,NYG,0.0,0.8404880185875048
2022_01_TB_DAL,2022,1,DAL,TB,0.0,0.5650932921476599
2022_01_DEN_SEA,2022,1,SEA,DEN,1.0,0.5856545691047844
2022_02_LAC_KC,2022,2,KC,LAC,1.0,0.7585933085276914
2022_02_MIA_BAL,2022,2,BAL,MIA,0.0,0.5807171044657755
2022_02_NYJ_CLE,2022,2,CLE,NYJ,0.0,0.753271874848979
2022_02_WAS_DET,2022,2,DET,WAS,1.0,0.6041280133317082
2022_02_IND_JAX,2022,2,JAX,IND,1.0,0.24930014790045643
2022_02_TB_NO,2022,2,NO,TB,0.0,0.4854910218165159
2022_02_CAR_NYG,2022,2,NYG,CAR,1.0,0.5978074046685492
2022_02_NE_PIT,2022,2,PIT,NE,0.0,0.6287124361680242
2022_02_ATL_LA,2022,2,LA,ATL,1.0,0.58632709020866
2022_02_SEA_SF,2022,2,SF,SEA,1.0,0.5119824997015456
2022_02_CIN_DAL,2022,2,DAL,CIN,1.0,0.4618728759185739
2022_02_HOU_DEN,2022,2,DEN,HOU,1.0,0.5800222701290685
2022_02_ARI_LV,2022,2,LV,ARI,0.0,0.6148820948733617
2022_02_CHI_GB,2022,2,GB,CHI,1.0,0.7149957598289262
2022_02_TEN_BUF,2022,2,BUF,TEN,1.0,0.7808372005836093
2022_02_MIN_PHI,2022,2,PHI,MIN,1.0,0.5765536332062325
2022_03_PIT_CLE,2022,3,CLE,PIT,1.0,0.541765289990016
2022_03_NO_CAR,2022,3,CAR,NO,1.0,0.4988562845909017
2022_03_HOU_CHI,2022,3,CHI,HOU,1.0,0.5983556113689539
2022_03_KC_IND,2022,3,IND,KC,1.0,0.24858949085334994
2022_03_BUF_MIA,2022,3,MIA,BUF,1.0,0.495198506078817
2022_03_DET_MIN,2022,3,MIN,DET,1.0,0.6189298164336289
2022_03_BAL_NE,2022,3,NE,BAL,0.0,0.5209480094222654
2022_03_CIN_NYJ,2022,3,NYJ,CIN,0.0,0.37206851471551355
2022_03_LV_TEN,2022,3,TEN,LV,1.0,0.48827053008941107
2022_03_PHI_WAS,2022,3,WAS,PHI,0.0,0.44147457378756
2022_03_JAX_LAC,2022,3,LAC,JAX,0.0,0.6733729754554355
2022_03_LA_ARI,2022,3,ARI,LA,0.0,0.48581133398805926
2022_03_ATL_SEA,2022,3,SEA,ATL,0.0,0.566145453581295
2022_03_GB_TB,2022,3,TB,GB,0.0,0.6583734753862779
2022_03_SF_DEN,2022,3,DEN,SF,1.0,0.4999182973885455
2022_03_DAL_NYG,2022,3,NYG,DAL,0.0,0.5225229948506704
2022_04_MIA_CIN,2022,4,CIN,MIA,1.0,0.5242160041563787
2022_04_MIN_NO,2022,4,NO,MIN,0.0,0.5379025373754949
2022_04_CLE_ATL,2022,4,ATL,CLE,1.0,0.5094478870439267
2022_04_BUF_BAL,2022,4,BAL,BUF,0.0,0.4356030497340196
2022_04_WAS_DAL,2022,4,DAL,WAS,1.0,0.6922930612690097
2022_04_SEA_DET,2022,4,DET,SEA,0.0,0.4782481468385014
2022_04_LAC_HOU,2022,4,HOU,LAC,0.0,0.38639622976103544
2022_04_TEN_IND,2022,4,IND,TEN,0.0,0.5381779626525056
2022_04_CHI_NYG,2022,4,NYG,CHI,1.0,0.5767416842868497
2022_04_JAX_PHI,2022,4,PHI,JAX,1.0,0.7438529350782265
2022_04_NYJ_PIT,2022,4,PIT,NYJ,0.0,0.7307069316106336
2022_04_ARI_CAR,2022,4,CAR,ARI,0.0,0.5583708665236462
2022_04_NE_GB,2022,4,GB,NE,1.0,0.6970184524738612
2022_04_DEN_LV,2022,4,LV,DEN,1.0,0.5957995170505518
2022_04_KC_TB,2022,4,TB,KC,0.0,0.5647678488371609
2022_04_LA_SF,2022,4,SF,LA,1.0,0.4988048135280109
2022_05_IND_DEN,2022,5,DEN,IND,0.0,0.47003556196780294
2022_05_NYG_GB,2022,5,GB,NYG,0.0,0.8258791040374985
2022_05_PIT_BUF,2022,5,BUF,PIT,1.0,0.7900216464124081
2022_05_LAC_CLE,2022,5,CLE,LAC,0.0,0.5374607002034947
2022_05_HOU_JAX,2022,5,JAX,HOU,0.0,0.7414870142007589
2022_05_CHI_MIN,2022,5,MIN,CHI,1.0,0.7816195327191099
2022_05_DET_NE,2022,5,NE,DET,1.0,0.6419170214293608
2022_05_SEA_NO,2022,5,NO,SEA,1.0,0.5391300803538118
2022_05_MIA_NYJ,2022,5,NYJ,MIA,1.0,0.26892672219046665
2022_05_ATL_TB,2022,5,TB,ATL,1.0,0.7620010885912557
2022_05_TEN_WAS,2022,5,WAS,TEN,0.0,0.5091949702748855
2022_05_SF_CAR,2022,5,CAR,SF,0.0,0.4497695079663488
2022_05_PHI_ARI,2022,5,ARI,PHI,0.0,0.4304722518926566
2022_05_DAL_LA,2022,5,LA,DAL,0.0,0.5721605128156407
2022_05_CIN_BAL,2022,5,BAL,CIN,1.0,0.5824854206101381
2022_05_LV_KC,2022,5,KC,LV,1.0,0.8434406062096477
2022_06_WAS_CHI,2022,6,CHI,WAS,0.0,0.5870217758271385
2022_06_SF_ATL,2022,6,ATL,SF,1.0,0.37252858860207844
2022_06_NE_CLE,2022,6,CLE,NE,0.0,0.5447122518633744
2022_06_NYJ_GB,2022,6,GB,NYJ,0.0,0.7977338387842455
2022_06_JAX_IND,2022,6,IND,JAX,1.0,0.5921543631158432
2022_06_MIN_MIA,2022,6,MIA,MIN,0.0,0.44215994474640025
2022_06_CIN_NO,2022,6,NO,CIN,0.0,0.5621043320321154
2022_06_BAL_NYG,2022,6,NYG,BAL,1.0,0.5061347172122596
2022_06_TB_PIT,2022,6,PIT,TB,1.0,0.2827038863525566
2022_06_CAR_LA,2022,6,LA,CAR,1.0,0.7667401659269235
2022_06_ARI_SEA,2022,6,SEA,ARI,1.0,0.5144289272802668
2022_06_BUF_KC,2022,6,KC,BUF,0.0,0.7119800912427616
2022_06_DAL_PHI,2022,6,PHI,DAL,1.0,0.654112021453092
2022_06_DEN_LAC,2022,6,LAC,DEN,1.0,0.6462708879245609
2022_07_NO_ARI,2022,7,ARI,NO,1.0,0.5256883724521868
2022_07_CLE_BAL,2022,7,BAL,CLE,1.0,0.638184012733167
2022_07_TB_CAR,2022,7,CAR,TB,1.0,0.24383691373346644
2022_07_ATL_CIN,2022,7,CIN,ATL,1.0,0.6067863166528865
2022_07_DET_DAL,2022,7,DAL,DET,1.0,0.8279224927042573
2022_07_NYG_JAX,2022,7,JAX,NYG,0.0,0.552549233936888
2022_07_IND_TEN,2022,7,TEN,IND,1.0,0.6046190414913342
2022_07_GB_WAS,2022,7,WAS,GB,1.0,0.431721943212827
2022_07_NYJ_DEN,2022,7,DEN,NYJ,0.0,0.5264890674757083
2022_07_HOU_LV,2022,7,LV,HOU,1.0,0.7181308342584714
2022_07_SEA_LAC,2022,7,LAC,SEA,0.0,0.5453365558254787
2022_07_KC_SF,2022,7,SF,KC,0.0,0.43000664117720155
2022_07_PIT_MIA,2022,7,MIA,PIT,1.0,0.5694298300930012
2022_07_CHI_NE,2022,7,NE,CHI,0.0,0.7881257534590033
2022_08_BAL_TB,2022,8,TB,BAL,0.0,0.6180399147161347
2022_08_DEN_JAX,2022,8,JAX,DEN,0.0,0.5850550111585382
2022_08_CAR_ATL,2022,8,ATL,CAR,1.0,0.6949750722212119
2022_08_CHI_DAL,2022,8,DAL,CHI,1.0,0.7935239114523969
2022_08_MIA_DET,2022,8,DET,MIA,0.0,0.46504011747193436
2022_08_ARI_MIN,2022,8,MIN,ARI,1.0,0.7250564892271936
2022_08_LV_NO,2022,8,NO,LV,1.0,0.5556823621524924
2022_08_NE_NYJ,2022,8,NYJ,NE,0.0,0.5292256860698183
2022_08_PIT_PHI,2022,8,PHI,PIT,1.0,0.7996637088473739
2022_08_TEN_HOU,2022,8,HOU,TEN,0.0,0.33451565168770914
2022_08_WAS_IND,2022,8,IND,WAS,0.0,0.6528649568738086
2022_08_SF_LA,2022,8,LA,SF,0.0,0.4903968820609883
2022_08_NYG_SEA,2022,8,SEA,NYG,1.0,0.5466796653855407
2022_08_GB_BUF,2022,8,BUF,GB,1.0,0.6326195560419259
2022_08_CIN_CLE,2022,8,CLE,CIN,1.0,0.40755369440275124
2022_09_PHI_HOU,2022,9,HOU,PHI,0.0,0.25978367294126886
2022_09_LAC_ATL,2022,9,ATL,LAC,0.0,0.5708189441600483
2022_09_MIA_CHI,2022,9,CHI,MIA,0.0,0.41988910588004535
2022_09_CAR_CIN,2022,9,CIN,CAR,1.0,0.7585301936872499
2022_09_GB_DET,2022,9,DET,GB,1.0,0.3708765011245217
2022_09_LV_JAX,2022,9,JAX,LV,1.0,0.4304500964133083
2022_09_IND_NE,2022,9,NE,IND,1.0,0.6008045334176106
2022_09_BUF_NYJ,2022,9,NYJ,BUF,1.0,0.2575157494267033
2022_09_MIN_WAS,2022,9,WAS,MIN,0.0,0.39422766613821975
2022_09_SEA_ARI,2022,9,ARI,SEA,0.0,0.4619396173167156
2022_09_LA_TB,2022,9,TB,LA,1.0,0.6347478372625972
2022_09_TEN_KC,2022,9,KC,TEN,1.0,0.8061506110970101
2022_09_BAL_NO,2022,9,NO,BAL,0.0,0.48087715887759624
2022_10_ATL_CAR,2022,10,CAR,ATL,1.0,0.4246213118240354
2022_10_SEA_TB,2022,10,TB,SEA,1.0,0.5970754649208653
2022_10_MIN_BUF,2022,10,BUF,MIN,0.0,0.672187050020563
2022_10_DET_CHI,2022,10,CHI,DET,0.0,0.60699350590019
2022_10_JAX_KC,2022,10,KC,JAX,1.0,0.8750393829657543
2022_10_CLE_MIA,2022,10,MIA,CLE,1.0,0.6388275214525313
2022_10_HOU_NYG,2022,10,NYG,HOU,1.0,0.7906394921448383
2022_10_NO_PIT,2022,10,PIT,NO,1.0,0.53359671367461
2022_10_DEN_TEN,2022,10,TEN,DEN,1.0,0.7252387539577101
2022_10_IND_LV,2022,10,LV,IND,0.0,0.5547214060275089
2022_10_DAL_GB,2022,10,GB,DAL,1.0,0.4134093942066556
2022_10_ARI_LA,2022,10,LA,ARI,0.0,0.5464388616381083
2022_10_LAC_SF,2022,10,SF,LAC,1.0,0.6867219537349892
2022_10_WAS_PHI,2022,10,PHI,WAS,0.0,0.8265856575203392
2022_11_TEN_GB,2022,11,GB,TEN,0.0,0.5446574472660964
2022_11_CHI_ATL,2022,11,ATL,CHI,1.0,0.5723256867542987
2022_11_CAR_BAL,2022,11,BAL,CAR,1.0,0.770725176150801
2022_11_CLE_BUF,2022,11,BUF,CLE,1.0,0.7553680894471134
2022_11_WAS_HOU,2022,11,HOU,WAS,0.0,0.44218377769852063
2022_11_PHI_IND,2022,11,IND,PHI,0.0,0.46158319311084006
2022_11_NYJ_NE,2022,11,NE,NYJ,1.0,0.6660609812703883
2022_11_LA_NO,2022,11,NO,LA,1.0,0.5216109608817519
2022_11_DET_NYG,2022,11,NYG,DET,0.0,0.6175544832361785
2022_11_LV_DEN,2022,11,DEN,LV,0.0,0.534032640501172
2022_11_DAL_MIN,2022,11,MIN,DAL,0.0,0.5829684656664044
2022_11_CIN_PIT,2022,11,PIT,CIN,0.0,0.4014832135763976
2022_11_KC_LAC,2022,11,LAC,KC,0.0,0.24560821417300038
2022_11_SF_ARI,2022,11,ARI,SF,0.0,0.3346818454096183
2022_12_BUF_DET,2022,12,DET,BUF,0.0,0.2784446352535572
2022_12_NYG_DAL,2022,12,DAL,NYG,1.0,0.8067770088803025
2022_12_NE_MIN,2022,12,MIN,NE,1.0,0.6131366667826955
2022_12_DEN_CAR,2022,12,CAR,DEN,1.0,0.5768063059622102
2022_12_TB_CLE,2022,12,CLE,TB,1.0,0.41998925350361627
2022_12_BAL_JAX,2022,12,JAX,BAL,1.0,0.331102603477196
2022_12_HOU_MIA,2022,12,MIA,HOU,1.0,0.8132657776224452
2022_12_CHI_NYJ,2022,12,NYJ,CHI,1.0,0.5463940464495514
2022_12_CIN_TEN,2022,12,TEN,CIN,0.0,0.5761722269611479
2022_12_ATL_WAS,2022,12,WAS,ATL,1.0,0.6155776806591121
2022_12_LAC_ARI,2022,12,ARI,LAC,0.0,0.4373916294989124
2022_12_LV_SEA,2022,12,SEA,LV,0.0,0.7453136910694401
2022_12_LA_KC,2022,12,KC,LA,1.0,0.8735365301123224
2022_12_NO_SF,2022,12,SF,NO,1.0,0.7861177316186273
2022_12_GB_PHI,2022,12,PHI,GB,1.0,0.6750937851504341
2022_12_PIT_IND,2022,12,IND,PIT,0.0,0.5844683016468282
2022_13_BUF_NE,2022,13,NE,BUF,0.0,0.40291069211677
2022_13_PIT_ATL,2022,13,ATL,PIT,0.0,0.5592137626612348
2022_13_DEN_BAL,2022,13,BAL,DEN,1.0,0.8422649630495719
2022_13_GB_CHI,2022,13,CHI,GB,0.0,0.37354654925534847
2022_13_JAX_DET,2022,13,DET,JAX,1.0,0.5437736363003711
2022_13_CLE_HOU,2022,13,HOU,CLE,0.0,0.3215130659490426
2022_13_NYJ_MIN,2022,13,MIN,NYJ,1.0,0.7367051397171565
2022_13_WAS_NYG,2022,13,NYG,WAS,0.0,0.5202661572121665
2022_13_TEN_PHI,2022,13,PHI,TEN,1.0,0.6319421161405415
2022_13_SEA_LA,2022,13,LA,SEA,0.0,0.3877849775611592
2022_13_MIA_SF,2022,13,SF,MIA,1.0,0.6706568039176559
2022_13_KC_CIN,2022,13,CIN,KC,1.0,0.4638021918107786
2022_13_LAC_LV,2022,13,LV,LAC,1.0,0.5016975748699649
2022_13_IND_DAL,2022,13,DAL,IND,1.0,0.8250844618904489
2022_13_NO_TB,2022,13,TB,NO,1.0,0.7572672066863979
2022_14_LV_LA,2022,14,LA,LV,1.0,0.4776034119928586
2022_14_NYJ_BUF,2022,14,BUF,NYJ,1.0,0.7540322989985545
2022_14_CLE_CIN,2022,14,CIN,CLE,1.0,0.7691229756164233
2022_14_HOU_DAL,2022,14,DAL,HOU,1.0,0.9201061808672754
2022_14_MIN_DET,2022,14,DET,MIN,1.0,0.40206601842770245
2022_14_PHI_NYG,2022,14,NYG,PHI,0.0,0.30319886911506144
2022_14_BAL_PIT,2022,14,PIT,BAL,0.0,0.5641616181102161
2022_14_JAX_TEN,2022,14,TEN,JAX,0.0,0.7191529122970653
2022_14_KC_DEN,2022,14,DEN,KC,0.0,0.2602245575913127
2022_14_CAR_SEA,2022,14,SEA,CAR,0.0,0.7449598668966748
2022_14_TB_SF,2022,14,SF,TB,1.0,0.6582048231097675
2022_14_MIA_LAC,2022,14,LAC,MIA,1.0,0.4501875777913297
2022_14_NE_ARI,2022,14,ARI,NE,0.0,0.40743297049128707
2022_15_SF_SEA,2022,15,SEA,SF,0.0,0.3824265695955492
2022_15_IND_MIN,2022,15,MIN,IND,1.0,0.6502303028147886
2022_15_BAL_CLE,2022,15,CLE,BAL,1.0,0.4862118753255146
2022_15_MIA_BUF,2022,15,BUF,MIA,1.0,0.7147447334590911
2022_15_PIT_CAR,2022,15,CAR,PIT,0.0,0.5195028559472928
2022_15_PHI_CHI,2022,15,CHI,PHI,0.0,0.3165616037358467
2022_15_KC_HOU,2022,15,HOU,KC,0.0,0.18408000331631286
2022_15_DAL_JAX,2022,15,JAX,DAL,1.0,0.35475545901837763
2022_15_ATL_NO,2022,15,NO,ATL,1.0,0.5397930079654064
2022_15_DET_NYJ,2022,15,NYJ,DET,0.0,0.47749753909501486
2022_15_ARI_DEN,2022,15,DEN,ARI,1.0,0.3808179068058262
2022_15_NE_LV,2022,15,LV,NE,1.0,0.5207889189138629
2022_15_TEN_LAC,2022,15,LAC,TEN,1.0,0.5497853547967491
2022_15_CIN_TB,2022,15,TB,CIN,0.0,0.4412230899484482
2022_15_NYG_WAS,2022,15,WAS,NYG,0.0,0.709539164372782
2022_15_LA_GB,2022,15,GB,LA,1.0,0.7229428151488253
2022_16_JAX_NYJ,2022,16,NYJ,JAX,0.0,0.516709388957591
2022_16_ATL_BAL,2022,16,BAL,ATL,1.0,0.5859088870553768
2022_16_DET_CAR,2022,16,CAR,DET,1.0,0.4576681742076097
2022_16_BUF_CHI,2022,16,CHI,BUF,0.0,0.2500895388470233
2022_16_NO_CLE,2022,16,CLE,NO,0.0,0.6520012333312001
2022_16_SEA_KC,2022,16,KC,SEA,1.0,0.8473443886961106
2022_16_NYG_MIN,2022,16,MIN,NYG,1.0,0.6856226392047067
2022_16_CIN_NE,2022,16,NE,CIN,0.0,0.4334226367148037
2022_16_HOU_TEN,2022,16,TEN,HOU,0.0,0.8093428466451495
2022_16_WAS_SF,2022,16,SF,WAS,1.0,0.8041366917186319
2022_16_PHI_DAL,2022,16,DAL,PHI,1.0,0.5668683315747564
2022_16_LV_PIT,2022,16,PIT,LV,1.0,0.5904889280828853
2022_16_GB_MIA,2022,16,MIA,GB,0.0,0.5059848536029933
2022_16_DEN_LA,2022,16,LA,DEN,1.0,0.5357085831342684
2022_16_TB_ARI,2022,16,ARI,TB,0.0,0.3750357125770789
2022_16_LAC_IND,2022,16,IND,LAC,0.0,0.34528291392652916
2022_17_DAL_TEN,2022,17,TEN,DAL,0.0,0.3034472745511403
2022_17_ARI_ATL,2022,17,ATL,ARI,1.0,0.6396402582901105
2022_17_CHI_DET,2022,17,DET,CHI,1.0,0.7390445053465714
2022_17_JAX_HOU,2022,17,HOU,JAX,0.0,0.337255880862875
2022_17_DEN_KC,2022,17,KC,DEN,1.0,0.8937758479855237
2022_17_MIA_NE,2022,17,NE,MIA,1.0,0.5939577617296293
2022_17_IND_NYG,2022,17,NYG,IND,1.0,0.6179823305156977
2022_17_NO_PHI,2022,17,PHI,NO,0.0,0.7837334234363642
2022_17_CAR_TB,2022,17,TB,CAR,1.0,0.5960854313364551
2022_17_CLE_WAS,2022,17,WAS,CLE,0.0,0.5257483907323499
2022_17_SF_LV,2022,17,LV,SF,0.0,0.3367797720210374
2022_17_NYJ_SEA,2022,17,SEA,NYJ,1.0,0.606876823410989
2022_17_MIN_GB,2022,17,GB,MIN,1.0,0.6023480604151128
2022_17_LA_LAC,2022,17,LAC,LA,1.0,0.6836454212467235
2022_17_PIT_BAL,2022,17,BAL,PIT,0.0,0.519667344958266
2022_18_KC_LV,2022,18,LV,KC,0.0,0.25391966570668517
2022_18_TEN_JAX,2022,18,JAX,TEN,1.0,0.6174615054748194
2022_18_TB_ATL,2022,18,ATL,TB,1.0,0.5334781553530547
2022_18_NE_BUF,2022,18,BUF,NE,1.0,0.7885569011765573
2022_18_MIN_CHI,2022,18,CHI,MIN,0.0,0.2491781980075065
2022_18_BAL_CIN,2022,18,CIN,BAL,1.0,0.7413882848819725
2022_18_HOU_IND,2022,18,IND,HOU,0.0,0.6215071747756874
2022_18_NYJ_MIA,2022,18,MIA,NYJ,1.0,0.6758296958187127
2022_18_CAR_NO,2022,18,NO,CAR,0.0,0.6250820745028991
2022_18_CLE_PIT,2022,18,PIT,CLE,1.0,0.532837345788222
2022_18_LAC_DEN,2022,18,DEN,LAC,1.0,0.3185794605978824
2022_18_NYG_PHI,2022,18,PHI,NYG,1.0,0.7241297554346429
2022_18_LA_SEA,2022,18,SEA,LA,1.0,0.5920288903069436
2022_18_ARI_SF,2022,18,SF,ARI,1.0,0.8737685668319919
2022_18_DAL_WAS,2022,18,WAS,DAL,1.0,0.307085730475716
2022_18_DET_GB,2022,18,GB,DET,0.0,0.7171844361335964
2023_01_DET_KC,2023,1,KC,DET,0.0,0.8339329037345338
2023_01_CAR_ATL,2023,1,ATL,CAR,1.0,0.5620589948592224
2023_01_HOU_BAL,2023,1,BAL,HOU,1.0,0.8100422090148995
2023_01_CIN_CLE,2023,1,CLE,CIN,1.0,0.43996575902494106
2023_01_JAX_IND,2023,1,IND,JAX,0.0,0.40554528752957236
2023_01_TB_MIN,2023,1,MIN,TB,0.0,0.6335042311854668
2023_01_TEN_NO,2023,1,NO,TEN,1.0,0.6315130795119681
2023_01_SF_PIT,2023,1,PIT,SF,0.0,0.4351744718797811
2023_01_ARI_WAS,2023,1,WAS,ARI,1.0,0.6873087330826675
2023_01_GB_CHI,2023,1,CHI,GB,0.0,0.34950521071237295
2023_01_LV_DEN,2023,1,DEN,LV,0.0,0.3872182677816948
2023_01_MIA_LAC,2023,1,LAC,MIA,0.0,0.5992191531365281
2023_01_PHI_NE,2023,1,NE,PHI,0.0,0.49115847996106593
2023_01_LA_SEA,2023,1,SEA,LA,0.0,0.5479459156565999
2023_01_DAL_NYG,2023,1,NYG,DAL,0.0,0.48998718258617313
2023_01_BUF_NYJ,2023,1,NYJ,BUF,1.0,0.29619940535884237
2023_02_MIN_PHI,2023,2,PHI,MIN,1.0,0.6481299438878001
2023_02_GB_ATL,2023,2,ATL,GB,1.0,0.5591679816330011
2023_02_LV_BUF,2023,2,BUF,LV,1.0,0.6272858830387703
2023_02_BAL_CIN,2023,2,CIN,BAL,0.0,0.457039530545241
2023_02_SEA_DET,2023,2,DET,SEA,0.0,0.6794429125782048
2023_02_IND_HOU,2023,2,HOU,IND,0.0,0.525151505594579
2023_02_KC_JAX,2023,2,JAX,KC,0.0,0.4649703148697791
2023_02_CHI_TB,2023,2,TB,CHI,1.0,0.7387496227851418
2023_02_LAC_TEN,2023,2,TEN,LAC,1.0,0.45281612953796346
2023_02_NYG_ARI,2023,2,ARI,NYG,0.0,0.6350899998749283
2023_02_SF_LA,2023,2,LA,SF,0.0,0.5052290909146756
2023_02_NYJ_DAL,2023,2,DAL,NYJ,1.0,0.8075682837523634
2023_02_WAS_DEN,2023,2,DEN,WAS,0.0,0.5630130163287044
2023_02_MIA_NE,2023,2,NE,MIA,0.0,0.5045628378642681
2023_02_NO_CAR,2023,2,CAR,NO,0.0,0.4284892201621195
2023_02_CLE_PIT,2023,2,PIT,CLE,1.0,0.46185915332010724
2023_03_NYG_SF,2023,3,SF,NYG,1.0,0.8360898972900541
2023_03_IND_BAL,2023,3,BAL,IND,0.0,0.7818270174223799
2023_03_TEN_CLE,2023,3,CLE,TEN,1.0,0.6348030476551124
2023_03_ATL_DET,2023,3,DET,ATL,1.0,0.5906422921400284
2023_03_NO_GB,2023,3,GB,NO,1.0,0.6545121096377987
2023_03_HOU_JAX,2023,3,JAX,HOU,0.0,0.7472901244322738
2023_03_DEN_MIA,2023,3,MIA,DEN,1.0,0.6733480849472403
2023_03_LAC_MIN,2023,3,MIN,LAC,0.0,0.5192743085913664
2023_03_NE_NYJ,2023,3,NYJ,NE,0.0,0.4767292890009007
2023_03_BUF_WAS,2023,3,WAS,BUF,0.0,0.40070202627785506
2023_03_CAR_SEA,2023,3,SEA,CAR,1.0,0.6254503389771643
2023_03_DAL_ARI,2023,3,ARI,DAL,1.0,0.3302393148930657
2023_03_CHI_KC,2023,3,KC,CHI,1.0,0.8818312252643566
2023_03_PIT_LV,2023,3,LV,PIT,0.0,0.6182230692104271
2023_03_PHI_TB,2023,3,TB,PHI,0.0,0.5586629761116017
2023_03_LA_CIN,2023,3,CIN,LA,1.0,0.5632826463052905
2023_04_DET_GB,2023,4,GB,DET,0.0,0.5874106618351169
2023_04_ATL_JAX,2023,4,JAX,ATL,1.0,0.6072458092748132
2023_04_MIA_BUF,2023,4,BUF,MIA,1.0,0.6398076113000217
2023_04_MIN_CAR,2023,4,CAR,MIN,0.0,0.4355276653516618
2023_04_DEN_CHI,2023,4,CHI,DEN,0.0,0.4915632922736551
2023_04_BAL_CLE,2023,4,CLE,BAL,0.0,0.5343192358926454
2023_04_PIT_HOU,2023,4,HOU,PIT,1.0,0.5677792565082984
2023_04_LA_IND,2023,4,IND,LA,0.0,0.5844174807130166
2023_04_TB_NO,2023,4,NO,TB,0.0,0.5719050354642239
2023_04_WAS_PHI,2023,4,PHI,WAS,1.0,0.8085054618464554
2023_04_CIN_TEN,2023,4,TEN,CIN,1.0,0.3809440262952686
2023_04_LV_LAC,2023,4,LAC,LV,1.0,0.6681316637046313
2023_04_NE_DAL,2023,4,DAL,NE,1.0,0.7538756084837911
2023_04_ARI_SF,2023,4,SF,ARI,1.0,0.8067877172685928
2023_04_KC_NYJ,2023,4,NYJ,KC,0.0,0.3073231372305754
2023_04_SEA_NYG,2023,4,NYG,SEA,0.0,0.3978174787349671
2023_05_CHI_WAS,2023,5,WAS,CHI,0.0,0.7121995437742789
2023_05_JAX_BUF,2023,5,BUF,JAX,0.0,0.8186190608103133
2023_05_HOU_ATL,2023,5,ATL,HOU,1.0,0.5587022247134468
2023_05_CAR_DET,2023,5,DET,CAR,1.0,0.8006070223700156
2023_05_TEN_IND,2023,5,IND,TEN,1.0,0.5625409775410066
2023_05_NYG_MIA,2023,5,MIA,NYG,1.0,0.7764291274798953
2023_05_NO_NE,2023,5,NE,NO,0.0,0.6008805866485614
2023_05_BAL_PIT,2023,5,PIT,BAL,1.0,0.35045830692555646
2023_05_CIN_ARI,2023,5,ARI,CIN,0.0,0.4865391778638076
2023_05_PHI_LA,2023,5,LA,PHI,0.0,0.46424603719255025
2023_05_NYJ_DEN,2023,5,DEN,NYJ,0.0,0.6121401627498437
2023_05_KC_MIN,2023,5,MIN,KC,0.0,0.39379964095822984
2023_05_DAL_SF,2023,5,SF,DAL,1.0,0.7053164354329257
2023_05_GB_LV,2023,5,LV,GB,1.0,0.43826697421218724
2023_06_DEN_KC,2023,6,KC,DEN,1.0,0.9044940096446262
2023_06_BAL_TEN,2023,6,TEN,BAL,0.0,0.4544799818629787
2023_06_WAS_ATL,2023,6,ATL,WAS,0.0,0.598056843646459
2023_06_MIN_CHI,2023,6,CHI,MIN,0.0,0.3242918014978424
2023_06_SEA_CIN,2023,6,CIN,SEA,1.0,0.5563401352193756
2023_06_SF_CLE,2023,6,CLE,SF,1.0,0.25963811014360455
2023_06_NO_HOU,2023,6,HOU,NO,1.0,0.6243438046443025
2023_06_IND_JAX,2023,6,JAX,IND,1.0,0.5412767883134364
2023_06_CAR_MIA,2023,6,MIA,CAR,1.0,0.8159837548727015
2023_06_NE_LV,2023,6,LV,NE,1.0,0.7160231116521614
2023_06_ARI_LA,2023,6,LA,ARI,1.0,0.6246599011948158
2023_06_PHI_NYJ,2023,6,NYJ,PHI,1.0,0.31930702359861524
2023_06_DET_TB,2023,6,TB,DET,0.0,0.5954564978813432
2023_06_NYG_BUF,2023,6,BUF,NYG,1.0,0.8773672735608021
2023_06_DAL_LAC,2023,6,LAC,DAL,0.0,0.4988050554493651
2023_07_JAX_NO,2023,7,NO,JAX,0.0,0.5934147195921993
2023_07_DET_BAL,2023,7,BAL,DET,1.0,0.6317424139795893
2023_07_LV_CHI,2023,7,CHI,LV,1.0,0.4795788051763456
2023_07_CLE_IND,2023,7,IND,CLE,0.0,0.5215584050896381
2023_07_BUF_NE,2023,7,NE,BUF,1.0,0.27536374681240333
2023_07_WAS_NYG,2023,7,NYG,WAS,1.0,0.43196858801973625
2023_07_ATL_TB,2023,7,TB,ATL,0.0,0.6730990098988255
2023_07_PIT_LA,2023,7,LA,PIT,0.0,0.6132093271107567
2023_07_ARI_SEA,2023,7,SEA,ARI,1.0,0.7385978318841085
2023_07_GB_DEN,2023,7,DEN,GB,1.0,0.3966216493118776
2023_07_LAC_KC,2023,7,KC,LAC,1.0,0.8362915253742662
2023_07_MIA_PHI,2023,7,PHI,MIA,1.0,0.5934054867058548
2023_07_SF_MIN,2023,7,MIN,SF,1.0,0.33906745982112396
2023_08_TB_BUF,2023,8,BUF,TB,1.0,0.774259917779417
2023_08_HOU_CAR,2023,8,CAR,HOU,1.0,0.4159986590798323
2023_08_LA_DAL,2023,8,DAL,LA,1.0,0.7048775106685173
2023_08_MIN_GB,2023,8,GB,MIN,0.0,0.443573475125718
2023_08_NO_IND,2023,8,IND,NO,0.0,0.45565994062548
2023_08_NE_MIA,2023,8,MIA,NE,1.0,0.7812460308431397
2023_08_NYJ_NYG,2023,8,NYG,NYJ,0.0,0.4670862083888119
2023_08_JAX_PIT,2023,8,PIT,JAX,0.0,0.6177937319236599
2023_08_ATL_TEN,2023,8,TEN,ATL,1.0,0.6040545441847518
2023_08_PHI_WAS,2023,8,WAS,PHI,0.0,0.2807217864021638
2023_08_CLE_SEA,2023,8,SEA,CLE,1.0,0.6357951369463994
2023_08_BAL_ARI,2023,8,ARI,BAL,0.0,0.3033346341805461
2023_08_KC_DEN,2023,8,DEN,KC,1.0,0.2757402780234574
2023_08_CIN_SF,2023,8,SF,CIN,0.0,0.7048416912182419
2023_08_CHI_LAC,2023,8,LAC,CHI,1.0,0.6335173059875141
2023_08_LV_DET,2023,8,DET,LV,1.0,0.6790913158802624
2023_09_TEN_PIT,2023,9,PIT,TEN,1.0,0.5991867785868381
2023_09_MIA_KC,2023,9,KC,MIA,1.0,0.6823522871757061
2023_09_MIN_ATL,2023,9,ATL,MIN,0.0,0.4593036591928705
2023_09_SEA_BAL,2023,9,BAL,SEA,1.0,0.6951186705805854
2023_09_ARI_CLE,2023,9,CLE,ARI,1.0,0.6873773852390366
2023_09_LA_GB,2023,9,GB,LA,1.0,0.563846648732213
2023_09_TB_HOU,2023,9,HOU,TB,1.0,0.6010257324928612
2023_09_WAS_NE,2023,9,NE,WAS,0.0,0.5491442722077119
2023_09_CHI_NO,2023,9,NO,CHI,1.0,0.6828802934996551
2023_09_IND_CAR,2023,9,CAR,IND,0.0,0.5387289347799301
2023_09_NYG_LV,2023,9,LV,NYG,1.0,0.6370015758811789
2023_09_DAL_PHI,2023,9,PHI,DAL,1.0,0.5909872730263855
2023_09_BUF_CIN,2023,9,CIN,BUF,1.0,0.5246990060305076
2023_09_LAC_NYJ,2023,9,NYJ,LAC,0.0,0.515668858835314
2023_10_CAR_CHI,2023,10,CHI,CAR,1.0,0.6110733985934427
2023_10_IND_NE,2023,10,NE,IND,0.0,0.5306793675085624
2023_10_CLE_BAL,2023,10,BAL,CLE,0.0,0.761849320000627
2023_10_HOU_CIN,2023,10,CIN,HOU,0.0,0.7918523615935721
2023_10_SF_JAX,2023,10,JAX,SF,0.0,0.49803850578743614
2023_10_NO_MIN,2023,10,MIN,NO,1.0,0.5731571655387943
2023_10_GB_PIT,2023,10,PIT,GB,1.0,0.6008363405549215
2023_10_TEN_TB,2023,10,TB,TEN,1.0,0.6091143265488483
2023_10_ATL_ARI,2023,10,ARI,ATL,1.0,0.3777194888997513
2023_10_DET_LAC,2023,10,LAC,DET,0.0,0.5636150637775561
2023_10_NYG_DAL,2023,10,DAL,NYG,1.0,0.8455618897506433
2023_10_WAS_SEA,2023,10,SEA,WAS,1.0,0.7184298872875674
2023_10_NYJ_LV,2023,10,LV,NYJ,1.0,0.6718547031622634
2023_10_DEN_BUF,2023,10,BUF,DEN,0.0,0.8139608550718416
2023_11_CIN_BAL,2023,11,BAL,CIN,1.0,0.622476177490388
2023_11_DAL_CAR,2023,11,CAR,DAL,0.0,0.2906519704580892
2023_11_PIT_CLE,2023,11,CLE,PIT,1.0,0.5966849820891635
2023_11_CHI_DET,2023,11,DET,CHI,1.0,0.7581910812804286
2023_11_LAC_GB,2023,11,GB,LAC,1.0,0.4644174354367484
2023_11_ARI_HOU,2023,11,HOU,ARI,1.0,0.7332712348881096
2023_11_TEN_JAX,2023,11,JAX,TEN,1.0,0.7515756326538309
2023_11_LV_MIA,2023,11,MIA,LV,1.0,0.7042592356211943
2023_11_NYG_WAS,2023,11,WAS,NYG,0.0,0.6645202212292298
2023_11_TB_SF,2023,11,SF,TB,1.0,0.8002627141533305
2023_11_NYJ_BUF,2023,11,BUF,NYJ,1.0,0.7858779193917289
2023_11_SEA_LA,2023,11,LA,SEA,1.0,0.4364756601619619
2023_11_MIN_DEN,2023,11,DEN,MIN,1.0,0.3891280298546614
2023_11_PHI_KC,2023,11,KC,PHI,0.0,0.690453422794404
2023_12_GB_DET,2023,12,DET,GB,0.0,0.7528085128904727
2023_12_WAS_DAL,2023,12,DAL,WAS,1.0,0.8154167338860395
2023_12_SF_SEA,2023,12,SEA,SF,0.0,0.3062267141479521
2023_12_MIA_NYJ,2023,12,NYJ,MIA,0.0,0.36145812380487774
2023_12_NO_ATL,2023,12,ATL,NO,1.0,0.48053773056217514
2023_12_PIT_CIN,2023,12,CIN,PIT,0.0,0.6444767734838217
2023_12_JAX_HOU,2023,12,HOU,JAX,0.0,0.5380369166699591
2023_12_TB_IND,2023,12,IND,TB,1.0,0.5514967393707066
2023_12_NE_NYG,2023,12,NYG,NE,1.0,0.5731532305613644
2023_12_CAR_TEN,2023,12,TEN,CAR,1.0,0.6903964100695785
2023_12_LA_ARI,2023,12,ARI,LA,0.0,0.3922612791964722
2023_12_CLE_DEN,2023,12,DEN,CLE,1.0,0.546708508953268
2023_12_KC_LV,2023,12,LV,KC,0.0,0.35529231117957827
2023_12_BUF_PHI,2023,12,PHI,BUF,1.0,0.5808152890167756
2023_12_BAL_LAC,2023,12,LAC,BAL,0.0,0.46734343011304913
2023_12_CHI_MIN,2023,12,MIN,CHI,0.0,0.7634317561197852
2023_13_SEA_DAL,2023,13,DAL,SEA,1.0,0.7917295667523984
2023_13_DEN_HOU,2023,13,HOU,DEN,1.0,0.5539875639454133
2023_13_LAC_NE,2023,13,NE,LAC,0.0,0.41996128681278344
2023_13_DET_NO,2023,13,NO,DET,0.0,0.49599425484537885
2023_13_ATL_NYJ,2023,13,NYJ,ATL,0.0,0.4821833085574179
2023_13_ARI_PIT,2023,13,PIT,ARI,0.0,0.84067730385551
2023_13_IND_TEN,2023,13,TEN,IND,0.0,0.5236151727965911
2023_13_MIA_WAS,2023,13,WAS,MIA,0.0,0.33215158091845376
2023_13_CAR_TB,2023,13,TB,CAR,1.0,0.7573032344175253
2023_13_CLE_LA,2023,13,LA,CLE,1.0,0.508700046219961
2023_13_SF_PHI,2023,13,PHI,SF,0.0,0.527625554338205
2023_13_KC_GB,2023,13,GB,KC,1.0,0.44190015247481196
2023_13_CIN_JAX,2023,13,JAX,CIN,0.0,0.6216381567957672
2023_14_NE_PIT,2023,14,PIT,NE,0.0,0.6963415727804293
2023_14_TB_ATL,2023,14,ATL,TB,0.0,0.5794907340371434
2023_14_LA_BAL,2023,14,BAL,LA,1.0,0.793549928124304
2023_14_DET_CHI,2023,14,CHI,DET,1.0,0.32479510996789396
2023_14_IND_CIN,2023,14,CIN,IND,1.0,0.6774894092108068
2023_14_JAX_CLE,2023,14,CLE,JAX,1.0,0.4900345303129764
2023_14_CAR_NO,2023,14,NO,CAR,1.0,0.7408276800088076
2023_14_HOU_NYJ,2023,14,NYJ,HOU,1.0,0.3803459582150844
2023_14_MIN_LV,2023,14,LV,MIN,0.0,0.428573408273396
2023_14_SEA_SF,2023,14,SF,SEA,1.0,0.8352941469328578
2023_14_BUF_KC,2023,14,KC,BUF,0.0,0.6352792988419844
2023_14_DEN_LAC,2023,14,LAC,DEN,0.0,0.5950604297792259
2023_14_PHI_DAL,2023,14,DAL,PHI,1.0,0.6440168601781464
2023_14_TEN_MIA,2023,14,MIA,TEN,0.0,0.8314274521471581
2023_14_GB_NYG,2023,14,NYG,GB,1.0,0.31521283123887117
2023_15_LAC_LV,2023,15,LV,LAC,1.0,0.45708321939584057
2023_15_MIN_CIN,2023,15,CIN,MIN,1.0,0.561773543664938
2023_15_PIT_IND,2023,15,IND,PIT,1.0,0.6154957549399583
2023_15_DEN_DET,2023,15,DET,DEN,1.0,0.585217107050087
2023_15_ATL_CAR,2023,15,CAR,ATL,1.0,0.3608638335175646
2023_15_CHI_CLE,2023,15,CLE,CHI,1.0,0.6677212097678771
2023_15_TB_GB,2023,15,GB,TB,0.0,0.623633067337359
2023_15_NYJ_MIA,2023,15,MIA,NYJ,1.0,0.8029297732120924
2023_15_KC_NE,2023,15,NE,KC,0.0,0.30753815482061364
2023_15_NYG_NO,2023,15,NO,NYG,1.0,0.6718911125232531
2023_15_HOU_TEN,2023,15,TEN,HOU,0.0,0.5373467595291065
2023_15_SF_ARI,2023,15,ARI,SF,0.0,0.2673378135308926
2023_15_WAS_LA,2023,15,LA,WAS,1.0,0.7970766468083338
2023_15_DAL_BUF,2023,15,BUF,DAL,1.0,0.6029546288321773
2023_15_BAL_JAX,2023,15,JAX,BAL,0.0,0.4347723053822531
2023_15_PHI_SEA,2023,15,SEA,PHI,1.0,0.4101262630850742
2023_16_NO_LA,2023,16,LA,NO,1.0,0.6149465627174789
2023_16_CIN_PIT,2023,16,PIT,CIN,1.0,0.3661005079622707
2023_16_BUF_LAC,2023,16,LAC,BUF,0.0,0.23049480298017008
2023_16_IND_ATL,2023,16,ATL,IND,1.0,0.490324583731376
2023_16_GB_CAR,2023,16,CAR,GB,0.0,0.3204792444261925
2023_16_CLE_HOU,2023,16,HOU,CLE,0.0,0.4848755215140769
2023_16_DET_MIN,2023,16,MIN,DET,0.0,0.554821939837063
2023_16_WAS_NYJ,2023,16,NYJ,WAS,1.0,0.456807851464378
2023_16_SEA_TEN,2023,16,TEN,SEA,0.0,0.5241302206379219
2023_16_JAX_TB,2023,16,TB,JAX,1.0,0.5981081629344914
2023_16_ARI_CHI,2023,16,CHI,ARI,1.0,0.5946591680489909
2023_16_DAL_MIA,2023,16,MIA,DAL,1.0,0.6045936310720504
2023_16_NE_DEN,2023,16,DEN,NE,0.0,0.7692843907912146
2023_16_LV_KC,2023,16,KC,LV,0.0,0.783724022927138
2023_16_NYG_PHI,2023,16,PHI,NYG,1.0,0.8458663256841082
2023_16_BAL_SF,2023,16,SF,BAL,0.0,0.7198575084902623
2023_17_NYJ_CLE,2023,17,CLE,NYJ,1.0,0.7339865035113714
2023_17_DET_DAL,2023,17,DAL,DET,1.0,0.6522972284546005
2023_17_MIA_BAL,2023,17,BAL,MIA,1.0,0.6704449554109206
2023_17_NE_BUF,2023,17,BUF,NE,1.0,0.8533691821814217
2023_17_ATL_CHI,2023,17,CHI,ATL,1.0,0.5849986862160357
2023_17_TEN_HOU,2023,17,HOU,TEN,1.0,0.5759346019233011
2023_17_LV_IND,2023,17,IND,LV,1.0,0.5796169380188989
2023_17_CAR_JAX,2023,17,JAX,CAR,1.0,0.685875674026664
2023_17_LA_NYG,2023,17,NYG,LA,0.0,0.36930827699978197
2023_17_ARI_PHI,2023,17,PHI,ARI,0.0,0.8414523249859402
2023_17_NO_TB,2023,17,TB,NO,0.0,0.6597179534017743
2023_17_SF_WAS,2023,17,WAS,SF,0.0,0.3013588662852162
2023_17_PIT_SEA,2023,17,SEA,PIT,0.0,0.6504903012236132
2023_17_LAC_DEN,2023,17,DEN,LAC,1.0,0.5681217247789524
2023_17_CIN_KC,2023,17,KC,CIN,1.0,0.6425539068021554
2023_17_GB_MIN,2023,17,MIN,GB,0.0,0.5289718835439808
2023_18_PIT_BAL,2023,18,BAL,PIT,0.0,0.762529759055804
2023_18_HOU_IND,2023,18,IND,HOU,0.0,0.5876224767212541
2023_18_TB_CAR,2023,18,CAR,TB,0.0,0.27707717342086785
2023_18_CLE_CIN,2023,18,CIN,CLE,1.0,0.5930036430455801
2023_18_MIN_DET,2023,18,DET,MIN,1.0,0.6902201769404798
2023_18_NYJ_NE,2023,18,NE,NYJ,0.0,0.6167013134695867
2023_18_ATL_NO,2023,18,NO,ATL,1.0,0.6968471802432455
2023_18_JAX_TEN,2023,18,TEN,JAX,1.0,0.3833983589553753
2023_18_SEA_ARI,2023,18,ARI,SEA,0.0,0.45620889254947855
2023_18_CHI_GB,2023,18,GB,CHI,1.0,0.6375187356990357
2023_18_KC_LAC,2023,18,LAC,KC,0.0,0.29190465288130607
2023_18_DEN_LV,2023,18,LV,DEN,1.0,0.59736908646903
2023_18_PHI_NYG,2023,18,NYG,PHI,1.0,0.2797541696261164
2023_18_LA_SF,2023,18,SF,LA,0.0,0.6036396604705067
2023_18_DAL_WAS,2023,18,WAS,DAL,0.0,0.28000033063002305
2023_18_BUF_MIA,2023,18,MIA,BUF,0.0,0.5309605323570766
2024_01_BAL_KC,2024,1,KC,BAL,1.0,0.5776809684088406
2024_01_GB_PHI,2024,1,PHI,GB,1.0,0.5238618702760242
2024_01_PIT_ATL,2024,1,ATL,PIT,0.0,0.5197782621537209
2024_01_ARI_BUF,2024,1,BUF,ARI,1.0,0.8185185421342523
2024_01_TEN_CHI,2024,1,CHI,TEN,1.0,0.6142198993118306
2024_01_NE_CIN,2024,1,CIN,NE,0.0,0.740446150739369
2024_01_HOU_IND,2024,1,IND,HOU,0.0,0.5371076349163324
2024_01_JAX_MIA,2024,1,MIA,JAX,1.0,0.6751201587390464
2024_01_CAR_NO,2024,1,NO,CAR,1.0,0.7440714049436838
2024_01_MIN_NYG,2024,1,NYG,MIN,0.0,0.5493400906335553
2024_01_LV_LAC,2024,1,LAC,LV,1.0,0.49081740690243236
2024_01_DEN_SEA,2024,1,SEA,DEN,1.0,0.5926758598423146
2024_01_DAL_CLE,2024,1,CLE,DAL,0.0,0.45954328901318403
2024_01_WAS_TB,2024,1,TB,WAS,1.0,0.7341575544860617
2024_01_LA_DET,2024,1,DET,LA,1.0,0.6153631455323131
2024_01_NYJ_SF,2024,1,SF,NYJ,1.0,0.799982189680038
2024_02_BUF_MIA,2024,2,MIA,BUF,0.0,0.4674079139708012
2024_02_LV_BAL,2024,2,BAL,LV,0.0,0.7654341488111538
2024_02_LAC_CAR,2024,2,CAR,LAC,0.0,0.3898035684159387
2024_02_NO_DAL,2024,2,DAL,NO,0.0,0.7223070323477986
2024_02_TB_DET,2024,2,DET,TB,0.0,0.6362238190633097
2024_02_IND_GB,2024,2,GB,IND,1.0,0.5809847408026405
2024_02_CLE_JAX,2024,2,JAX,CLE,0.0,0.5937031988236954
2024_02_SF_MIN,2024,2,MIN,SF,1.0,0.4626845150858948
2024_02_SEA_NE,2024,2,NE,SEA,0.0,0.5780539653445111
2024_02_NYJ_TEN,2024,2,TEN,NYJ,0.0,0.48480215848715963
2024_02_NYG_WAS,2024,2,WAS,NYG,1.0,0.5249064920357238
2024_02_LA_ARI,2024,2,ARI,LA,1.0,0.4813122110667426
2024_02_PIT_DEN,2024,2,DEN,PIT,0.0,0.4553327300986423
2024_02_CIN_KC,2024,2,KC,CIN,1.0,0.7247859832934226
2024_02_CHI_HOU,2024,2,HOU,CHI,1.0,0.619809095466374
2024_02_ATL_PHI,2024,2,PHI,ATL,0.0,0.6959294821147012
2024_03_NE_NYJ,2024,3,NYJ,NE,1.0,0.620959684023459
2024_03_NYG_CLE,2024,3,CLE,NYG,0.0,0.7272448045105312
2024_03_CHI_IND,2024,3,IND,CHI,1.0,0.5923220092060419
2024_03_HOU_MIN,2024,3,MIN,HOU,1.0,0.5868461845570477
2024_03_PHI_NO,2024,3,NO,PHI,0.0,0.6532847002257368
2024_03_LAC_PIT,2024,3,PIT,LAC,1.0,0.5651613337686203
2024_03_DEN_TB,2024,3,TB,DEN,0.0,0.7679032795881873
2024_03_GB_TEN,2024,3,TEN,GB,0.0,0.42992740220197145
2024_03_CAR_LV,2024,3,LV,CAR,0.0,0.7841385213457778
2024_03_MIA_SEA,2024,3,SEA,MIA,1.0,0.615688666467233
2024_03_DET_ARI,2024,3,ARI,DET,0.0,0.5221365104418626
2024_03_BAL_DAL,2024,3,DAL,BAL,0.0,0.5369258364702854
2024_03_SF_LA,2024,3,LA,SF,1.0,0.3382375102848132
2024_03_KC_ATL,2024,3,ATL,KC,0.0,0.3979186451914751
2024_03_JAX_BUF,2024,3,BUF,JAX,1.0,0.8049421358973669
2024_03_WAS_CIN,2024,3,CIN,WAS,0.0,0.654913412138303
2024_04_DAL_NYG,2024,4,NYG,DAL,0.0,0.426918637486529
2024_04_NO_ATL,2024,4,ATL,NO,1.0,0.4353682040396763
2024_04_CIN_CAR,2024,4,CAR,CIN,0.0,0.34846050905161374
2024_04_LA_CHI,2024,4,CHI,LA,1.0,0.5208487631643981
2024_04_MIN_GB,2024,4,GB,MIN,0.0,0.5482132958256729
2024_04_JAX_HOU,2024,4,HOU,JAX,1.0,0.5889839964074355
2024_04_PIT_IND,2024,4,IND,PIT,1.0,0.5033441094261928
2024_04_DEN_NYJ,2024,4,NYJ,DEN,0.0,0.6622022747374765
2024_04_PHI_TB,2024,4,TB,PHI,1.0,0.48509093304382134
2024_04_WAS_ARI,2024,4,ARI,WAS,0.0,0.5779955395009155
2024_04_NE_SF,2024,4,SF,NE,1.0,0.8092981985949671
2024_04_KC_LAC,2024,4,LAC,KC,0.0,0.4224303957914777
2024_04_CLE_LV,2024,4,LV,CLE,1.0,0.5593742685646745
2024_04_BUF_BAL,2024,4,BAL,BUF,1.0,0.4737230938149673
2024_04_TEN_MIA,2024,4,MIA,TEN,0.0,0.697939412910004
2024_04_SEA_DET,2024,4,DET,SEA,1.0,0.6298198557715733
2024_05_TB_ATL,2024,5,ATL,TB,1.0,0.4939188105399411
2024_05_NYJ_MIN,2024,5,MIN,NYJ,1.0,0.6110476680783602
2024_05_CAR_CHI,2024,5,CHI,CAR,1.0,0.7313198123755896
2024_05_BAL_CIN,2024,5,CIN,BAL,0.0,0.4662541141337502
2024_05_BUF_HOU,2024,5,HOU,BUF,1.0,0.44827655472462447
2024_05_IND_JAX,2024,5,JAX,IND,1.0,0.5309820129073964
2024_05_MIA_NE,2024,5,NE,MIA,0.0,0.48600985100373234
2024_05_CLE_WAS,2024,5,WAS,CLE,1.0,0.6392643315893469
2024_05_LV_DEN,2024,5,DEN,LV,1.0,0.5969909169271027
2024_05_ARI_SF,2024,5,SF,ARI,0.0,0.7821319512150547
2024_05_GB_LA,2024,5,LA,GB,0.0,0.45414901564960336
2024_05_NYG_SEA,2024,5,SEA,NYG,0.0,0.7471672035725467
2024_05_DAL_PIT,2024,5,PIT,DAL,0.0,0.5747053342590317
2024_05_NO_KC,2024,5,KC,NO,1.0,0.6381942662778333
2024_06_SF_SEA,2024,6,SEA,SF,0.0,0.43212582443700287
2024_06_JAX_CHI,2024,6,CHI,JAX,1.0,0.6173524956023871
2024_06_WAS_BAL,2024,6,BAL,WAS,1.0,0.7508713894788456
2024_06_ARI_GB,2024,6,GB,ARI,1.0,0.672349924210881
2024_06_HOU_NE,2024,6,NE,HOU,0.0,0.4164966208684005
2024_06_TB_NO,2024,6,NO,TB,0.0,0.6156180944068858
2024_06_CLE_PHI,2024,6,PHI,CLE,1.0,0.6903812370093255
2024_06_IND_TEN,2024,6,TEN,IND,0.0,0.5471775917035127
2024_06_LAC_DEN,2024,6,DEN,LAC,0.0,0.64987880151643
2024_06_PIT_LV,2024,6,LV,PIT,0.0,0.4529483714827726
2024_06_ATL_CAR,2024,6,CAR,ATL,0.0,0.4118373391040964
2024_06_DET_DAL,2024,6,DAL,DET,0.0,0.5751375605715702
2024_06_CIN_NYG,2024,6,NYG,CIN,0.0,0.5020589251739875
2024_06_BUF_NYJ,2024,6,NYJ,BUF,0.0,0.47554238248347164
2024_07_DEN_NO,2024,7,NO,DEN,0.0,0.5883906095466847
2024_07_NE_JAX,2024,7,JAX,NE,1.0,0.6391677466695859
2024_07_SEA_ATL,2024,7,ATL,SEA,0.0,0.6203858319072101
2024_07_TEN_BUF,2024,7,BUF,TEN,1.0,0.833961091360892
2024_07_CIN_CLE,2024,7,CLE,CIN,0.0,0.3998769069993038
2024_07_HOU_GB,2024,7,GB,HOU,1.0,0.6367296528276883
2024_07_MIA_IND,2024,7,IND,MIA,1.0,0.6260755909312351
2024_07_DET_MIN,2024,7,MIN,DET,0.0,0.5586235889251369
2024_07_PHI_NYG,2024,7,NYG,PHI,0.0,0.4815676686543279
2024_07_LV_LA,2024,7,LA,LV,1.0,0.6084227790170135
2024_07_CAR_WAS,2024,7,WAS,CAR,1.0,0.70525487938302
2024_07_KC_SF,2024,7,SF,KC,0.0,0.6087866003561525
2024_07_NYJ_PIT,2024,7,PIT,NYJ,1.0,0.7198894856602233
2024_07_BAL_TB,2024,7,TB,BAL,0.0,0.459062918894296
2024_07_LAC_ARI,2024,7,ARI,LAC,1.0,0.40111509716259514
2024_08_MIN_LA,2024,8,LA,MIN,1.0,0.49107969765243176
2024_08_PHI_CIN,2024,8,CIN,PHI,0.0,0.591329299964375
2024_08_BAL_CLE,2024,8,CLE,BAL,1.0,0.307711626194594
2024_08_TEN_DET,2024,8,DET,TEN,1.0,0.820868196540725
2024_08_IND_HOU,2024,8,HOU,IND,1.0,0.631170491584624
2024_08_GB_JAX,2024,8,JAX,GB,0.0,0.3897260080365432
2024_08_ARI_MIA,2024,8,MIA,ARI,0.0,0.523396281904135
2024_08_NYJ_NE,2024,8,NE,NYJ,1.0,0.3855030310434165
2024_08_ATL_TB,2024,8,TB,ATL,0.0,0.6025536213323759
2024_08_NO_LAC,2024,8,LAC,NO,1.0,0.6095409296238163
2024_08_BUF_SEA,2024,8,SEA,BUF,0.0,0.44053653245114327
2024_08_CAR_DEN,2024,8,DEN,CAR,1.0,0.7896618136472905
2024_08_KC_LV,2024,8,LV,KC,0.0,0.2797086106485434
2024_08_CHI_WAS,2024,8,WAS,CHI,1.0,0.6426137377270872
2024_08_DAL_SF,2024,8,SF,DAL,1.0,0.6437952094419656
2024_08_NYG_PIT,2024,8,PIT,NYG,1.0,0.8147648153476478
2024_09_HOU_NYJ,2024,9,NYJ,HOU,1.0,0.49690771902748887
2024_09_DAL_ATL,2024,9,ATL,DAL,1.0,0.45066063716915306
2024_09_DEN_BAL,2024,9,BAL,DEN,1.0,0.7216987370893061
2024_09_MIA_BUF,2024,9,BUF,MIA,1.0,0.8182976656652463
2024_09_NO_CAR,2024,9,CAR,NO,1.0,0.4062910012492449
2024_09_LV_CIN,2024,9,CIN,LV,1.0,0.7310480089507948
2024_09_LAC_CLE,2024,9,CLE,LAC,0.0,0.4776732093299883
2024_09_WAS_NYG,2024,9,NYG,WAS,0.0,0.42279087041364277
2024_09_NE_TEN,2024,9,TEN,NE,1.0,0.5413166472817734
2024_09_CHI_ARI,2024,9,ARI,CHI,1.0,0.46525033408738564
2024_09_JAX_PHI,2024,9,PHI,JAX,1.0,0.692924017076795
2024_09_DET_GB,2024,9,GB,DET,0.0,0.47909893825723904
2024_09_LA_SEA,2024,9,SEA,LA,0.0,0.5167126149369995
2024_09_IND_MIN,2024,9,MIN,IND,1.0,0.6049094145706928
2024_09_TB_KC,2024,9,KC,TB,1.0,0.6837331734457768
2024_10_CIN_BAL,2024,10,BAL,CIN,1.0,0.7308571088330638
2024_10_NYG_CAR,2024,10,CAR,NYG,1.0,0.4574978617156567
2024_10_NE_CHI,2024,10,CHI,NE,0.0,0.7313133582584823
2024_10_BUF_IND,2024,10,IND,BUF,0.0,0.265512542044547
2024_10_MIN_JAX,2024,10,JAX,MIN,0.0,0.42588103298977675
2024_10_DEN_KC,2024,10,KC,DEN,1.0,0.7161609237229766
2024_10_ATL_NO,2024,10,NO,ATL,1.0,0.3848426872071644
2024_10_SF_TB,2024,10,TB,SF,0.0,0.45358274164000373
2024_10_PIT_WAS,2024,10,WAS,PIT,0.0,0.5645559984442106
2024_10_TEN_LAC,2024,10,LAC,TEN,1.0,0.7792465725214937
2024_10_NYJ_ARI,2024,10,ARI,NYJ,1.0,0.5281709082930726
2024_10_PHI_DAL,2024,10,DAL,PHI,0.0,0.41323217357770026
2024_10_DET_HOU,2024,10,HOU,DET,0.0,0.4436031677838266
2024_10_MIA_LA,2024,10,LA,MIA,0.0,0.5671688430624994
2024_11_WAS_PHI,2024,11,PHI,WAS,1.0,0.7139905848141905
2024_11_GB_CHI,2024,11,CHI,GB,0.0,0.3820609240988624
2024_11_JAX_DET,2024,11,DET,JAX,1.0,0.8196075781750601
2024_11_LV_MIA,2024,11,MIA,LV,1.0,0.7198435122516822
2024_11_LA_NE,2024,11,NE,LA,0.0,0.535771932995641
2024_11_CLE_NO,2024,11,NO,CLE,1.0,0.5518742838966002
2024_11_IND_NYJ,2024,11,NYJ,IND,0.0,0.593136130061338
2024_11_BAL_PIT,2024,11,PIT,BAL,1.0,0.4043452050922979
2024_11_MIN_TEN,2024,11,TEN,MIN,0.0,0.3107602792811533
2024_11_ATL_DEN,2024,11,DEN,ATL,1.0,0.5502826204761413
2024_11_SEA_SF,2024,11,SF,SEA,0.0,0.77983936030191
2024_11_KC_BUF,2024,11,BUF,KC,1.0,0.5739517166677016
2024_11_CIN_LAC,2024,11,LAC,CIN,1.0,0.5792787320338891
2024_11_HOU_DAL,2024,11,DAL,HOU,0.0,0.49195724578706734
2024_12_PIT_CLE,2024,12,CLE,PIT,1.0,0.341068725162881
2024_12_KC_CAR,2024,12,CAR,KC,0.0,0.28062163422093295
2024_12_MIN_CHI,2024,12,CHI,MIN,0.0,0.35989399944976763
2024_12_TEN_HOU,2024,12,HOU,TEN,0.0,0.774218100463147
2024_12_DET_IND,2024,12,IND,DET,0.0,0.28371502804748944
2024_12_NE_MIA,2024,12,MIA,NE,1.0,0.673264542191362
2024_12_TB_NYG,2024,12,NYG,TB,0.0,0.42185861026811305
2024_12_DAL_WAS,2024,12,WAS,DAL,0.0,0.6656136091339603
2024_12_DEN_LV,2024,12,LV,DEN,0.0,0.3518306574338626
2024_12_SF_GB,2024,12,GB,SF,1.0,0.5528574811702849
2024_12_ARI_SEA,2024,12,SEA,ARI,1.0,0.5364659636037546
2024_12_PHI_LA,2024,12,LA,PHI,0.0,0.44835806011547397
2024_12_BAL_LAC,2024,12,LAC,BAL,0.0,0.45223953375303855
2024_13_CHI_DET,2024,13,DET,CHI,1.0,0.848266306067887
2024_13_NYG_DAL,2024,13,DAL,NYG,1.0,0.6058822429287731
2024_13_MIA_GB,2024,13,GB,MIA,1.0,0.6407283410255072
2024_13_LV_KC,2024,13,KC,LV,1.0,0.8481905209143206
2024_13_LAC_ATL,2024,13,ATL,LAC,0.0,0.5168959115757098
2024_13_PIT_CIN,2024,13,CIN,PIT,0.0,0.5334598678983895
2024_13_HOU_JAX,2024,13,JAX,HOU,0.0,0.3770395212283288
2024_13_ARI_MIN,2024,13,MIN,ARI,1.0,0.5331306642147294
2024_13_IND_NE,2024,13,NE,IND,0.0,0.5198170936498359
2024_13_SEA_NYJ,2024,13,NYJ,SEA,0.0,0.5202968601098205
2024_13_TEN_WAS,2024,13,WAS,TEN,1.0,0.6671349562661459
2024_13_TB_CAR,2024,13,CAR,TB,0.0,0.33590237529322653
2024_13_LA_NO,2024,13,NO,LA,0.0,0.5346847422777842
2024_13_PHI_BAL,2024,13,BAL,PHI,0.0,0.6405490773131589
2024_13_SF_BUF,2024,13,BUF,SF,1.0,0.5945969570491614
2024_13_CLE_DEN,2024,13,DEN,CLE,1.0,0.673834611170311
2024_14_GB_DET,2024,14,DET,GB,1.0,0.6025415868252229
2024_14_NYJ_MIA,2024,14,MIA,NYJ,1.0,0.6437849862012767
2024_14_ATL_MIN,2024,14,MIN,ATL,1.0,0.5775820833438384
2024_14_NO_NYG,2024,14,NYG,NO,0.0,0.4281717216448416
2024_14_CAR_PHI,2024,14,PHI,CAR,1.0,0.8128604388690339
2024_14_CLE_PIT,2024,14,PIT,CLE,1.0,0.7847824587923911
2024_14_LV_TB,2024,14,TB,LV,1.0,0.7257143939699746
2024_14_JAX_TEN,2024,14,TEN,JAX,0.0,0.584707450570215
2024_14_SEA_ARI,2024,14,ARI,SEA,0.0,0.5182166591864167
2024_14_BUF_LA,2024,14,LA,BUF,1.0,0.3250945151926893
2024_14_CHI_SF,2024,14,SF,CHI,1.0,0.7510026065631203
2024_14_LAC_KC,2024,14,KC,LAC,1.0,0.7526876334814889
2024_14_CIN_DAL,2024,14,DAL,CIN,0.0,0.4714526458655886
2024_15_LA_SF,2024,15,SF,LA,0.0,0.6115659059967629
2024_15_DAL_CAR,2024,15,CAR,DAL,0.0,0.4579444840715152
2024_15_KC_CLE,2024,15,CLE,KC,0.0,0.285846177619181
2024_15_MIA_HOU,2024,15,HOU,MIA,1.0,0.6041147106202803
2024_15_NYJ_JAX,2024,15,JAX,NYJ,0.0,0.5136455827267358
2024_15_WAS_NO,2024,15,NO,WAS,0.0,0.5591086407730578
2024_15_BAL_NYG,2024,15,NYG,BAL,0.0,0.2942511149584934
2024_15_CIN_TEN,2024,15,TEN,CIN,0.0,0.36974726308871764
2024_15_NE_ARI,2024,15,ARI,NE,1.0,0.6232078225683746
2024_15_IND_DEN,2024,15,DEN,IND,1.0,0.7695051035683117
2024_15_BUF_DET,2024,15,DET,BUF,0.0,0.6388517144965686
2024_15_TB_LAC,2024,15,LAC,TB,0.0,0.5847673087623643
2024_15_PIT_PHI,2024,15,PHI,PIT,1.0,0.6808039254127192
2024_15_GB_SEA,2024,15,SEA,GB,0.0,0.4857235039695845
2024_15_CHI_MIN,2024,15,MIN,CHI,1.0,0.7119628562629198
2024_15_ATL_LV,2024,15,LV,ATL,0.0,0.42791418489585553
2024_16_DEN_LAC,2024,16,LAC,DEN,1.0,0.4368661551520819
2024_16_HOU_KC,2024,16,KC,HOU,1.0,0.7763566296964769
2024_16_PIT_BAL,2024,16,BAL,PIT,1.0,0.6774597634264363
2024_16_NYG_ATL,2024,16,ATL,NYG,1.0,0.7255271124823564
2024_16_ARI_CAR,2024,16,CAR,ARI,1.0,0.38477751977602337
2024_16_DET_CHI,2024,16,CHI,DET,0.0,0.26639331550112716
2024_16_CLE_CIN,2024,16,CIN,CLE,1.0,0.7343517815136322
2024_16_TEN_IND,2024,16,IND,TEN,1.0,0.672322761717269
2024_16_LA_NYJ,2024,16,NYJ,LA,0.0,0.4426040858176389
2024_16_PHI_WAS,2024,16,WAS,PHI,1.0,0.4018275519886017
2024_16_MIN_SEA,2024,16,SEA,MIN,0.0,0.4495794497545385
2024_16_NE_BUF,2024,16,BUF,NE,1.0,0.7935940150335087
2024_16_JAX_LV,2024,16,LV,JAX,1.0,0.5017031780213967
2024_16_SF_MIA,2024,16,MIA,SF,1.0,0.4142251715573222
2024_16_TB_DAL,2024,16,DAL,TB,1.0,0.4522345379140546
2024_16_NO_GB,2024,16,GB,NO,1.0,0.8003800301066324
2024_17_KC_PIT,2024,17,PIT,KC,0.0,0.3865864042607318
2024_17_BAL_HOU,2024,17,HOU,BAL,0.0,0.34065245898619073
2024_17_SEA_CHI,2024,17,CHI,SEA,0.0,0.4064266643370237
2024_17_LAC_NE,2024,17,NE,LAC,0.0,0.38517427606030846
2024_17_DEN_CIN,2024,17,CIN,DEN,1.0,0.6313391157743452
2024_17_ARI_LA,2024,17,LA,ARI,1.0,0.6862997927512245
2024_17_NYJ_BUF,2024,17,BUF,NYJ,1.0,0.7374136188686813
2024_17_TEN_JAX,2024,17,JAX,TEN,1.0,0.5882398569460399
2024_17_LV_NO,2024,17,NO,LV,0.0,0.6494824111494922
2024_17_IND_NYG,2024,17,NYG,IND,1.0,0.4069655572691664
2024_17_DAL_PHI,2024,17,PHI,DAL,1.0,0.7701862883864672
2024_17_CAR_TB,2024,17,TB,CAR,1.0,0.8404385437231418
2024_17_MIA_CLE,2024,17,CLE,MIA,0.0,0.4017056458972821
2024_17_GB_MIN,2024,17,MIN,GB,1.0,0.5563345820951553
2024_17_ATL_WAS,2024,17,WAS,ATL,1.0,0.6336030695809654
2024_17_DET_SF,2024,17,SF,DET,0.0,0.29844515949796124
2024_18_CLE_BAL,2024,18,BAL,CLE,1.0,0.8488480358435588
2024_18_CIN_PIT,2024,18,PIT,CIN,0.0,0.5253460530790731
2024_18_CAR_ATL,2024,18,ATL,CAR,0.0,0.7578855025423996
2024_18_WAS_DAL,2024,18,DAL,WAS,0.0,0.509558804900323
2024_18_CHI_GB,2024,18,GB,CHI,0.0,0.8650668249974519
2024_18_JAX_IND,2024,18,IND,JAX,1.0,0.5572252663083256
2024_18_BUF_NE,2024,18,NE,BUF,1.0,0.24154972439434508
2024_18_NYG_PHI,2024,18,PHI,NYG,1.0,0.8355939388076729
2024_18_NO_TB,2024,18,TB,NO,1.0,0.7700527290099757
2024_18_HOU_TEN,2024,18,TEN,HOU,0.0,0.38750064023361963
2024_18_SF_ARI,2024,18,ARI,SF,1.0,0.5022414441633836
2024_18_KC_DEN,2024,18,DEN,KC,1.0,0.2930471104477398
2024_18_SEA_LA,2024,18,LA,SEA,0.0,0.6426078569543736
2024_18_LAC_LV,2024,18,LV,LAC,0.0,0.33470256802590664
2024_18_MIA_NYJ,2024,18,NYJ,MIA,1.0,0.4852214698438557
2024_18_MIN_DET,2024,18,DET,MIN,1.0,0.7065435760588625
